sample_id,source_id,split,label,load_hp,rpm,sampling_rate,start,end,raw_mean,health_deviation,time_s,causal_smoothed,above_reference
97:0,97,train,0,0,1796.0,12000,0,4096,0.0116174583376683,0.562727174440891,0.0,0.562727174440891,False
97:4096,97,train,0,0,1796.0,12000,4096,8192,0.0110386009923813,0.7175487885495689,0.3413333333333333,0.5936914972626266,False
97:8192,97,train,0,0,1796.0,12000,8192,12288,0.0127048876047294,0.6202803364742123,0.6826666666666666,0.5990092651049438,False
97:12288,97,train,0,0,1796.0,12000,12288,16384,0.012878665712531,0.625795079714142,1.024,0.6043664280267834,False
97:16384,97,train,0,0,1796.0,12000,16384,20480,0.0120143750287163,0.5018231692038401,1.3653333333333333,0.5838577762621948,False
97:20480,97,train,0,0,1796.0,12000,20480,24576,0.0131007967689502,0.6973720492595457,1.7066666666666668,0.606560630861665,False
97:24576,97,train,0,0,1796.0,12000,24576,28672,0.0126747660766973,0.6777250088922216,2.048,0.6207935064677763,False
97:28672,97,train,0,0,1796.0,12000,28672,32768,0.0131649388532565,0.6344170776613783,2.3893333333333335,0.6235182207064968,False
97:32768,97,train,0,0,1796.0,12000,32768,36864,0.0137386204955441,0.58968895370654,2.7306666666666666,0.6167523673065054,False
97:36864,97,train,0,0,1796.0,12000,36864,40960,0.0127371524773409,0.6580311863407805,3.072,0.6250081311133604,False
97:40960,97,train,0,0,1796.0,12000,40960,45056,0.0121437199651282,0.7524681890167878,3.4133333333333336,0.6505001426940459,False
97:45056,97,train,0,0,1796.0,12000,45056,49152,0.0103349702776766,0.6447550379865348,3.7546666666666666,0.6493511217525437,False
97:49152,97,train,0,0,1796.0,12000,49152,53248,0.0140501672667417,0.6450841956530295,4.096,0.6484977365326409,False
97:53248,97,train,0,0,1796.0,12000,53248,57344,0.0137227654305189,0.6295801346144002,4.437333333333333,0.6447142161489927,False
98:0,98,train,0,1,1772.0,12000,0,4096,0.0108423679811686,0.5303092473232376,0.0,0.5303092473232376,False
98:4096,98,train,0,1,1772.0,12000,4096,8192,0.0099998757437433,0.4173229887890297,0.3413333333333333,0.507711995616396,False
98:8192,98,train,0,1,1772.0,12000,8192,12288,0.0109743386453192,0.7272832362453219,0.6826666666666666,0.5516262437421812,False
98:12288,98,train,0,1,1772.0,12000,12288,16384,0.0111854203449765,0.43821113239245396,1.024,0.5289432214722357,False
98:16384,98,train,0,1,1772.0,12000,16384,20480,0.0098189819567186,0.4785941284292992,1.3653333333333333,0.5188734028636485,False
98:24576,98,train,0,1,1772.0,12000,24576,28672,0.0122070026750813,0.5872063896657728,2.048,0.5325400002240733,False
98:28672,98,train,0,1,1772.0,12000,28672,32768,0.0115682559900975,0.3705104733117131,2.3893333333333335,0.5001340948416013,False
98:32768,98,train,0,1,1772.0,12000,32768,36864,0.011552582741905,0.545560514789991,2.7306666666666666,0.5092193788312793,False
98:36864,98,train,0,1,1772.0,12000,36864,40960,0.0106448721981163,0.3752425537064685,3.072,0.48242401380631716,False
98:40960,98,train,0,1,1772.0,12000,40960,45056,0.0128919712820246,0.5793988761332781,3.4133333333333336,0.5018189862717094,False
98:49152,98,train,0,1,1772.0,12000,49152,53248,0.016120660554124,0.6808909826855929,4.096,0.5376333855544861,False
98:53248,98,train,0,1,1772.0,12000,53248,57344,0.0159871043712436,0.36423875199967654,4.437333333333333,0.5029544588435243,False
98:57344,98,train,0,1,1772.0,12000,57344,61440,0.0168839932125722,0.5553852324011862,4.778666666666667,0.5134406135550568,False
98:61440,98,train,0,1,1772.0,12000,61440,65536,0.0114934988583997,0.5626203704140262,5.12,0.5232765649268507,False
98:69632,98,train,0,1,1772.0,12000,69632,73728,0.0105914461653913,0.4356429821891035,5.802666666666667,0.5057498483793013,False
98:73728,98,train,0,1,1772.0,12000,73728,77824,0.0113237093294895,0.4946027772344463,6.144,0.5035204341503303,False
98:77824,98,train,0,1,1772.0,12000,77824,81920,0.0113310703563121,0.48314952998223226,6.485333333333333,0.4994462533167107,False
98:81920,98,train,0,1,1772.0,12000,81920,86016,0.0137191486946778,0.7620278633028086,6.826666666666667,0.5519625753139303,True
98:86016,98,train,0,1,1772.0,12000,86016,90112,0.0149803188710539,0.454842691760181,7.168,0.5325385986031805,False
98:94208,98,train,0,1,1772.0,12000,94208,98304,0.0151936076854656,0.5117301222362418,7.850666666666666,0.5283769033297928,False
98:98304,98,train,0,1,1772.0,12000,98304,102400,0.0151501412311204,0.44674092703838925,8.192,0.5120497080715122,False
98:102400,98,train,0,1,1772.0,12000,102400,106496,0.0152916955792956,0.678767797983233,8.533333333333333,0.5453933260538564,False
98:106496,98,train,0,1,1772.0,12000,106496,110592,0.0125111330117609,0.42254654043908463,8.874666666666666,0.5208239689309021,False
98:114688,98,train,0,1,1772.0,12000,114688,118784,0.0123988088335606,0.5276954845534921,9.557333333333334,0.5221982720554201,False
99:0,99,val,0,2,1750.0,12000,0,4096,0.0137768919507875,0.9280413483194261,0.0,0.9280413483194261,True
99:4096,99,val,0,2,1750.0,12000,4096,8192,0.013033486718274,0.7413187932114431,0.3413333333333333,0.8906968372978296,False
99:8192,99,val,0,2,1750.0,12000,8192,12288,0.0143260456252414,0.8246679281044079,0.6826666666666666,0.8774910554591453,True
99:12288,99,val,0,2,1750.0,12000,12288,16384,0.0111319615426619,0.8442261417904348,1.024,0.8708380727254033,True
99:16384,99,val,0,2,1750.0,12000,16384,20480,0.0105545570335281,0.6785793745367014,1.3653333333333333,0.832386333087663,False
99:24576,99,val,0,2,1750.0,12000,24576,28672,0.0094235054250012,0.5971476110124103,2.048,0.7853385886726125,False
99:28672,99,val,0,2,1750.0,12000,28672,32768,0.0109703869106737,0.8045931740085608,2.3893333333333335,0.7891895057398022,True
99:32768,99,val,0,2,1750.0,12000,32768,36864,0.0104497498877775,0.6969499760826449,2.7306666666666666,0.7707415998083708,False
99:36864,99,val,0,2,1750.0,12000,36864,40960,0.0105699054849305,0.49184669782024365,3.072,0.7149626194107453,False
99:40960,99,val,0,2,1750.0,12000,40960,45056,0.0124321325608835,0.6709774876645005,3.4133333333333336,0.7061655930614964,False
99:49152,99,val,0,2,1750.0,12000,49152,53248,0.0120374361914084,0.7599125983324365,4.096,0.7169149941156845,True
99:53248,99,val,0,2,1750.0,12000,53248,57344,0.0105896649109043,0.8025119980526131,4.437333333333333,0.7340343949030702,True
99:57344,99,val,0,2,1750.0,12000,57344,61440,0.0120631438809396,0.8723741196548257,4.778666666666667,0.7617023398534213,True
99:61440,99,val,0,2,1750.0,12000,61440,65536,0.0119421790859659,0.6742738219009896,5.12,0.744216636262935,False
99:69632,99,val,0,2,1750.0,12000,69632,73728,0.0132771619859842,0.7712448511471808,5.802666666666667,0.7496222792397842,True
99:73728,99,val,0,2,1750.0,12000,73728,77824,0.0112687621963847,0.8059607436460731,6.144,0.760889972121042,True
99:77824,99,val,0,2,1750.0,12000,77824,81920,0.0138717215536714,0.8609078121487184,6.485333333333333,0.7808935401265774,True
99:81920,99,val,0,2,1750.0,12000,81920,86016,0.0134203183701802,0.8057206357337204,6.826666666666667,0.7858589592480061,True
99:86016,99,val,0,2,1750.0,12000,86016,90112,0.0142086414603325,0.755286890532177,7.168,0.7797445455048403,False
99:94208,99,val,0,2,1750.0,12000,94208,98304,0.0135529893583196,0.7800830700650234,7.850666666666666,0.779812250416877,True
99:98304,99,val,0,2,1750.0,12000,98304,102400,0.0134841581784282,0.6935839841416004,8.192,0.7625665971618217,False
99:102400,99,val,0,2,1750.0,12000,102400,106496,0.0131581774679257,0.6028109599736782,8.533333333333333,0.7306154697241931,False
99:106496,99,val,0,2,1750.0,12000,106496,110592,0.0134543836998503,0.7589344653234769,8.874666666666666,0.7362792688440499,True
99:114688,99,val,0,2,1750.0,12000,114688,118784,0.0109199642253519,0.6390222323378311,9.557333333333334,0.7168278615428062,False
100:0,100,test,0,3,1725.0,12000,0,4096,0.0127841631963994,0.767084925478878,0.0,0.767084925478878,True
100:4096,100,test,0,3,1725.0,12000,4096,8192,0.0143389199901174,0.895470200428363,0.3413333333333333,0.792761980468775,True
100:8192,100,test,0,3,1725.0,12000,8192,12288,0.0158433044696532,0.8487886232816128,0.6826666666666666,0.8039673090313426,True
100:12288,100,test,0,3,1725.0,12000,12288,16384,0.0129677866917891,0.7795464000155142,1.024,0.799083127228177,True
100:16384,100,test,0,3,1725.0,12000,16384,20480,0.0141145934414752,0.7639565968808455,1.3653333333333333,0.7920578211587107,True
100:24576,100,test,0,3,1725.0,12000,24576,28672,0.0103433149253219,0.8451377949863288,2.048,0.8026738159242344,True
100:28672,100,test,0,3,1725.0,12000,28672,32768,0.008947187424838,0.9386007469335659,2.3893333333333335,0.8298592021261008,True
100:32768,100,test,0,3,1725.0,12000,32768,36864,0.0078820443571631,0.7580185352901819,2.7306666666666666,0.8154910687589171,False
100:36864,100,test,0,3,1725.0,12000,36864,40960,0.012409692018314,0.7188051738129427,3.072,0.7961538897697222,False
100:40960,100,test,0,3,1725.0,12000,40960,45056,0.0130751768205868,0.8245071435612382,3.4133333333333336,0.8018245405280255,True
100:49152,100,test,0,3,1725.0,12000,49152,53248,0.0130157606205997,0.7641779245740329,4.096,0.7942952173372271,True
100:53248,100,test,0,3,1725.0,12000,53248,57344,0.0140279867938563,0.864676998913985,4.437333333333333,0.8083715736525787,True
100:57344,100,test,0,3,1725.0,12000,57344,61440,0.0116203524803779,0.5968045006267236,4.778666666666667,0.7660581590474077,False
100:61440,100,test,0,3,1725.0,12000,61440,65536,0.0121762002609695,0.9351805246185304,5.12,0.7998826321616322,True
100:69632,100,test,0,3,1725.0,12000,69632,73728,0.0114232695565611,0.708317788518422,5.802666666666667,0.7815696634329903,False
100:73728,100,test,0,3,1725.0,12000,73728,77824,0.0103873945776514,0.6706575617048381,6.144,0.7593872430873598,False
100:77824,100,test,0,3,1725.0,12000,77824,81920,0.0110672026319063,0.792014041445872,6.485333333333333,0.7659126027590624,True
100:81920,100,test,0,3,1725.0,12000,81920,86016,0.0121365974416817,0.8968672453336087,6.826666666666667,0.7921035312739717,True
100:86016,100,test,0,3,1725.0,12000,86016,90112,0.0131307423993928,0.9219937263244482,7.168,0.818081570284067,True
100:94208,100,test,0,3,1725.0,12000,94208,98304,0.0119763383419296,0.5387973847159381,7.850666666666666,0.7622247331704413,False
100:98304,100,test,0,3,1725.0,12000,98304,102400,0.0124933027681781,0.9703151480427891,8.192,0.8038428161449108,True
100:102400,100,test,0,3,1725.0,12000,102400,106496,0.014648269704829,0.8198491007206917,8.533333333333333,0.8070440730600671,True
100:106496,100,test,0,3,1725.0,12000,106496,110592,0.0143010953493052,0.8088509673093006,8.874666666666666,0.8074054519099139,True
100:114688,100,test,0,3,1725.0,12000,114688,118784,0.0132536104635387,1.2681442606541806,9.557333333333334,0.8995532136587673,True
109:0,109,train,1,0,1796.0,12000,0,4096,0.0871217428905851,2.2424629837647796,0.0,2.2424629837647796,True
109:4096,109,train,1,0,1796.0,12000,4096,8192,0.0859052637053657,2.2379825692254305,0.3413333333333333,2.24156690085691,True
109:8192,109,train,1,0,1796.0,12000,8192,12288,0.0796656286886021,2.236818779247192,0.6826666666666666,2.240617276534967,True
109:12288,109,train,1,0,1796.0,12000,12288,16384,0.0756434938530061,2.175280863913216,1.024,2.2275499940106167,True
109:16384,109,train,1,0,1796.0,12000,16384,20480,0.075961363232642,2.218458258968726,1.3653333333333333,2.2257316470022386,True
109:20480,109,train,1,0,1796.0,12000,20480,24576,0.0776653382078829,2.2141802070680394,1.7066666666666668,2.223421359015399,True
109:24576,109,train,1,0,1796.0,12000,24576,28672,0.0783953029948037,2.193889891698201,2.048,2.2175150655519595,True
109:28672,109,train,1,0,1796.0,12000,28672,32768,0.0799688453703198,2.1201089944008698,2.3893333333333335,2.1980338513217417,True
109:32768,109,train,1,0,1796.0,12000,32768,36864,0.0790995953466615,2.258005014520353,2.7306666666666666,2.2100280839614643,True
109:36864,109,train,1,0,1796.0,12000,36864,40960,0.0742664958823647,2.164486830070866,3.072,2.200919833183345,True
109:40960,109,train,1,0,1796.0,12000,40960,45056,0.0725240063168566,2.2302290306193897,3.4133333333333336,2.206781672670554,True
109:45056,109,train,1,0,1796.0,12000,45056,49152,0.0721759209962626,2.171617175510975,3.7546666666666666,2.199748773238638,True
109:49152,109,train,1,0,1796.0,12000,49152,53248,0.0703441650521349,2.203746943923511,4.096,2.2005484073756127,True
109:53248,109,train,1,0,1796.0,12000,53248,57344,0.0689597090744573,2.1781213660539143,4.437333333333333,2.1960629991112732,True
122:0,122,train,3,0,1796.0,12000,0,4096,0.0330603607290262,2.147095417558231,0.0,2.147095417558231,True
122:4096,122,train,3,0,1796.0,12000,4096,8192,0.032917525261872,2.069893347980929,0.3413333333333333,2.1316550036427704,True
122:8192,122,train,3,0,1796.0,12000,8192,12288,0.0322981551577911,2.1319588506609857,0.6826666666666666,2.1317157730464134,True
122:12288,122,train,3,0,1796.0,12000,12288,16384,0.0320349684691692,2.3302795186936436,1.024,2.1714285221758596,True
122:16384,122,train,3,0,1796.0,12000,16384,20480,0.0324411856930781,2.1570138645430097,1.3653333333333333,2.16854559064929,True
122:20480,122,train,3,0,1796.0,12000,20480,24576,0.0329849850038861,2.0755068561513528,1.7066666666666668,2.1499378437497025,True
122:24576,122,train,3,0,1796.0,12000,24576,28672,0.0317753029059905,2.079083542179399,2.048,2.135766983435642,True
122:28672,122,train,3,0,1796.0,12000,28672,32768,0.0330648007686845,1.989689682628325,2.3893333333333335,2.1065515232741787,True
122:32768,122,train,3,0,1796.0,12000,32768,36864,0.0338372004469703,2.1528951005502153,2.7306666666666666,2.1158202387293863,True
122:36864,122,train,3,0,1796.0,12000,36864,40960,0.0340933726498683,2.2638678546874753,3.072,2.145429761921004,True
122:40960,122,train,3,0,1796.0,12000,40960,45056,0.0319932772554555,2.339459514155703,3.4133333333333336,2.184235712367944,True
122:45056,122,train,3,0,1796.0,12000,45056,49152,0.0296726296294523,2.2192327244502827,3.7546666666666666,2.191235114784412,True
122:49152,122,train,3,0,1796.0,12000,49152,53248,0.0311578540244,2.2362384727813196,4.096,2.200235786383794,True
122:53248,122,train,3,0,1796.0,12000,53248,57344,0.0327430803282328,2.336688418727577,4.437333333333333,2.2275263128525506,True
135:0,135,train,2,0,1796.0,12000,0,4096,0.012331844571973,2.334791964103285,0.0,2.334791964103285,True
135:4096,135,train,2,0,1796.0,12000,4096,8192,0.011403573509496,2.299704804190289,0.3413333333333333,2.327774532120686,True
135:8192,135,train,2,0,1796.0,12000,8192,12288,0.0106649755774313,2.2664047502391047,0.6826666666666666,2.31550057574437,True
135:12288,135,train,2,0,1796.0,12000,12288,16384,0.0101673087860043,2.294808498701394,1.024,2.311362160335775,True
135:16384,135,train,2,0,1796.0,12000,16384,20480,0.0112350665982863,2.2056502044163837,1.3653333333333333,2.290219769151897,True
135:20480,135,train,2,0,1796.0,12000,20480,24576,0.0099702134358688,2.1806486718818534,1.7066666666666668,2.2683055496978883,True
135:24576,135,train,2,0,1796.0,12000,24576,28672,0.0128959107372798,2.313911588552237,2.048,2.277426757468758,True
135:28672,135,train,2,0,1796.0,12000,28672,32768,0.0141412101528392,2.2891086612432687,2.3893333333333335,2.2797631382236605,True
135:32768,135,train,2,0,1796.0,12000,32768,36864,0.0145429310224067,2.411068645413763,2.7306666666666666,2.306024239661681,True
135:36864,135,train,2,0,1796.0,12000,36864,40960,0.0159092315669485,2.4514477608458334,3.072,2.3351089438985118,True
135:40960,135,train,2,0,1796.0,12000,40960,45056,0.0160630708241151,2.35962323025131,3.4133333333333336,2.3400118011690716,True
135:45056,135,train,2,0,1796.0,12000,45056,49152,0.011307606176358,2.3205891660492095,3.7546666666666666,2.3361272741450994,True
135:49152,135,train,2,0,1796.0,12000,49152,53248,0.0119555013838609,2.337871345757334,4.096,2.3364760884675464,True
135:53248,135,train,2,0,1796.0,12000,53248,57344,0.0159923431154487,2.320236270921696,4.437333333333333,2.3332281249583766,True
110:0,110,train,1,1,1772.0,12000,0,4096,0.0214197066495645,2.3045921737635027,0.0,2.3045921737635027,True
110:4096,110,train,1,1,1772.0,12000,4096,8192,0.0228633373212295,2.3690235709005973,0.3413333333333333,2.3174784531909216,True
110:8192,110,train,1,1,1772.0,12000,8192,12288,0.0230241981532759,2.344690995401843,0.6826666666666666,2.322920961633106,True
110:12288,110,train,1,1,1772.0,12000,12288,16384,0.0227177258645297,2.3038714063259027,1.024,2.3191110505716654,True
110:16384,110,train,1,1,1772.0,12000,16384,20480,0.0225531347134138,2.24109788009442,1.3653333333333333,2.3035084164762165,True
110:24576,110,train,1,1,1772.0,12000,24576,28672,0.021248345459047,2.305674869422725,2.048,2.303941707065518,True
110:28672,110,train,1,1,1772.0,12000,28672,32768,0.0179837333820464,2.297806565332395,2.3893333333333335,2.302714678718894,True
110:32768,110,train,1,1,1772.0,12000,32768,36864,0.0184867475310964,2.3008302706254002,2.7306666666666666,2.3023377971001953,True
110:36864,110,train,1,1,1772.0,12000,36864,40960,0.0206572766160429,2.3503141926995594,3.072,2.3119330762200683,True
110:40960,110,train,1,1,1772.0,12000,40960,45056,0.0209206108436032,2.288023510733107,3.4133333333333336,2.307151163122676,True
110:49152,110,train,1,1,1772.0,12000,49152,53248,0.0217554971160067,2.2324246952456472,4.096,2.2922058695472702,True
110:53248,110,train,1,1,1772.0,12000,53248,57344,0.0203186148939232,2.199850447213543,4.437333333333333,2.2737347850805247,True
110:57344,110,train,1,1,1772.0,12000,57344,61440,0.0189285375320629,2.2937684150944735,4.778666666666667,2.2777415110833146,True
110:61440,110,train,1,1,1772.0,12000,61440,65536,0.0201953460332,2.293061342242401,5.12,2.280805477315132,True
110:69632,110,train,1,1,1772.0,12000,69632,73728,0.0195922437327161,2.2548664355229784,5.802666666666667,2.275617668956701,True
110:73728,110,train,1,1,1772.0,12000,73728,77824,0.0213514184547925,2.251380612147257,6.144,2.2707702575948123,True
110:77824,110,train,1,1,1772.0,12000,77824,81920,0.0210334960936964,2.2516208742370734,6.485333333333333,2.266940380923265,True
110:81920,110,train,1,1,1772.0,12000,81920,86016,0.0225426904802057,2.2868212828512666,6.826666666666667,2.2709165613088653,True
110:86016,110,train,1,1,1772.0,12000,86016,90112,0.0217622087492687,2.2226007422968723,7.168,2.261253397506467,True
110:94208,110,train,1,1,1772.0,12000,94208,98304,0.0210100225169542,2.1929547534482405,7.850666666666666,2.247593668694822,True
110:98304,110,train,1,1,1772.0,12000,98304,102400,0.0204565500077703,2.2384731865459737,8.192,2.2457695722650524,True
110:102400,110,train,1,1,1772.0,12000,102400,106496,0.0213762494914436,2.2172638725150096,8.533333333333333,2.2400684323150437,True
110:106496,110,train,1,1,1772.0,12000,106496,110592,0.02148963624619,2.2607985507977153,8.874666666666666,2.244214456011578,True
110:114688,110,train,1,1,1772.0,12000,114688,118784,0.019703826883474,2.2110537440341522,9.557333333333334,2.2375823136160933,True
123:0,123,train,3,1,1772.0,12000,0,4096,0.0208871769982,2.184824679557363,0.0,2.184824679557363,True
123:4096,123,train,3,1,1772.0,12000,4096,8192,0.0180246417917019,2.1821747267764313,0.3413333333333333,2.184294689001177,True
123:8192,123,train,3,1,1772.0,12000,8192,12288,0.0186707980632624,2.0847395289677775,0.6826666666666666,2.164383656994497,True
123:12288,123,train,3,1,1772.0,12000,12288,16384,0.0194593389796421,1.8880280486593548,1.024,2.1091125353274687,True
123:16384,123,train,3,1,1772.0,12000,16384,20480,0.0184431442655495,2.083601982537946,1.3653333333333333,2.104010424769564,True
123:24576,123,train,3,1,1772.0,12000,24576,28672,0.019188135308397,1.980135854074144,2.048,2.0792355106304803,True
123:28672,123,train,3,1,1772.0,12000,28672,32768,0.0193595813145384,2.021933102879841,2.3893333333333335,2.0677750290803525,True
123:32768,123,train,3,1,1772.0,12000,32768,36864,0.0178944527126052,2.0855319588825774,2.7306666666666666,2.0713264150407977,True
123:36864,123,train,3,1,1772.0,12000,36864,40960,0.0169048382577928,1.8943337946486047,3.072,2.0359278909623595,True
123:40960,123,train,3,1,1772.0,12000,40960,45056,0.018862675271138,2.1104557291912482,3.4133333333333336,2.0508334586081376,True
123:49152,123,train,3,1,1772.0,12000,49152,53248,0.0149076101525343,1.9581319608093166,4.096,2.0322931590483737,True
123:53248,123,train,3,1,1772.0,12000,53248,57344,0.0162742191989945,1.9836641153218193,4.437333333333333,2.022567350303063,True
123:57344,123,train,3,1,1772.0,12000,57344,61440,0.017844913115773,2.250419462002135,4.778666666666667,2.0681377726428773,True
123:61440,123,train,3,1,1772.0,12000,61440,65536,0.0185117546863416,1.9705142350656863,5.12,2.0486130651274395,True
123:69632,123,train,3,1,1772.0,12000,69632,73728,0.0183842153870666,2.2297661292803403,5.802666666666667,2.0848436779580197,True
123:73728,123,train,3,1,1772.0,12000,73728,77824,0.0219850667406995,2.1124781115860336,6.144,2.0903705646836226,True
123:77824,123,train,3,1,1772.0,12000,77824,81920,0.0191956365494179,1.948618679928282,6.485333333333333,2.062020187732555,True
123:81920,123,train,3,1,1772.0,12000,81920,86016,0.0180754591106844,2.154264965778681,6.826666666666667,2.08046914334178,True
123:86016,123,train,3,1,1772.0,12000,86016,90112,0.019555107626493,2.060062761004014,7.168,2.076387866874227,True
123:94208,123,train,3,1,1772.0,12000,94208,98304,0.0206080473810306,2.035148419464028,7.850666666666666,2.068139977392187,True
123:98304,123,train,3,1,1772.0,12000,98304,102400,0.022637509763265,2.158473296464521,8.192,2.0862066412066538,True
123:102400,123,train,3,1,1772.0,12000,102400,106496,0.0222607848836532,2.0737354248312085,8.533333333333333,2.083712397931565,True
123:106496,123,train,3,1,1772.0,12000,106496,110592,0.0230380746305865,1.9800261284055203,8.874666666666666,2.062975144026356,True
123:114688,123,train,3,1,1772.0,12000,114688,118784,0.0186143198603913,2.271945803902046,9.557333333333334,2.104769276001494,True
136:0,136,train,2,1,1774.0,12000,0,4096,0.0097748615477278,2.5243093961456444,0.0,2.5243093961456444,True
136:4096,136,train,2,1,1774.0,12000,4096,8192,0.010644127446678,2.5540960211807233,0.3413333333333333,2.5302667211526604,True
136:8192,136,train,2,1,1774.0,12000,8192,12288,0.0116035186511976,2.535792600168505,0.6826666666666666,2.531371896955829,True
136:12288,136,train,2,1,1774.0,12000,12288,16384,0.0166201031540218,2.5103662514611647,1.024,2.527170767856896,True
136:16384,136,train,2,1,1774.0,12000,16384,20480,0.0153402239872251,2.5760645237936175,1.3653333333333333,2.5369495190442404,True
136:24576,136,train,2,1,1774.0,12000,24576,28672,0.0153286082924966,2.5846868829609413,2.048,2.546496991827581,True
136:28672,136,train,2,1,1774.0,12000,28672,32768,0.0132083627133561,2.576020364150956,2.3893333333333335,2.552401666292256,True
136:32768,136,train,2,1,1774.0,12000,32768,36864,0.012351939449352,2.5295479989431393,2.7306666666666666,2.547830932822433,True
136:36864,136,train,2,1,1774.0,12000,36864,40960,0.0128832725117773,2.555880279748257,3.072,2.549440802207598,True
136:40960,136,train,2,1,1774.0,12000,40960,45056,0.0133511209275902,2.502685894237977,3.4133333333333336,2.540089820613674,True
136:49152,136,train,2,1,1774.0,12000,49152,53248,0.0090993190566352,2.574901932729298,4.096,2.547052243036799,True
136:53248,136,train,2,1,1774.0,12000,53248,57344,0.0109430886270715,2.5353131914517313,4.437333333333333,2.5447044327197856,True
136:57344,136,train,2,1,1774.0,12000,57344,61440,0.0106579196829989,2.4761605567525113,4.778666666666667,2.530995657526331,True
136:61440,136,train,2,1,1774.0,12000,61440,65536,0.0106968177704698,2.5161960704643667,5.12,2.528035740113938,True
136:69632,136,train,2,1,1774.0,12000,69632,73728,0.0120110792117953,2.523329952273128,5.802666666666667,2.527094582545776,True
136:73728,136,train,2,1,1774.0,12000,73728,77824,0.0108862337980559,2.524029735197613,6.144,2.5264816130761436,True
136:77824,136,train,2,1,1774.0,12000,77824,81920,0.0115556004150279,2.503728633514765,6.485333333333333,2.521931017163868,True
136:81920,136,train,2,1,1774.0,12000,81920,86016,0.0120146296200996,2.484774469165876,6.826666666666667,2.5144997075642697,True
136:86016,136,train,2,1,1774.0,12000,86016,90112,0.0121570693399245,2.521625227621174,7.168,2.5159248115756507,True
136:94208,136,train,2,1,1774.0,12000,94208,98304,0.0100717109065102,2.5069027952891823,7.850666666666666,2.514120408318357,True
136:98304,136,train,2,1,1774.0,12000,98304,102400,0.010844420283886,2.502340002375711,8.192,2.511764327129828,True
136:102400,136,train,2,1,1774.0,12000,102400,106496,0.0114071664960558,2.5119168815712136,8.533333333333333,2.511794838018105,True
136:106496,136,train,2,1,1774.0,12000,106496,110592,0.0123481214895259,2.4700596744784766,8.874666666666666,2.5034478053101794,True
136:114688,136,train,2,1,1774.0,12000,114688,118784,0.0142790772216152,2.455234823239923,9.557333333333334,2.4938052088961284,True
111:0,111,val,1,2,1748.0,12000,0,4096,0.0164977013786418,2.401995899553892,0.0,2.401995899553892,True
111:4096,111,val,1,2,1748.0,12000,4096,8192,0.0185395508753216,2.4729425183231735,0.3413333333333333,2.4161852233077483,True
111:8192,111,val,1,2,1748.0,12000,8192,12288,0.0187099642165192,2.3039844665419005,0.6826666666666666,2.3937450719545788,True
111:12288,111,val,1,2,1748.0,12000,12288,16384,0.0168360377677305,2.4105343441580196,1.024,2.397102926395267,True
111:16384,111,val,1,2,1748.0,12000,16384,20480,0.016947377687961,2.3664730958695563,1.3653333333333333,2.390976960290125,True
111:24576,111,val,1,2,1748.0,12000,24576,28672,0.0179969799483372,2.3860216444632742,2.048,2.3899858971247547,True
111:28672,111,val,1,2,1748.0,12000,28672,32768,0.0173512249964241,2.395792023085522,2.3893333333333335,2.3911471223169083,True
111:32768,111,val,1,2,1748.0,12000,32768,36864,0.0164640037097365,2.444545589424478,2.7306666666666666,2.4018268157384224,True
111:36864,111,val,1,2,1748.0,12000,36864,40960,0.0176955046914816,2.3946216430021954,3.072,2.400385781191177,True
111:40960,111,val,1,2,1748.0,12000,40960,45056,0.0186579608561867,2.345029627989793,3.4133333333333336,2.3893145505509006,True
111:49152,111,val,1,2,1748.0,12000,49152,53248,0.0182580962432865,2.2654269733442054,4.096,2.364537035109562,True
111:53248,111,val,1,2,1748.0,12000,53248,57344,0.0163033070221224,2.334986077056761,4.437333333333333,2.358626843499002,True
111:57344,111,val,1,2,1748.0,12000,57344,61440,0.0157039607656241,2.3536315718086223,4.778666666666667,2.357627789160926,True
111:61440,111,val,1,2,1748.0,12000,61440,65536,0.0135054650316703,2.304491034934746,5.12,2.34700043831569,True
111:69632,111,val,1,2,1748.0,12000,69632,73728,0.0156568197757995,2.334443158594852,5.802666666666667,2.3444889823715225,True
111:73728,111,val,1,2,1748.0,12000,73728,77824,0.0157954179407518,2.4017846081789074,6.144,2.3559481075329995,True
111:77824,111,val,1,2,1748.0,12000,77824,81920,0.0156138785916348,2.3028610077225076,6.485333333333333,2.3453306875709012,True
111:81920,111,val,1,2,1748.0,12000,81920,86016,0.016613262142963,2.303516591367208,6.826666666666667,2.336967868330163,True
111:86016,111,val,1,2,1748.0,12000,86016,90112,0.0187016780329771,2.256456798067549,7.168,2.32086565427764,True
111:94208,111,val,1,2,1748.0,12000,94208,98304,0.0172273633275001,2.3616535129402547,7.850666666666666,2.3290232260101633,True
111:98304,111,val,1,2,1748.0,12000,98304,102400,0.015802924516766,2.38388907825379,8.192,2.339996396458889,True
111:102400,111,val,1,2,1748.0,12000,102400,106496,0.0158452122851459,2.3271011092976353,8.533333333333333,2.3374173390266386,True
111:106496,111,val,1,2,1748.0,12000,106496,110592,0.0168001880167068,2.353309477805165,8.874666666666666,2.3405957667823443,True
111:114688,111,val,1,2,1748.0,12000,114688,118784,0.0167916154442605,2.376100411535838,9.557333333333334,2.347696695733043,True
124:0,124,val,3,2,1747.0,12000,0,4096,0.0160131708508377,2.1353613381141003,0.0,2.1353613381141003,True
124:4096,124,val,3,2,1747.0,12000,4096,8192,0.0173352015766648,2.0397271414263494,0.3413333333333333,2.1162344987765502,True
124:8192,124,val,3,2,1747.0,12000,8192,12288,0.0166900351835267,1.9206283892968803,0.6826666666666666,2.0771132768806164,True
124:12288,124,val,3,2,1747.0,12000,12288,16384,0.0149464840823929,2.2274797526907224,1.024,2.1071865720426377,True
124:16384,124,val,3,2,1747.0,12000,16384,20480,0.0165485250661427,2.1671914561636196,1.3653333333333333,2.1191875488668344,True
124:24576,124,val,3,2,1747.0,12000,24576,28672,0.0164955877117906,1.9883205080617279,2.048,2.0930141407058134,True
124:28672,124,val,3,2,1747.0,12000,28672,32768,0.0170571247849037,1.9297062546237869,2.3893333333333335,2.060352563489408,True
124:32768,124,val,3,2,1747.0,12000,32768,36864,0.0178850197481943,2.0158394265919313,2.7306666666666666,2.0514499361099126,True
124:36864,124,val,3,2,1747.0,12000,36864,40960,0.0183845125020522,1.96473446993501,3.072,2.034106842874932,True
124:40960,124,val,3,2,1747.0,12000,40960,45056,0.0170435361767019,2.1456615517077293,3.4133333333333336,2.0564177846414915,True
124:49152,124,val,3,2,1747.0,12000,49152,53248,0.0139388682666596,2.0941137599483275,4.096,2.063956979702859,True
124:53248,124,val,3,2,1747.0,12000,53248,57344,0.0114355072780741,2.176372980964563,4.437333333333333,2.0864401799551997,True
124:57344,124,val,3,2,1747.0,12000,57344,61440,0.0130668008490552,2.0478059509769926,4.778666666666667,2.0787133341595583,True
124:61440,124,val,3,2,1747.0,12000,61440,65536,0.0169018085487153,2.1479993069933396,5.12,2.0925705287263145,True
124:69632,124,val,3,2,1747.0,12000,69632,73728,0.0166522070992851,2.016163002543729,5.802666666666667,2.0772890234897976,True
124:73728,124,val,3,2,1747.0,12000,73728,77824,0.0174218618640774,2.1340515611279325,6.144,2.0886415310174247,True
124:77824,124,val,3,2,1747.0,12000,77824,81920,0.0168661135377625,1.9309684624455092,6.485333333333333,2.0571069173030416,True
124:81920,124,val,3,2,1747.0,12000,81920,86016,0.0141901256087559,1.9802049062160676,6.826666666666667,2.0417265150856467,True
124:86016,124,val,3,2,1747.0,12000,86016,90112,0.0142528167863932,2.0230435037994488,7.168,2.037989912828407,True
124:94208,124,val,3,2,1747.0,12000,94208,98304,0.0168818406479795,2.0790430522205328,7.850666666666666,2.0462005407068324,True
124:98304,124,val,3,2,1747.0,12000,98304,102400,0.0160937492603514,1.8483486377266891,8.192,2.006630160110804,True
124:102400,124,val,3,2,1747.0,12000,102400,106496,0.0164129858713425,2.135381803173641,8.533333333333333,2.0323804887233714,True
124:106496,124,val,3,2,1747.0,12000,106496,110592,0.0170419693310934,2.1416083788804205,8.874666666666666,2.0542260667547816,True
124:114688,124,val,3,2,1747.0,12000,114688,118784,0.0168400770278504,2.203031739124851,9.557333333333334,2.0839872012287954,True
137:0,137,val,2,2,1750.0,12000,0,4096,0.0127590334147442,2.5458340744476815,0.0,2.5458340744476815,True
137:4096,137,val,2,2,1750.0,12000,4096,8192,0.0115689571726705,2.4375260635134994,0.3413333333333333,2.524172472260845,True
137:8192,137,val,2,2,1750.0,12000,8192,12288,0.0137403350016889,2.501971703666782,0.6826666666666666,2.5197323185420326,True
137:12288,137,val,2,2,1750.0,12000,12288,16384,0.0145928514861318,2.5009857666562643,1.024,2.5159830081648793,True
137:16384,137,val,2,2,1750.0,12000,16384,20480,0.0113783599592845,2.510547404177818,1.3653333333333333,2.514895887367467,True
137:24576,137,val,2,2,1750.0,12000,24576,28672,0.0153953490793458,2.518126585901026,2.048,2.515542027074179,True
137:28672,137,val,2,2,1750.0,12000,28672,32768,0.014794254596196,2.5098268071148477,2.3893333333333335,2.514398983082313,True
137:32768,137,val,2,2,1750.0,12000,32768,36864,0.013152286133868,2.49550848557123,2.7306666666666666,2.5106208835800965,True
137:36864,137,val,2,2,1750.0,12000,36864,40960,0.009230866521343,2.4536848520041796,3.072,2.4992336772649133,True
137:40960,137,val,2,2,1750.0,12000,40960,45056,0.0108988494927694,2.3397072654803983,3.4133333333333336,2.4673283949080105,True
137:49152,137,val,2,2,1750.0,12000,49152,53248,0.0114055259734508,2.434505857326265,4.096,2.4607638873916615,True
137:53248,137,val,2,2,1750.0,12000,53248,57344,0.0121329582094084,2.455674938751898,4.437333333333333,2.459746097663709,True
137:57344,137,val,2,2,1750.0,12000,57344,61440,0.014818637028486,2.4032698926951563,4.778666666666667,2.4484508566699987,True
137:61440,137,val,2,2,1750.0,12000,61440,65536,0.0123680467473176,2.3829158189350053,5.12,2.435343849123,True
137:69632,137,val,2,2,1750.0,12000,69632,73728,0.0106715894440355,2.496339950089449,5.802666666666667,2.44754306931629,True
137:73728,137,val,2,2,1750.0,12000,73728,77824,0.0102353496003441,2.498300604928803,6.144,2.4576945764387927,True
137:77824,137,val,2,2,1750.0,12000,77824,81920,0.0091572790772821,2.461777199558967,6.485333333333333,2.4585111010628276,True
137:81920,137,val,2,2,1750.0,12000,81920,86016,0.012548413844897,2.493353068122738,6.826666666666667,2.4654794944748097,True
137:86016,137,val,2,2,1750.0,12000,86016,90112,0.0126850753617068,2.5278428111226527,7.168,2.4779521578043786,True
137:94208,137,val,2,2,1750.0,12000,94208,98304,0.0130584113059529,2.534342437343617,7.850666666666666,2.489230213712226,True
137:98304,137,val,2,2,1750.0,12000,98304,102400,0.0131951695172053,2.4821834375733047,8.192,2.487820858484442,True
137:102400,137,val,2,2,1750.0,12000,102400,106496,0.0146983901837849,2.560206058836046,8.533333333333333,2.5022978985547626,True
137:106496,137,val,2,2,1750.0,12000,106496,110592,0.0121009300716593,2.571218992924705,8.874666666666666,2.516082117428751,True
137:114688,137,val,2,2,1750.0,12000,114688,118784,0.0099239578378782,2.507808780360353,9.557333333333334,2.514427450015072,True
112:0,112,test,1,3,1721.0,12000,0,4096,0.0140120864579735,2.34811938542018,0.0,2.34811938542018,True
112:4096,112,test,1,3,1721.0,12000,4096,8192,0.0122333252257547,2.2246463237826792,0.3413333333333333,2.32342477309268,True
112:8192,112,test,1,3,1721.0,12000,8192,12288,0.0137830635593102,2.215398725724501,0.6826666666666666,2.3018195636190444,True
112:12288,112,test,1,3,1721.0,12000,12288,16384,0.0151642202341894,2.227359251890428,1.024,2.2869275012733215,True
112:16384,112,test,1,3,1721.0,12000,16384,20480,0.0166296883850381,2.245485577383971,1.3653333333333333,2.2786391164954516,True
112:24576,112,test,1,3,1721.0,12000,24576,28672,0.0158781224457338,2.234170599679952,2.048,2.269745413132352,True
112:28672,112,test,1,3,1721.0,12000,28672,32768,0.0163149707833731,2.218456906230772,2.3893333333333335,2.259487711752036,True
112:32768,112,test,1,3,1721.0,12000,32768,36864,0.0135575342849771,2.1941965908106904,2.7306666666666666,2.246429487563767,True
112:36864,112,test,1,3,1721.0,12000,36864,40960,0.014032706353773,2.222405131317999,3.072,2.2416246163146134,True
112:40960,112,test,1,3,1721.0,12000,40960,45056,0.0139368764494193,2.2641500979221627,3.4133333333333336,2.2461297126361233,True
112:49152,112,test,1,3,1721.0,12000,49152,53248,0.0177870189230262,2.2329574996140202,4.096,2.2434952700317026,True
112:53248,112,test,1,3,1721.0,12000,53248,57344,0.0147743902323854,2.2253577749922746,4.437333333333333,2.239867771023817,True
112:57344,112,test,1,3,1721.0,12000,57344,61440,0.0136413148383775,2.301692997561744,4.778666666666667,2.2522328163314027,True
112:61440,112,test,1,3,1721.0,12000,61440,65536,0.0150296439045078,2.252607229476387,5.12,2.2523076989604,True
112:69632,112,test,1,3,1721.0,12000,69632,73728,0.0167061556468361,2.2366163442003977,5.802666666666667,2.2491694280083996,True
112:73728,112,test,1,3,1721.0,12000,73728,77824,0.0138638112952253,2.2259122892827565,6.144,2.244518000263271,True
112:77824,112,test,1,3,1721.0,12000,77824,81920,0.0155305061585884,2.2333821237949687,6.485333333333333,2.2422908249696105,True
112:81920,112,test,1,3,1721.0,12000,81920,86016,0.0173488309834474,2.237177120854585,6.826666666666667,2.2412680841466055,True
112:86016,112,test,1,3,1721.0,12000,86016,90112,0.0180615677354198,2.1918090926992306,7.168,2.2313762858571304,True
112:94208,112,test,1,3,1721.0,12000,94208,98304,0.0124501614930203,2.26394186237756,7.850666666666666,2.2378894011612163,True
112:98304,112,test,1,3,1721.0,12000,98304,102400,0.0122533280806179,2.2818029702630556,8.192,2.246672114981584,True
112:102400,112,test,1,3,1721.0,12000,102400,106496,0.0114867609365522,2.265921978752747,8.533333333333333,2.2505220877358165,True
112:106496,112,test,1,3,1721.0,12000,106496,110592,0.0148151361919204,2.2359201226294183,8.874666666666666,2.247601694714537,True
112:114688,112,test,1,3,1721.0,12000,114688,118784,0.0160349282206361,2.2706203791266604,9.557333333333334,2.2522054315969617,True
125:0,125,test,3,3,1721.0,12000,0,4096,0.0134590755524493,1.9929486620840744,0.0,1.9929486620840744,True
125:4096,125,test,3,3,1721.0,12000,4096,8192,0.0149162180577411,2.0553579608545123,0.3413333333333333,2.005430521838162,True
125:8192,125,test,3,3,1721.0,12000,8192,12288,0.0136992260759337,2.2394133449437446,0.6826666666666666,2.0522270864592786,True
125:12288,125,test,3,3,1721.0,12000,12288,16384,0.0159898284652388,2.2266081858028457,1.024,2.0871033063279922,True
125:16384,125,test,3,3,1721.0,12000,16384,20480,0.0144756725977857,1.8976248033180698,1.3653333333333333,2.049207605726008,True
125:24576,125,test,3,3,1721.0,12000,24576,28672,0.014431721995889,1.8551112149708087,2.048,2.0103883275749683,True
125:28672,125,test,3,3,1721.0,12000,28672,32768,0.0162748566076515,2.4738261071490535,2.3893333333333335,2.1030758834897854,True
125:32768,125,test,3,3,1721.0,12000,32768,36864,0.0161030927244993,2.0949824520920126,2.7306666666666666,2.1014571972102307,True
125:36864,125,test,3,3,1721.0,12000,36864,40960,0.0155369936353771,2.155461061435662,3.072,2.112257970055317,True
125:40960,125,test,3,3,1721.0,12000,40960,45056,0.0160409623956903,2.1453643342065774,3.4133333333333336,2.118879242885569,True
125:49152,125,test,3,3,1721.0,12000,49152,53248,0.0147326633478808,2.112204318412662,4.096,2.1175442579909878,True
125:53248,125,test,3,3,1721.0,12000,53248,57344,0.0158459769197861,2.2302153687257147,4.437333333333333,2.1400784801379333,True
125:57344,125,test,3,3,1721.0,12000,57344,61440,0.0170803005172384,2.1625241766008036,4.778666666666667,2.1445676194305077,True
125:61440,125,test,3,3,1721.0,12000,61440,65536,0.0161529774228416,2.0711523822641484,5.12,2.129884571997236,True
125:69632,125,test,3,3,1721.0,12000,69632,73728,0.0170568927082635,2.0146725395952543,5.802666666666667,2.1068421655168397,True
125:73728,125,test,3,3,1721.0,12000,73728,77824,0.016171166645861,2.2906381452747806,6.144,2.143601361468428,True
125:77824,125,test,3,3,1721.0,12000,77824,81920,0.0154465178932803,2.2160380919181892,6.485333333333333,2.15808870755838,True
125:81920,125,test,3,3,1721.0,12000,81920,86016,0.0139173345960143,2.232424277402298,6.826666666666667,2.1729558215271636,True
125:86016,125,test,3,3,1721.0,12000,86016,90112,0.0135444626221604,2.329584968072709,7.168,2.204281650836273,True
125:94208,125,test,3,3,1721.0,12000,94208,98304,0.0119546412667187,1.8844746832223767,7.850666666666666,2.1403202573134936,True
125:98304,125,test,3,3,1721.0,12000,98304,102400,0.0102592985215888,2.1705008712543656,8.192,2.1463563801016683,True
125:102400,125,test,3,3,1721.0,12000,102400,106496,0.0121046574037725,2.129946129380829,8.533333333333333,2.1430743299575004,True
125:106496,125,test,3,3,1721.0,12000,106496,110592,0.0114675246065771,2.17333904975237,8.874666666666666,2.1491272739164744,True
125:114688,125,test,3,3,1721.0,12000,114688,118784,0.0154375267063233,2.0668867273133107,9.557333333333334,2.132679164595842,True
138:0,138,test,2,3,1725.0,12000,0,4096,0.0126647840542127,2.4446920678474546,0.0,2.4446920678474546,True
138:4096,138,test,2,3,1725.0,12000,4096,8192,0.0125666547664626,2.561713626656992,0.3413333333333333,2.4680963796093622,True
138:8192,138,test,2,3,1725.0,12000,8192,12288,0.0122391388318063,2.4436031787242993,0.6826666666666666,2.4631977394323497,True
138:12288,138,test,2,3,1725.0,12000,12288,16384,0.0118910324911904,2.4583001373725737,1.024,2.4622182190203947,True
138:16384,138,test,2,3,1725.0,12000,16384,20480,0.0115982015297568,2.456583588748831,1.3653333333333333,2.461091292966082,True
138:24576,138,test,2,3,1725.0,12000,24576,28672,0.0120061932017655,2.4682966034625653,2.048,2.462532355065379,True
138:28672,138,test,2,3,1725.0,12000,28672,32768,0.0091404224482542,2.4578345382795868,2.3893333333333335,2.4615927917082203,True
138:32768,138,test,2,3,1725.0,12000,32768,36864,0.0138594563425538,2.5135661328192964,2.7306666666666666,2.4719874599304354,True
138:36864,138,test,2,3,1725.0,12000,36864,40960,0.0118847822966512,2.4568067559274396,3.072,2.4689513191298365,True
138:40960,138,test,2,3,1725.0,12000,40960,45056,0.0108545220052291,2.4134189356081133,3.4133333333333336,2.457844842425492,True
138:49152,138,test,2,3,1725.0,12000,49152,53248,0.0099294274179467,2.481720424185164,4.096,2.462619958777427,True
138:53248,138,test,2,3,1725.0,12000,53248,57344,0.0130664705271825,2.4656705497094995,4.437333333333333,2.4632300769638418,True
138:57344,138,test,2,3,1725.0,12000,57344,61440,0.0116419329280741,2.4186815962681405,4.778666666666667,2.4543203808247016,True
138:61440,138,test,2,3,1725.0,12000,61440,65536,0.011761331039369,2.485597366514924,5.12,2.460575777962746,True
138:69632,138,test,2,3,1725.0,12000,69632,73728,0.0138479119869471,2.438156917698023,5.802666666666667,2.456092005909802,True
138:73728,138,test,2,3,1725.0,12000,73728,77824,0.0109927334035347,2.57997835836201,6.144,2.480869276400244,True
138:77824,138,test,2,3,1725.0,12000,77824,81920,0.0116706858670829,2.457806658928168,6.485333333333333,2.4762567529058286,True
138:81920,138,test,2,3,1725.0,12000,81920,86016,0.0111052537548821,2.4883752123729415,6.826666666666667,2.4786804447992514,True
138:86016,138,test,2,3,1725.0,12000,86016,90112,0.0087400229791449,2.477602959219803,7.168,2.478464947683362,True
138:94208,138,test,2,3,1725.0,12000,94208,98304,0.0101116171204827,2.5040408564810863,7.850666666666666,2.483580129442907,True
138:98304,138,test,2,3,1725.0,12000,98304,102400,0.0123335731494543,2.5509517492145326,8.192,2.497054453397232,True
138:102400,138,test,2,3,1725.0,12000,102400,106496,0.0121723423287647,2.4616553363139695,8.533333333333333,2.48997462998058,True
138:106496,138,test,2,3,1725.0,12000,106496,110592,0.0121922098397018,2.447957197302627,8.874666666666666,2.4815711434449894,True
138:114688,138,test,2,3,1725.0,12000,114688,118784,0.0109690641020143,2.5294385324843462,9.557333333333334,2.491144621252861,True
174:0,174,train,1,0,1796.0,12000,0,4096,0.0395554132955374,2.3171340129655182,0.0,2.3171340129655182,True
174:4096,174,train,1,0,1796.0,12000,4096,8192,0.0376592856981851,2.420360127284687,0.3413333333333333,2.337779235829352,True
174:8192,174,train,1,0,1796.0,12000,8192,12288,0.0365384160854092,2.143074533943905,0.6826666666666666,2.2988382954522626,True
189:0,189,train,3,0,1797.0,12000,0,4096,0.0348591656662293,2.3426914978049007,0.0,2.3426914978049007,True
189:4096,189,train,3,0,1797.0,12000,4096,8192,0.0347817875391427,2.4718022904026697,0.3413333333333333,2.3685136563244544,True
189:8192,189,train,3,0,1797.0,12000,8192,12288,0.0335599138246065,2.388106119138862,0.6826666666666666,2.372432148887336,True
189:12288,189,train,3,0,1797.0,12000,12288,16384,0.0322389295050569,2.398555486958642,1.024,2.3776568165015974,True
189:16384,189,train,3,0,1797.0,12000,16384,20480,0.0326321222886118,2.5290978574334453,1.3653333333333333,2.407945024687967,True
189:20480,189,train,3,0,1797.0,12000,20480,24576,0.0323975952315815,2.4092136040534813,1.7066666666666668,2.40819874056107,True
189:24576,189,train,3,0,1797.0,12000,24576,28672,0.0290533300379648,2.2853208872181443,2.048,2.383623169892485,True
189:28672,189,train,3,0,1797.0,12000,28672,32768,0.0277884162544829,2.4059384870064733,2.3893333333333335,2.388086233315283,True
189:32768,189,train,3,0,1797.0,12000,32768,36864,0.0267345589276069,2.300615217147389,2.7306666666666666,2.3705920300817045,True
189:36864,189,train,3,0,1797.0,12000,36864,40960,0.0266064773545765,2.253668774125774,3.072,2.3472073788905186,True
189:40960,189,train,3,0,1797.0,12000,40960,45056,0.0280765669552243,2.111332873478914,3.4133333333333336,2.3000324778081978,True
189:45056,189,train,3,0,1797.0,12000,45056,49152,0.0274056686840115,2.2900993308369455,3.7546666666666666,2.298045848413947,True
189:49152,189,train,3,0,1797.0,12000,49152,53248,0.0280924227661336,2.230166375751398,4.096,2.2844699538814375,True
189:53248,189,train,3,0,1797.0,12000,53248,57344,0.0293832027315564,2.1458558186672554,4.437333333333333,2.2567471268386012,True
189:57344,189,train,3,0,1797.0,12000,57344,61440,0.0290663546388297,2.2010867149043682,4.778666666666667,2.2456150444517546,True
201:0,201,train,2,0,1796.0,12000,0,4096,0.4916967240525119,2.1638981898197076,0.0,2.1638981898197076,True
201:4096,201,train,2,0,1796.0,12000,4096,8192,0.4752197843076187,1.9270026867112307,0.3413333333333333,2.1165190891980123,True
201:8192,201,train,2,0,1796.0,12000,8192,12288,0.4596157110770086,2.0583173780594617,0.6826666666666666,2.1048787469703023,True
201:12288,201,train,2,0,1796.0,12000,12288,16384,0.446333035675392,2.2408549310855572,1.024,2.1320739837933536,True
201:16384,201,train,2,0,1796.0,12000,16384,20480,0.4314837080604869,2.0559042487993096,1.3653333333333333,2.116840036794545,True
201:20480,201,train,2,0,1796.0,12000,20480,24576,0.420697647055323,2.2074701459307446,1.7066666666666668,2.134966058621785,True
201:24576,201,train,2,0,1796.0,12000,24576,28672,0.4038740223681801,2.1747530755846034,2.048,2.1429234620143487,True
201:28672,201,train,2,0,1796.0,12000,28672,32768,0.3908802533961605,2.3382932593838546,2.3893333333333335,2.18199742148825,True
201:32768,201,train,2,0,1796.0,12000,32768,36864,0.3822316590853174,2.2880411846219744,2.7306666666666666,2.203206174114995,True
201:36864,201,train,2,0,1796.0,12000,36864,40960,0.3698003421718446,2.200434398286498,3.072,2.202651818949296,True
201:40960,201,train,2,0,1796.0,12000,40960,45056,0.3555403861421452,1.976057836606767,3.4133333333333336,2.15733302248079,True
201:45056,201,train,2,0,1796.0,12000,45056,49152,0.3438885138598713,2.3369690429444625,3.7546666666666666,2.193260226573525,True
201:49152,201,train,2,0,1796.0,12000,49152,53248,0.3328638260160311,2.1626772515234496,4.096,2.1871436315635098,True
201:53248,201,train,2,0,1796.0,12000,53248,57344,0.3206909266780199,2.116423560832329,4.437333333333333,2.1729996174172737,True
175:0,175,train,1,1,1772.0,12000,0,4096,0.0204418317774405,2.85908026466113,0.0,2.85908026466113,True
175:4096,175,train,1,1,1772.0,12000,4096,8192,0.0217860381991226,2.8649131022527095,0.3413333333333333,2.860246832179446,True
175:8192,175,train,1,1,1772.0,12000,8192,12288,0.0216425245869533,2.7765460553451295,0.6826666666666666,2.843506676812583,True
175:12288,175,train,1,1,1772.0,12000,12288,16384,0.0200278507594598,2.8450723812223044,1.024,2.8438198176945275,True
175:16384,175,train,1,1,1772.0,12000,16384,20480,0.0210634126586864,2.755409863654691,1.3653333333333333,2.8261378268865602,True
175:20480,175,train,1,1,1772.0,12000,20480,24576,0.017923490552098,2.873775597683235,1.7066666666666668,2.8356653810458954,True
175:24576,175,train,1,1,1772.0,12000,24576,28672,0.0176485992028071,2.843274932695557,2.048,2.837187291375828,True
175:28672,175,train,1,1,1772.0,12000,28672,32768,0.0198679062718742,2.8359417074366418,2.3893333333333335,2.8369381745879907,True
175:32768,175,train,1,1,1772.0,12000,32768,36864,0.0212987754683915,2.8450191380430474,2.7306666666666666,2.838554367279002,True
175:36864,175,train,1,1,1772.0,12000,36864,40960,0.0210400497054665,2.754744269627593,3.072,2.8217923477487203,True
175:40960,175,train,1,1,1772.0,12000,40960,45056,0.0201731041935738,2.7816364481128146,3.4133333333333336,2.8137611678215393,True
175:45056,175,train,1,1,1772.0,12000,45056,49152,0.0199525717721913,2.819658591735345,3.7546666666666666,2.8149406526043004,True
175:49152,175,train,1,1,1772.0,12000,49152,53248,0.0199034170029756,2.8723224839914887,4.096,2.826417018881738,True
175:53248,175,train,1,1,1772.0,12000,53248,57344,0.0196766449661287,2.91418137770588,4.437333333333333,2.8439698906465667,True
175:57344,175,train,1,1,1772.0,12000,57344,61440,0.0165332103111191,2.838432924455155,4.778666666666667,2.8428624974082846,True
175:61440,175,train,1,1,1772.0,12000,61440,65536,0.0184299454101851,2.8570588930162635,5.12,2.8457017765298804,True
175:65536,175,train,1,1,1772.0,12000,65536,69632,0.0165750409057661,2.7847137144047585,5.461333333333333,2.833504164104856,True
175:69632,175,train,1,1,1772.0,12000,69632,73728,0.0159843914909147,2.7525810897253087,5.802666666666667,2.8173195492289467,True
175:73728,175,train,1,1,1772.0,12000,73728,77824,0.0151519621234912,2.7740588463395435,6.144,2.808667408651066,True
175:77824,175,train,1,1,1772.0,12000,77824,81920,0.0147913542762461,2.7903351032752792,6.485333333333333,2.805000947575909,True
175:81920,175,train,1,1,1772.0,12000,81920,86016,0.0165520922900307,2.816827384277856,6.826666666666667,2.8073662349162984,True
175:86016,175,train,1,1,1772.0,12000,86016,90112,0.0174253825535772,2.792836076048542,7.168,2.8044602031427472,True
175:90112,175,train,1,1,1772.0,12000,90112,94208,0.0159413467155963,2.7784646644964326,7.509333333333333,2.7992610954134847,True
190:0,190,train,3,1,1772.0,12000,0,4096,0.0121779905939356,2.664580969047747,0.0,2.664580969047747,True
190:4096,190,train,3,1,1772.0,12000,4096,8192,0.0113531101206055,2.2965781474466374,0.3413333333333333,2.590980404727525,True
190:8192,190,train,3,1,1772.0,12000,8192,12288,0.0105921883860053,2.4933850036702196,0.6826666666666666,2.571461324516064,True
190:12288,190,train,3,1,1772.0,12000,12288,16384,0.0093118726292537,2.1136845652359244,1.024,2.479905972660036,True
190:16384,190,train,3,1,1772.0,12000,16384,20480,0.0101360914925107,1.9262732460881415,1.3653333333333333,2.3691794273456575,True
190:24576,190,train,3,1,1772.0,12000,24576,28672,0.011290130785032,2.5929148708821925,2.048,2.4139265160529644,True
190:28672,190,train,3,1,1772.0,12000,28672,32768,0.0084559864372177,2.0939840005275014,2.3893333333333335,2.349938012947872,True
190:32768,190,train,3,1,1772.0,12000,32768,36864,0.0104245072755999,2.498295131833309,2.7306666666666666,2.3796094367249596,True
190:36864,190,train,3,1,1772.0,12000,36864,40960,0.0128088456136377,2.220288804562474,3.072,2.3477453102924626,True
190:40960,190,train,3,1,1772.0,12000,40960,45056,0.0117648998575822,2.5222289025296605,3.4133333333333336,2.382642028739902,True
190:49152,190,train,3,1,1772.0,12000,49152,53248,0.011773586383911,2.4983456245371163,4.096,2.405782747899345,True
190:53248,190,train,3,1,1772.0,12000,53248,57344,0.01252576860338,2.3757858029706562,4.437333333333333,2.3997833589136075,True
190:57344,190,train,3,1,1772.0,12000,57344,61440,0.0124246080690032,2.3136099981096367,4.778666666666667,2.3825486867528136,True
190:61440,190,train,3,1,1772.0,12000,61440,65536,0.0110179040839619,2.5398020081233397,5.12,2.413999351026919,True
190:69632,190,train,3,1,1772.0,12000,69632,73728,0.0110550405523113,2.335870106516256,5.802666666666667,2.3983735021247865,True
190:73728,190,train,3,1,1772.0,12000,73728,77824,0.0091075045906812,2.4588227131912612,6.144,2.4104633443380816,True
190:77824,190,train,3,1,1772.0,12000,77824,81920,0.0106575210337233,2.443801811980207,6.485333333333333,2.4171310378665067,True
190:81920,190,train,3,1,1772.0,12000,81920,86016,0.0139677987767822,2.3636573616390613,6.826666666666667,2.406436302621018,True
190:86016,190,train,3,1,1772.0,12000,86016,90112,0.01418177736258,2.2601247724808182,7.168,2.377173996592978,True
190:94208,190,train,3,1,1772.0,12000,94208,98304,0.0115705308923419,2.3593864572227408,7.850666666666666,2.3736164887189304,True
190:98304,190,train,3,1,1772.0,12000,98304,102400,0.0116610152484078,2.4097034735188436,8.192,2.3808338856789133,True
190:102400,190,train,3,1,1772.0,12000,102400,106496,0.0096931107833788,2.601513067284538,8.533333333333333,2.4249697220000384,True
190:106496,190,train,3,1,1772.0,12000,106496,110592,0.0111449958811236,2.5225197565130393,8.874666666666666,2.4444797289026385,True
190:114688,190,train,3,1,1772.0,12000,114688,118784,0.0111373696508437,2.3245045653855763,9.557333333333334,2.4204846961992263,True
202:0,202,train,2,1,1772.0,12000,0,4096,0.0126426474874576,2.0734460455481716,0.0,2.0734460455481716,True
202:4096,202,train,2,1,1772.0,12000,4096,8192,0.0128166204262815,2.2719502837060754,0.3413333333333333,2.1131468931797524,True
202:8192,202,train,2,1,1772.0,12000,8192,12288,0.0128563136362616,2.477254579481865,0.6826666666666666,2.185968430440175,True
202:12288,202,train,2,1,1772.0,12000,12288,16384,0.0103701815246724,2.345205275474523,1.024,2.217815799447045,True
202:16384,202,train,2,1,1772.0,12000,16384,20480,0.0088141546965579,2.075938266390864,1.3653333333333333,2.1894402928358088,True
202:24576,202,train,2,1,1772.0,12000,24576,28672,0.0137633291849165,2.195244235279684,2.048,2.190601081324584,True
202:28672,202,train,2,1,1772.0,12000,28672,32768,0.0148137196163305,2.116839268660859,2.3893333333333335,2.175848718791839,True
202:32768,202,train,2,1,1772.0,12000,32768,36864,0.0117094406329873,1.885588164643517,2.7306666666666666,2.117796607962175,True
202:36864,202,train,2,1,1772.0,12000,36864,40960,0.0100889039685898,1.9203136677716492,3.072,2.07830001992407,True
202:40960,202,train,2,1,1772.0,12000,40960,45056,0.0129799489874586,1.8532052010560498,3.4133333333333336,2.033281056150466,True
202:49152,202,train,2,1,1772.0,12000,49152,53248,0.0129078792056756,2.2259811433017966,4.096,2.0718210735807325,True
202:53248,202,train,2,1,1772.0,12000,53248,57344,0.0133558317006237,1.9355688905408646,4.437333333333333,2.044570636972759,True
202:57344,202,train,2,1,1772.0,12000,57344,61440,0.0135209900826299,2.1624107860708537,4.778666666666667,2.068138666792378,True
202:61440,202,train,2,1,1772.0,12000,61440,65536,0.0133131593480218,2.1724613859514244,5.12,2.0890032106241874,True
202:69632,202,train,2,1,1772.0,12000,69632,73728,0.0147479728975205,1.853721944552549,5.802666666666667,2.0419469574098597,True
202:73728,202,train,2,1,1772.0,12000,73728,77824,0.0148683152094012,2.175716857299254,6.144,2.0687009373877387,True
202:77824,202,train,2,1,1772.0,12000,77824,81920,0.0130043147487005,2.3062478361421483,6.485333333333333,2.116210317138621,True
202:81920,202,train,2,1,1772.0,12000,81920,86016,0.0087012729484217,2.111410110076299,6.826666666666667,2.1152502757261566,True
202:86016,202,train,2,1,1772.0,12000,86016,90112,0.0085413404325932,2.271930206633294,7.168,2.146586261907584,True
202:94208,202,train,2,1,1772.0,12000,94208,98304,0.0102173295913669,1.948743395757713,7.850666666666666,2.10701768867761,True
202:98304,202,train,2,1,1772.0,12000,98304,102400,0.009470502942362,2.2871150016995125,8.192,2.1430371512819906,True
202:102400,202,train,2,1,1772.0,12000,102400,106496,0.0099913364961872,2.069620624673171,8.533333333333333,2.128353845960227,True
202:106496,202,train,2,1,1772.0,12000,106496,110592,0.0126646366693138,1.9725068580279148,8.874666666666666,2.0971844483737647,True
202:114688,202,train,2,1,1772.0,12000,114688,118784,0.0123542625611133,2.17070670224474,9.557333333333334,2.11188889914796,True
176:0,176,val,1,2,1751.0,12000,0,4096,0.0166322834827621,2.7058409671143595,0.0,2.7058409671143595,True
176:4096,176,val,1,2,1751.0,12000,4096,8192,0.0160459175572145,2.6212096981826014,0.3413333333333333,2.6889147133280082,True
176:8192,176,val,1,2,1751.0,12000,8192,12288,0.0194670574901816,2.5150913218466187,0.6826666666666666,2.6541500350317304,True
176:12288,176,val,1,2,1751.0,12000,12288,16384,0.0192775224273395,2.6463807225496967,1.024,2.6525961725353238,True
176:16384,176,val,1,2,1751.0,12000,16384,20480,0.0138370826437171,2.7634213662227105,1.3653333333333333,2.674761211272801,True
176:24576,176,val,1,2,1751.0,12000,24576,28672,0.0162911833361104,2.6081937735779244,2.048,2.661447723733826,True
176:28672,176,val,1,2,1751.0,12000,28672,32768,0.0181159002021211,2.6761300862793576,2.3893333333333335,2.6643841962429327,True
176:32768,176,val,1,2,1751.0,12000,32768,36864,0.0194405053850423,2.7572429407997303,2.7306666666666666,2.6829559451542924,True
176:36864,176,val,1,2,1751.0,12000,36864,40960,0.0169731618739185,2.6584973486264145,3.072,2.678064225848717,True
176:40960,176,val,1,2,1751.0,12000,40960,45056,0.0163199861255725,2.6253474279101487,3.4133333333333336,2.6675208662610035,True
176:49152,176,val,1,2,1751.0,12000,49152,53248,0.0166016272527092,2.7453898018642477,4.096,2.6830946533816524,True
176:53248,176,val,1,2,1751.0,12000,53248,57344,0.0138881004248233,2.710146158529141,4.437333333333333,2.68850495441115,True
176:57344,176,val,1,2,1751.0,12000,57344,61440,0.0141192897378398,2.664869707958805,4.778666666666667,2.683777905120681,True
176:61440,176,val,1,2,1751.0,12000,61440,65536,0.0143102105245878,2.6080716161102453,5.12,2.668636647318594,True
176:69632,176,val,1,2,1751.0,12000,69632,73728,0.0166647039588216,2.7101093449188554,5.802666666666667,2.6769311868386465,True
176:73728,176,val,1,2,1751.0,12000,73728,77824,0.0161978957640942,2.690495232252601,6.144,2.6796439959214373,True
176:77824,176,val,1,2,1751.0,12000,77824,81920,0.0159209467358017,2.6665222096933,6.485333333333333,2.67701963867581,True
176:81920,176,val,1,2,1751.0,12000,81920,86016,0.0186563770715751,2.6950344017596106,6.826666666666667,2.68062259129257,True
176:86016,176,val,1,2,1751.0,12000,86016,90112,0.0177675517665703,2.786870737486967,7.168,2.70187222053145,True
176:94208,176,val,1,2,1751.0,12000,94208,98304,0.0186090420215609,2.5884811158795644,7.850666666666666,2.6791939996010727,True
176:98304,176,val,1,2,1751.0,12000,98304,102400,0.0167947967693739,2.730591187650123,8.192,2.689473437210883,True
176:102400,176,val,1,2,1751.0,12000,102400,106496,0.0161067359560938,2.7379950091997753,8.533333333333333,2.6991777516086617,True
176:106496,176,val,1,2,1751.0,12000,106496,110592,0.0165795547000266,2.648416533270894,8.874666666666666,2.6890255079411083,True
176:114688,176,val,1,2,1751.0,12000,114688,118784,0.0128696367735503,2.670330572535537,9.557333333333334,2.6852865208599943,True
191:0,191,val,3,2,1748.0,12000,0,4096,0.0139592609811736,2.7218996134735725,0.0,2.7218996134735725,True
191:4096,191,val,3,2,1748.0,12000,4096,8192,0.0130548738078263,2.85927910541431,0.3413333333333333,2.7493755118617202,True
191:8192,191,val,3,2,1748.0,12000,8192,12288,0.0121963312209641,2.4102809529641944,0.6826666666666666,2.681556600082215,True
191:12288,191,val,3,2,1748.0,12000,12288,16384,0.0105918411197647,2.347835090545473,1.024,2.6148122981748667,True
191:16384,191,val,3,2,1748.0,12000,16384,20480,0.0111531757942606,2.550246750510433,1.3653333333333333,2.60189918864198,True
191:24576,191,val,3,2,1748.0,12000,24576,28672,0.0116966967050326,2.4567463145379698,2.048,2.572868613821178,True
191:28672,191,val,3,2,1748.0,12000,28672,32768,0.0122268021478013,2.311453259863225,2.3893333333333335,2.5205855430295876,True
191:32768,191,val,3,2,1748.0,12000,32768,36864,0.0133791820834823,2.4700685790747774,2.7306666666666666,2.5104821502386256,True
191:36864,191,val,3,2,1748.0,12000,36864,40960,0.0137827137035617,2.5108596785954878,3.072,2.5105576559099982,True
191:40960,191,val,3,2,1748.0,12000,40960,45056,0.0125625606184579,2.495358962262961,3.4133333333333336,2.507517917180591,True
191:49152,191,val,3,2,1748.0,12000,49152,53248,0.0115361040578214,2.44706496910572,4.096,2.495427327565617,True
191:53248,191,val,3,2,1748.0,12000,53248,57344,0.0098769295016167,2.183089142938202,4.437333333333333,2.4329596906401343,True
191:57344,191,val,3,2,1748.0,12000,57344,61440,0.0099707650067593,2.309639685748748,4.778666666666667,2.4082956896618573,True
191:61440,191,val,3,2,1748.0,12000,61440,65536,0.0122792930090021,2.335179809862385,5.12,2.3936725137019628,True
191:69632,191,val,3,2,1748.0,12000,69632,73728,0.0108989224641032,2.513764817792548,5.802666666666667,2.41769097452008,True
191:73728,191,val,3,2,1748.0,12000,73728,77824,0.0085928444315493,2.535256163744074,6.144,2.441204012364879,True
191:77824,191,val,3,2,1748.0,12000,77824,81920,0.0086287084916212,2.568667811214784,6.485333333333333,2.46669677213486,True
191:81920,191,val,3,2,1748.0,12000,81920,86016,0.010046985558206,2.5888229591464884,6.826666666666667,2.4911220095371855,True
191:86016,191,val,3,2,1748.0,12000,86016,90112,0.0105274409886767,2.52924538335266,7.168,2.4987466843002806,True
191:94208,191,val,3,2,1748.0,12000,94208,98304,0.0101700453007544,2.3916381127160227,7.850666666666666,2.477324969983429,True
191:98304,191,val,3,2,1748.0,12000,98304,102400,0.010030151670105,2.0931364022679437,8.192,2.400487256440332,True
191:102400,191,val,3,2,1748.0,12000,102400,106496,0.0101633087786118,2.366157984867536,8.533333333333333,2.393621402125773,True
191:106496,191,val,3,2,1748.0,12000,106496,110592,0.0116125534388804,2.15005833046032,8.874666666666666,2.344908787792683,True
191:114688,191,val,3,2,1748.0,12000,114688,118784,0.0102230587443389,2.4873248872103018,9.557333333333334,2.3733920076762067,True
203:0,203,val,2,2,1749.0,12000,0,4096,0.012165782606368,2.2695610566472366,0.0,2.2695610566472366,True
203:4096,203,val,2,2,1749.0,12000,4096,8192,0.010569172130117,2.0407553578479214,0.3413333333333333,2.2237999168873737,True
203:8192,203,val,2,2,1749.0,12000,8192,12288,0.0088759575273358,2.319064879905358,0.6826666666666666,2.2428529094909706,True
203:12288,203,val,2,2,1749.0,12000,12288,16384,0.0105123220769811,2.1591476077546465,1.024,2.226111849143706,True
203:16384,203,val,2,2,1749.0,12000,16384,20480,0.0126730262629744,2.2526753365251886,1.3653333333333333,2.2314245466200027,True
203:24576,203,val,2,2,1749.0,12000,24576,28672,0.0122908482556191,2.2809531803778342,2.048,2.241330273371569,True
203:28672,203,val,2,2,1749.0,12000,28672,32768,0.0104016088864267,2.2734437057215846,2.3893333333333335,2.247752959841572,True
203:32768,203,val,2,2,1749.0,12000,32768,36864,0.0102488484126682,2.0275120560850555,2.7306666666666666,2.203704779090269,True
203:36864,203,val,2,2,1749.0,12000,36864,40960,0.0104402536111602,2.1108628260374735,3.072,2.1851363884797097,True
203:40960,203,val,2,2,1749.0,12000,40960,45056,0.0117482905864465,2.2707711305527556,3.4133333333333336,2.202263336894319,True
203:49152,203,val,2,2,1749.0,12000,49152,53248,0.0105811505055623,2.1310664752424784,4.096,2.1880239645639508,True
203:53248,203,val,2,2,1749.0,12000,53248,57344,0.0095937285962206,2.109206476243298,4.437333333333333,2.17226046689982,True
203:57344,203,val,2,2,1749.0,12000,57344,61440,0.0107044498748582,2.2245174612734453,4.778666666666667,2.1827118657745452,True
203:61440,203,val,2,2,1749.0,12000,61440,65536,0.011827939408272,2.171053472644025,5.12,2.180380187148441,True
203:69632,203,val,2,2,1749.0,12000,69632,73728,0.0112283407433008,2.2557287671534807,5.802666666666667,2.1954499031494494,True
203:73728,203,val,2,2,1749.0,12000,73728,77824,0.0104563892928099,2.164050630017383,6.144,2.1891700485230365,True
203:77824,203,val,2,2,1749.0,12000,77824,81920,0.0115205147933787,2.542888036729896,6.485333333333333,2.2599136461644087,True
203:81920,203,val,2,2,1749.0,12000,81920,86016,0.0109633442154079,2.3203240458761307,6.826666666666667,2.2719957261067534,True
203:86016,203,val,2,2,1749.0,12000,86016,90112,0.0103714690705605,2.069085960102421,7.168,2.231413772905887,True
203:94208,203,val,2,2,1749.0,12000,94208,98304,0.0107498191689573,2.384341280781713,7.850666666666666,2.2619992744810524,True
203:98304,203,val,2,2,1749.0,12000,98304,102400,0.0134738568966098,2.060614291479413,8.192,2.221722277880725,True
203:102400,203,val,2,2,1749.0,12000,102400,106496,0.0122554683330651,1.982294885264494,8.533333333333333,2.173836799357479,True
203:106496,203,val,2,2,1749.0,12000,106496,110592,0.0123091076912962,2.2555740553577617,8.874666666666666,2.1901842505575355,True
203:114688,203,val,2,2,1749.0,12000,114688,118784,0.0119508555745219,1.974455456442407,9.557333333333334,2.14703849173451,True
177:0,177,test,1,3,1726.0,12000,0,4096,0.0184144374353689,2.7522465288738296,0.0,2.7522465288738296,True
177:4096,177,test,1,3,1726.0,12000,4096,8192,0.082959894851941,2.4741661710345437,0.3413333333333333,2.6966304573059725,True
177:8192,177,test,1,3,1726.0,12000,8192,12288,0.0142162260445413,2.7548243887041473,0.6826666666666666,2.7082692435856077,True
177:12288,177,test,1,3,1726.0,12000,12288,16384,0.0141926885331269,2.5692349319567174,1.024,2.68046238125983,True
177:16384,177,test,1,3,1726.0,12000,16384,20480,0.0126050544507265,2.5478708840798845,1.3653333333333333,2.653944081823841,True
177:24576,177,test,1,3,1726.0,12000,24576,28672,0.013731430272807,2.6273145109952387,2.048,2.6486181676581206,True
177:28672,177,test,1,3,1726.0,12000,28672,32768,0.0149100057251802,2.547862953794632,2.3893333333333335,2.628467124885423,True
177:32768,177,test,1,3,1726.0,12000,32768,36864,0.0174232474147087,2.61733947980279,2.7306666666666666,2.6262415958688967,True
177:36864,177,test,1,3,1726.0,12000,36864,40960,0.016422510450972,2.6359628619635442,3.072,2.6281858490878265,True
177:40960,177,test,1,3,1726.0,12000,40960,45056,0.0194296075352153,2.6144462708329,3.4133333333333336,2.6254379334368414,True
177:49152,177,test,1,3,1726.0,12000,49152,53248,0.0155690625816994,2.51913818260187,4.096,2.6041779832698473,True
177:53248,177,test,1,3,1726.0,12000,53248,57344,0.0156533291899828,2.6124620757060337,4.437333333333333,2.605834801757085,True
177:57344,177,test,1,3,1726.0,12000,57344,61440,0.0147144269690727,2.7309704858234873,4.778666666666667,2.6308619385703653,True
177:61440,177,test,1,3,1726.0,12000,61440,65536,0.0160068546321469,2.7353502756981056,5.12,2.6517596059959136,True
177:69632,177,test,1,3,1726.0,12000,69632,73728,0.014986359420261,2.591896940297597,5.802666666666667,2.6397870728562505,True
177:73728,177,test,1,3,1726.0,12000,73728,77824,0.0140754851337392,2.610849999269437,6.144,2.633999658138888,True
177:77824,177,test,1,3,1726.0,12000,77824,81920,0.015438897920659,2.6105460815044395,6.485333333333333,2.6293089428119987,True
177:81920,177,test,1,3,1726.0,12000,81920,86016,0.0175404140213496,2.534119093630802,6.826666666666667,2.6102709729757594,True
177:86016,177,test,1,3,1726.0,12000,86016,90112,0.0164663648207283,2.5979857506355573,7.168,2.6078139285077193,True
177:94208,177,test,1,3,1726.0,12000,94208,98304,0.0168659563678517,2.50830965035437,7.850666666666666,2.5879130728770496,True
177:98304,177,test,1,3,1726.0,12000,98304,102400,0.0166687027938308,2.5746754798845553,8.192,2.5852655542785508,True
177:102400,177,test,1,3,1726.0,12000,102400,106496,0.0142970527606331,2.6613226026744377,8.533333333333333,2.6004769639577283,True
177:106496,177,test,1,3,1726.0,12000,106496,110592,0.0147009848666886,2.625177325980158,8.874666666666666,2.6054170363622142,True
177:114688,177,test,1,3,1726.0,12000,114688,118784,0.0161738369556557,2.593135206938727,9.557333333333334,2.602960670477517,True
192:0,192,test,3,3,1725.0,12000,0,4096,0.0111802674828949,2.516834732216547,0.0,2.516834732216547,True
192:4096,192,test,3,3,1725.0,12000,4096,8192,0.012713060821723,2.348765750329936,0.3413333333333333,2.483220935839225,True
192:8192,192,test,3,3,1725.0,12000,8192,12288,0.0113968841303878,2.7423295226337285,0.6826666666666666,2.5350426531981256,True
192:12288,192,test,3,3,1725.0,12000,12288,16384,0.0095725103324466,2.7384877602392064,1.024,2.575731674606342,True
192:16384,192,test,3,3,1725.0,12000,16384,20480,0.0117407119837473,2.4665579619139435,1.3653333333333333,2.5538969320678624,True
192:24576,192,test,3,3,1725.0,12000,24576,28672,0.0087475350262882,2.496666118929582,2.048,2.5424507694402063,True
192:28672,192,test,3,3,1725.0,12000,28672,32768,0.0097466274068926,2.4870912468198214,2.3893333333333335,2.5313788649161295,True
192:32768,192,test,3,3,1725.0,12000,32768,36864,0.0117252203095145,2.433950092669563,2.7306666666666666,2.5118931104668163,True
192:36864,192,test,3,3,1725.0,12000,36864,40960,0.0108117044189329,2.322481647950819,3.072,2.474010817963617,True
192:40960,192,test,3,3,1725.0,12000,40960,45056,0.0106388699656119,2.305525568678572,3.4133333333333336,2.4403137681066083,True
192:49152,192,test,3,3,1725.0,12000,49152,53248,0.0108354734157157,2.6093283622283585,4.096,2.4741166869309583,True
192:53248,192,test,3,3,1725.0,12000,53248,57344,0.0117949028879493,2.5791651509273366,4.437333333333333,2.495126379730234,True
192:57344,192,test,3,3,1725.0,12000,57344,61440,0.0105119970970771,2.4148504165511127,4.778666666666667,2.47907118709441,True
192:61440,192,test,3,3,1725.0,12000,61440,65536,0.0114561752154511,2.593272177484137,5.12,2.5019113851723556,True
192:69632,192,test,3,3,1725.0,12000,69632,73728,0.0112746319542975,2.3350613149126027,5.802666666666667,2.468541371120405,True
192:73728,192,test,3,3,1725.0,12000,73728,77824,0.0102432202528638,2.2323761223923584,6.144,2.421308321374796,True
192:77824,192,test,3,3,1725.0,12000,77824,81920,0.0111482627066715,2.159389600233952,6.485333333333333,2.368924577146627,True
192:81920,192,test,3,3,1725.0,12000,81920,86016,0.0124537965620182,2.3093566189263073,6.826666666666667,2.3570109855025634,True
192:86016,192,test,3,3,1725.0,12000,86016,90112,0.0132810755431734,1.8282331861743073,7.168,2.2512554256369124,True
192:94208,192,test,3,3,1725.0,12000,94208,98304,0.0096642126240306,2.120751005894217,7.850666666666666,2.2251545416883736,True
192:98304,192,test,3,3,1725.0,12000,98304,102400,0.0107704054022373,2.1831759518141745,8.192,2.216758823713534,True
192:102400,192,test,3,3,1725.0,12000,102400,106496,0.0141200070500662,2.582623618209866,8.533333333333333,2.2899317826128005,True
192:106496,192,test,3,3,1725.0,12000,106496,110592,0.0112335918134511,2.2629165829895657,8.874666666666666,2.2845287426881535,True
192:114688,192,test,3,3,1725.0,12000,114688,118784,0.0115016823860324,2.278074518534786,9.557333333333334,2.28323789785748,True
204:0,204,test,2,3,1723.0,12000,0,4096,0.0136797739077418,2.1568740874485304,0.0,2.1568740874485304,True
204:4096,204,test,2,3,1723.0,12000,4096,8192,0.0130945747087586,1.973072311499568,0.3413333333333333,2.120113732258738,True
204:8192,204,test,2,3,1723.0,12000,8192,12288,0.0133377229792149,2.065640628599345,0.6826666666666666,2.1092191115268597,True
204:12288,204,test,2,3,1723.0,12000,12288,16384,0.0138550872114302,2.3140720504849916,1.024,2.1501896993184864,True
204:16384,204,test,2,3,1723.0,12000,16384,20480,0.0136970205501794,2.0518053539538017,1.3653333333333333,2.1305128302455496,True
204:24576,204,test,2,3,1723.0,12000,24576,28672,0.0128873236233269,2.1106891380935013,2.048,2.12654809181514,True
204:28672,204,test,2,3,1723.0,12000,28672,32768,0.0120871606145625,2.2518987375073327,2.3893333333333335,2.1516182209535786,True
204:32768,204,test,2,3,1723.0,12000,32768,36864,0.0111391679260365,2.0744565889648436,2.7306666666666666,2.136185894555832,True
204:36864,204,test,2,3,1723.0,12000,36864,40960,0.0132156356030177,2.177316456752344,3.072,2.1444120069951342,True
204:40960,204,test,2,3,1723.0,12000,40960,45056,0.0098195585493431,2.1249413821985894,3.4133333333333336,2.1405178820358253,True
204:49152,204,test,2,3,1723.0,12000,49152,53248,0.0098944911157576,2.259240721718906,4.096,2.1642624499724414,True
204:53248,204,test,2,3,1723.0,12000,53248,57344,0.0116891290615157,1.9071892660281846,4.437333333333333,2.11284781318359,True
204:57344,204,test,2,3,1723.0,12000,57344,61440,0.0147340414471658,2.376927355754352,4.778666666666667,2.165663721697743,True
204:61440,204,test,2,3,1723.0,12000,61440,65536,0.0106600025482847,2.181919121867591,5.12,2.1689148017317126,True
204:69632,204,test,2,3,1723.0,12000,69632,73728,0.010504683879325,2.08846557431668,5.802666666666667,2.1528249562487063,True
204:73728,204,test,2,3,1723.0,12000,73728,77824,0.0092198120098554,2.1753619439607688,6.144,2.157332353791119,True
204:77824,204,test,2,3,1723.0,12000,77824,81920,0.010017898933762,2.3155835607193658,6.485333333333333,2.1889825951767685,True
204:81920,204,test,2,3,1723.0,12000,81920,86016,0.0108352840982816,2.205734654356074,6.826666666666667,2.1923330070126297,True
204:86016,204,test,2,3,1723.0,12000,86016,90112,0.0102153248724174,2.137460377303922,7.168,2.1813584810708884,True
204:94208,204,test,2,3,1723.0,12000,94208,98304,0.0086924897277901,2.277786987718568,7.850666666666666,2.2006441824004246,True
204:98304,204,test,2,3,1723.0,12000,98304,102400,0.0087774661113785,2.1773106817046783,8.192,2.1959774822612754,True
204:102400,204,test,2,3,1723.0,12000,102400,106496,0.0104660898101544,2.0426424985473783,8.533333333333333,2.165310485518496,True
204:106496,204,test,2,3,1723.0,12000,106496,110592,0.0125458300032805,2.3650910640478138,8.874666666666666,2.2052666012243596,True
204:114688,204,test,2,3,1723.0,12000,114688,118784,0.0110595839701736,2.1562660128087656,9.557333333333334,2.195466483541241,True
213:0,213,train,1,0,1796.0,12000,0,4096,0.0100938613260158,2.481407119550373,0.0,2.481407119550373,True
213:4096,213,train,1,0,1796.0,12000,4096,8192,0.0120549608970345,2.452290765668553,0.3413333333333333,2.475583848774009,True
213:8192,213,train,1,0,1796.0,12000,8192,12288,0.0125270301268968,2.4147381447560776,0.6826666666666666,2.463414707970423,True
213:12288,213,train,1,0,1796.0,12000,12288,16384,0.0127530043363077,2.5614960054016174,1.024,2.4830309674566617,True
213:16384,213,train,1,0,1796.0,12000,16384,20480,0.0144011182529569,2.3752534836037755,1.3653333333333333,2.4614754706860844,True
213:20480,213,train,1,0,1796.0,12000,20480,24576,0.0096418717467182,2.2551038741004112,1.7066666666666668,2.42020115136895,True
213:24576,213,train,1,0,1796.0,12000,24576,28672,0.0085216178470489,2.3739661800254135,2.048,2.410954157100243,True
213:28672,213,train,1,0,1796.0,12000,28672,32768,0.0111341638054682,2.325082220189256,2.3893333333333335,2.3937797697180456,True
213:32768,213,train,1,0,1796.0,12000,32768,36864,0.0101271154413421,2.4463559933766965,2.7306666666666666,2.404295014449776,True
213:36864,213,train,1,0,1796.0,12000,36864,40960,0.0116025247153745,2.483806182412198,3.072,2.4201972480422604,True
213:40960,213,train,1,0,1796.0,12000,40960,45056,0.0107144834247627,2.360121118671157,3.4133333333333336,2.40818202216804,True
213:45056,213,train,1,0,1796.0,12000,45056,49152,0.0118953107230236,2.416007260086963,3.7546666666666666,2.4097470697518246,True
213:49152,213,train,1,0,1796.0,12000,49152,53248,0.0121565054674947,2.4619225347300637,4.096,2.4201821627474724,True
213:53248,213,train,1,0,1796.0,12000,53248,57344,0.0093040978323438,2.4447572018299826,4.437333333333333,2.4250971705639746,True
226:0,226,train,3,0,1797.0,12000,0,4096,0.2961698328192947,2.4210148232600694,0.0,2.4210148232600694,True
226:4096,226,train,3,0,1797.0,12000,4096,8192,0.2894528162657527,2.3207078311553344,0.3413333333333333,2.4009534248391224,True
226:8192,226,train,3,0,1797.0,12000,8192,12288,0.2793751885187023,2.3919742713430727,0.6826666666666666,2.3991575941399126,True
226:12288,226,train,3,0,1797.0,12000,12288,16384,0.2738482000619373,2.2131165002540207,1.024,2.3619493753627343,True
226:16384,226,train,3,0,1797.0,12000,16384,20480,0.263551018981534,2.5091901995092836,1.3653333333333333,2.3913975401920444,True
226:20480,226,train,3,0,1797.0,12000,20480,24576,0.2521914512373742,2.4958159444583177,1.7066666666666668,2.412281221045299,True
226:24576,226,train,3,0,1797.0,12000,24576,28672,0.244988683619556,2.466114447568284,2.048,2.423047866349896,True
226:28672,226,train,3,0,1797.0,12000,28672,32768,0.2388435341303313,2.343205663070019,2.3893333333333335,2.407079425693921,True
226:32768,226,train,3,0,1797.0,12000,32768,36864,0.2306320441941828,2.5203182492655647,2.7306666666666666,2.42972719040825,True
226:36864,226,train,3,0,1797.0,12000,36864,40960,0.2239742000904011,2.5867098271620637,3.072,2.461123717759013,True
226:40960,226,train,3,0,1797.0,12000,40960,45056,0.2189780506755609,2.6583912223328734,3.4133333333333336,2.500577218673785,True
226:45056,226,train,3,0,1797.0,12000,45056,49152,0.2108957784580077,2.3400529769309117,3.7546666666666666,2.4684723703252107,True
226:49152,226,train,3,0,1797.0,12000,49152,53248,0.2012688595306088,2.5011832567388077,4.096,2.4750145476079304,True
226:53248,226,train,3,0,1797.0,12000,53248,57344,0.1933566822949523,2.600136670668106,4.437333333333333,2.500038972219966,True
238:0,238,train,2,0,1796.0,12000,0,4096,0.0278680203644907,3.0142317601991993,0.0,3.0142317601991993,True
238:4096,238,train,2,0,1796.0,12000,4096,8192,0.0272340817312178,2.955288510481441,0.3413333333333333,3.0024431102556477,True
238:8192,238,train,2,0,1796.0,12000,8192,12288,0.0260507719695805,2.9628772782114,0.6826666666666666,2.9945299438467985,True
238:12288,238,train,2,0,1796.0,12000,12288,16384,0.0270268080573613,3.008854188105445,1.024,2.997394792698528,True
238:16384,238,train,2,0,1796.0,12000,16384,20480,0.0268258294208366,3.0468100993723324,1.3653333333333333,3.007277854033289,True
238:20480,238,train,2,0,1796.0,12000,20480,24576,0.0257677929565276,2.995676642349686,1.7066666666666668,3.0049576116965686,True
238:24576,238,train,2,0,1796.0,12000,24576,28672,0.0281552599498008,2.967761841437448,2.048,2.9975184576447447,True
238:28672,238,train,2,0,1796.0,12000,28672,32768,0.0270259850518746,2.9995878349737097,2.3893333333333335,2.997932333110538,True
238:32768,238,train,2,0,1796.0,12000,32768,36864,0.0249111214518726,2.9577845025912994,2.7306666666666666,2.9899027670066904,True
238:36864,238,train,2,0,1796.0,12000,36864,40960,0.0241893759802073,3.0058705824689365,3.072,2.99309633009914,True
238:40960,238,train,2,0,1796.0,12000,40960,45056,0.0216866147915922,2.9316329923158295,3.4133333333333336,2.980803662542478,True
238:45056,238,train,2,0,1796.0,12000,45056,49152,0.0230692448665756,2.968017227045191,3.7546666666666666,2.978246375443021,True
238:49152,238,train,2,0,1796.0,12000,49152,53248,0.023792993311283,3.0241549223162933,4.096,2.9874280848176755,True
238:53248,238,train,2,0,1796.0,12000,53248,57344,0.0253855700439541,2.9817520987271,4.437333333333333,2.9862928875995607,True
238:57344,238,train,2,0,1796.0,12000,57344,61440,0.0234255334712802,2.9957091547383814,4.778666666666667,2.988176141027325,True
214:0,214,train,1,1,1774.0,12000,0,4096,0.0095293394576048,2.456421138496349,0.0,2.456421138496349,True
214:4096,214,train,1,1,1774.0,12000,4096,8192,0.0068596231289029,2.634785112759638,0.3413333333333333,2.4920939333490066,True
214:8192,214,train,1,1,1774.0,12000,8192,12288,0.0088287806307946,2.6097500651799073,0.6826666666666666,2.515625159715187,True
214:12288,214,train,1,1,1774.0,12000,12288,16384,0.0106031988082088,2.5975159755111816,1.024,2.532003322874386,True
214:16384,214,train,1,1,1774.0,12000,16384,20480,0.0128700855374579,2.5911591139365693,1.3653333333333333,2.5438344810868228,True
214:24576,214,train,1,1,1774.0,12000,24576,28672,0.0114546916206486,2.658106380548982,2.048,2.5666888609792546,True
214:28672,214,train,1,1,1774.0,12000,28672,32768,0.0107437165068702,2.5667601225134185,2.3893333333333335,2.5667031132860876,True
214:32768,214,train,1,1,1774.0,12000,32768,36864,0.0126630954755447,2.639801520483098,2.7306666666666666,2.5813227947254895,True
214:36864,214,train,1,1,1774.0,12000,36864,40960,0.0109984261604674,2.622148929920018,3.072,2.5894880217643954,True
214:40960,214,train,1,1,1774.0,12000,40960,45056,0.0112796620405626,2.5581155016431043,3.4133333333333336,2.583213517740137,True
214:49152,214,train,1,1,1774.0,12000,49152,53248,0.0138342098832229,2.5706801672034527,4.096,2.5807068476328006,True
214:53248,214,train,1,1,1774.0,12000,53248,57344,0.0131154369187885,2.5219246762968557,4.437333333333333,2.5689504133656116,True
214:57344,214,train,1,1,1774.0,12000,57344,61440,0.0114721091409776,2.636960968700811,4.778666666666667,2.5825525244326517,True
214:61440,214,train,1,1,1774.0,12000,61440,65536,0.0112038342936042,2.521380317526396,5.12,2.5703180830514007,True
214:69632,214,train,1,1,1774.0,12000,69632,73728,0.0085085034187219,2.6936504690353558,5.802666666666667,2.594984560248192,True
214:73728,214,train,1,1,1774.0,12000,73728,77824,0.0109950028153633,2.6540407073229657,6.144,2.606795789663147,True
214:77824,214,train,1,1,1774.0,12000,77824,81920,0.0110633503256764,2.624975070562963,6.485333333333333,2.6104316458431103,True
214:81920,214,train,1,1,1774.0,12000,81920,86016,0.0094429812823864,2.659483212688439,6.826666666666667,2.6202419592121764,True
214:86016,214,train,1,1,1774.0,12000,86016,90112,0.0123782388095288,2.7307425713510756,7.168,2.6423420816399563,True
214:94208,214,train,1,1,1774.0,12000,94208,98304,0.0136880196170073,2.5579311016997255,7.850666666666666,2.6254598856519102,True
214:98304,214,train,1,1,1774.0,12000,98304,102400,0.0136403937108312,2.6453021164545976,8.192,2.6294283318124476,True
214:102400,214,train,1,1,1774.0,12000,102400,106496,0.0123686719781843,2.5468527637199156,8.533333333333333,2.6129132181939414,True
214:106496,214,train,1,1,1774.0,12000,106496,110592,0.0140254866464886,2.515644902640717,8.874666666666666,2.5934595550832964,True
214:114688,214,train,1,1,1774.0,12000,114688,118784,0.0100355533817823,2.4752294928560596,9.557333333333334,2.5698135426378492,True
227:0,227,train,3,1,1774.0,12000,0,4096,0.0104194642073827,2.4918276199234026,0.0,2.4918276199234026,True
227:4096,227,train,3,1,1774.0,12000,4096,8192,0.0104655027672555,2.3911199791170707,0.3413333333333333,2.4716860917621366,True
227:8192,227,train,3,1,1774.0,12000,8192,12288,0.0099902733902162,2.6610357146542687,0.6826666666666666,2.509556016340563,True
227:12288,227,train,3,1,1774.0,12000,12288,16384,0.0112606732101153,2.4512953279720895,1.024,2.4979038786668686,True
227:16384,227,train,3,1,1774.0,12000,16384,20480,0.0129029888140198,2.584616173097179,1.3653333333333333,2.515246337552931,True
227:24576,227,train,3,1,1774.0,12000,24576,28672,0.0130442493969334,2.3437202571595965,2.048,2.480941121474264,True
227:28672,227,train,3,1,1774.0,12000,28672,32768,0.0135293601903061,2.188471190714653,2.3893333333333335,2.422447135322342,True
227:32768,227,train,3,1,1774.0,12000,32768,36864,0.0159446536981311,2.528458943925624,2.7306666666666666,2.4436494970429985,True
227:36864,227,train,3,1,1774.0,12000,36864,40960,0.0140793843123531,2.619645337512052,3.072,2.4788486651368093,True
227:40960,227,train,3,1,1774.0,12000,40960,45056,0.0133242827544977,2.2468179966346584,3.4133333333333336,2.4324425314363793,True
227:49152,227,train,3,1,1774.0,12000,49152,53248,0.0114904828036936,2.413272600833579,4.096,2.4286085453158193,True
227:53248,227,train,3,1,1774.0,12000,53248,57344,0.0122186224291153,2.320890405967506,4.437333333333333,2.407064917446157,True
227:57344,227,train,3,1,1774.0,12000,57344,61440,0.0088315286232874,2.1635908170783162,4.778666666666667,2.358370097372589,True
227:61440,227,train,3,1,1774.0,12000,61440,65536,0.0118057745184405,2.559465649221962,5.12,2.3985892077424635,True
227:69632,227,train,3,1,1774.0,12000,69632,73728,0.01225699727126,2.4105304355610113,5.802666666666667,2.400977453306173,True
227:73728,227,train,3,1,1774.0,12000,73728,77824,0.010448071843389,2.321334412139296,6.144,2.385048845072798,True
227:77824,227,train,3,1,1774.0,12000,77824,81920,0.0082043915439506,2.464038485398101,6.485333333333333,2.4008467731378587,True
227:81920,227,train,3,1,1774.0,12000,81920,86016,0.0109749102928825,2.3869048164903988,6.826666666666667,2.398058381808367,True
227:86016,227,train,3,1,1774.0,12000,86016,90112,0.0126403807748963,2.3477976010124033,7.168,2.3880062256491743,True
227:94208,227,train,3,1,1774.0,12000,94208,98304,0.012269525712847,2.270724598920844,7.850666666666666,2.3645499003035084,True
227:98304,227,train,3,1,1774.0,12000,98304,102400,0.0122594512477669,2.4292700051902054,8.192,2.377493921280848,True
227:102400,227,train,3,1,1774.0,12000,102400,106496,0.0108825238660657,2.46074272684963,8.533333333333333,2.3941436823946045,True
227:106496,227,train,3,1,1774.0,12000,106496,110592,0.009227355983877,2.3738725840906567,8.874666666666666,2.390089462733815,True
227:114688,227,train,3,1,1774.0,12000,114688,118784,0.0110032004769836,2.250993369009134,9.557333333333334,2.362270243988879,True
239:0,239,train,2,1,1771.0,12000,0,4096,0.014152089887689,3.0400299181769657,0.0,3.0400299181769657,True
239:4096,239,train,2,1,1771.0,12000,4096,8192,0.0149837005717133,2.935012173238189,0.3413333333333333,3.0190263691892105,True
239:8192,239,train,2,1,1771.0,12000,8192,12288,0.0150719451771065,2.954613881467953,0.6826666666666666,3.006143871644959,True
239:12288,239,train,2,1,1771.0,12000,12288,16384,0.0146155683784556,2.991709441702649,1.024,3.0032569856564972,True
239:16384,239,train,2,1,1771.0,12000,16384,20480,0.0147922390983831,3.011702060246793,1.3653333333333333,3.0049460005745567,True
239:24576,239,train,2,1,1771.0,12000,24576,28672,0.0126997593103833,2.914634839091708,2.048,2.986883768277987,True
239:28672,239,train,2,1,1771.0,12000,28672,32768,0.01508268382667,2.9491913193131287,2.3893333333333335,2.9793452784850154,True
239:32768,239,train,2,1,1771.0,12000,32768,36864,0.0136591064453459,2.9748988799058886,2.7306666666666666,2.9784559987691903,True
239:36864,239,train,2,1,1771.0,12000,36864,40960,0.012550581553403,2.9670326939087834,3.072,2.9761713377971093,True
239:40960,239,train,2,1,1771.0,12000,40960,45056,0.0135143069431152,2.9886560355372964,3.4133333333333336,2.9786682773451467,True
239:49152,239,train,2,1,1771.0,12000,49152,53248,0.0145559644969323,2.9598966557647715,4.096,2.974913953029072,True
239:53248,239,train,2,1,1771.0,12000,53248,57344,0.0128733075972635,2.9726620156688965,4.437333333333333,2.974463565557037,True
239:57344,239,train,2,1,1771.0,12000,57344,61440,0.0129072117357186,2.991298004292623,4.778666666666667,2.977830453304154,True
239:61440,239,train,2,1,1771.0,12000,61440,65536,0.0142627428760436,2.952140015541769,5.12,2.9726923657516773,True
239:69632,239,train,2,1,1771.0,12000,69632,73728,0.0152079830159522,2.906787466663993,5.802666666666667,2.9595113859341406,True
239:73728,239,train,2,1,1771.0,12000,73728,77824,0.016156070878012,2.9638496598529236,6.144,2.960379040717897,True
239:77824,239,train,2,1,1771.0,12000,77824,81920,0.015894708522965,2.9996904608512445,6.485333333333333,2.9682413247445667,True
239:81920,239,train,2,1,1771.0,12000,81920,86016,0.0139264884846963,2.96636085225013,6.826666666666667,2.9678652302456796,True
239:86016,239,train,2,1,1771.0,12000,86016,90112,0.0117681095486862,2.9614237730597837,7.168,2.9665769388085006,True
239:94208,239,train,2,1,1771.0,12000,94208,98304,0.0147187248742425,3.034912215398813,7.850666666666666,2.980243994126563,True
239:98304,239,train,2,1,1771.0,12000,98304,102400,0.0184701448502118,3.0327860434416936,8.192,2.9907524039895894,True
239:102400,239,train,2,1,1771.0,12000,102400,106496,0.0154114157305614,2.9847113827873772,8.533333333333333,2.989544199749147,True
239:106496,239,train,2,1,1771.0,12000,106496,110592,0.0162866593715429,2.999132997813478,8.874666666666666,2.991461959362013,True
239:114688,239,train,2,1,1771.0,12000,114688,118784,0.0139130075233653,3.0199784141914487,9.557333333333334,2.9971652503279005,True
215:0,215,val,1,2,1752.0,12000,0,4096,0.0081658356209897,2.6698906799883533,0.0,2.6698906799883533,True
215:4096,215,val,1,2,1752.0,12000,4096,8192,0.011358528655865,2.5890110341161514,0.3413333333333333,2.653714750813913,True
215:8192,215,val,1,2,1752.0,12000,8192,12288,0.0098781857533724,2.460333212554036,0.6826666666666666,2.615038443161938,True
215:12288,215,val,1,2,1752.0,12000,12288,16384,0.0084682848900248,2.4196861770135842,1.024,2.5759679899322676,True
215:16384,215,val,1,2,1752.0,12000,16384,20480,0.0097324686072948,2.4659727804658984,1.3653333333333333,2.5539689480389938,True
215:24576,215,val,1,2,1752.0,12000,24576,28672,0.0085209528326136,2.4479151074398495,2.048,2.532758179919165,True
215:28672,215,val,1,2,1752.0,12000,28672,32768,0.008688376618253,2.5712328600714476,2.3893333333333335,2.5404531159496218,True
215:32768,215,val,1,2,1752.0,12000,32768,36864,0.010711005606147,2.5217860475931295,2.7306666666666666,2.5367197022783237,True
215:36864,215,val,1,2,1752.0,12000,36864,40960,0.0099770653781078,2.6199831316717423,3.072,2.5533723881570074,True
215:40960,215,val,1,2,1752.0,12000,40960,45056,0.0111159542983803,2.5541162432327726,3.4133333333333336,2.5535211591721607,True
215:49152,215,val,1,2,1752.0,12000,49152,53248,0.0104379405524003,2.5677922093828087,4.096,2.5563753692142903,True
215:53248,215,val,1,2,1752.0,12000,53248,57344,0.0108157755722435,2.6315674743180457,4.437333333333333,2.5714137902350416,True
215:57344,215,val,1,2,1752.0,12000,57344,61440,0.011896034518925,2.6487935186934144,4.778666666666667,2.5868897359267162,True
215:61440,215,val,1,2,1752.0,12000,61440,65536,0.0103747368676411,2.6198751759266306,5.12,2.5934868239266993,True
215:69632,215,val,1,2,1752.0,12000,69632,73728,0.0116982410868985,2.437596033795345,5.802666666666667,2.5623086659004284,True
215:73728,215,val,1,2,1752.0,12000,73728,77824,0.0139573964876111,2.4726177518077934,6.144,2.5443704830819014,True
215:77824,215,val,1,2,1752.0,12000,77824,81920,0.0118052970912364,2.5217928031660315,6.485333333333333,2.5398549470987275,True
215:81920,215,val,1,2,1752.0,12000,81920,86016,0.0131484703622251,2.4825105280825177,6.826666666666667,2.5283860632954855,True
215:86016,215,val,1,2,1752.0,12000,86016,90112,0.0117868004306338,2.5334058966625363,7.168,2.529390029968896,True
215:94208,215,val,1,2,1752.0,12000,94208,98304,0.0097768656395123,2.518826586794166,7.850666666666666,2.52727734133395,True
215:98304,215,val,1,2,1752.0,12000,98304,102400,0.0098610743795273,2.438869795989319,8.192,2.509595832265024,True
215:102400,215,val,1,2,1752.0,12000,102400,106496,0.0113831650850465,2.477823002348813,8.533333333333333,2.503241266281782,True
215:106496,215,val,1,2,1752.0,12000,106496,110592,0.0111465690097092,2.4914449789232163,8.874666666666666,2.500882008810069,True
215:114688,215,val,1,2,1752.0,12000,114688,118784,0.0116659030702766,2.5304131710791027,9.557333333333334,2.506788241263876,True
228:0,228,val,3,2,1754.0,12000,0,4096,0.0117386143399212,2.5069485269389813,0.0,2.5069485269389813,True
228:4096,228,val,3,2,1754.0,12000,4096,8192,0.010350821544401,2.588688583903026,0.3413333333333333,2.5232965383317905,True
228:8192,228,val,3,2,1754.0,12000,8192,12288,0.0123863165093357,2.440559130278782,0.6826666666666666,2.5067490567211888,True
228:12288,228,val,3,2,1754.0,12000,12288,16384,0.0121928315866244,2.605555766488377,1.024,2.5265103986746267,True
228:16384,228,val,3,2,1754.0,12000,16384,20480,0.0129671079029786,2.4522586292350006,1.3653333333333333,2.5116600447867015,True
228:24576,228,val,3,2,1754.0,12000,24576,28672,0.0129724544787954,2.5014600339795443,2.048,2.5096200426252704,True
228:28672,228,val,3,2,1754.0,12000,28672,32768,0.0094782437130951,2.3836893023880066,2.3893333333333335,2.4844338945778177,True
228:32768,228,val,3,2,1754.0,12000,32768,36864,0.0095512825735817,2.3385435352350235,2.7306666666666666,2.455255822709259,True
228:36864,228,val,3,2,1754.0,12000,36864,40960,0.0103834472101884,2.7218003491134217,3.072,2.5085647279900916,True
228:40960,228,val,3,2,1754.0,12000,40960,45056,0.0124972957423858,2.38688264650187,3.4133333333333336,2.4842283116924473,True
228:49152,228,val,3,2,1754.0,12000,49152,53248,0.012743108718254,2.5815422603629763,4.096,2.5036911014265533,True
228:53248,228,val,3,2,1754.0,12000,53248,57344,0.0101330827549876,2.29333576220199,4.437333333333333,2.461620033581641,True
228:57344,228,val,3,2,1754.0,12000,57344,61440,0.0119982421204854,2.640571197978498,4.778666666666667,2.4974102664610123,True
228:61440,228,val,3,2,1754.0,12000,61440,65536,0.0125113456713251,2.4751723509925454,5.12,2.492962683367319,True
228:69632,228,val,3,2,1754.0,12000,69632,73728,0.0116791170050967,2.460218403546147,5.802666666666667,2.486413827403085,True
228:73728,228,val,3,2,1754.0,12000,73728,77824,0.0131009459924842,2.4184266067242346,6.144,2.472816383267315,True
228:77824,228,val,3,2,1754.0,12000,77824,81920,0.0110103954379663,2.5542357252497827,6.485333333333333,2.4891002516638085,True
228:81920,228,val,3,2,1754.0,12000,81920,86016,0.0111691875444175,2.5453768507940553,6.826666666666667,2.500355571489858,True
228:86016,228,val,3,2,1754.0,12000,86016,90112,0.0114584062571287,2.5430551967115886,7.168,2.5088954965342043,True
228:94208,228,val,3,2,1754.0,12000,94208,98304,0.0121109924518695,2.3180520344472497,7.850666666666666,2.4707268041168136,True
228:98304,228,val,3,2,1754.0,12000,98304,102400,0.0118314336637553,2.622674611161076,8.192,2.5011163655256663,True
228:102400,228,val,3,2,1754.0,12000,102400,106496,0.012479646808867,2.3018392601420223,8.533333333333333,2.4612609444489375,True
228:106496,228,val,3,2,1754.0,12000,106496,110592,0.0145991542629515,2.5676043297941935,8.874666666666666,2.4825296215179886,True
228:114688,228,val,3,2,1754.0,12000,114688,118784,0.0134806506135779,2.3323607167665648,9.557333333333334,2.452495840567704,True
240:0,240,val,2,2,1747.0,12000,0,4096,0.015047664253233,2.9898902643152234,0.0,2.9898902643152234,True
240:4096,240,val,2,2,1747.0,12000,4096,8192,0.0139619784197342,3.019460849109058,0.3413333333333333,2.9958043812739907,True
240:8192,240,val,2,2,1747.0,12000,8192,12288,0.0156030893640887,2.9312744858456776,0.6826666666666666,2.9828984021883285,True
240:12288,240,val,2,2,1747.0,12000,12288,16384,0.016707521979163,2.9692799920026194,1.024,2.980174720151187,True
240:16384,240,val,2,2,1747.0,12000,16384,20480,0.0182990623488271,2.9725444750278505,1.3653333333333333,2.97864867112652,True
240:24576,240,val,2,2,1747.0,12000,24576,28672,0.01583241236156,2.9155619697588575,2.048,2.9660313308529873,True
240:28672,240,val,2,2,1747.0,12000,28672,32768,0.0155152618163113,2.9501444813985573,2.3893333333333335,2.9628539609621014,True
240:32768,240,val,2,2,1747.0,12000,32768,36864,0.0171982223153549,2.926695489379693,2.7306666666666666,2.9556222666456198,True
240:36864,240,val,2,2,1747.0,12000,36864,40960,0.0154231522582111,2.87968987815028,3.072,2.940435788946552,True
240:40960,240,val,2,2,1747.0,12000,40960,45056,0.0130185990979639,3.025921752863558,3.4133333333333336,2.9575329817299534,True
240:49152,240,val,2,2,1747.0,12000,49152,53248,0.0131976501288734,3.047888532286003,4.096,2.9756040918411637,True
240:53248,240,val,2,2,1747.0,12000,53248,57344,0.0146627693626515,2.9686239435491997,4.437333333333333,2.974208062182771,True
240:57344,240,val,2,2,1747.0,12000,57344,61440,0.0136390373522152,2.9575151815117144,4.778666666666667,2.9708694860485596,True
240:61440,240,val,2,2,1747.0,12000,61440,65536,0.0132969018791725,3.0121234604409075,5.12,2.979120280927029,True
240:69632,240,val,2,2,1747.0,12000,69632,73728,0.0135443574350941,2.8974890406844582,5.802666666666667,2.962794032878515,True
240:73728,240,val,2,2,1747.0,12000,73728,77824,0.0153649067839307,2.8706295931668917,6.144,2.944361144936191,True
240:77824,240,val,2,2,1747.0,12000,77824,81920,0.0165116920513557,2.8961262531671728,6.485333333333333,2.9347141665823875,True
240:81920,240,val,2,2,1747.0,12000,81920,86016,0.0166490132715625,2.948383128751663,6.826666666666667,2.9374479590162426,True
240:86016,240,val,2,2,1747.0,12000,86016,90112,0.0167743541538414,2.966120623223488,7.168,2.9431824918576917,True
240:94208,240,val,2,2,1747.0,12000,94208,98304,0.0143487641184219,3.038034815395981,7.850666666666666,2.9621529565653497,True
240:98304,240,val,2,2,1747.0,12000,98304,102400,0.0129005815111282,2.9675369938075953,8.192,2.963229764013799,True
240:102400,240,val,2,2,1747.0,12000,102400,106496,0.0117634496501269,2.9520410119114056,8.533333333333333,2.9609920135933203,True
240:106496,240,val,2,2,1747.0,12000,106496,110592,0.0122980848306673,2.9652030274415644,8.874666666666666,2.9618342163629694,True
240:114688,240,val,2,2,1747.0,12000,114688,118784,0.0152832551418265,2.9873731628905147,9.557333333333334,2.9669420056684785,True
217:0,217,test,1,3,1727.0,12000,0,4096,0.005586496647498,2.5170205750227965,0.0,2.5170205750227965,True
217:4096,217,test,1,3,1727.0,12000,4096,8192,0.0054080626317761,2.4487848450769087,0.3413333333333333,2.503373429033619,True
217:8192,217,test,1,3,1727.0,12000,8192,12288,0.0057161584577573,2.546413828874127,0.6826666666666666,2.511981509001721,True
217:12288,217,test,1,3,1727.0,12000,12288,16384,0.0054085675339604,2.4705266438388978,1.024,2.5036905359691564,True
217:16384,217,test,1,3,1727.0,12000,16384,20480,0.0049610197674613,2.463451822112567,1.3653333333333333,2.4956427931978387,True
217:24576,217,test,1,3,1727.0,12000,24576,28672,0.0036721578601344,2.497685833719698,2.048,2.4960514013022106,True
217:28672,217,test,1,3,1727.0,12000,28672,32768,0.0046812349471354,2.6744462890297984,2.3893333333333335,2.5317303788477283,True
217:32768,217,test,1,3,1727.0,12000,32768,36864,0.004476176270873,2.6144665458197145,2.7306666666666666,2.5482776122421256,True
217:36864,217,test,1,3,1727.0,12000,36864,40960,0.004512871370896,2.587443316904892,3.072,2.556110753174679,True
217:40960,217,test,1,3,1727.0,12000,40960,45056,0.004625951940077,2.535175784382696,3.4133333333333336,2.5519237594162827,True
217:49152,217,test,1,3,1727.0,12000,49152,53248,0.0055248294200708,2.6242940095341107,4.096,2.5663978094398483,True
217:53248,217,test,1,3,1727.0,12000,53248,57344,0.0050712063649592,2.590761450610595,4.437333333333333,2.571270537673998,True
217:57344,217,test,1,3,1727.0,12000,57344,61440,0.005126469256111,2.44503439780379,4.778666666666667,2.5460233096999567,True
217:61440,217,test,1,3,1727.0,12000,61440,65536,0.0053337840832562,2.611761891138913,5.12,2.559171025987748,True
217:69632,217,test,1,3,1727.0,12000,69632,73728,0.0047448856445071,2.480619668796917,5.802666666666667,2.543460754549582,True
217:73728,217,test,1,3,1727.0,12000,73728,77824,0.0052357845303448,2.5179661979013166,6.144,2.538361843219929,True
217:77824,217,test,1,3,1727.0,12000,77824,81920,0.0043212025556227,2.5957991511751763,6.485333333333333,2.5498493048109787,True
217:81920,217,test,1,3,1727.0,12000,81920,86016,0.0051622400117261,2.533593574502674,6.826666666666667,2.546598158749318,True
217:86016,217,test,1,3,1727.0,12000,86016,90112,0.005366854174473,2.4823176075946294,7.168,2.5337420485183806,True
217:94208,217,test,1,3,1727.0,12000,94208,98304,0.005859348263324,2.524795644469485,7.850666666666666,2.5319527677086016,True
217:98304,217,test,1,3,1727.0,12000,98304,102400,0.0047548158149787,2.4524382390890027,8.192,2.516049861984682,True
217:102400,217,test,1,3,1727.0,12000,102400,106496,0.0051115284379377,2.5895854856299207,8.533333333333333,2.53075698671373,True
217:106496,217,test,1,3,1727.0,12000,106496,110592,0.0058965672983686,2.502878350190435,8.874666666666666,2.525181259409071,True
217:114688,217,test,1,3,1727.0,12000,114688,118784,0.0053316155639304,2.475580714889123,9.557333333333334,2.5152611505050815,True
229:0,229,test,3,3,1729.0,12000,0,4096,0.0175453260127619,2.363951912795276,0.0,2.363951912795276,True
229:4096,229,test,3,3,1729.0,12000,4096,8192,0.0149707221981353,2.245463492092172,0.3413333333333333,2.3402542286546555,True
229:8192,229,test,3,3,1729.0,12000,8192,12288,0.0134786528672054,2.55841415789353,0.6826666666666666,2.3838862145024304,True
229:12288,229,test,3,3,1729.0,12000,12288,16384,0.0140596946860485,2.4568891392541707,1.024,2.3984867994527788,True
229:16384,229,test,3,3,1729.0,12000,16384,20480,0.0117022472392265,2.480062926735637,1.3653333333333333,2.4148020249093505,True
229:24576,229,test,3,3,1729.0,12000,24576,28672,0.0123599868352178,2.1954810224714074,2.048,2.370937824421762,True
229:28672,229,test,3,3,1729.0,12000,28672,32768,0.0133663754919174,2.4087907473459866,2.3893333333333335,2.3785084090066073,True
229:32768,229,test,3,3,1729.0,12000,32768,36864,0.0111867098455548,2.5439755283583643,2.7306666666666666,2.4116018328769586,True
229:36864,229,test,3,3,1729.0,12000,36864,40960,0.0119394677350659,2.486801893004209,3.072,2.426641844902409,True
229:40960,229,test,3,3,1729.0,12000,40960,45056,0.0120133276220896,2.3535874755757056,3.4133333333333336,2.4120309710370686,True
229:49152,229,test,3,3,1729.0,12000,49152,53248,0.0137047363662565,2.193996177611733,4.096,2.3684240123520017,True
229:53248,229,test,3,3,1729.0,12000,53248,57344,0.0101748003313529,2.3186049537326823,4.437333333333333,2.358460200628138,True
229:57344,229,test,3,3,1729.0,12000,57344,61440,0.0123615978060437,2.3288581813290543,4.778666666666667,2.3525397967683213,True
229:61440,229,test,3,3,1729.0,12000,61440,65536,0.0143028583774158,2.3618208278556936,5.12,2.354396002985796,True
229:69632,229,test,3,3,1729.0,12000,69632,73728,0.0092491119713845,2.6670859118943353,5.802666666666667,2.4169339847675038,True
229:73728,229,test,3,3,1729.0,12000,73728,77824,0.0087510371522943,2.280578368079882,6.144,2.3896628614299793,True
229:77824,229,test,3,3,1729.0,12000,77824,81920,0.0069384251421961,2.567152029510488,6.485333333333333,2.425160695046081,True
229:81920,229,test,3,3,1729.0,12000,81920,86016,0.0066522882396664,2.3669138519404767,6.826666666666667,2.41351132642496,True
229:86016,229,test,3,3,1729.0,12000,86016,90112,0.0101499787492495,2.287432562809092,7.168,2.388295573701787,True
229:94208,229,test,3,3,1729.0,12000,94208,98304,0.0090153808272771,2.348644856529156,7.850666666666666,2.3803654302672608,True
229:98304,229,test,3,3,1729.0,12000,98304,102400,0.0089357559365749,2.3794196842551747,8.192,2.380176281064844,True
229:102400,229,test,3,3,1729.0,12000,102400,106496,0.0106825366991185,2.45674785180523,8.533333333333333,2.3954905952129213,True
229:106496,229,test,3,3,1729.0,12000,106496,110592,0.0128065436509527,2.451205483138174,8.874666666666666,2.406633572797972,True
229:114688,229,test,3,3,1729.0,12000,114688,118784,0.0121051201804516,2.526045464695206,9.557333333333334,2.430515951177419,True
241:0,241,test,2,3,1719.0,12000,0,4096,0.0154923845185795,2.943492666072728,0.0,2.943492666072728,True
241:4096,241,test,2,3,1719.0,12000,4096,8192,0.0159781330769721,2.9569486186364835,0.3413333333333333,2.9461838565854794,True
241:8192,241,test,2,3,1719.0,12000,8192,12288,0.0130560134044871,2.9370229457177177,0.6826666666666666,2.9443516744119274,True
241:12288,241,test,2,3,1719.0,12000,12288,16384,0.0122694807788682,2.962402052736875,1.024,2.947961750076917,True
241:16384,241,test,2,3,1719.0,12000,16384,20480,0.0114571996145854,3.011024039403249,1.3653333333333333,2.9605742079421833,True
241:24576,241,test,2,3,1719.0,12000,24576,28672,0.013320828219684,2.9341766096005943,2.048,2.9552946882738658,True
241:28672,241,test,2,3,1719.0,12000,28672,32768,0.0153859784042213,2.9379455312213336,2.3893333333333335,2.9518248568633596,True
241:32768,241,test,2,3,1719.0,12000,32768,36864,0.0137181084920831,2.9435641642133548,2.7306666666666666,2.950172718333359,True
241:36864,241,test,2,3,1719.0,12000,36864,40960,0.0146817545546045,2.9213624908226556,3.072,2.9444106728312183,True
241:40960,241,test,2,3,1719.0,12000,40960,45056,0.0181386515717505,2.924754049668381,3.4133333333333336,2.940479348198651,True
241:49152,241,test,2,3,1719.0,12000,49152,53248,0.015179046133658,2.977729389876358,4.096,2.9479293565341926,True
241:53248,241,test,2,3,1719.0,12000,53248,57344,0.0146191066974551,2.9683216626582385,4.437333333333333,2.952007817759002,True
241:57344,241,test,2,3,1719.0,12000,57344,61440,0.0140807978236633,2.983164456817377,4.778666666666667,2.958239145570677,True
241:61440,241,test,2,3,1719.0,12000,61440,65536,0.013093886607679,2.9878439327896413,5.12,2.96416010301447,True
241:69632,241,test,2,3,1719.0,12000,69632,73728,0.0134949962564616,3.0537371547165506,5.802666666666667,2.982075513354886,True
241:73728,241,test,2,3,1719.0,12000,73728,77824,0.0126530398710395,2.9244937914937714,6.144,2.970559168982663,True
241:77824,241,test,2,3,1719.0,12000,77824,81920,0.012248466435453,2.931431900551363,6.485333333333333,2.9627337152964035,True
241:81920,241,test,2,3,1719.0,12000,81920,86016,0.0148811053636215,2.8963913226456763,6.826666666666667,2.949465236766258,True
241:86016,241,test,2,3,1719.0,12000,86016,90112,0.012652327607228,3.0046947880955654,7.168,2.9605111470321197,True
241:94208,241,test,2,3,1719.0,12000,94208,98304,0.013987661233031,2.9902340636432396,7.850666666666666,2.966455730354344,True
241:98304,241,test,2,3,1719.0,12000,98304,102400,0.0151299528751528,2.885800060281318,8.192,2.9503245963397386,True
241:102400,241,test,2,3,1719.0,12000,102400,106496,0.0164691081964532,2.9447381613649988,8.533333333333333,2.9492073093447906,True
241:106496,241,test,2,3,1719.0,12000,106496,110592,0.01561090503173,3.0082388737822563,8.874666666666666,2.961013622232284,True
241:114688,241,test,2,3,1719.0,12000,114688,118784,0.0138380053661246,2.8870758286041385,9.557333333333334,2.946226063506655,True
