time_s,signal,absolute_gradient
0.0,0.08028049,0.014867313
8.333333333333333e-05,-0.1780324,0.009303625
0.00016666666666666666,-0.09111849,0.0047074817
0.00025,0.1361452,0.00074248237
0.0003333333333333333,0.115945704,0.0019560938
0.0004166666666666667,0.021372586,0.0057638125
0.0005,0.0037415826,0.017833555
0.0005833333333333334,0.031824145,0.002086949
0.0006666666666666666,0.07175533,0.0058440343
0.00075,0.08928819,0.011180855
0.0008333333333333334,-0.011862161,0.0056446637
0.0009166666666666666,-0.15761729,0.009956258
0.001,-0.049618952,0.0123794675
0.0010833333333333333,0.16871819,0.015132562
0.0011666666666666668,0.0706041,0.022642063
0.00125,-0.1579036,0.0016187618
0.0013333333333333333,-0.07297502,0.015697764
0.0014166666666666668,0.11725799,0.012033672
0.0015,0.023310317,0.009326783
0.0015833333333333333,-0.06964424,0.022532927
0.0016666666666666668,-0.009228397,0.006816302
0.00175,-0.032646723,0.033573467
0.0018333333333333333,-0.030186502,0.039047096
0.0019166666666666666,0.02266189,0.02057288
0.002,0.0039370405,0.01141826
0.0020833333333333333,-0.059635494,0.009008555
0.0021666666666666666,-0.04086567,0.01307455
0.00225,-0.013382469,0.001838494
0.0023333333333333335,-0.048397295,0.00081844226
0.002416666666666667,-0.067006566,0.0066884616
0.0025,-0.049398005,0.020795254
0.0025833333333333333,0.023646416,0.01507572
0.0026666666666666666,0.050813988,0.0139799565
0.00275,-0.012119174,0.0051328205
0.0028333333333333335,-0.060973085,0.029500961
0.002916666666666667,-0.030642763,0.0018025179
0.003,0.04016597,0.0005776007
0.0030833333333333333,-0.03831086,0.018106503
0.0031666666666666666,-0.2198678,0.019613456
0.00325,-0.06658897,0.005172824
0.0033333333333333335,0.21787392,0.008947025
0.003416666666666667,0.035307918,0.0059327492
0.0035,-0.2245697,0.0013197735
0.0035833333333333333,-0.012211184,0.0059992215
0.0036666666666666666,0.20298961,0.00063566625
0.00375,0.016324872,0.0020597244
0.003833333333333333,-0.10191749,0.010475509
0.003916666666666666,0.05179389,0.021721434
0.004,0.13149911,0.0269686
0.004083333333333333,0.017465087,0.020044556
0.004166666666666667,0.053209085,0.019531067
0.00425,0.14059722,0.0042090006
0.004333333333333333,-0.035845578,0.00886552
0.004416666666666667,-0.18127258,0.013233498
0.0045,0.024185646,0.01826134
0.004583333333333333,0.14411037,0.013006356
0.004666666666666667,-0.035995793,0.0025078317
0.00475,-0.10800615,0.008067353
0.004833333333333334,0.05477083,0.018235218
0.004916666666666666,0.10967412,0.0057253726
0.005,-0.020056318,0.005581414
0.005083333333333333,-0.09634833,0.017966839
0.005166666666666667,-0.051111944,0.018816391
0.00525,-0.01502482,0.0029991118
0.005333333333333333,0.051636137,0.01585097
0.005416666666666667,0.14185232,0.004354958
0.0055,0.06369292,0.015867684
0.005583333333333333,-0.06663887,0.0035104577
0.005666666666666667,-0.028679911,0.01474246
0.00575,0.111028366,0.010477208
0.005833333333333334,0.040603694,0.022143584
0.005916666666666666,-0.15932387,0.018480597
0.006,-0.12761986,0.0065574544
0.006083333333333333,0.036347546,0.020319045
0.006166666666666667,0.09690891,0.0072764256
0.00625,-0.023249673,0.009765803
0.006333333333333333,-0.14749141,0.0061715427
0.006416666666666667,-0.12182648,0.0014896895
0.0065,0.082465775,0.039540727
0.006583333333333333,0.14457868,0.01949342
0.006666666666666667,-0.14180237,0.0076541356
0.00675,-0.26001978,0.02565146
0.006833333333333334,0.12336465,0.008065469
0.0069166666666666664,0.44893697,0.0072097783
0.007,0.10345039,0.008505015
0.007083333333333333,-0.32963547,0.0033771878
0.007166666666666667,-0.031428434,0.0150817325
0.00725,0.35159045,0.02056261
0.007333333333333333,0.014681667,0.00064468465
0.007416666666666667,-0.33047736,0.001187915
0.0075,-0.059019174,0.012389213
0.007583333333333333,0.2068467,0.010467487
0.007666666666666666,0.064731695,0.011303421
0.00775,-0.057753544,0.0054038395
0.007833333333333333,-0.032276616,0.013124805
0.007916666666666667,-0.04668141,0.009428647
0.008,-0.029036017,0.0021229056
0.008083333333333333,0.090626016,0.0025742108
0.008166666666666666,0.06790853,0.00948855
0.00825,-0.13505296,0.0068165287
0.008333333333333333,-0.034752835,0.014233269
0.008416666666666666,0.2623802,0.007546771
0.0085,0.1472006,0.01071501
0.008583333333333333,-0.16570711,0.006683278
0.008666666666666666,-0.11143868,0.0042030383
0.00875,0.099232115,0.006907241
0.008833333333333334,0.07038639,0.007765856
0.008916666666666666,-0.08576232,0.0023129352
0.009,-0.109299175,0.0011631191
0.009083333333333334,0.051246922,0.00040992812
0.009166666666666667,0.10575176,0.026803814
0.00925,-0.027153105,0.0013168603
0.009333333333333334,-0.1088474,0.0019956045
0.009416666666666667,-0.078333065,0.003998125
0.0095,0.035525803,0.0015552558
0.009583333333333333,0.049539935,0.008536282
0.009666666666666667,-0.0311755,0.0021138354
0.00975,-0.042765748,0.0092902
0.009833333333333333,0.042970054,0.019692684
0.009916666666666667,0.12607989,0.0030251779
0.01,0.024939204,0.003566757
0.010083333333333333,-0.16465472,0.0035023054
0.010166666666666666,-0.13135679,0.007821828
0.01025,0.08654863,0.013591518
0.010333333333333333,0.1001498,0.0038100444
0.010416666666666666,-0.07758401,0.00088735425
0.0105,-0.11121317,0.00022527148
0.010583333333333333,0.061769616,0.01738434
0.010666666666666666,0.16133173,0.010393963
0.01075,0.02696048,0.0073013953
0.010833333333333334,-0.10389309,0.00010201043
0.010916666666666667,-0.111511566,0.006296588
0.011,-0.02351037,0.009254684
0.011083333333333334,0.019445522,0.005959617
0.011166666666666667,-0.00968932,0.00092161814
0.01125,0.08287065,0.004447667
0.011333333333333334,0.213177,0.0094634
0.011416666666666667,0.06283875,0.0009458872
0.0115,-0.119683854,0.0004450681
0.011583333333333333,-0.0036873354,0.0033883748
0.011666666666666667,0.116958395,0.007826856
0.01175,-0.030572595,0.00351741
0.011833333333333333,-0.14989941,0.00069631875
0.011916666666666667,-0.0847188,0.0045579034
0.012,0.0014505234,0.0023114572
0.012083333333333333,-0.0064008636,0.0065956227
0.012166666666666666,-0.062037013,0.0003730875
0.01225,-0.086453155,0.00740652
0.012333333333333333,-0.035601318,0.00746647
0.012416666666666666,0.05141402,0.012559649
0.0125,0.095347844,0.0030863413
0.012583333333333334,0.04257709,0.0055367923
0.012666666666666666,0.0282501,0.008813926
0.01275,0.019699309,0.017136635
0.012833333333333334,-0.026272513,0.0017731192
0.012916666666666667,-0.020349408,0.0070589157
0.013,-0.03358288,0.005296233
0.013083333333333334,-0.16373535,0.012715263
0.013166666666666667,-0.18574573,0.0037871394
0.01325,0.099203855,0.007850263
0.013333333333333334,0.24831364,0.009496485
0.013416666666666667,0.040425412,0.003802991
0.0135,-0.013127294,0.0049254517
0.013583333333333333,0.1966224,0.008209151
0.013666666666666667,0.19108206,0.0033650252
0.01375,-0.123650424,0.0033059556
0.013833333333333333,-0.15739292,0.0009498411
0.013916666666666667,0.085607,0.01839535
0.014,0.09998043,0.0076256925
0.014083333333333333,-0.07882792,0.0041065933
0.014166666666666666,-0.06856358,0.0006558476
0.01425,0.096708864,0.0019657316
0.014333333333333333,0.08889852,0.0057919836
0.014416666666666666,-0.06439831,0.009828322
0.0145,-0.09851679,0.0022539848
0.014583333333333334,0.015384383,0.019785138
0.014666666666666666,0.0080796555,0.006350556
0.01475,-0.17630646,0.0051886304
0.014833333333333334,-0.13443993,0.01221893
0.014916666666666667,0.09243287,0.004284422
0.015,0.08172703,0.0025935906
0.015083333333333334,-0.11504618,0.014931434
0.015166666666666667,-0.08095028,0.0046393247
0.01525,0.16597159,0.0071186856
0.015333333333333332,0.17792301,0.006942719
0.015416666666666667,0.014781146,0.015231251
0.0155,0.033648808,0.0004428103
0.015583333333333333,0.16330904,0.009261778
0.015666666666666666,0.18471219,0.008495994
0.01575,0.02856894,0.0006100577
0.015833333333333335,-0.111036964,0.005451911
0.015916666666666666,-0.107937865,0.0014817661
0.016,-0.035278298,0.0065459707
0.016083333333333335,0.017712152,0.014314304
0.016166666666666666,-0.08088135,0.0004564016
0.01625,-0.19790544,0.0073517617
0.01633333333333333,0.03867975,0.013620979
0.016416666666666666,0.29859504,0.017867137
0.0165,0.0025884414,0.004004777
0.016583333333333332,-0.26855376,0.0039487355
0.016666666666666666,0.01716255,0.0039778515
0.01675,0.19906703,0.02516135
0.016833333333333332,-0.105135135,0.0030303323
0.016916666666666667,-0.2764448,0.011961475
0.017,-0.011162229,0.008604211
0.017083333333333332,0.16893041,0.0049478854
0.017166666666666667,-0.0032153488,0.00043576863
0.01725,-0.13582137,0.0032648353
0.017333333333333333,-0.07910261,0.0024224662
0.017416666666666667,-0.078486696,0.0024261724
0.0175,-0.058404654,0.003985193
0.017583333333333333,0.07021023,0.01538613
0.017666666666666667,0.020561473,0.0112777995
0.01775,-0.10631326,0.010825174
0.017833333333333333,0.0660262,0.013352029
0.017916666666666668,0.17425698,0.005547722
0.018,-0.032452613,0.001023176
0.018083333333333333,-0.12825532,0.0008049272
0.018166666666666668,0.0063726665,0.006299877
0.01825,0.09803134,0.003070734
0.018333333333333333,0.07106696,0.0001662922
0.018416666666666668,0.040994592,0.0022349556
0.0185,0.053331833,0.0015832424
0.018583333333333334,0.105831824,0.018333053
0.018666666666666668,0.11145105,0.00014459479
0.01875,0.069857806,0.00508184
0.018833333333333334,-0.03851413,0.0005662215
0.018916666666666665,-0.11467232,0.0034263278
0.019,-0.056626394,0.0082930485
0.019083333333333334,-0.010221952,0.0047475705
0.019166666666666665,-0.025807917,0.0034339014
0.01925,-0.0099189915,0.01589686
0.019333333333333334,0.026246771,0.007925613
0.019416666666666665,-0.0003299293,0.0035420293
0.0195,-0.035100672,0.0028930483
0.019583333333333335,0.027477501,0.006819346
0.019666666666666666,0.08124219,0.0010384868
0.01975,-0.070091076,0.009365405
0.019833333333333335,-0.12045399,0.002293737
0.019916666666666666,0.15664093,0.0147573585
0.02,0.21999298,0.007857567
0.020083333333333335,-0.16932717,0.0078153275
0.020166666666666666,-0.25220153,0.012001043
0.02025,0.14537795,0.0005001254
0.02033333333333333,0.21408111,0.0005764098
0.020416666666666666,-0.19680323,0.010955873
0.0205,-0.29070956,0.008535039
0.020583333333333332,0.13886413,0.010479266
0.020666666666666667,0.2872047,0.004109167
0.02075,-0.024143316,0.007053779
0.020833333333333332,-0.14878389,0.0020428943
0.020916666666666667,0.033939887,0.013214055
0.021,0.10964627,0.004717356
0.021083333333333332,-0.038557302,0.0052753286
0.021166666666666667,-0.116806224,0.0039034479
0.02125,-0.029107789,0.016171461
0.021333333333333333,0.16827661,0.011378677
0.021416666666666667,0.16347666,0.0036406491
0.0215,-0.06948423,0.008234531
0.021583333333333333,-0.07173013,0.00066652626
0.021666666666666667,0.12319583,0.0013151634
0.02175,0.061412264,0.008875049
0.021833333333333333,-0.17207076,0.009153251
0.021916666666666668,-0.06691649,0.010738511
0.022,0.14366059,0.015342784
0.022083333333333333,0.04620486,0.011079247
0.022166666666666668,-0.14030622,0.006439058
0.02225,0.023807,0.00049723487
0.022333333333333334,0.19108358,0.007895875
0.022416666666666668,-0.07356881,0.011009717
0.0225,-0.3260626,0.00619826
0.022583333333333334,-0.082818985,0.0014102247
0.02266666666666667,0.21653946,0.001599553
0.02275,0.021431915,0.014838766
0.022833333333333334,-0.23249091,0.004920235
0.022916666666666665,-0.026619064,0.0030491424
0.023,0.21102889,0.014283447
0.023083333333333334,0.1325538,0.006556009
0.023166666666666665,-0.037302956,0.006898226
0.02325,-0.11769907,0.0076049305
0.023333333333333334,-0.001083359,0.0015763721
0.023416666666666665,0.19164723,0.020539913
0.0235,0.08754752,0.009348504
0.023583333333333335,-0.20521551,0.0017831364
0.023666666666666666,-0.113016516,0.004609142
0.02375,0.21396701,0.002824806
0.023833333333333335,0.06920869,0.005472168
0.023916666666666666,-0.33349225,0.0054710773
0.024,-0.1927241,0.00801246
0.024083333333333335,0.226287,0.0055358475
0.024166666666666666,0.068419516,0.003443714
0.02425,-0.27540675,0.006508328
0.024333333333333332,-0.061758462,0.01202715
0.024416666666666666,0.24472186,0.0131093655
0.0245,0.044627726,0.008929428
0.024583333333333332,-0.20022942,0.013111059
0.024666666666666667,-0.073280096,0.0070860754
0.02475,0.13330586,0.004009193
0.024833333333333332,0.061122354,0.00020712754
0.024916666666666667,-0.074674584,0.0047375793
0.025,0.031048307,0.005922682
0.025083333333333332,0.2349216,0.007755003
0.025166666666666667,0.14884198,0.009090765
0.02525,-0.16456643,0.0012305692
0.025333333333333333,-0.13488954,0.006306134
0.025416666666666667,0.16587687,0.005151423
0.0255,0.14549978,0.017354151
0.025583333333333333,-0.23224008,0.0013556059
0.025666666666666667,-0.30493742,0.0096876575
0.02575,0.21348491,0.0004661604
0.025833333333333333,0.39995435,0.0011467675
0.025916666666666668,-0.0938274,0.0017679277
0.026,-0.3395133,0.014467849
0.026083333333333333,0.088837795,0.017637197
0.026166666666666668,0.41043094,0.012899676
0.02625,0.047084466,0.0017216621
0.026333333333333334,-0.28329986,0.010413142
0.026416666666666668,0.029365137,0.0058922586
0.0265,0.34851614,0.0042598257
0.026583333333333334,0.115307614,0.0080864355
0.02666666666666667,-0.20082389,0.0032700005
0.02675,-0.09057123,0.0019163426
0.026833333333333334,0.04794276,0.021033186
0.026916666666666665,-0.038893532,0.010121425
0.027,-0.09637493,0.009107301
0.027083333333333334,-0.09954807,0.0013043528
0.027166666666666665,-0.027496703,0.0016560527
0.02725,0.08611049,0.012704254
0.027333333333333334,0.08909749,0.007500028
0.027416666666666666,-0.01673751,0.007901789
0.0275,-0.058905073,0.00054546015
0.027583333333333335,0.05248607,0.0007013105
0.027666666666666666,0.08937091,0.001781288
0.02775,-0.07843508,0.0024944087
0.027833333333333335,-0.11772014,0.008578285
0.027916666666666666,0.1289466,0.01051665
0.028,0.1677431,0.004568925
0.02808333333333333,-0.15308094,0.002258401
0.028166666666666666,-0.25103068,0.0018433705
0.02825,0.056932926,0.0023098588
0.028333333333333332,0.17187473,0.0009522512
0.028416666666666666,-0.10912968,0.005328368
0.0285,-0.22294995,0.009367551
0.028583333333333332,0.011932494,0.0034671663
0.028666666666666667,0.10883444,0.00712516
0.02875,-0.038361482,0.0048014936
0.028833333333333332,-0.12724136,0.00061490363
0.028916666666666667,-0.04428915,0.008868632
0.029,0.030739471,0.008446071
0.029083333333333333,0.04381948,0.008699272
0.029166666666666667,0.085306846,0.0043336684
0.02925,0.0352717,0.0139551
0.029333333333333333,0.008360939,0.011626045
0.029416666666666667,0.09399818,0.005104776
0.0295,0.12430725,0.004129439
0.029583333333333333,0.03323693,0.00652815
0.029666666666666668,-0.040545344,0.011113147
0.02975,-0.059452016,0.0039558425
0.029833333333333333,-0.07090595,0.01399658
0.029916666666666668,-0.022381568,0.0109300725
0.03,-0.039907835,0.00282618
0.030083333333333333,-0.08147933,0.004880021
0.030166666666666668,-0.081953935,0.0015663463
0.03025,-0.030619226,0.0009470586
0.030333333333333334,0.01334422,0.0025452198
0.030416666666666668,-0.037424453,0.0026142607
0.0305,-0.07563811,0.0117334165
0.030583333333333334,0.016077671,0.02251988
0.030666666666666665,0.099502124,0.012816037
0.03075,0.005213201,0.0068434887
0.030833333333333334,-0.032785557,0.00021195473
0.030916666666666665,0.037229557,0.0006302083
0.031,0.0037605874,0.003226468
0.031083333333333334,-0.01128848,0.010474329
0.031166666666666665,0.025390051,0.0062567582
0.03125,0.026587082,0.0033571636
0.03133333333333333,0.025950909,0.0009085265
0.03141666666666667,0.09287289,0.0017466649
0.0315,0.11175481,0.00474312
0.03158333333333333,0.06752726,0.012573985
0.03166666666666667,0.04294477,0.017832145
0.03175,-0.0066165724,0.0016880963
0.03183333333333333,-0.018888101,0.0020874578
0.03191666666666667,0.035748165,0.021054886
0.032,0.07220192,0.014662791
0.03208333333333333,-0.06382286,0.0018055442
0.03216666666666667,-0.14722785,0.008295897
0.03225,0.062767565,0.0046577514
0.03233333333333333,0.20768075,0.00029890187
0.03241666666666667,-0.036022823,0.0013015103
0.0325,-0.20363995,0.0045255134
0.03258333333333333,0.04130693,0.016781088
0.03266666666666666,0.14676042,0.016003134
0.03275,-0.08701161,0.004080661
0.03283333333333333,-0.09951115,0.019346684
0.032916666666666664,0.12003741,0.0002485508
0.033,0.13038059,0.0021385034
0.03308333333333333,-0.0743949,0.006567987
0.033166666666666664,-0.14206056,0.0005526141
0.03325,0.07913278,0.022631342
0.03333333333333333,0.13622762,0.01029212
0.033416666666666664,-0.06630219,0.006742106
0.0335,-0.15980875,0.0027940578
0.03358333333333333,-0.010640893,0.0020845975
0.033666666666666664,0.19249178,0.002482595
0.03375,0.09896206,0.014214877
0.03383333333333333,-0.180625,0.0016822938
0.033916666666666664,-0.15492941,0.011876653
0.034,0.15838288,0.009554303
0.034083333333333334,0.11684286,0.01603065
0.034166666666666665,-0.23005538,0.009974808
0.03425,-0.16458416,0.0025926551
0.034333333333333334,0.14838941,0.010085227
0.034416666666666665,0.18909863,0.01651375
0.0345,-0.014747613,0.004341117
0.034583333333333334,-0.07096235,0.002543017
0.034666666666666665,0.041148365,0.012517029
0.03475,-0.0040381276,0.0022594447
0.034833333333333334,-0.053282507,0.0011648393
0.034916666666666665,-0.04373775,0.015134
0.035,-0.06472865,0.0065006856
0.035083333333333334,-0.09152173,0.013418769
0.035166666666666666,-0.031239288,0.010401588
0.03525,0.033701915,0.009075884
0.035333333333333335,-0.024044037,0.004706004
0.035416666666666666,-0.121933036,0.015899882
0.0355,-0.18582089,0.014159793
0.035583333333333335,-0.022080295,0.009350925
0.035666666666666666,0.16165385,0.0054155192
0.03575,-0.03363054,0.013684973
0.035833333333333335,-0.19603735,0.0009690224
0.035916666666666666,0.1096422,0.014523655
0.036,0.31344572,0.0012594227
0.036083333333333335,-0.008358375,0.00898933
0.036166666666666666,-0.21563253,0.0020764873
0.03625,0.09515626,0.005662551
0.036333333333333336,0.25748962,0.0004955252
0.03641666666666667,-0.030147966,0.0033892156
0.0365,-0.12293925,0.00347961
0.036583333333333336,0.13026887,0.017186262
0.03666666666666667,0.121380314,0.007159836
0.03675,-0.11722399,0.00013685462
0.036833333333333336,-0.070148565,0.0041236784
0.03691666666666667,0.035954896,0.0064304937
0.037,-0.07558345,0.017767109
0.037083333333333336,-0.09887034,0.007707947
0.03716666666666667,0.078572266,0.0052064992
0.03725,0.09707894,0.012255552
0.037333333333333336,-0.076806165,0.010076429
0.03741666666666667,-0.007715035,0.003321757
0.0375,0.19881572,0.0010558544
0.03758333333333334,0.11075656,0.011644937
0.03766666666666667,-0.08199738,0.015619409
0.03775,-0.04525057,0.00087244203
0.03783333333333333,0.12805903,0.025415089
0.03791666666666667,0.07555356,0.012705522
0.038,-0.074795604,0.0030705717
0.03808333333333333,0.013141473,0.004302745
0.03816666666666667,0.10088606,0.015938934
0.03825,0.002572989,0.0027774055
0.03833333333333333,-0.054229952,0.005234863
0.03841666666666667,-0.017458804,0.016528945
0.0385,-0.041895892,0.020661676
0.03858333333333333,-0.07095124,0.0033724369
0.03866666666666667,-0.021084918,0.015369024
0.03875,0.05164158,0.013328811
0.03883333333333333,0.009442714,0.0016668286
0.03891666666666667,-0.1238495,0.01846304
0.039,-0.038114525,0.019693429
0.03908333333333333,0.08617239,0.014017652
0.03916666666666667,0.08820067,0.018146293
0.03925,0.04664569,0.016112696
0.03933333333333333,-0.052288346,0.004681482
0.03941666666666667,-0.038151458,0.00071192125
0.0395,0.16416962,0.0024193453
0.03958333333333333,0.15723741,0.009263915
0.03966666666666667,-0.17196551,0.0012972223
0.03975,-0.23553865,0.0016453012
0.03983333333333333,0.10316682,0.013581256
0.03991666666666667,0.15718192,0.01089195
0.04,-0.19307439,0.0028192925
0.04008333333333333,-0.21782407,0.0048283422
0.04016666666666667,0.1711041,0.0056277863
0.04025,0.2615325,0.0015985057
0.04033333333333333,-0.033207487,0.01799001
0.04041666666666666,-0.12586953,0.001424935
0.0405,0.077042624,0.019196179
0.04058333333333333,0.086960696,0.011336749
0.04066666666666666,-0.13782565,0.00049913756
0.04075,-0.14491095,0.009075156
0.04083333333333333,0.07584266,0.009957823
0.040916666666666664,0.048303112,0.016893787
0.041,-0.13800448,0.0023896738
0.04108333333333333,-0.093531854,0.008696508
0.041166666666666664,0.06678961,0.015490909
0.04125,0.030538462,0.016917426
0.04133333333333333,-0.09555317,0.0054960735
0.041416666666666664,-0.07217955,0.016957974
0.0415,0.03721328,0.009086416
0.04158333333333333,0.10779666,0.010705083
0.041666666666666664,0.08726394,0.009512784
0.04175,-0.061946154,0.006783243
0.041833333333333333,-0.15362875,0.012596446
0.041916666666666665,-0.0114995325,0.0047767675
0.042,0.128616,0.0005540837
0.042083333333333334,-0.08827727,0.0031565481
0.042166666666666665,-0.22418396,0.007555727
0.04225,0.06215489,0.01228178
0.042333333333333334,0.23717242,0.00023483692
0.042416666666666665,0.0006545088,0.0007849385
0.0425,-0.16410507,0.007176711
0.042583333333333334,-0.010254252,0.016953217
0.042666666666666665,0.06369717,0.0003404867
0.04275,-0.105187595,0.0014476837
0.042833333333333334,-0.14158647,0.003210332
0.042916666666666665,0.06672452,0.0058920295
0.043,0.119677745,0.0005935896
0.043083333333333335,-0.059511203,0.0049733496
0.043166666666666666,-0.035101153,0.0062110764
0.04325,0.14642864,0.0069651315
0.043333333333333335,0.115242735,0.010051393
0.043416666666666666,-0.080651924,0.0054621007
0.0435,-0.09775731,0.01048071
0.043583333333333335,0.07761504,0.004839932
0.043666666666666666,0.116952,0.004385818
0.04375,-0.09635135,0.0011343785
0.043833333333333335,-0.1567934,0.003294408
0.043916666666666666,0.09997211,0.007327817
0.044,0.21720676,0.0031802305
0.044083333333333335,0.060508553,0.0018131102
0.04416666666666667,-0.14521746,0.0012927938
0.04425,-0.052857712,0.0005912672
0.044333333333333336,0.23963454,0.008973589
0.04441666666666667,0.18620351,0.0017861961
0.0445,-0.114814386,0.0034760302
0.044583333333333336,-0.12721068,0.011015617
0.04466666666666667,0.13069965,0.001420911
0.04475,0.2566119,0.011669153
0.044833333333333336,0.0008658228,0.0029976852
0.04491666666666667,-0.26846787,0.0009098023
0.045,-0.042397056,0.0047022495
0.045083333333333336,0.24129193,0.0037611476
0.04516666666666667,0.078564525,0.009504377
0.04525,-0.2711751,0.0010263835
0.04533333333333334,-0.15422933,0.006735108
0.04541666666666667,0.25510344,0.00051929377
0.0455,0.1084365,0.0023850296
0.04558333333333333,-0.32766753,0.004798667
0.04566666666666667,-0.13719721,0.010937211
0.04575,0.35047883,0.0036707823
0.04583333333333333,0.17610283,0.008351968
0.04591666666666667,-0.22539192,0.00983026
0.046,-0.02823762,0.0013371204
0.04608333333333333,0.29099807,0.0052476428
0.04616666666666667,0.061069693,0.003223241
0.04625,-0.27019867,0.0013555469
0.04633333333333333,-0.09713861,0.0036943362
0.04641666666666667,0.0778072,0.009625922
0.0465,-0.009275457,0.01278464
0.04658333333333333,-0.08936177,0.0014954112
0.04666666666666667,-0.09169441,0.0015913144
0.04675,0.030804664,0.003854732
0.04683333333333333,0.089502834,0.005111248
0.04691666666666667,-0.0076074204,0.0039844722
0.047,-0.09041991,0.0061779553
0.04708333333333333,-0.06145807,0.0093672415
0.04716666666666667,0.01566199,0.0042365408
0.04725,-0.0054279123,0.0036245189
0.04733333333333333,-0.067439854,0.0005880093
0.04741666666666667,-0.003972887,0.0012422624
0.0475,0.18456282,0.005340567
0.04758333333333333,0.11627153,0.0049374113
0.04766666666666667,-0.14401262,0.0076416023
0.04775,-0.07937795,0.0039317077
0.04783333333333333,0.10986337,0.0020216433
0.04791666666666667,-0.004139109,0.010025837
0.048,-0.24972655,0.0037110478
0.04808333333333333,-0.14284854,0.009161944
0.04816666666666667,0.07539987,0.00019097936
0.04825,-0.053510893,0.0052489378
0.04833333333333333,-0.19321539,0.0059178527
0.04841666666666666,0.0026277646,0.005938395
0.0485,0.111541845,0.0071085743
0.04858333333333333,-0.09166266,0.0061363694
0.048666666666666664,-0.008419052,0.0015308872
0.04875,0.31062716,0.0053309803
0.04883333333333333,0.21436548,0.001349641
0.048916666666666664,-0.12187051,0.002562355
0.049,-0.029914329,0.0018686319
0.04908333333333333,0.33055288,0.0016173272
0.049166666666666664,0.13036151,0.00273873
0.04925,-0.3952831,0.0076940516
0.04933333333333333,-0.3306408,0.0004858464
0.049416666666666664,0.24637485,0.0025025804
0.0495,0.337317,0.0018434965
0.04958333333333333,-0.16602902,0.0011167342
0.049666666666666665,-0.34055117,0.0013469557
0.04975,0.123618215,0.0064033438
0.049833333333333334,0.4204947,0.0020948998
0.049916666666666665,-0.031421788,0.0019652063
0.05,-0.48690915,0.00022220369
0.050083333333333334,-0.15037955,0.0011263052
0.050166666666666665,0.31790838,0.0015005255
0.05025,0.104624905,0.002448363
0.050333333333333334,-0.31212068,0.00011136807
0.050416666666666665,-0.15519091,0.0018167146
0.0505,0.24610545,0.004007083
0.050583333333333334,0.1753686,0.0058592265
0.050666666666666665,-0.1839628,0.0066435467
0.05075,-0.20520872,0.00045673733
0.050833333333333335,0.11744067,0.0053186086
0.050916666666666666,0.20779885,0.0046307533
0.051,-0.09946296,0.0029518546
0.051083333333333335,-0.18748409,0.0007576398
0.051166666666666666,0.14955361,0.00043340225
0.05125,0.27706817,0.0048837005
0.051333333333333335,-0.087282754,0.0033159938
0.051416666666666666,-0.3067522,0.0034290417
0.0515,0.021428827,0.004326054
0.051583333333333335,0.28565845,0.0017352406
0.051666666666666666,0.00644397,0.0005088896
0.05175,-0.15461847,0.0014748796
0.051833333333333335,0.22578189,0.0016859408
0.051916666666666667,0.35977474,0.0027642967
0.052,-0.06416302,0.0021390372
0.052083333333333336,-0.20468907,0.002543051
0.05216666666666667,0.08038107,0.0013658326
0.05225,0.1558959,0.0007087793
0.052333333333333336,-0.049922884,0.0041973135
0.05241666666666667,-0.15323162,1.6509972e-05
0.0525,0.008439578,0.0017236386
0.052583333333333336,0.21953957,0.0038322392
0.05266666666666667,0.108191,0.003472607
0.05275,-0.1594027,0.0021148466
0.052833333333333336,-0.1939772,0.0036074466
0.05291666666666667,0.05186018,0.0005279663
0.053,0.21402386,0.007947044
0.05308333333333334,-0.07244804,5.8551173e-05
0.05316666666666667,-0.31617317,0.005456212
0.05325,-0.019957487,0.00852056
0.05333333333333334,0.2801509,0.0047883857
0.05341666666666667,0.015177679,0.0011027793
0.0535,-0.3332113,0.0006065797
0.05358333333333333,-0.12392729,0.00052443595
0.05366666666666667,0.26951998,0.002663181
0.05375,0.11213239,0.004154974
0.05383333333333333,-0.2142532,0.004692221
0.05391666666666667,0.0024438242,0.0030060026
0.054,0.32526073,0.0047994303
0.05408333333333333,0.13176632,0.0056899497
0.05416666666666667,-0.17590635,0.006386652
0.05425,-0.07491801,0.004269732
0.05433333333333333,0.10735954,0.0019225891
0.05441666666666667,-0.043751705,0.0054507777
0.0545,-0.14348279,0.008304532
0.05458333333333333,0.0084416475,0.00570198
0.05466666666666667,0.08587854,0.008390636
0.05475,-0.026007596,0.010117317
0.05483333333333333,-0.08144689,0.0029325276
0.05491666666666667,-0.022059528,0.0024012434
0.055,-0.027350612,0.0044840067
0.05508333333333333,-0.13398649,0.005117331
0.05516666666666667,-0.13188112,0.0038135112
0.05525,0.013398697,0.003191146
0.05533333333333333,0.10168273,0.0068266694
0.05541666666666667,0.049898792,0.009845153
0.0555,-0.07089111,0.0031726558
0.05558333333333333,-0.045712985,0.00066104525
0.05566666666666667,0.09846563,0.0018047228
0.05575,0.0542029,0.0076949233
0.05583333333333333,-0.14485796,0.003945806
0.05591666666666667,-0.22315706,0.0055932933
0.056,0.04785551,0.004100546
0.05608333333333333,0.18001555,0.008195894
0.05616666666666666,-0.06915016,2.9915724e-05
0.05625,-0.21860068,0.0020169658
0.05633333333333333,0.0051181167,0.0018112949
0.056416666666666664,0.10449679,0.010159413
0.0565,-0.096223526,0.0078120735
0.05658333333333333,-0.10476316,0.01166041
0.056666666666666664,0.09078894,0.00867719
0.05675,0.112150215,0.004193192
0.05683333333333333,0.028508034,0.0056322827
0.056916666666666664,0.123640224,0.004440699
0.057,0.14459847,0.0007416353
0.05708333333333333,-0.043139275,0.011181865
0.057166666666666664,-0.09216764,0.0073913834
0.05725,0.048640415,0.005102527
0.05733333333333333,0.07666714,0.0049660644
0.057416666666666664,-0.035927642,0.004950364
0.0575,-0.04727423,0.003828059
0.057583333333333334,0.06374053,0.00084396586
0.057666666666666665,0.17574039,0.009206824
0.05775,0.06337648,0.006758757
0.057833333333333334,-0.12355514,0.003914497
0.057916666666666665,-0.13660116,0.0065549277
0.058,0.01389706,0.0031220017
0.058083333333333334,0.096336074,0.019779814
0.058166666666666665,0.017149832,0.008872773
0.05825,0.0013248578,0.0021373616
0.058333333333333334,0.12810169,0.002894534
0.058416666666666665,0.25083864,0.0065172226
0.0585,0.09041593,0.0066446676
0.058583333333333334,-0.12447373,0.0039636986
0.058666666666666666,-0.11452972,0.0027512081
0.05875,0.04009957,0.012495494
0.058833333333333335,0.02303857,0.008215782
0.058916666666666666,-0.18784869,0.014027495
0.059,-0.12501848,0.013025816
0.059083333333333335,0.15886945,0.015603832
0.059166666666666666,0.18698637,0.0068502794
0.05925,-0.14076985,0.009937426
0.059333333333333335,-0.18229116,0.0027110553
0.059416666666666666,0.17373614,0.0044009136
0.0595,0.16769691,0.0069270763
0.059583333333333335,-0.1060752,0.005981302
0.059666666666666666,-0.067274205,0.0026517326
0.05975,0.18272817,0.0012760768
0.059833333333333336,0.19776663,0.018164486
0.05991666666666667,-0.019348348,0.0010949643
0.06,-0.13807704,0.00324743
0.060083333333333336,-0.119723305,0.008939069
0.06016666666666667,-0.013300533,0.005333488
0.06025,0.016324228,0.012581775
0.060333333333333336,-0.088189,0.011437538
0.06041666666666667,-0.13890933,0.001961748
0.0605,-0.026405813,0.0030920957
0.060583333333333336,0.1359281,0.00035838192
0.06066666666666667,0.05716973,0.0023760041
0.06075,-0.12252326,0.00876023
0.060833333333333336,-0.16869956,0.002866117
0.06091666666666667,-0.05640105,0.0043134484
0.061,0.11704613,0.0006104816
0.06108333333333334,0.003339077,0.005895685
0.06116666666666667,-0.15980993,5.9177393e-05
0.06125,0.02378024,0.01508924
0.06133333333333333,0.15852882,0.00055443833
0.06141666666666667,-0.017051315,2.5727193e-05
0.0615,-0.12717852,0.0079933945
0.06158333333333333,-0.011223495,0.000966505
0.06166666666666667,0.020343464,0.0087584155
0.06175,-0.113675594,0.0026681232
0.06183333333333333,-0.08472361,0.00081367634
0.06191666666666667,0.12354234,0.011540548
0.062,0.056206886,0.00032758294
0.06208333333333333,-0.106573954,0.0004121853
0.06216666666666667,0.03590709,0.0030715265
0.06225,0.15877925,0.0028892576
0.06233333333333333,0.01984601,0.0039743804
0.06241666666666667,-0.014524678,0.0074123493
0.0625,0.06981925,0.007831147
0.06258333333333334,0.12260469,0.012532614
0.06266666666666666,0.15942672,0.0077691204
0.06275,0.060784202,0.0019075803
0.06283333333333334,-0.07988822,0.0074259606
0.06291666666666666,-0.09945611,0.012220741
0.063,-0.027235078,0.0052148234
0.06308333333333334,-0.05529823,0.012549453
0.06316666666666666,-0.2143232,0.000951122
0.06325,-0.09600435,0.010241747
0.06333333333333334,0.1436003,0.0011972032
0.06341666666666666,0.024278006,0.007748673
0.0635,-0.1880479,0.009518122
0.06358333333333334,-0.037594907,0.007570824
0.06366666666666666,0.18901123,0.0012115473
0.06375,0.032834657,0.0015720968
0.06383333333333334,-0.21778236,0.0062483456
0.06391666666666666,-0.004403228,0.010737048
0.064,0.26690608,0.004773391
0.06408333333333334,0.101695746,0.014113258
0.06416666666666666,-0.03399574,0.0017081235
0.06425,0.017207451,0.0011895159
0.06433333333333334,-0.022829672,0.005277191
0.06441666666666666,-0.05409072,0.0055889734
0.0645,-0.016280688,0.007558687
0.06458333333333334,0.006635417,0.0027413361
0.06466666666666666,-0.07643552,0.0016948577
0.06475,-0.08378151,0.0058301445
0.06483333333333334,0.16071947,0.0021538956
0.06491666666666666,0.16547698,0.00014180585
0.065,-0.1384884,0.012241493
0.06508333333333334,-0.10532706,6.6308574e-05
0.06516666666666666,0.19850415,0.0056705805
0.06525,0.17276196,0.015109568
0.06533333333333333,-0.06477305,0.003504533
0.06541666666666666,-0.084656894,0.0056681186
0.0655,0.13369735,0.009234957
0.06558333333333333,0.24269655,0.0074742697
0.06566666666666666,0.052054983,0.008783678
0.06575,-0.11274189,0.0028457036
0.06583333333333333,-0.13167286,0.0033576032
0.06591666666666667,-0.052549906,0.0070894314
0.066,0.049412727,0.0008690626
0.06608333333333333,-0.010489499,4.2203053e-05
0.06616666666666667,-0.14622721,0.010743177
0.06625,-0.08255074,0.0022059302
0.06633333333333333,0.11490753,0.0023054925
0.06641666666666667,0.0899831,0.0057486086
0.0665,-0.088111766,0.0005449614
0.06658333333333333,-0.13201547,0.00059241
0.06666666666666667,0.025990283,0.0048711943
0.06675,0.104230665,0.009122847
0.06683333333333333,0.041415032,0.0007253821
0.06691666666666667,-0.062519394,0.0021295792
0.067,-0.053075377,0.009378154
0.06708333333333333,0.14407432,0.002522182
0.06716666666666667,0.10991457,0.0026958215
0.06725,-0.14852782,0.0010039196
0.06733333333333333,-0.15755709,0.0059416345
0.06741666666666667,0.039563365,0.006877592
0.0675,0.034871235,0.012087246
0.06758333333333333,-0.21908808,0.0011880278
0.06766666666666667,-0.112181716,0.0061681774
0.06775,0.20487867,0.00082893355
0.06783333333333333,0.05929616,0.0072315875
0.06791666666666667,-0.21420139,0.005109386
0.068,-0.009277691,0.0022675502
0.06808333333333333,0.21391876,0.003214473
0.06816666666666667,0.02057355,0.003130978
0.06825,-0.11958231,0.007609844
0.06833333333333333,-0.004696098,0.007120998
0.06841666666666667,0.12202173,0.0067961216
0.0685,0.115654245,0.0042885924
0.06858333333333333,-0.05304043,0.000893298
0.06866666666666667,-0.19722767,0.0010029187
0.06875,-0.08221593,0.0045856074
0.06883333333333333,0.13904946,0.0063020554
0.06891666666666667,-0.043582186,0.0057248683
0.069,-0.3031372,0.01169815
0.06908333333333333,-0.025997417,0.00038439603
0.06916666666666667,0.32831907,0.0061919843
0.06925,0.049221743,0.0064194174
0.06933333333333333,-0.32945222,0.0029963423
0.06941666666666667,-0.024459748,0.004734834
0.0695,0.41454148,0.0065274737
0.06958333333333333,0.0752911,0.0029548632
0.06966666666666667,-0.35064414,3.1424435e-05
0.06975,-0.0018620773,0.0040931273
0.06983333333333333,0.4049184,0.0053228876
0.06991666666666667,0.14709881,0.000777652
0.07,-0.26010233,0.002870016
0.07008333333333333,-0.11150321,0.0029881243
0.07016666666666667,0.28509486,0.0030436644
0.07025,0.15101138,0.0043788683
0.07033333333333333,-0.26574445,0.0020839167
0.07041666666666667,-0.19406553,0.0002509962
0.0705,0.23714642,0.0020152263
0.07058333333333333,0.26732543,0.001806721
0.07066666666666667,-0.13299483,0.0016376044
0.07075,-0.25334507,0.005584757
0.07083333333333333,0.10603515,0.006245356
0.07091666666666667,0.24029115,0.001976261
0.071,-0.1521241,0.0011897306
0.07108333333333333,-0.27973956,0.0018425159
0.07116666666666667,0.10165753,0.0002319224
0.07125,0.36095172,0.004738557
0.07133333333333333,-0.012982779,0.0005807441
0.07141666666666667,-0.3084227,0.0043799393
0.0715,0.14961997,0.007272639
0.07158333333333333,0.3774335,0.0006876948
0.07166666666666667,-0.15329497,0.003420475
0.07175,-0.39535287,0.0002336352
0.07183333333333333,0.12727106,9.369131e-05
0.07191666666666667,0.35021633,0.0017992344
0.072,-0.12609525,0.0032383015
0.07208333333333333,-0.30496615,0.0020769709
0.07216666666666667,0.111042894,0.007613829
0.07225,0.27371836,0.0014954013
0.07233333333333333,-0.10030365,1.9543517e-05
0.07241666666666667,-0.2537467,0.002434505
0.0725,0.03540655,0.00053615926
0.07258333333333333,0.21002427,0.0004921642
0.07266666666666667,-0.025145063,0.0025128857
0.07275,-0.24006294,0.0041644154
0.07283333333333333,-0.017998328,0.0002486816
0.07291666666666667,0.19999057,0.00086468353
0.073,-0.043944098,0.00034812823
0.07308333333333333,-0.33090252,0.001013768
0.07316666666666667,-0.056327183,0.0005008521
0.07325,0.2687154,0.0046971403
0.07333333333333333,-0.011389206,0.00243054
0.07341666666666667,-0.29570892,0.0018732677
0.0735,0.061374478,0.0010786989
0.07358333333333333,0.30508262,0.002049742
0.07366666666666667,-0.0449209,0.0008763183
0.07375,-0.23697558,0.0012513782
0.07383333333333333,0.005524586,0.0034548277
0.07391666666666667,0.14830473,0.0033162925
0.074,-0.017694356,0.0003634367
0.07408333333333333,-0.13438882,0.002421687
0.07416666666666667,-0.0039399937,0.0067370315
0.07425,0.10856262,0.0039598807
0.07433333333333333,-0.003653711,0.007966398
0.07441666666666667,-0.11942981,0.0026364052
0.0745,-0.032990374,0.0072356234
0.07458333333333333,0.07189828,0.004740152
0.07466666666666667,0.064990535,0.00087019167
0.07475,-0.059033584,0.0023783476
0.07483333333333334,-0.11049021,0.00030858134
0.07491666666666667,0.10937874,0.0039721853
0.075,0.27646253,0.002733448
0.07508333333333334,0.016440583,0.002377859
0.07516666666666667,-0.23474297,0.003397765
0.07525,0.07057447,0.0059642997
0.07533333333333334,0.32288635,0.006470611
0.07541666666666667,-0.054993495,0.00018450667
0.0755,-0.40778688,0.008131935
0.07558333333333334,-0.04886312,0.0018167438
0.07566666666666666,0.37654898,0.007108128
0.07575,0.055562306,0.0030515904
0.07583333333333334,-0.40421477,0.00090622937
0.07591666666666666,-0.14620717,0.0063484856
0.076,0.2911536,0.0014061014
0.07608333333333334,0.10212703,0.001104977
0.07616666666666666,-0.25799224,0.00097357295
0.07625,-0.14042598,0.003980125
0.07633333333333334,0.17724222,0.0017138661
0.07641666666666666,0.21367908,0.004490119
0.0765,-0.018468125,0.00039261935
0.07658333333333334,-0.12482758,0.003710917
0.07666666666666666,0.03251233,0.0011593424
0.07675,0.16188885,0.0112201115
0.07683333333333334,0.030244242,0.0015583772
0.07691666666666666,-0.1319007,0.0037021842
0.077,-0.04707613,0.000956871
0.07708333333333334,0.14779533,0.0013926728
0.07716666666666666,0.063375495,0.0026283932
0.07725,-0.17358853,0.0041261124
0.07733333333333334,-0.12857503,0.0022826965
0.07741666666666666,0.09640919,0.012080485
0.0775,0.014617936,0.0047792187
0.07758333333333334,-0.18436038,0.0052960897
0.07766666666666666,-0.011831026,0.0037216998
0.07775,0.27342752,0.0046675866
0.07783333333333334,0.12040242,0.011006987
0.07791666666666666,-0.12215564,0.0018401365
0.078,0.10247882,0.0020123569
0.07808333333333334,0.30749297,0.0003616623
0.07816666666666666,-0.006669215,0.00015735839
0.07825,-0.24697903,0.0034748237
0.07833333333333334,0.03385671,0.009314329
0.07841666666666666,0.2276153,0.005862347
0.0785,-0.07995391,0.012352479
0.07858333333333334,-0.22982267,0.0030222766
0.07866666666666666,0.041258812,0.0056131547
0.07875,0.11991779,0.005402867
0.07883333333333334,-0.025302328,0.00060221995
0.07891666666666666,-0.07734716,0.008060939
0.079,-0.111512825,0.009910302
0.07908333333333334,0.0036026675,0.00026371022
0.07916666666666666,0.20392409,0.009568364
0.07925,0.09553991,0.005974085
0.07933333333333334,-0.20085227,0.0060264915
0.07941666666666666,-0.14768705,0.011663643
0.0795,0.19746174,0.0001930947
0.07958333333333334,0.16983983,0.003395767
0.07966666666666666,-0.2729029,0.003073211
0.07975,-0.2673009,0.010992862
0.07983333333333334,0.22833253,0.0041957563
0.07991666666666666,0.30231696,0.017086476
0.08,-0.11399696,0.0065942393
0.08008333333333334,-0.3085841,0.0038908708
0.08016666666666666,-0.014301579,0.0043275435
0.08025,0.24461138,0.0019137535
0.08033333333333334,0.011629092,0.0010475192
0.08041666666666666,-0.2929434,0.0015782826
0.0805,-0.19873054,0.018713146
0.08058333333333334,0.11590305,0.0022820272
0.08066666666666666,0.18964106,0.0011837807
0.08075,-0.0060031936,0.001963216
0.08083333333333333,-0.11308474,0.0033020505
0.08091666666666666,-0.042144172,0.0015644047
0.081,0.14613532,0.00702843
0.08108333333333333,0.20373663,0.0006989227
0.08116666666666666,-0.02965398,0.008157073
0.08125,-0.22449063,0.0061704637
0.08133333333333333,-0.05298164,0.0014037376
0.08141666666666666,0.23170064,0.004312412
0.0815,0.12191172,0.0013557767
0.08158333333333333,-0.24103531,0.0005578298
0.08166666666666667,-0.27045915,0.0011715101
0.08175,0.10146041,0.015322179
0.08183333333333333,0.23490413,0.009389665
0.08191666666666667,-0.049677003,0.0028921
0.082,-0.17686196,0.00033912426
0.08208333333333333,0.07549974,0.0054460787
0.08216666666666667,0.260695,0.0035868296
0.08225,0.053963497,0.0015277748
0.08233333333333333,-0.18650694,0.014679608
0.08241666666666667,-0.16067232,0.0069970265
0.0825,0.014233319,0.009838597
0.08258333333333333,0.052420102,0.013687302
0.08266666666666667,-0.13582139,0.0046647927
0.08275,-0.2124165,0.0028638951
0.08283333333333333,0.013533702,0.0055248337
0.08291666666666667,0.26969823,0.0063900677
0.083,0.15789817,0.0010615136
0.08308333333333333,-0.17303927,0.0029899043
0.08316666666666667,-0.09656539,0.0047391863
0.08325,0.2158568,0.011973708
0.08333333333333333,0.1175001,0.001297364
0.08341666666666667,-0.20205444,0.0020574126
0.0835,-0.11275485,0.0017183571
0.08358333333333333,0.18533105,0.0021184778
0.08366666666666667,0.17725478,0.0022376499
0.08375,-0.03093092,0.00045350078
0.08383333333333333,-0.15058191,0.0051365183
0.08391666666666667,-0.045482296,0.0021581533
0.084,0.037270717,0.002305842
0.08408333333333333,-0.018957887,0.0029859678
0.08416666666666667,-0.056903042,0.0038710155
0.08425,-0.058814414,0.0017573588
0.08433333333333333,0.031228421,0.009002168
0.08441666666666667,0.13703412,0.0010269235
0.0845,0.08307506,0.0030625926
0.08458333333333333,-0.08437211,0.00610964
0.08466666666666667,-0.09361049,0.0037399821
0.08475,0.072881445,0.0032425637
0.08483333333333333,0.11478167,0.0012968116
0.08491666666666667,0.045723695,0.0016528106
0.085,-0.0019880314,0.005055344
0.08508333333333333,0.031238943,0.004070078
0.08516666666666667,0.11281675,0.005561516
0.08525,0.1836375,0.0019780002
0.08533333333333333,0.0057235835,0.004656755
0.08541666666666667,-0.31769285,0.0011543422
0.0855,-0.174656,0.0032796876
0.08558333333333333,0.23132242,0.00014846779
0.08566666666666667,0.116586186,0.004203294
0.08575,-0.2676281,0.0033525913
0.08583333333333333,-0.10749008,0.0012116357
0.08591666666666667,0.32569402,0.0075358897
0.086,0.26224577,0.0006249843
0.08608333333333333,-0.16546558,0.0007250971
0.08616666666666667,-0.22777677,0.002998922
0.08625,0.12168579,0.0019799974
0.08633333333333333,0.27038744,0.003885799
0.08641666666666667,0.010409854,0.0015009822
0.0865,-0.18844815,0.0029761288
0.08658333333333333,0.017836321,0.00068235985
0.08666666666666667,0.1853859,3.8868642e-05
0.08675,-0.04760667,0.0016628752
0.08683333333333333,-0.3084568,0.0044831024
0.08691666666666667,-0.14811863,0.0014944028
0.087,0.068384595,0.00070862274
0.08708333333333333,-0.014288415,0.0010750068
0.08716666666666667,-0.12207784,0.001882556
0.08725,0.010209538,0.0009598194
0.08733333333333333,0.12799922,0.0007034634
0.08741666666666667,-0.004934699,0.0005815878
0.0875,-0.036954053,0.0010657324
0.08758333333333333,0.041282736,0.0018452763
0.08766666666666667,-0.02239762,0.0040472713
0.08775,-0.019882858,0.00045489182
0.08783333333333333,0.10962037,0.001276711
0.08791666666666667,0.080919206,0.0008213571
0.088,-0.031828213,0.00025519266
0.08808333333333333,0.006178769,0.0010399219
0.08816666666666667,0.03550679,0.0006232801
0.08825,-0.12138623,0.0024917205
0.08833333333333333,-0.16321297,0.0035353634
0.08841666666666667,0.018098917,0.0034019793
0.0885,0.033164244,0.0033620808
0.08858333333333333,-0.16362041,0.0020371052
0.08866666666666667,-0.070531756,0.00278597
0.08875,0.21820912,0.0010642613
0.08883333333333333,0.071989596,0.0033324847
0.08891666666666667,-0.24467865,0.0017393223
0.089,-0.09092143,0.00020260585
0.08908333333333333,0.18579213,0.00034957626
0.08916666666666667,0.016850077,0.007364986
0.08925,-0.20212837,0.0012127112
0.08933333333333333,-0.04518028,0.0008151286
0.08941666666666667,0.31013167,0.004076968
0.0895,0.23711811,0.0019051937
0.08958333333333333,-0.26998273,0.0056774835
0.08966666666666667,-0.24994503,0.0027010764
0.08975,0.24010158,0.0020057375
0.08983333333333333,0.20213567,0.0016999854
0.08991666666666667,-0.32501572,0.0025368845
0.09,-0.2911894,0.0017854917
0.09008333333333333,0.2771772,0.006486567
0.09016666666666667,0.32225472,0.0067270333
0.09025,-0.19027628,0.006265274
0.09033333333333333,-0.28547347,0.0026010023
0.09041666666666667,0.20977616,0.004683081
0.0905,0.34803945,0.0042347047
0.09058333333333334,-0.16455927,0.0035205435
0.09066666666666667,-0.3862541,0.0028980207
0.09075,0.1806215,0.0022706294
0.09083333333333334,0.54723585,0.008210102
0.09091666666666667,-0.037559275,0.002772634
0.091,-0.48572293,0.0010585116
0.09108333333333334,0.111724496,0.0011852519
0.09116666666666666,0.47776076,0.009532751
0.09125,-0.1555685,0.008248881
0.09133333333333334,-0.5109746,0.006103232
0.09141666666666666,0.105160445,0.0006379619
0.0915,0.5092518,0.0012277846
0.09158333333333334,0.023681859,0.0033291045
0.09166666666666666,-0.3090044,0.0010692847
0.09175,0.05059958,0.00459748
0.09183333333333334,0.28519097,0.0028996647
0.09191666666666666,0.019710671,0.0043496587
0.092,-0.26429698,0.0006740887
0.09208333333333334,-0.20489706,0.0016240317
0.09216666666666666,0.10433849,0.0041743517
0.09225,0.23921622,0.004229783
0.09233333333333334,-0.07322583,0.0016021157
0.09241666666666666,-0.27249655,0.003727499
0.0925,0.05267154,0.0032521503
0.09258333333333334,0.26301742,0.00016696409
0.09266666666666666,-0.052810136,0.001570727
0.09275,-0.27967668,0.00047664324
0.09283333333333334,0.042324472,0.0023338918
0.09291666666666666,0.30911896,0.0003076976
0.093,0.10579634,0.0014457571
0.09308333333333334,-0.0479169,3.656422e-07
0.09316666666666666,0.039288394,0.0066926507
0.09325,0.04929611,0.00038839589
0.09333333333333334,-0.032251462,0.0017057456
0.09341666666666666,-0.01018565,0.004148706
0.0935,-0.11334237,0.0017114091
0.09358333333333334,-0.23354162,0.0018614786
0.09366666666666666,-0.03879119,0.0020139602
0.09375,0.18147159,0.0046144756
0.09383333333333334,0.022882938,0.00601037
0.09391666666666666,-0.16276701,0.0054658027
0.094,-0.022813622,0.0029979555
0.09408333333333334,0.047472436,0.0027218827
0.09416666666666666,-0.09118622,0.0014273945
0.09425,-0.056226894,0.0023670096
0.09433333333333334,0.00942848,0.00022667384
0.09441666666666666,-0.03310766,0.005389477
0.0945,0.043733295,0.005359758
0.09458333333333334,0.20889832,0.008372629
0.09466666666666666,0.023065828,0.0071967556
0.09475,-0.25144166,0.011291695
0.09483333333333334,-0.02150513,0.007295716
0.09491666666666666,0.24508455,0.0084404
0.095,-0.03515059,0.0007439678
0.09508333333333334,-0.32277545,0.0057748533
0.09516666666666666,-0.07964056,0.007304538
0.09525,0.22875977,0.004139464
0.09533333333333334,0.05259971,0.0047550867
0.09541666666666666,-0.21673787,0.0019861902
0.0955,-0.0843954,0.00022488105
0.09558333333333334,0.10112196,0.0074754655
0.09566666666666666,0.07400535,0.0035061236
0.09575,0.07025316,0.0028485241
0.09583333333333334,0.015034391,0.003862947
0.09591666666666666,0.01773057,0.011325253
0.096,0.23154911,0.004557745
0.09608333333333334,0.21937773,0.000713934
0.09616666666666666,-0.10512767,0.0075303414
0.09625,-0.16558011,0.006613765
0.09633333333333334,0.05682109,0.0007812478
0.09641666666666666,0.07214902,0.004081036
0.0965,-0.124743015,0.007118626
0.09658333333333333,-0.109911285,0.0077781496
0.09666666666666666,0.08963515,0.011407953
0.09675,0.045502443,0.0061602267
0.09683333333333333,-0.08811504,0.011885619
0.09691666666666666,0.026801556,0.0007891588
0.097,0.15877141,0.000120771736
0.09708333333333333,-0.002928629,0.0061687757
0.09716666666666667,-0.13569865,0.0011308726
0.09725,0.12610985,0.007981211
0.09733333333333333,0.30092,0.0041834353
0.09741666666666667,0.02364867,0.0011930763
0.0975,-0.19795382,0.0022820963
0.09758333333333333,-0.011702352,0.0037260759
0.09766666666666667,0.14500251,0.008992569
0.09775,-0.053921826,0.0005107732
0.09783333333333333,-0.22694659,0.00083398266
0.09791666666666667,-0.0979218,0.012906098
0.098,0.06814152,0.0036710505
0.09808333333333333,0.082223356,0.012091078
0.09816666666666667,-0.0477517,0.00097079756
0.09825,-0.20138045,0.0042546713
0.09833333333333333,-0.056979503,0.0009953732
0.09841666666666667,0.2190223,0.0036195803
0.0985,0.0450676,0.009351757
0.09858333333333333,-0.29559252,0.0014649519
0.09866666666666667,-0.028897744,0.005095112
0.09875,0.42323688,0.0024174561
0.09883333333333333,0.18463245,0.0011762634
0.09891666666666667,-0.25140864,0.0016930569
0.099,-0.03311214,0.00011546081
0.09908333333333333,0.35879618,0.011907586
0.09916666666666667,0.091295995,0.015066697
0.09925,-0.341159,0.008153029
0.09933333333333333,-0.14542829,0.006892566
0.09941666666666667,0.1627253,0.003404149
0.0995,0.01344916,0.003151912
0.09958333333333333,-0.2249795,0.0007016239
0.09966666666666667,-0.20272037,0.00027171025
0.09975,-0.02028185,0.0062958575
0.09983333333333333,0.011201652,0.020379761
0.09991666666666667,-0.09621661,0.004862673
0.1,-0.14878877,0.0030528458
0.10008333333333333,-0.061668996,0.0064253965
0.10016666666666667,0.102461204,9.189208e-05
0.10025,0.10861695,0.0027768111
0.10033333333333333,0.018874066,0.0025767046
0.10041666666666667,-0.012373647,0.0065856483
0.1005,-0.027193433,0.014347811
0.10058333333333333,-0.03234401,0.003903993
0.10066666666666667,0.044925593,0.0036825999
0.10075,0.047447193,0.0028059713
0.10083333333333333,-0.08794399,0.0010137329
0.10091666666666667,-0.068460226,0.0024254387
0.101,0.115343094,0.0004914299
0.10108333333333333,0.20530576,0.011651614
0.10116666666666667,0.03318885,0.0060332366
0.10125,-0.11601218,0.0049172975
0.10133333333333333,0.08783701,0.005688971
0.10141666666666667,0.21890172,0.004119021
0.1015,0.02258546,0.008836077
0.10158333333333333,-0.20125261,0.00958283
0.10166666666666667,-0.10869965,0.0049687726
0.10175,0.1673261,0.0045935623
0.10183333333333333,0.18336707,0.006995367
0.10191666666666667,-0.051976096,0.0073683066
0.102,-0.16574396,0.0005689089
0.10208333333333333,-0.0030796404,0.009334392
0.10216666666666667,0.1680776,0.005134456
0.10225,0.034336694,0.0054261903
0.10233333333333333,-0.19666353,0.0075371657
0.10241666666666667,-0.07278997,0.0050561936
0.1025,0.20327225,0.0124999415
0.10258333333333333,0.12178785,0.0049442914
0.10266666666666667,-0.15814002,0.007614143
0.10275,-0.10416504,0.010772857
0.10283333333333333,0.17882536,0.0027379212
0.10291666666666667,0.128239,0.012024032
0.103,-0.11459556,0.0024566124
0.10308333333333333,-0.043565027,0.008771846
0.10316666666666667,0.14287825,0.0046983156
0.10325,0.07091161,0.0024536457
0.10333333333333333,-0.10254605,0.011828247
0.10341666666666667,-0.033964653,0.0011301159
0.1035,0.10395554,0.0012680098
0.10358333333333333,0.002504991,0.00701703
0.10366666666666667,-0.116653845,0.0044261217
0.10375,-0.025479918,0.0033727454
0.10383333333333333,0.11257292,0.0029749775
0.10391666666666667,0.0945959,0.014569142
0.104,0.013603768,0.0024606937
0.10408333333333333,0.0115646375,0.006999838
0.10416666666666667,0.12457699,0.0052341158
0.10425,0.09358974,0.0005360137
0.10433333333333333,-0.1297083,0.010293234
0.10441666666666667,-0.12283737,0.0016549088
0.1045,0.08670042,0.008313235
0.10458333333333333,0.0972584,0.008533008
0.10466666666666667,-0.12303907,0.0028844706
0.10475,-0.17104495,0.011581662
0.10483333333333333,0.03373108,0.0019172464
0.10491666666666667,0.04914808,0.0026128206
0.105,-0.2215006,0.0049694525
0.10508333333333333,-0.2111537,0.0036311673
0.10516666666666667,0.101987,0.0074067614
0.10525,0.12323329,0.016456285
0.10533333333333333,-0.12480643,0.0021305904
0.10541666666666667,-0.10944986,0.009764171
0.1055,0.08921663,0.0073782387
0.10558333333333333,0.15159866,0.0018879616
0.10566666666666667,0.03531759,0.0026659977
0.10575,-0.0604212,0.0020547064
0.10583333333333333,-0.009069227,0.00424024
0.10591666666666667,0.0924537,0.0077739945
0.106,0.039391574,0.0047678384
0.10608333333333334,-0.10685345,0.0035990716
0.10616666666666667,-0.05510008,0.0013433456
0.10625,0.0073899836,0.0075021144
0.10633333333333334,-0.10535325,0.0112987
0.10641666666666667,-0.09992666,0.004580519
0.1065,0.020114569,0.0059482064
0.10658333333333334,-0.017727738,0.018166566
0.10666666666666667,-0.10086249,0.005089732
0.10675,0.074137956,0.0146852
0.10683333333333334,0.1686724,0.005432345
0.10691666666666666,-0.02019081,0.0005577363
0.107,-0.108712174,0.00493548
0.10708333333333334,0.07044067,0.000116742194
0.10716666666666666,0.11892614,0.010234806
0.10725,-0.09684983,0.0031709215
0.10733333333333334,-0.056315005,0.010346519
0.10741666666666666,0.16304493,0.00962751
0.1075,0.09117921,0.0025183477
0.10758333333333334,-0.11112585,0.008118691
0.10766666666666666,-0.034312353,0.015915811
0.10775,0.14575316,0.008727263
0.10783333333333334,-0.007975367,0.0067972336
0.10791666666666666,-0.18888259,0.0059516868
0.108,-0.06868431,0.007584876
0.10808333333333334,0.084162526,0.015630309
0.10816666666666666,0.006652754,0.0010852619
0.10825,-0.10287735,0.0114695355
0.10833333333333334,-0.0041122236,0.0035240774
0.10841666666666666,0.050624125,0.014187597
0.1085,-0.0019342289,0.0070431028
0.10858333333333334,-0.0397348,0.0064737685
0.10866666666666666,0.0118812,0.0009408492
0.10875,0.08885367,0.013953722
0.10883333333333334,0.08338619,0.0011512293
0.10891666666666666,0.044026323,0.01494355
0.109,-0.0022893304,0.003905787
0.10908333333333334,0.052466445,0.0012473862
0.10916666666666666,0.06312307,0.0056771366
0.10925,-0.023926286,0.0011922179
0.10933333333333334,-0.07396299,0.015935395
0.10941666666666666,0.011004853,0.0029059101
0.1095,0.11716091,0.0022030238
0.10958333333333334,0.027695725,0.0046309633
0.10966666666666666,-0.0978776,0.0066437153
0.10975,0.05534237,0.0042551816
0.10983333333333334,0.23460591,0.011165709
0.10991666666666666,0.015421365,0.0012972434
0.11,-0.1825899,0.014950018
0.11008333333333334,0.058349576,0.0075066327
0.11016666666666666,0.19272687,0.009412668
0.11025,-0.0855783,0.0015928198
0.11033333333333334,-0.20947617,0.008185808
0.11041666666666666,0.096380495,0.0010024491
0.1105,0.17942196,0.021167556
0.11058333333333334,-0.15891893,0.0019558738
0.11066666666666666,-0.21410277,0.0073227417
0.11075,0.055193514,0.017645156
0.11083333333333334,0.09972082,0.003934267
0.11091666666666666,-0.052951045,0.009826404
0.111,-0.069021545,0.016457777
0.11108333333333334,0.03623466,0.008887484
0.11116666666666666,0.11126709,0.016130889
0.11125,0.0671872,0.0021299282
0.11133333333333334,-0.123657785,0.0040235743
0.11141666666666666,-0.17480804,0.005104637
0.1115,0.15420596,0.00852427
0.11158333333333334,0.30203894,0.009855037
0.11166666666666666,-0.1335599,0.007011872
0.11175,-0.41461217,0.003037817
0.11183333333333334,0.07857617,0.0035164915
0.11191666666666666,0.4958314,0.016200762
0.112,-0.022655793,0.0011469198
0.11208333333333333,-0.60805225,0.0026869306
0.11216666666666666,-0.15971602,0.0037078983
0.11225,0.55148625,0.00021446164
0.11233333333333333,0.2006323,0.0015433456
0.11241666666666666,-0.51400924,0.0031269502
0.1125,-0.2790639,0.01595502
0.11258333333333333,0.41104186,0.00018461357
0.11266666666666666,0.36762056,0.003061479
0.11275,-0.28708687,0.0051704845
0.11283333333333333,-0.38673693,0.008162747
0.11291666666666667,0.1210884,0.0017336666
0.113,0.3118331,0.0024534254
0.11308333333333333,-0.027998548,0.004391883
0.11316666666666667,-0.27725932,0.0037881245
0.11325,-0.14223605,0.007962395
0.11333333333333333,0.11145457,0.0015246487
0.11341666666666667,0.17104013,0.004344705
0.1135,-0.072075546,0.008923356
0.11358333333333333,-0.25139722,0.0015948948
0.11366666666666667,-0.08993039,0.004116248
0.11375,0.18470563,0.00823551
0.11383333333333333,0.2049872,0.0045478786
0.11391666666666667,-0.047710437,0.0047201742
0.114,-0.11470035,0.008056719
0.11408333333333333,0.15105093,0.013714578
0.11416666666666667,0.20800863,0.0007534902
0.11425,-0.07063337,0.0017314738
0.11433333333333333,-0.16515398,0.008746956
0.11441666666666667,-0.02941272,0.0118691595
0.1145,0.016323201,0.004113509
0.11458333333333333,0.011023734,0.005385278
0.11466666666666667,0.005810078,0.00546669
0.11475,-0.01565183,0.009345917
0.11483333333333333,-0.10173553,0.006803476
0.11491666666666667,-0.06628169,0.019810935
0.115,0.087728515,0.012980848
0.11508333333333333,0.05452579,0.0016439719
0.11516666666666667,-0.09374445,0.0030819417
0.11525,0.07567212,0.01056247
0.11533333333333333,0.339103,0.0011405397
0.11541666666666667,0.16854315,0.006566388
0.1155,-0.08602249,0.00012825093
0.11558333333333333,0.019426843,0.0046984786
0.11566666666666667,0.13354367,0.0068938397
0.11575,-0.05554558,0.00016640517
0.11583333333333333,-0.22379895,0.0057261437
0.11591666666666667,-0.08310761,0.00055632775
0.116,0.05823516,0.0033552605
0.11608333333333333,0.023880398,0.010578105
0.11616666666666667,-0.048512347,0.007466119
0.11625,-0.029789815,0.0050812964
0.11633333333333333,-0.0047825812,0.011508836
0.11641666666666667,0.035644088,0.018552503
0.1165,0.092081755,0.0040938607
0.11658333333333333,-0.035511468,0.0029199861
0.11666666666666667,-0.16226655,0.00669744
0.11675,-0.03906938,0.016092064
0.11683333333333333,0.19968678,0.007119279
0.11691666666666667,0.17934437,0.0034683528
0.117,-0.03470058,0.01564855
0.11708333333333333,-0.046565082,0.012485399
0.11716666666666667,0.10609253,0.0093744
0.11725,0.12510012,0.0101404
0.11733333333333333,-0.05759694,0.0036918395
0.11741666666666667,-0.102107786,0.012148606
0.1175,-0.02799044,0.0017959058
0.11758333333333333,-0.05384981,0.0074012275
0.11766666666666667,-0.06457412,0.007935089
0.11775,-0.025845135,0.008386291
0.11783333333333333,-0.093133144,0.0015729077
0.11791666666666667,-0.18339251,0.00039879157
0.118,-0.05608853,0.0011809877
0.11808333333333333,0.08266842,0.000814646
0.11816666666666667,0.04348075,0.0068037673
0.11825,-0.016188387,0.010884609
0.11833333333333333,0.107844256,0.0051527102
0.11841666666666667,0.18893415,0.00043792208
0.1185,0.03194913,0.00037731472
0.11858333333333333,-0.117642224,0.0049969098
0.11866666666666667,-0.09566604,0.00966898
0.11875,-0.0013932145,0.0018948822
0.11883333333333333,-0.0112296175,0.011118453
0.11891666666666667,-0.046408087,0.013461264
0.119,-0.020982707,0.010744249
0.11908333333333333,0.054752786,0.0059027094
0.11916666666666667,0.12787142,0.01200951
0.11925,0.034694783,0.0038727855
0.11933333333333333,-0.06779564,0.009005769
0.11941666666666667,0.0011987375,0.0030975114
0.1195,0.07964932,0.0070602475
0.11958333333333333,-0.015441364,0.009469329
0.11966666666666667,-0.12270899,0.009207026
0.11975,0.032401018,0.004701926
0.11983333333333333,0.22729102,0.002328315
0.11991666666666667,0.03653419,0.0051809717
0.12,-0.24412462,0.01826834
0.12008333333333333,-0.108780086,0.009827505
0.12016666666666667,0.1357882,0.009246116
0.12025,0.008781293,0.012759057
0.12033333333333333,-0.25554815,0.0033217638
0.12041666666666667,-0.13533421,0.0034793017
0.1205,0.18616183,0.016256902
0.12058333333333333,0.20070018,0.0037416925
0.12066666666666667,-0.11747593,0.0092903925
0.12075,-0.2238336,0.015664743
0.12083333333333333,0.038939252,0.0020504151
0.12091666666666667,0.20112608,0.0063561196
0.121,-0.0041019917,0.0063397456
0.12108333333333333,-0.17061917,0.009926012
0.12116666666666667,0.08426944,0.023294521
0.12125,0.27998653,0.01872242
0.12133333333333333,0.053900234,0.0023686732
0.12141666666666667,-0.14555888,0.0147315785
0.1215,-0.048911396,0.0072029363
0.12158333333333333,0.051579256,0.0049858866
0.12166666666666667,-0.040587112,0.012536074
0.12175,-0.034107123,0.0011195289
0.12183333333333334,0.06842779,0.0068868645
0.12191666666666667,0.012078046,0.019927487
0.122,0.047937624,0.0012127522
0.12208333333333334,0.19470564,0.0050110393
0.12216666666666667,0.0640219,0.003781245
0.12225,-0.14032787,0.00048193088
0.12233333333333334,-0.05362396,0.008354423
0.12241666666666666,0.048487864,0.0021322204
0.1225,0.03199583,0.0058644363
0.12258333333333334,0.000940091,0.001702166
0.12266666666666666,-0.06416881,0.0020268457
0.12275,-0.036027834,0.0076148673
0.12283333333333334,0.09288869,0.018620282
0.12291666666666666,0.062233645,0.007411055
0.123,-0.2098876,0.021867057
0.12308333333333334,-0.2533784,0.008152904
0.12316666666666666,0.07128783,0.014704652
0.12325,0.14522873,0.012756536
0.12333333333333334,-0.118389264,0.00128935
0.12341666666666666,-0.0787648,0.012370765
0.1235,0.23126318,0.008085364
0.12358333333333334,0.152315,0.0041124197
0.12366666666666666,-0.12345139,0.0061889933
0.12375,-0.08746132,0.0018220084
0.12383333333333334,0.085977934,0.0231125
0.12391666666666666,0.0498974,0.017569322
0.124,0.025883986,0.0009837758
0.12408333333333334,0.11552059,0.0104171345
0.12416666666666666,0.08464531,0.006468384
0.12425,0.012377905,0.003909054
0.12433333333333334,0.06766223,0.0024215393
0.12441666666666666,-0.024768189,0.021309746
0.1245,-0.18057837,0.012637741
0.12458333333333334,-0.11208233,0.021525629
0.12466666666666666,-0.009054661,0.0062422464
0.12475,0.025107628,0.0018705518
0.12483333333333334,0.11043074,0.0051808236
0.12491666666666666,0.17052384,0.015796943
0.125,0.04790536,0.0075260154
0.12508333333333332,-0.08905255,0.0053806617
0.12516666666666668,0.05155965,0.0039354153
0.12525,0.098271236,0.02199622
0.12533333333333332,-0.1880801,0.00554971
0.12541666666666668,-0.30602401,0.0013778496
0.1255,-0.021473628,0.0059234807
0.12558333333333332,0.12006096,0.008921837
0.12566666666666668,-0.022374587,0.011210154
0.12575,-0.15731318,0.0027619305
0.12583333333333332,-0.13933231,0.007548308
0.12591666666666668,-0.007620514,0.011125634
0.126,0.079662025,0.010178062
0.12608333333333333,0.027038198,0.002493915
0.12616666666666668,-0.11526383,0.0010477465
0.12625,0.009795217,0.0026070355
0.12633333333333333,0.29379115,0.00040050544
0.12641666666666668,0.12518732,0.00040887407
0.1265,-0.23438627,0.0012862687
0.12658333333333333,-0.07130773,0.02169363
0.12666666666666668,0.21442938,0.008352389
0.12675,-0.015146495,0.0016238276
0.12683333333333333,-0.26818612,0.0040549566
0.12691666666666668,-0.028751042,0.0076855104
0.127,0.23803818,0.003964536
0.12708333333333333,0.036898356,0.0024023668
0.12716666666666668,-0.14881034,0.0024137015
0.12725,0.015718428,0.016009383
0.12733333333333333,0.081451625,0.001714894
0.12741666666666668,-0.113594025,0.01692252
0.1275,-0.23315237,0.010152104
0.12758333333333333,-0.08151316,0.0014274154
0.12766666666666668,0.15596944,0.0037632587
0.12775,0.1968706,0.011624904
0.12783333333333333,0.067849465,0.0016229729
0.12791666666666668,0.038266324,0.008130658
0.128,0.1338064,0.00028486867
0.12808333333333333,0.17019227,0.012100003
0.12816666666666668,0.03705355,0.000102832724
0.12825,-0.1190564,0.0058556385
0.12833333333333333,-0.062146913,0.009336398
0.12841666666666668,0.027039854,0.004839515
0.1285,-0.0063898386,0.001313958
0.12858333333333333,-0.09003717,0.0021947566
0.12866666666666668,-0.15021905,0.008179226
0.12875,-0.07179998,0.00048913114
0.12883333333333333,0.14489193,0.001478876
0.12891666666666668,0.13641387,0.003237492
0.129,-0.1462744,0.0075133843
0.12908333333333333,-0.1269331,0.00370201
0.12916666666666668,0.24998325,0.01027391
0.12925,0.34797326,0.005520602
0.12933333333333333,0.01741989,0.0016729594
0.12941666666666668,-0.2271969,0.009278394
0.1295,-0.056191836,0.0036064943
0.12958333333333333,0.1944629,0.007313198
0.12966666666666668,0.070487484,0.011739189
0.12975,-0.2535575,0.00039573817
0.12983333333333333,-0.13786834,0.00021028865
0.12991666666666668,0.29864755,0.010783218
0.13,0.24953067,0.0041802325
0.13008333333333333,-0.16417994,0.0036400585
0.13016666666666668,-0.1729793,0.0073044295
0.13025,0.18325323,0.008108314
0.13033333333333333,0.124260746,0.001805563
0.13041666666666665,-0.2325459,0.0032008968
0.1305,-0.09920794,0.0049709263
0.13058333333333333,0.21381477,0.008285701
0.13066666666666665,0.021755505,0.006010321
0.13075,-0.18606614,0.009279953
0.13083333333333333,0.055626437,0.00498408
0.13091666666666665,0.19630606,0.0019815909
0.131,-0.08571019,0.0046314276
0.13108333333333333,-0.26787606,0.006559882
0.13116666666666665,-0.09696238,0.001089151
0.13125,0.03880721,0.004569335
0.13133333333333333,-0.076776244,0.00044188404
0.13141666666666665,-0.16378637,0.00059774966
0.1315,-0.011391552,0.007362038
0.13158333333333333,0.10837955,0.0053261886
0.13166666666666665,-0.012377433,4.4773064e-06
0.13175,-0.11673241,0.007335844
0.13183333333333333,-0.024960252,0.0012778054
0.13191666666666665,0.16820806,0.009336339
0.132,0.17347395,0.0017738946
0.13208333333333333,0.0039315005,0.00199187
0.13216666666666665,0.0475012,0.00052806945
0.13225,0.18150437,0.003958147
0.13233333333333333,0.052053925,0.0058212755
0.13241666666666665,-0.15364677,0.0001164484
0.1325,-0.09010401,0.008533047
0.13258333333333333,0.037302904,0.0003486958
0.13266666666666665,-0.0689793,0.004934344
0.13275,-0.19327536,0.0057147844
0.13283333333333333,-0.042234126,0.001714452
0.13291666666666666,0.06498504,0.00013145083
0.133,-0.11087299,0.0051081274
0.13308333333333333,-0.109971076,0.0048393933
0.13316666666666666,0.08389573,0.0009330151
0.13325,0.0040481593,0.0068499204
0.13333333333333333,-0.20308998,0.004019444
0.13341666666666666,-0.05251601,0.012337331
0.1335,0.26627997,0.007373225
0.13358333333333333,0.16128339,0.007236471
0.13366666666666666,-0.14154942,0.0098424265
0.13375,-0.08876002,0.0023568724
0.13383333333333333,0.1688082,0.010171135
0.13391666666666666,0.10275537,0.00815004
0.134,-0.22306275,0.0071336576
0.13408333333333333,-0.18258695,0.0086868405
0.13416666666666666,0.19516677,0.0046017054
0.13425,0.19588587,0.0031127895
0.13433333333333333,-0.115991525,0.0020282008
0.13441666666666666,-0.09434873,0.00041380068
0.1345,0.18813072,0.011654236
0.13458333333333333,0.19328904,0.0051762196
0.13466666666666666,-0.08854165,0.0053218193
0.13475,-0.15670393,0.0003633937
0.13483333333333333,0.10741124,0.00055209035
0.13491666666666666,0.19305629,0.00025318912
0.135,-0.021419214,0.007422714
0.13508333333333333,-0.057796527,0.003132292
0.13516666666666666,0.15291661,0.002052923
0.13525,0.15526733,0.0066696256
0.13533333333333333,-0.101504534,0.0006221063
0.13541666666666666,-0.17993644,0.0043324167
0.1355,0.00042609638,0.008214775
0.13558333333333333,0.075381674,0.0027900073
0.13566666666666666,-0.07096668,0.0013552405
0.13575,-0.1143805,0.007571144
0.13583333333333333,0.07603135,0.0028405658
0.13591666666666666,0.1926879,0.0040752394
0.136,-0.051677275,0.00097451644
0.13608333333333333,-0.21369769,0.007577044
0.13616666666666666,0.08353941,0.0016438091
0.13625,0.31393597,0.0034842503
0.13633333333333333,0.04563361,0.004838743
0.13641666666666666,-0.2830308,0.0018382901
0.1365,-0.027340675,0.006333695
0.13658333333333333,0.36261272,0.0054626083
0.13666666666666666,0.14831376,0.00083421817
0.13675,-0.2778702,0.0020734726
0.13683333333333333,-0.209318,0.0058701425
0.13691666666666666,0.16012372,0.0023671554
0.137,0.13854569,0.0022046033
0.13708333333333333,-0.12538914,0.0012836321
0.13716666666666666,-0.14248116,0.0010183674
0.13725,0.08043863,0.00598611
0.13733333333333334,0.14433461,9.959217e-05
0.13741666666666666,-0.056080855,0.001750989
0.1375,-0.15571202,0.00011171643
0.13758333333333334,0.044930845,0.004702674
0.13766666666666666,0.18727449,0.002625315
0.13775,-0.012065531,0.0060034245
0.13783333333333334,-0.17238234,0.0010240828
0.13791666666666666,0.0043398896,0.00030171397
0.138,0.17295864,0.005402603
0.13808333333333334,-0.027767997,0.0058164783
0.13816666666666666,-0.28113386,0.0017709419
0.13825,-0.147356,0.00013113022
0.13833333333333334,0.109369665,0.008952735
0.13841666666666666,-0.012282559,0.0030928035
0.1385,-0.2427874,0.0081786895
0.13858333333333334,-0.13528357,0.0023949447
0.13866666666666666,0.12892585,0.0015439409
0.13875,0.10972055,0.01272606
0.13883333333333334,-0.11768237,0.0015996927
0.13891666666666666,-0.17045386,0.0041176067
0.139,0.11145151,0.0035243498
0.13908333333333334,0.24059728,0.0003091172
0.13916666666666666,-0.06507153,0.00017241793
0.13925,-0.22127056,0.00438531
0.13933333333333334,0.10180361,0.0068251705
0.13941666666666666,0.29113853,0.0039682407
0.1395,-0.10813585,0.0090381075
0.13958333333333334,-0.35541576,0.006423829
0.13966666666666666,0.062491436,0.00484216
0.13975,0.3297005,0.0034258426
0.13983333333333334,-0.025858885,0.007619459
0.13991666666666666,-0.2003463,0.012466639
0.14,0.069398604,0.0017205192
0.14008333333333334,0.19223556,0.00036274674
0.14016666666666666,0.0065985094,0.0049188947
0.14025,-0.10269182,0.008066451
0.14033333333333334,-0.04740679,3.7549467e-05
0.14041666666666666,-0.007439519,0.009763806
0.1405,-0.012172111,0.01725222
0.14058333333333334,0.027638992,0.0039154314
0.14066666666666666,0.113782294,0.00015993853
0.14075,0.07739941,0.0005907571
0.14083333333333334,-0.045502506,0.006692291
0.14091666666666666,-0.05849752,0.0073256535
0.141,0.08819951,0.0027860978
0.14108333333333334,0.094235286,0.004263066
0.14116666666666666,-0.18361351,0.01525349
0.14125,-0.22760944,0.00027126088
0.14133333333333334,0.14496897,0.0012165157
0.14141666666666666,0.25542822,0.002112561
0.1415,-0.09983824,0.0009292583
0.14158333333333334,-0.1921515,0.005677176
0.14166666666666666,0.109121695,0.0033593657
0.14175,0.21731597,0.009274858
0.14183333333333334,-0.005993648,0.01330455
0.14191666666666666,-0.1343674,0.005484927
0.142,0.019876502,0.0020642625
0.14208333333333334,0.15454091,0.0020736025
0.14216666666666666,0.09624872,0.001618624
0.14225,0.011413895,0.0010132198
0.14233333333333334,-0.029060677,0.002035574
0.14241666666666666,0.0055627776,0.006337264
0.1425,0.035546508,0.017554708
0.14258333333333334,-0.015462437,0.006881197
0.14266666666666666,-0.016138464,0.0010357427
0.14275,0.037249267,0.0018719173
0.14283333333333334,-0.04387437,0.00079165347
0.14291666666666666,-0.092740744,0.00165005
0.143,0.08745639,0.008851119
0.14308333333333334,0.11324685,0.007294554
0.14316666666666666,-0.14282292,0.008541417
0.14325,-0.20049281,0.014751831
0.14333333333333334,0.036511622,0.0007978951
0.14341666666666666,0.13873355,0.0020952546
0.1435,-0.04517172,0.004354023
0.14358333333333334,-0.12630576,0.0036753966
0.14366666666666666,0.0017504373,0.0042446405
0.14375,0.14289501,0.010095491
0.14383333333333334,0.0666216,0.007965843
0.14391666666666666,-0.13021915,0.0018035528
0.144,-0.15868929,0.0027550948
0.14408333333333334,0.032321043,0.000930408
0.14416666666666667,0.16680078,0.0030695987
0.14425,0.06812481,0.0053164163
0.14433333333333334,-0.1668317,0.013844853
0.14441666666666667,-0.14164916,0.0012950466
0.1445,0.22948487,0.001056943
0.14458333333333334,0.23100282,0.010319682
0.14466666666666667,-0.23668657,0.0002973627
0.14475,-0.25994617,0.002119749
0.14483333333333334,0.19246414,0.011602876
0.14491666666666667,0.21534511,0.003674107
0.145,-0.17861608,0.0019462376
0.14508333333333334,-0.16845879,0.0032780583
0.14516666666666667,0.15271115,0.005694173
0.14525,0.14285001,0.0026862128
0.14533333333333334,-0.12102906,0.0047486676
0.14541666666666667,-0.13553447,0.00033497767
0.1455,0.040766686,0.0005339735
0.14558333333333334,0.062583946,0.0006705944
0.14566666666666667,-0.06776679,0.0028615897
0.14575,-0.06936079,0.0003097496
0.14583333333333334,0.096527115,0.00047239944
0.14591666666666667,0.10243336,0.0045317123
0.146,-0.11142533,0.0003491509
0.14608333333333334,-0.085576355,0.0010827043
0.14616666666666667,0.12236522,0.0053583304
0.14625,0.064248264,0.00095099234
0.14633333333333334,-0.09458586,0.002431404
0.14641666666666667,0.023060784,0.0030754695
0.1465,0.15781702,0.00039295387
0.14658333333333334,-0.07725651,0.0030773531
0.14666666666666667,-0.2752206,0.0021219014
0.14675,-0.0055163186,0.0032804012
0.14683333333333334,0.16473497,0.002910426
0.14691666666666667,-0.16221164,0.003211087
0.147,-0.29418173,0.0011173701
0.14708333333333334,0.074577786,0.00029384223
0.14716666666666667,0.31621742,0.0010003648
0.14725,0.04098194,0.0029587855
0.14733333333333334,-0.20699245,0.00047777005
0.14741666666666667,0.078112885,0.0039973976
0.1475,0.31091088,0.0010437737
0.14758333333333334,0.036902256,0.00020328544
0.14766666666666667,-0.2328761,0.0019490884
0.14775,-0.083294876,0.0013275445
0.14783333333333334,0.16918342,0.003597906
0.14791666666666667,0.13451743,0.006499259
0.148,-0.1557904,0.0010297393
0.14808333333333334,-0.18623582,0.006288186
0.14816666666666667,0.10003399,0.0034521387
0.14825,0.14413859,0.009142596
0.14833333333333334,-0.12686387,0.0037251788
0.14841666666666667,-0.1636932,0.0036959045
0.1485,0.13234332,0.0035758037
0.14858333333333335,0.21609889,0.00095264876
0.14866666666666667,-0.036846664,0.0016061204
0.14875,-0.1703945,0.0009384318
0.14883333333333335,0.042031854,0.0053705405
0.14891666666666667,0.18424115,0.0027223253
0.149,-0.03620681,0.0052776067
0.14908333333333335,-0.20240933,0.005741309
0.14916666666666667,0.01933389,0.005327892
0.14925,0.18536997,0.0076294905
0.14933333333333335,0.02413451,0.0028022728
0.14941666666666667,-0.07783329,0.0029578812
0.1495,0.08877511,0.0010893855
0.14958333333333335,0.16352615,0.0006714845
0.14966666666666667,-0.09925196,0.0007973318
0.14975,-0.15973052,0.0007259925
0.14983333333333335,0.06710132,0.009017837
0.14991666666666667,0.055998124,0.0023920606
0.15,-0.13025121,0.0064357184
0.15008333333333335,-0.018419992,0.006234206
0.15016666666666667,0.23268014,0.0084734
0.15025,0.13416205,0.007459969
0.15033333333333335,-0.12918204,0.0040512234
0.15041666666666667,-0.09584097,0.00033567063
0.1505,0.08160779,0.0032584583
0.15058333333333335,0.055952948,0.014236495
0.15066666666666667,-0.09881464,0.001935804
0.15075,-0.100228295,0.004131468
0.15083333333333335,-0.018336505,0.0013227238
0.15091666666666667,0.10831983,0.007696004
0.151,0.1406812,0.004121962
0.15108333333333332,-0.090386905,0.00035416873
0.15116666666666667,-0.17495911,0.0028685115
0.15125,0.108845666,0.0063905786
0.15133333333333332,0.23085643,0.00069736614
0.15141666666666667,-0.07320482,0.004999717
0.1515,-0.22744301,0.003008538
0.15158333333333332,0.10048334,0.0036744152
0.15166666666666667,0.24835409,0.0039732237
0.15175,-0.080839016,0.002495934
0.15183333333333332,-0.2502841,0.004211602
0.15191666666666667,-0.019210469,0.00307899
0.152,0.054736033,0.004303638
0.15208333333333332,-0.14787523,0.0055944165
0.15216666666666667,-0.10353198,0.0022340408
0.15225,0.049379967,0.0027101792
0.15233333333333332,-0.05020391,0.005148206
0.15241666666666667,-0.09681067,0.0018071878
0.1525,0.09975309,0.0106164105
0.15258333333333332,0.15446939,0.005376251
0.15266666666666667,-0.10178434,0.0021099374
0.15275,-0.17914431,0.009609488
0.15283333333333332,0.11306519,0.0026715782
0.15291666666666667,0.18837218,0.002737823
0.153,-0.083137095,0.0083163865
0.15308333333333332,-0.12021551,0.00350833
0.15316666666666667,0.150369,0.014055087
0.15325,0.12357823,0.01217681
0.15333333333333332,-0.17710446,0.0073362077
0.15341666666666667,-0.1809227,0.010481911
0.1535,0.054514904,0.0030802405
0.15358333333333332,0.04186636,0.0018151549
0.15366666666666667,-0.12502375,0.006318061
0.15375,-0.094059505,0.00029206087
0.15383333333333332,0.06338418,0.0066982554
0.15391666666666667,0.08320448,0.009338172
0.154,-0.023098558,0.0025859359
0.15408333333333332,-0.050118178,0.002507685
0.15416666666666667,0.03975851,0.004584068
0.15425,0.08727164,0.005710148
0.15433333333333332,0.084646635,0.0034585253
0.15441666666666667,0.04092105,0.003920256
0.1545,0.03621919,0.005440563
0.15458333333333332,0.14056876,0.011663729
0.15466666666666667,0.12659414,0.0063116713
0.15475,-0.05376991,0.0005311858
0.15483333333333332,-0.094844855,0.0023865441
0.15491666666666667,0.044211935,0.0005323532
0.155,0.089662105,0.0006347997
0.15508333333333332,-0.07865345,0.0009481149
0.15516666666666667,-0.11264951,0.0014012138
0.15525,0.13664567,0.0064051375
0.15533333333333332,0.16294578,0.0058579617
0.15541666666666668,-0.118301354,0.0053326283
0.1555,-0.16470635,0.0048927935
0.15558333333333332,0.10414163,0.002265796
0.15566666666666668,0.14394148,0.005688438
0.15575,-0.1282652,0.0053629633
0.15583333333333332,-0.18558885,0.0050896695
0.15591666666666668,0.07252984,0.0027286757
0.156,0.21399695,0.0018868718
0.15608333333333332,0.025674976,0.0019244087
0.15616666666666668,-0.23177505,0.003494386
0.15625,-0.18216185,0.0022818388
0.15633333333333332,0.071119115,0.0091288015
0.15641666666666668,0.07458498,5.6002835e-05
0.1565,-0.21185245,0.010071292
0.15658333333333332,-0.20873877,0.009614644
0.15666666666666668,0.15222105,0.0070296326
0.15675,0.271845,0.0047622267
0.15683333333333332,-0.02718003,0.0010231617
0.15691666666666668,-0.21922255,0.006478224
0.157,0.029715626,0.007502585
0.15708333333333332,0.28855988,0.00560315
0.15716666666666668,0.08873359,0.007237376
0.15725,-0.13870335,0.0064897635
0.15733333333333333,0.08945782,0.014395608
0.15741666666666668,0.31409335,0.0007087459
0.1575,0.058718402,0.005316404
0.15758333333333333,-0.17485309,0.0024647866
0.15766666666666668,-0.008747216,0.006408412
0.15775,0.070936166,0.007913529
0.15783333333333333,-0.14994824,0.0030969465
0.15791666666666668,-0.266458,0.0151539305
0.158,0.0517987,0.0065999827
0.15808333333333333,0.23233373,0.0060271714
0.15816666666666668,-0.120824255,0.0049634264
0.15825,-0.2089067,0.0007945678
0.15833333333333333,0.21415742,2.8860384e-05
0.15841666666666668,0.21724562,0.0067024054
0.1585,-0.34456196,0.008793542
0.15858333333333333,-0.3472456,0.00010770721
0.15866666666666668,0.21451843,0.0031037612
0.15875,0.23706128,0.008732947
0.15883333333333333,-0.29123032,0.000422902
0.15891666666666668,-0.266926,0.0022570535
0.159,0.27099562,0.005126141
0.15908333333333333,0.22505638,0.0021583014
0.15916666666666668,-0.22702774,0.00077866815
0.15925,-0.22139293,0.004767481
0.15933333333333333,0.09882595,0.0038942466
0.15941666666666668,0.1626651,0.010196586
0.1595,-0.012567161,0.001063119
0.15958333333333333,-0.038588364,0.0009962502
0.15966666666666668,0.089548744,0.0008974939
0.15975,0.1601899,0.0020623198
0.15983333333333333,0.003335686,0.004038889
0.15991666666666668,-0.18379684,0.0015328908
0.16,-0.08389725,0.0002878504
0.16008333333333333,0.16394778,0.0055067893
0.16016666666666668,0.0789027,0.0019834004
0.16025,-0.15223508,0.00062394346
0.16033333333333333,0.0029997977,0.0024400577
0.16041666666666668,0.19974296,0.0068416954
0.1605,-0.017704671,0.002672996
0.16058333333333333,-0.25617355,0.0021454375
0.16066666666666668,-0.12560505,0.0051091076
0.16075,0.09142023,0.00026252397
0.16083333333333333,0.031314373,0.00308926
0.16091666666666668,-0.086849555,0.0018516277
0.161,-0.0074033476,0.006894167
0.16108333333333333,0.17737302,2.4797653e-05
0.16116666666666668,0.20374313,0.0050570453
0.16125,-0.020573057,0.0021919229
0.16133333333333333,-0.14135739,0.002241311
0.16141666666666668,0.08264401,0.0013715299
0.1615,0.18933423,0.0053832354
0.16158333333333333,-0.112576894,0.01144038
0.16166666666666665,-0.23767166,0.007858758
0.16175,0.07612683,0.003702449
0.16183333333333333,0.2009449,0.006056303
0.16191666666666665,-0.090272985,0.0031618695
0.162,-0.25057733,0.008003546
0.16208333333333333,-0.031149225,0.00011947096
0.16216666666666665,0.1847914,0.0032896646
0.16225,0.094189316,0.0010694431
0.16233333333333333,-0.10475571,0.008098371
0.16241666666666665,-0.022804705,9.895393e-05
0.1625,0.28466165,0.00022631302
0.16258333333333333,0.3258445,0.0042048846
0.16266666666666665,-0.047483742,0.0067967116
0.16275,-0.19413203,0.0047956193
0.16283333333333333,0.12123835,0.008776808
0.16291666666666665,0.21319875,0.0012568359
0.163,-0.11052538,0.0045786854
0.16308333333333333,-0.1891345,0.0014653213
0.16316666666666665,0.10572164,0.0023207723
0.16325,0.16078135,0.003504248
0.16333333333333333,-0.06631306,0.0026433652
0.16341666666666665,-0.16415693,0.007908227
0.1635,-0.07160659,0.0065068877
0.16358333333333333,-0.011652654,0.0041415375
0.16366666666666665,-0.03446825,0.012632507
0.16375,-0.0032293592,0.0024245896
0.16383333333333333,-0.0019716132,0.0107683595
0.16391666666666665,-0.01344436,0.013409591
0.164,0.026817527,0.002760918
0.16408333333333333,0.06675841,0.005930098
0.16416666666666666,0.010593962,0.004310082
0.16425,-0.10235389,0.0026149356
0.16433333333333333,-0.0933174,0.001358481
0.16441666666666666,0.007310091,0.011940648
0.1645,0.008757183,0.0060966616
0.16458333333333333,-0.096962295,0.0018503485
0.16466666666666666,-0.10133796,0.0073742983
0.16475,0.036704846,0.013837892
0.16483333333333333,0.029813746,0.002910257
0.16491666666666666,-0.10244167,0.0010792804
0.165,-0.09674966,0.0056156707
0.16508333333333333,-0.016909897,0.00812806
0.16516666666666666,-0.016835522,0.008714591
0.16525,0.00042441933,0.0068068625
0.16533333333333333,0.1411217,0.009950066
0.16541666666666666,0.16122931,0.008911902
0.1655,-0.037750248,0.007837713
0.16558333333333333,-0.030063953,0.010833373
0.16566666666666666,0.15926088,0.0018861275
0.16575,0.08114429,0.019247087
0.16583333333333333,-0.2580965,0.011166417
0.16591666666666666,-0.19877411,0.012745849
0.166,0.22583129,0.004502245
0.16608333333333333,0.12567613,0.0071735955
0.16616666666666666,-0.33085015,0.017063988
0.16625,-0.25588277,0.009252104
0.16633333333333333,0.19269419,0.0054508043
0.16641666666666666,0.15817596,0.020726023
0.1665,-0.2342413,0.009912221
0.16658333333333333,-0.21890007,0.0006592989
0.16666666666666666,0.24442819,0.005359204
0.16675,0.4175899,0.0005637345
0.16683333333333333,0.023862183,0.01121133
0.16691666666666666,-0.15524553,0.009171039
0.167,0.101770446,0.011615258
0.16708333333333333,0.20973784,0.024526665
0.16716666666666666,-0.015301347,0.015032133
0.16725,-0.22790803,0.008194515
0.16733333333333333,-0.0900534,0.0026543383
0.16741666666666666,0.15679437,0.015706653
0.1675,0.10254085,0.00035262044
0.16758333333333333,-0.09178152,0.0069757393
0.16766666666666666,-0.042411327,0.0053214547
0.16775,0.088991135,0.0081083905
0.16783333333333333,0.0056346436,0.010972424
0.16791666666666666,-0.081787586,0.0068504545
0.168,0.030592678,0.01166861
0.16808333333333333,0.08743976,0.0046674036
0.16816666666666666,-0.05122184,0.008499205
0.16825,-0.039602507,0.0034191513
0.16833333333333333,0.23160328,0.01119377
0.16841666666666666,0.19799909,0.015318162
0.1685,-0.14401664,0.013457742
0.16858333333333334,-0.10882683,0.008170301
0.16866666666666666,0.20596056,0.00022338005
0.16875,0.13973688,0.010148175
0.16883333333333334,-0.18147078,0.0031843637
0.16891666666666666,-0.12405273,0.0016018208
0.169,0.14319633,0.0031354658
0.16908333333333334,0.046015512,0.009868221
0.16916666666666666,-0.20625448,0.007363614
0.16925,-0.11391133,0.0017280615
0.16933333333333334,0.09054962,0.007056396
0.16941666666666666,0.012724879,0.0041828933
0.1695,-0.13027574,0.004649642
0.16958333333333334,-0.038939953,0.003880475
0.16966666666666666,0.10128945,0.013434935
0.16975,0.060439587,0.0137407845
0.16983333333333334,-0.07618351,0.005568515
0.16991666666666666,-0.10464606,0.004312319
0.17,-0.06956254,0.0018641814
0.17008333333333334,-0.025358237,0.01026679
0.17016666666666666,-0.00950138,0.0014156542
0.17025,0.0007589324,0.006431256
0.17033333333333334,-0.016069196,0.011689788
0.17041666666666666,-0.088346526,0.00019564778
0.1705,0.029270604,0.00757528
0.17058333333333334,0.2107603,0.016899725
0.17066666666666666,0.08609243,0.011236775
0.17075,-0.17876671,0.0049665705
0.17083333333333334,-0.097667225,0.0026005753
0.17091666666666666,0.24052474,0.0015675607
0.171,0.19505608,0.00062787713
0.17108333333333334,-0.12352059,0.0018926829
0.17116666666666666,-0.13298953,0.001587181
0.17125,0.056308016,0.0010723288
0.17133333333333334,0.049669564,0.002500954
0.17141666666666666,-0.022496874,0.00584195
0.1715,-0.087352045,0.0021773889
0.17158333333333334,-0.16474555,0.0069405935
0.17166666666666666,-0.08046348,0.013909838
0.17175,0.14266534,0.007036503
0.17183333333333334,0.08656185,0.0058902935
0.17191666666666666,-0.25161347,0.00022681124
0.172,-0.20833592,0.007377892
0.17208333333333334,0.21358286,0.0048093214
0.17216666666666666,0.2409925,0.006106649
0.17225,-0.14111832,0.020780941
0.17233333333333334,-0.22828636,0.017417956
0.17241666666666666,0.13496743,0.008206616
0.1725,0.31387353,0.015284047
0.17258333333333334,0.031216936,0.006032523
0.17266666666666666,-0.1772301,0.004255043
0.17275,-0.029586138,0.005982341
0.17283333333333334,0.1539041,0.0012874869
0.17291666666666666,0.05277519,0.0057251467
0.173,-0.14935605,0.0010638302
0.17308333333333334,-0.07901676,0.011239509
0.17316666666666666,0.14093298,0.0074685686
0.17325,0.134948,0.0071088383
0.17333333333333334,-0.010108271,0.017094353
0.17341666666666666,-0.029363416,0.005589468
0.1735,0.03734921,0.0035184503
0.17358333333333334,0.028226087,0.0034998641
0.17366666666666666,-0.021627335,0.012515687
0.17375,0.007519527,0.004308328
0.17383333333333334,0.06977052,0.005632248
0.17391666666666666,0.07910635,0.010306559
0.174,0.02402259,0.0050233114
0.17408333333333334,0.0042458875,0.014380294
0.17416666666666666,0.07615332,0.005995008
0.17425,0.08973516,0.010158839
0.17433333333333334,-0.13929972,0.0010089964
0.17441666666666666,-0.25263694,0.0012671659
0.1745,-0.009587993,0.023184037
0.17458333333333334,0.1768862,0.011377099
0.17466666666666666,-0.05567542,0.002583255
0.17475,-0.24392131,0.017885549
0.17483333333333334,-0.004357498,0.004402486
0.17491666666666666,0.2704461,0.0025609115
0.175,0.09607224,0.011879287
0.17508333333333334,-0.22190672,0.008340813
0.17516666666666666,-0.10811813,0.010288335
0.17525,0.25335324,0.017677527
0.17533333333333334,0.24970151,0.0068042055
0.17541666666666667,-0.08312709,0.00738931
0.1755,-0.19159953,0.0030153526
0.17558333333333334,0.08900856,0.02146415
0.17566666666666667,0.20570806,0.005894537
0.17575,-0.097405076,0.013760533
0.17583333333333334,-0.22552031,0.0024629915
0.17591666666666667,0.0006859691,0.022152185
0.176,0.072043836,0.012486876
0.17608333333333334,-0.16233483,0.0073175174
0.17616666666666667,-0.24207336,0.009770925
0.17625,0.09842203,0.006282478
0.17633333333333334,0.23277807,0.0022900049
0.17641666666666667,-0.07976331,0.00964747
0.1765,-0.2608432,0.014234927
0.17658333333333334,-0.019067235,0.01349222
0.17666666666666667,0.1847703,0.0140189305
0.17675,-0.015740376,0.010555781
0.17683333333333334,-0.21603748,0.00592655
0.17691666666666667,-0.010341322,0.0013518353
0.177,0.23807955,0.004599859
0.17708333333333334,0.081534296,0.011629278
0.17716666666666667,-0.22266592,0.0031448766
0.17725,-0.12889388,0.01545957
0.17733333333333334,0.21732461,0.0057089864
0.17741666666666667,0.11499595,0.0059023146
0.1775,-0.21756704,0.0089933835
0.17758333333333334,-0.013680464,0.0053479727
0.17766666666666667,0.22910665,0.009725023
0.17775,-0.08385041,1.7820969e-06
0.17783333333333334,-0.22611655,0.005721325
0.17791666666666667,0.092276484,0.011191692
0.178,0.100523196,0.005584484
0.17808333333333334,-0.14474395,0.017327521
0.17816666666666667,-0.050590187,0.0018863347
0.17825,0.16836946,0.0011460974
0.17833333333333334,0.05210126,0.005329501
0.17841666666666667,-0.075806916,0.0032341955
0.1785,0.11138587,9.1249574e-05
0.17858333333333334,0.12982637,0.0055865534
0.17866666666666667,-0.0921775,0.003764899
0.17875,-0.064706296,0.0003271014
0.17883333333333334,0.07727582,0.002232504
0.17891666666666667,-0.03775603,0.006536433
0.179,-0.071342014,0.015600159
0.17908333333333334,0.1425261,0.004679463
0.17916666666666667,0.13313918,0.020043954
0.17925,-0.10901579,0.011114401
0.17933333333333334,-0.14286691,0.0018820417
0.17941666666666667,0.12012429,0.010610198
0.1795,0.15604466,0.0052015693
0.17958333333333334,-0.061795365,0.007692837
0.17966666666666667,-0.12266641,0.002810054
0.17975,0.004540374,0.000141329
0.17983333333333335,0.12101642,0.018312423
0.17991666666666667,0.063004345,0.011313314
0.18,-0.09948167,0.0025733616
0.18008333333333335,-0.1718476,0.017974805
0.18016666666666667,-0.009552582,0.0071553914
0.18025,0.17430894,0.0052174237
0.18033333333333335,0.02571078,0.010495959
0.18041666666666667,-0.20235552,0.0029654438
0.1805,-0.025528183,0.013275857
0.18058333333333335,0.31272793,0.015740003
0.18066666666666667,0.16454077,0.0009040605
0.18075,-0.16712552,0.00470895
0.18083333333333335,-0.13057123,0.001270422
0.18091666666666667,0.12274629,0.01219466
0.181,0.14534596,0.0011688359
0.18108333333333335,-0.091373354,0.0046867356
0.18116666666666667,-0.090851225,0.005530144
0.18125,0.101988055,0.014503689
0.18133333333333335,0.06796058,0.0018976288
0.18141666666666667,-0.093626805,0.004844621
0.1815,-0.075979166,0.0020436195
0.18158333333333335,-0.032934483,0.0038952823
0.18166666666666667,-0.13686763,0.005730495
0.18175,-0.051974297,0.0065390393
0.18183333333333335,0.1642236,0.014399591
0.18191666666666667,0.099137284,0.014807943
0.182,-0.08962615,0.0116759995
0.18208333333333335,-0.056866985,0.0022564954
0.18216666666666667,0.12093329,0.00618576
0.18225,0.04926107,0.008721377
0.18233333333333332,-0.16002345,0.0024693324
0.18241666666666667,-0.17931582,0.0026289977
0.1825,-0.031222662,0.010945422
0.18258333333333332,0.07299668,0.0067362366
0.18266666666666667,0.038267847,0.0035899638
0.18275,-0.0008464422,0.0058688973
0.18283333333333332,-0.051818587,0.0017244729
0.18291666666666667,-0.012059172,0.005767757
0.183,0.08746222,0.005361913
0.18308333333333332,0.044842355,0.007998023
0.18316666666666667,-0.13391146,0.0062474017
0.18325,-0.17082518,0.0051869466
0.18333333333333332,0.11984209,0.0069575408
0.18341666666666667,0.23362939,0.007884193
0.1835,-0.040608708,0.014656524
0.18358333333333332,-0.17194879,0.0030569108
0.18366666666666667,0.049985033,0.0058505377
0.18375,0.19502322,0.010080469
0.18383333333333332,0.062108126,0.004491476
0.18391666666666667,-0.09747748,0.012637741
0.184,-0.09829439,0.0038021132
0.18408333333333332,0.03039061,0.009684383
0.18416666666666667,0.04331384,0.0022946934
0.18425,-0.10214458,0.01242024
0.18433333333333332,-0.13471302,0.0016532976
0.18441666666666667,-0.09985115,0.010667574
0.1845,0.0038532943,0.017657671
0.18458333333333332,0.10161725,0.009229504
0.18466666666666667,0.035096698,0.0028463164
0.18475,-0.013311909,0.012879966
0.18483333333333332,0.073333226,0.0063268137
0.18491666666666667,0.21028101,0.0031913675
0.185,0.16074227,0.0035067433
0.18508333333333332,-0.12889156,0.0033564542
0.18516666666666667,-0.21503022,0.015282771
0.18525,0.048056297,0.028482284
0.18533333333333332,0.08912033,0.0008015176
0.18541666666666667,-0.14549702,0.012411028
0.1855,-0.15193608,0.0017384284
0.18558333333333332,0.106059015,0.002734365
0.18566666666666667,0.17114757,0.0021086996
0.18575,-0.004759195,0.006063999
0.18583333333333332,-0.030481635,0.007405904
0.18591666666666667,0.12556413,0.019505374
0.186,0.09752889,0.0036439772
0.18608333333333332,-0.06631697,0.010567463
0.18616666666666667,-0.10633883,0.0082258275
0.18625,0.015857875,0.0003521029
0.18633333333333332,0.16433711,0.010042082
0.18641666666666667,0.16986643,0.018686935
0.1865,-0.010781473,0.011941154
0.18658333333333332,-0.13616998,0.0024110163
0.18666666666666668,0.042726405,0.0062258947
0.18675,0.20461817,0.018406862
0.18683333333333332,-0.092984766,0.0034056806
0.18691666666666668,-0.323541,0.015929049
0.187,0.008103993,0.013814786
0.18708333333333332,0.2198493,0.020583555
0.18716666666666668,-0.04993516,0.010560491
0.18725,-0.25388733,0.007806253
0.18733333333333332,-0.09339774,0.0063176807
0.18741666666666668,0.06387015,0.011452216
0.1875,0.055397183,0.008111376
0.18758333333333332,0.016742473,0.006796224
0.18766666666666668,-0.0087627685,0.0013937084
0.18775,0.003658786,0.001010494
0.18783333333333332,0.063325986,0.010368269
0.18791666666666668,0.102492616,0.0012450546
0.188,-0.030581666,0.003069053
0.18808333333333332,-0.13852188,0.0035110281
0.18816666666666668,-0.019198753,0.002913889
0.18825,0.06710344,0.009973635
0.18833333333333332,0.0240293,0.013437437
0.18841666666666668,0.058586873,0.018206319
0.1885,0.14596854,0.020799879
0.18858333333333333,0.059053354,0.012613027
0.18866666666666668,-0.062122606,0.009868082
0.18875,0.0064757117,0.0040512336
0.18883333333333333,0.04476332,0.0059066825
0.18891666666666668,-0.10540933,7.5101736e-05
0.189,-0.12151568,5.194339e-05
0.18908333333333333,0.030163357,0.0068078605
0.18916666666666668,0.06358005,0.006478018
0.18925,0.003500204,0.0017106112
0.18933333333333333,-0.059875093,0.0022416569
0.18941666666666668,-0.09129711,0.0076380162
0.1895,-0.0005061658,0.0026494756
0.18958333333333333,-0.0026648256,0.0034956452
0.18966666666666668,-0.107484505,0.011042282
0.18975,-0.10074092,0.0003964585
0.18983333333333333,0.0018383665,0.009961456
0.18991666666666668,0.04456056,0.0068275356
0.19,-0.047154125,0.0027082374
0.19008333333333333,-0.008268044,0.0015875718
0.19016666666666668,0.09301217,0.008797827
0.19025,-0.026386946,0.003817375
0.19033333333333333,-0.06191524,0.0073079015
0.19041666666666668,0.1659041,0.00083675404
0.1905,0.16431303,0.016694585
0.19058333333333333,-0.099631906,0.005609327
0.19066666666666668,-0.03046861,0.0024293647
0.19075,0.22101444,0.002645978
0.19083333333333333,0.063910544,0.0056713047
0.19091666666666668,-0.27372944,0.01567824
0.191,-0.16682622,0.0033989323
0.19108333333333333,0.03944856,0.012148512
0.19116666666666668,-0.078563154,0.009314317
0.19125,-0.1031878,0.004680453
0.19133333333333333,0.04407265,0.0037267467
0.19141666666666668,0.10018028,0.002112723
0.1915,0.0931437,0.0043396745
0.19158333333333333,0.029104292,0.0042701904
0.19166666666666668,-0.10581059,0.005350362
0.19175,-0.07916815,0.0018221161
0.19183333333333333,0.12027284,0.0022863264
0.19191666666666668,0.046141956,0.004694758
0.192,-0.22722903,0.00083494175
0.19208333333333333,-0.100634076,0.00091761834
0.19216666666666668,0.19422717,0.005188708
0.19225,0.12137593,0.001603898
0.19233333333333333,-0.18495211,0.0021018768
0.19241666666666668,-0.22934094,0.00038044556
0.1925,0.18257418,0.0023190186
0.19258333333333333,0.29329863,0.0023588873
0.19266666666666668,-0.19689146,0.00012015067
0.19275,-0.30166775,0.0047529726
0.19283333333333333,0.30692154,0.00039981087
0.19291666666666665,0.44293895,0.00054537365
0.193,-0.15458274,0.0017366376
0.19308333333333333,-0.37087098,0.0036522003
0.19316666666666665,0.11956437,0.0042829677
0.19325,0.42722803,0.0021030512
0.19333333333333333,-0.02821769,0.00015264688
0.19341666666666665,-0.3176159,0.0038711939
0.1935,0.1481834,0.00261046
0.19358333333333333,0.45462722,0.0028825135
0.19366666666666665,0.10203245,0.005313037
0.19375,-0.284121,0.0029269839
0.19383333333333333,-0.1985564,0.0031386765
0.19391666666666665,0.08226774,0.00040213586
0.194,0.039318565,0.002020755
0.19408333333333333,-0.29545516,0.0036253696
0.19416666666666665,-0.2849492,0.006928434
0.19425,0.24356744,0.0039150706
0.19433333333333333,0.388261,0.0016902958
0.19441666666666665,-0.1264504,0.0025431067
0.1945,-0.25923753,0.00639825
0.19458333333333333,0.32488933,0.0013619604
0.19466666666666665,0.39066005,0.0011160575
0.19475,-0.29965737,0.0032663916
0.19483333333333333,-0.35806283,0.0040522153
0.19491666666666665,0.2630228,0.0013561263
0.195,0.27595612,0.0012890607
0.19508333333333333,-0.33287618,0.0020842524
0.19516666666666665,-0.3445881,0.0015772738
0.19525,0.1344511,0.004370779
0.19533333333333333,0.09938553,0.008283682
0.19541666666666666,-0.12999807,0.00051483227
0.1955,-0.031892423,0.0033865105
0.19558333333333333,0.11306668,0.0035803237
0.19566666666666666,0.15284781,0.003836151
0.19575,0.16812512,0.0026992455
0.19583333333333333,0.013784758,0.007837747
0.19591666666666666,-0.1277412,0.009123216
0.196,0.047355555,1.369184e-05
0.19608333333333333,0.07586824,0.0071214586
0.19616666666666666,-0.22420293,0.0013940277
0.19625,-0.20599501,0.0015983632
0.19633333333333333,0.24526218,0.002436919
0.19641666666666666,0.22922789,0.0076047727
0.1965,-0.22946921,0.0006031005
0.19658333333333333,-0.172934,0.002157039
0.19666666666666666,0.22726052,0.004976528
0.19675,0.00046732443,0.009520863
0.19683333333333333,-0.42751166,0.001423405
0.19691666666666666,-0.15417062,0.0063853622
0.197,0.20974806,0.005589469
0.19708333333333333,0.005282314,0.0027473522
0.19716666666666666,-0.15277722,0.0048318654
0.19725,0.05637882,0.005931609
0.19733333333333333,0.14790839,0.0064449483
0.19741666666666666,0.038883194,0.0107372
0.1975,-0.025904208,0.002642444
0.19758333333333333,-0.08094514,0.004173521
0.19766666666666666,-0.011974882,0.0007281962
0.19775,0.21060896,0.005086385
0.19783333333333333,0.045466825,0.006487192
0.19791666666666666,-0.30506644,0.00030270254
0.198,-0.049209736,0.0030582706
0.19808333333333333,0.3504454,0.0067930096
0.19816666666666666,-0.0766412,0.00620106
0.19825,-0.59645504,0.003961018
0.19833333333333333,-0.06373388,0.007310132
0.19841666666666666,0.5479077,0.001256671
0.1985,0.1114975,0.011576126
0.19858333333333333,-0.43281022,0.0056009847
0.19866666666666666,0.0006683715,0.0018838947
0.19875,0.50552815,0.00025536487
0.19883333333333333,0.18829904,0.0076546855
0.19891666666666666,-0.32068977,0.000503229
0.199,-0.23937099,0.0016739009
0.19908333333333333,0.19202466,0.0018853463
0.19916666666666666,0.27394894,0.004837761
0.19925,-0.03920134,0.008646804
0.19933333333333333,-0.30946946,0.0052966317
0.19941666666666666,-0.13224736,0.0060224957
0.1995,0.32213026,0.003249809
0.19958333333333333,0.2625408,0.0011347837
0.19966666666666666,-0.29292074,0.006935629
0.19975,-0.34998062,0.0074313655
0.19983333333333334,0.19425957,0.011011006
0.19991666666666666,0.36749128,0.01228848
0.2,-0.0075149103,0.0016348065
0.20008333333333334,-0.15260379,0.0023811406
0.20016666666666666,0.105138965,0.011877864
0.20025,0.19252504,0.0008206361
0.20033333333333334,0.05003808,0.0024280918
0.20041666666666666,-0.021732574,0.006277785
0.2005,-0.083487965,0.00919853
0.20058333333333334,-0.11539395,0.0077371714
0.20066666666666666,0.0392375,0.0032532178
0.20075,0.20136684,0.007123665
0.20083333333333334,-0.030321792,0.0014613186
0.20091666666666666,-0.30339572,0.0020167595
0.201,-0.04004085,0.0016036221
0.20108333333333334,0.2357657,0.005024176
0.20116666666666666,0.0055781715,0.01401232
0.20125,-0.22644228,0.007346384
0.20133333333333334,-0.053735048,0.006659203
0.20141666666666666,0.16354379,0.008504398
0.2015,0.110611804,0.0062311096
0.20158333333333334,0.05999318,0.0061476873
0.20166666666666666,0.07313328,0.010180242
0.20175,0.010854454,0.011412883
0.20183333333333334,0.012880389,0.004535384
0.20191666666666666,0.13217989,0.0055741393
0.202,-0.00085921405,0.0005545122
0.20208333333333334,-0.25107437,0.0041796365
0.20216666666666666,-0.038736854,0.00036432355
0.20225,0.21861397,0.0062336307
0.20233333333333334,-0.063281335,0.010913825
0.20241666666666666,-0.3229418,0.0081202835
0.2025,-0.058301523,0.00241271
0.20258333333333334,0.17555925,0.017295891
0.20266666666666666,-0.08593128,0.0068342923
0.20275,-0.25951287,0.0015497466
0.20283333333333334,0.0029822253,0.00044178922
0.20291666666666666,0.22588508,0.00075396826
0.203,0.08455973,0.011563183
0.20308333333333334,-0.13371658,0.0027391615
0.20316666666666666,-0.077887736,0.0036717136
0.20325,0.09348292,0.010419359
0.20333333333333334,0.10164025,0.0027256107
0.20341666666666666,-0.033853304,0.0034960967
0.2035,-0.12608773,0.002067561
0.20358333333333334,-0.0472936,0.0034954394
0.20366666666666666,0.06439656,0.00077331637
0.20375,0.060465764,0.00033904074
0.20383333333333334,-0.07085113,0.0020231237
0.20391666666666666,-0.16616218,0.0148706725
0.204,-0.057342477,0.004552673
0.20408333333333334,0.11186826,0.0036563533
0.20416666666666666,0.11880979,0.0059535867
0.20425,0.014455837,0.0028297056
0.20433333333333334,-0.012196293,0.00059378427
0.20441666666666666,-0.013557948,0.012609141
0.2045,0.07577894,0.008014599
0.20458333333333334,0.15297775,0.007779051
0.20466666666666666,-0.05779777,0.0010580645
0.20475,-0.25113183,0.001368751
0.20483333333333334,-0.12838474,0.0035666914
0.20491666666666666,0.10624785,0.0021388105
0.205,0.037745878,0.0062911687
0.20508333333333334,-0.16477636,0.00057958905
0.20516666666666666,-0.14745763,0.001115218
0.20525,0.019820597,0.004367846
0.20533333333333334,0.079674095,0.0023451042
0.20541666666666666,-0.007316049,0.0045254747
0.2055,-0.08990168,0.0011713186
0.20558333333333334,-0.026777446,0.001442611
0.20566666666666666,0.16228472,0.010588826
0.20575,0.10311724,0.0037894312
0.20583333333333334,-0.12126298,0.003209203
0.20591666666666666,-0.06252115,0.008311532
0.206,0.20367338,0.004563372
0.20608333333333334,0.11452459,0.004993224
0.20616666666666666,-0.20185634,0.0090519795
0.20625,-0.0047449656,0.00791408
0.20633333333333334,0.3107691,0.0017164391
0.20641666666666666,0.057831448,0.008359982
0.2065,-0.20428105,0.003454468
0.20658333333333334,0.13989627,0.010040604
0.20666666666666667,0.33737814,0.005611937
0.20675,-0.10653221,0.0015777618
0.20683333333333334,-0.31640524,0.002286551
0.20691666666666667,0.07930334,0.005264499
0.207,0.29670492,0.010105336
0.20708333333333334,0.011319669,0.006783913
0.20716666666666667,-0.21428381,0.0015303105
0.20725,0.008800463,0.012982144
0.20733333333333334,0.34371147,0.008328822
0.20741666666666667,0.2649918,0.000788133
0.2075,-0.16682114,0.00469132
0.20758333333333334,-0.24162458,0.002618798
0.20766666666666667,0.18227413,0.003440532
0.20775,0.22482567,0.012437127
0.20783333333333334,-0.24942727,0.011143117
0.20791666666666667,-0.37808746,0.018551556
0.208,0.07475377,0.013245085
0.20808333333333334,0.28769377,0.011256896
0.20816666666666667,-0.11717067,0.00050177675
0.20825,-0.3066584,0.0018008834
0.20833333333333334,0.008644481,0.0043474874
0.20841666666666667,0.113406934,0.009772606
0.2085,-0.09653607,0.007116953
0.20858333333333334,-0.120705925,0.015188176
0.20866666666666667,0.07624903,0.0045377836
0.20875,0.092602685,0.010246275
0.20883333333333334,-0.06955752,0.0001888896
0.20891666666666667,-0.13614832,0.0019982602
0.209,-0.0177361,0.0037943833
0.20908333333333334,0.07997199,0.006192318
0.20916666666666667,-0.052598365,0.0090265395
0.20925,-0.15420054,0.0041502845
0.20933333333333334,-0.024305671,0.0004352579
0.20941666666666667,0.20415168,0.004328771
0.2095,0.061916742,0.0013289358
0.20958333333333334,-0.2297821,0.0031928006
0.20966666666666667,0.0025544392,0.0035951524
0.20975,0.29814243,0.0044939443
0.20983333333333334,-0.022264104,0.005960636
0.20991666666666667,-0.35725936,0.003305069
0.21,-0.057678994,0.0040324354
0.21008333333333334,0.19769168,0.004378225
0.21016666666666667,-0.02310225,0.0026442253
0.21025,-0.127923,0.001679346
0.21033333333333334,0.023816058,0.004390836
0.21041666666666667,0.055325553,0.0033505228
0.2105,-0.014726219,0.004249369
0.21058333333333334,0.019568905,0.002256117
0.21066666666666667,-0.034008533,0.0019700404
0.21075,-0.14318849,0.0022830989
0.21083333333333334,0.045382846,0.0005903521
0.21091666666666667,0.17006959,0.0035839025
0.211,-0.051971205,0.0021628952
0.21108333333333335,-0.112705424,0.0025512858
0.21116666666666667,0.107615076,0.007836749
0.21125,0.08871563,0.002491214
0.21133333333333335,-0.12312929,0.0023074981
0.21141666666666667,-0.030615408,0.0044253166
0.2115,0.14997874,0.0046866722
0.21158333333333335,0.005825108,0.0018845523
0.21166666666666667,-0.08205646,0.0030925933
0.21175,0.20521362,0.0015265079
0.21183333333333335,0.26761198,0.006850802
0.21191666666666667,-0.16335599,0.00265731
0.212,-0.3267525,0.001102101
0.21208333333333335,0.12883465,0.0028246597
0.21216666666666667,0.28089306,0.0045075836
0.21225,-0.21163866,0.0085824635
0.21233333333333335,-0.34294397,0.005012922
0.21241666666666667,0.16702268,0.011225707
0.2125,0.4302853,0.0044385367
0.21258333333333335,-0.021815361,0.00093356776
0.21266666666666667,-0.33853915,0.008663452
0.21275,0.044418845,0.0024871093
0.21283333333333335,0.3598037,0.001556171
0.21291666666666667,0.08160662,0.0001184773
0.213,-0.25556383,0.0024527228
0.21308333333333335,-0.11669984,0.00021643924
0.21316666666666667,0.14446445,0.00199341
0.21325,0.04037799,0.00096512254
0.21333333333333335,-0.15085468,0.004809245
0.21341666666666667,-0.10069578,0.002517337
0.2135,0.02630666,0.00068683876
0.21358333333333332,0.08697629,0.0066059777
0.21366666666666667,0.026166413,0.0054961876
0.21375,-0.027041813,0.0038860117
0.21383333333333332,0.111208186,0.004868078
0.21391666666666667,0.16672716,0.004388456
0.214,-0.06009447,0.0059861448
0.21408333333333332,-0.14007229,0.0029427581
0.21416666666666667,0.08260845,0.0029812017
0.21425,0.11886564,0.00012524087
0.21433333333333332,-0.1950114,0.0010769663
0.21441666666666667,-0.20051076,0.002766422
0.2145,0.21846679,0.007682439
0.21458333333333332,0.207299,0.008110237
0.21466666666666667,-0.1941392,0.0053788046
0.21475,-0.24003771,0.0052198605
0.21483333333333332,0.03914662,0.0020742253
0.21491666666666667,0.12016399,0.00080296607
0.215,-0.060579978,0.0017220554
0.21508333333333332,-0.14318605,0.0011998639
0.21516666666666667,-0.08256893,0.008628437
0.21525,0.06800659,0.0023741324
0.21533333333333332,0.14982502,0.0027138856
0.21541666666666667,0.01807601,0.0040273587
0.2155,-0.19627135,0.00041640314
0.21558333333333332,-0.09030459,0.0010088066
0.21566666666666667,0.25405568,0.003931608
0.21575,0.16207431,0.006060294
0.21583333333333332,-0.21114478,0.00057492504
0.21591666666666667,-0.10135207,0.0008041347
0.216,0.27532646,0.00017162615
0.21608333333333332,0.19028443,0.0050370833
0.21616666666666667,-0.20047332,0.0026535578
0.21625,-0.17369083,0.0070176334
0.21633333333333332,-0.008616824,0.0023288454
0.21641666666666667,-0.08059993,0.0022445687
0.2165,-0.08256385,0.0040520583
0.21658333333333332,0.05347434,0.0033612489
0.21666666666666667,0.023713086,0.011738276
0.21675,-0.10365109,0.0028971953
0.21683333333333332,-0.0126721775,0.0037671179
0.21691666666666667,0.12528864,0.004594094
0.217,0.06224159,0.0074831
0.21708333333333332,-0.12890692,0.0012006914
0.21716666666666667,-0.10967917,0.00255389
0.21725,0.11220827,0.007287062
0.21733333333333332,0.12668037,0.0011547884
0.21741666666666667,-0.06496777,0.00022087172
0.2175,-0.19823124,0.014486429
0.21758333333333332,0.03295891,0.0025166261
0.21766666666666667,0.26688778,0.0075941198
0.21775,-0.028486917,0.010319885
0.21783333333333332,-0.32849663,0.0010822336
0.21791666666666668,-0.017435722,0.015153589
0.218,0.31671342,0.0037107032
0.21808333333333332,0.067189895,0.013092156
0.21816666666666668,-0.20886165,0.0069504566
0.21825,0.022778977,0.0039337487
0.21833333333333332,0.23930912,0.0005239748
0.21841666666666668,-0.033633184,0.0013100121
0.2185,-0.25311622,0.0017797544
0.21858333333333332,-0.046977665,0.0014322167
0.21866666666666668,0.1334575,0.009692141
0.21875,0.034327585,0.00018706535
0.21883333333333332,-0.05668962,0.00064727076
0.21891666666666668,0.030191794,0.0029289501
0.219,0.10024939,0.007926177
0.21908333333333332,0.068927385,0.012146377
0.21916666666666668,-0.022893839,0.003126938
0.21925,-0.0820374,0.010601151
0.21933333333333332,0.014549377,0.0023995403
0.21941666666666668,0.122499265,0.011070253
0.2195,-0.022661805,0.002230445
0.21958333333333332,-0.0975579,0.0043040984
0.21966666666666668,0.115337096,0.0035894962
0.21975,0.22000304,0.008733657
0.21983333333333333,-0.058666002,0.0067776893
0.21991666666666668,-0.23809952,0.0075499956
0.22,0.13923189,0.0034559977
0.22008333333333333,0.25744653,0.009408442
0.22016666666666668,-0.22834326,0.0063643246
0.22025,-0.33136356,0.0027651065
0.22033333333333333,0.19324042,0.01049258
0.22041666666666668,0.31920928,0.002136907
0.2205,-0.26059932,0.012112596
0.22058333333333333,-0.44368693,0.0049847225
0.22066666666666668,0.14208962,0.0040060063
0.22075,0.4589386,0.01170099
0.22083333333333333,-0.000533914,0.009034459
0.22091666666666668,-0.26900265,0.009626582
0.221,0.108130984,0.0038595663
0.22108333333333333,0.347213,0.0023021179
0.22116666666666668,0.124110326,0.0075510987
0.22125,-0.20807584,0.0038837332
0.22133333333333333,-0.2532238,0.004846939
0.22141666666666668,0.08192951,0.00969338
0.2215,0.24735717,0.0067696394
0.22158333333333333,-0.1221062,0.0008223334
0.22166666666666668,-0.29973975,0.005443654
0.22175,0.17587689,0.009127163
0.22183333333333333,0.39482912,0.00052295823
0.22191666666666668,-0.101942845,0.01359183
0.222,-0.36722615,0.0012411993
0.22208333333333333,0.03727755,0.0046580974
0.22216666666666668,0.27543926,0.0014405726
0.22225,-0.110517204,0.0017004897
0.22233333333333333,-0.25654864,0.005714135
0.22241666666666668,0.088467136,0.00066236284
0.2225,0.23783974,0.005628678
0.22258333333333333,-0.009320182,0.011300737
0.22266666666666668,-0.16662884,0.0057419497
0.22275,-0.04274957,0.0016782071
0.22283333333333333,-0.048228346,0.007334773
0.22291666666666668,-0.18120356,0.028540395
0.223,-0.07684416,0.008848102
0.22308333333333333,0.012765182,0.011996841
0.22316666666666668,-0.15162048,0.0029620372
0.22325,-0.17944264,0.003111862
0.22333333333333333,0.04847347,0.0125890365
0.22341666666666668,0.10625589,0.018764032
0.2235,-0.07958254,0.004306541
0.22358333333333333,-0.1503864,0.0029642645
0.22366666666666668,0.078230694,0.0073319846
0.22375,0.21933457,0.0073647415
0.22383333333333333,0.07758239,0.008207791
0.22391666666666668,-0.02871156,0.007908502
0.224,0.030060701,0.0007932895
0.22408333333333333,0.13964292,0.018775236
0.22416666666666665,0.1075494,0.006098593
0.22425,-0.120631725,0.00039904524
0.22433333333333333,-0.22110645,0.0074749663
0.22441666666666665,0.03250117,0.009962874
0.2245,0.1695692,0.006418646
0.22458333333333333,-0.047162913,0.015605155
0.22466666666666665,-0.10125875,0.0070088618
0.22475,0.1104215,0.0005705747
0.22483333333333333,0.08462165,0.011981515
0.22491666666666665,-0.076798744,0.0059476667
0.225,-0.050436553,0.022476938
0.22508333333333333,-0.045466725,0.008080555
0.22516666666666665,-0.10263509,0.011456702
0.22525,0.014640306,0.024752244
0.22533333333333333,0.11071369,0.0009049254
0.22541666666666665,0.010063822,0.008823823
0.2255,-0.009765306,0.006984351
0.22558333333333333,0.10173344,0.002407438
0.22566666666666665,0.010739303,0.006088119
0.22575,-0.16555604,0.006542033
0.22583333333333333,-0.057189524,0.0126896
0.22591666666666665,0.077208035,0.017658837
0.226,-0.06664157,0.0065324255
0.22608333333333333,-0.089392684,0.006925597
0.22616666666666665,0.11326977,0.00688354
0.22625,0.079338215,0.0053209015
0.22633333333333333,-0.10085472,0.010373297
0.22641666666666665,-0.035130918,0.008028283
0.2265,0.060932215,0.012721369
0.22658333333333333,0.009603629,0.006806089
0.22666666666666666,0.06416513,0.011644124
0.22675,0.18671468,0.0064490275
0.22683333333333333,0.09103972,0.007360646
0.22691666666666666,-0.001091692,0.0004944632
0.227,0.1589727,0.00040524348
0.22708333333333333,0.13756852,0.013766817
0.22716666666666666,-0.1781431,0.008939581
0.22725,-0.1775567,0.010862485
0.22733333333333333,0.15885381,0.0034823942
0.22741666666666666,0.1279909,0.0046579535
0.2275,-0.15457097,0.004074165
0.22758333333333333,-0.03668561,0.0007672582
0.22766666666666666,0.1450489,0.00013628577
0.22775,0.0140060475,0.009430184
0.22783333333333333,-0.14227304,0.0038794663
0.22791666666666666,-0.10000858,0.0061242674
0.228,0.0107056415,0.008818472
0.22808333333333333,-0.01183456,0.00407525
0.22816666666666666,-0.05097123,0.005184994
0.22825,0.0028506024,0.016077615
0.22833333333333333,0.018981295,0.0053574955
0.22841666666666666,-0.04044251,0.015658164
0.2285,-0.019451423,0.016877668
0.22858333333333333,0.003221621,0.0030506027
0.22866666666666666,-0.054427445,0.004648443
0.22875,0.00026390498,0.011589415
0.22883333333333333,0.06204019,0.000908212
0.22891666666666666,0.067036636,0.0035212848
0.229,0.05182736,0.0042199492
0.22908333333333333,0.07716954,0.023292266
0.22916666666666666,0.09658092,0.01871026
0.22925,-0.084355585,0.004157757
0.22933333333333333,-0.19676316,0.015686428
0.22941666666666666,-0.008069296,0.007525569
0.2295,0.15836951,0.008736132
0.22958333333333333,-0.031772915,0.00056145794
0.22966666666666666,-0.19497454,0.018074295
0.22975,0.021519722,0.014209019
0.22983333333333333,0.21313451,0.012542112
0.22991666666666666,-0.050808154,0.0016076554
0.23,-0.32681862,0.0052824873
0.23008333333333333,-0.114171766,0.0024223882
0.23016666666666666,0.10044084,0.016636038
0.23025,-0.04365129,0.0025537275
0.23033333333333333,-0.17791243,0.011409854
0.23041666666666666,0.00052367133,0.009529572
0.2305,0.14967228,0.013051342
0.23058333333333333,0.07462226,0.00779892
0.23066666666666666,-0.009770182,0.0073452853
0.23075,-0.05169595,0.0029718366
0.23083333333333333,-0.023416966,0.0033472467
0.23091666666666666,0.089075334,0.0058441334
0.231,0.07781089,0.0044857897
0.23108333333333334,-0.11101396,0.0042042807
0.23116666666666666,-0.08025178,0.009009357
0.23125,0.15336457,0.0041962727
0.23133333333333334,0.07815335,0.0013293523
0.23141666666666666,-0.22240193,0.0032800948
0.2315,-0.21653067,0.0055330545
0.23158333333333334,0.05084135,0.0008165641
0.23166666666666666,0.07512264,0.007950157
0.23175,-0.11497805,0.0038716886
0.23183333333333334,-0.054065935,0.0055383607
0.23191666666666666,0.23201114,0.0015417349
0.232,0.24331489,0.00091678486
0.23208333333333334,-0.02694607,0.011199367
0.23216666666666666,-0.12584531,0.0011368737
0.23225,0.09518119,2.6700467e-05
0.23233333333333334,0.19161738,0.0032809603
0.23241666666666666,-0.07925669,0.0017725077
0.2325,-0.16260363,0.0008322479
0.23258333333333334,0.17251891,0.007426215
0.23266666666666666,0.31889212,0.0019758136
0.23275,-0.042745724,0.007315177
0.23283333333333334,-0.21608649,0.00052804034
0.23291666666666666,-0.007570964,0.0047815437
0.233,0.07780095,0.004014408
0.23308333333333334,-0.07729448,0.0063693887
0.23316666666666666,-0.1572325,0.00067389355
0.23325,0.035609387,0.0067902147
0.23333333333333334,0.154106,0.0051048105
0.23341666666666666,0.081999175,0.0051773367
0.2335,-0.041536797,0.005933663
0.23358333333333334,-0.047734115,0.0017379877
0.23366666666666666,0.0677208,0.007894242
0.23375,0.03801451,0.004343471
0.23383333333333334,-0.09029019,0.0055281133
0.23391666666666666,-0.08156915,0.008681183
0.234,0.07940137,0.0069352896
0.23408333333333334,0.050784107,0.010611953
0.23416666666666666,-0.12712303,0.0036163023
0.23425,0.0088845575,0.011392196
0.23433333333333334,0.13725923,0.0068612304
0.23441666666666666,-0.11245926,0.004009176
0.2345,-0.25521857,0.0051671527
0.23458333333333334,0.063619174,0.0058781453
0.23466666666666666,0.20197932,0.01195617
0.23475,-0.09680934,0.0014081153
0.23483333333333334,-0.1522199,0.008139806
0.23491666666666666,0.15605539,0.00066421134
0.235,0.2522979,0.0059561897
0.23508333333333334,-0.06465527,0.007486693
0.23516666666666666,-0.26258257,0.0027842596
0.23525,0.04967061,0.010921981
0.23533333333333334,0.23398255,0.006472496
0.23541666666666666,-0.06826665,0.0038423934
0.2355,-0.25415444,0.0036800061
0.23558333333333334,-0.043466147,0.003078527
0.23566666666666666,0.12900642,8.028989e-05
0.23575,-0.025256686,0.006082747
0.23583333333333334,-0.15832858,0.0020993485
0.23591666666666666,-0.11734469,0.0133378375
0.236,-0.05559624,0.011519645
0.23608333333333334,-0.059538066,0.0049113417
0.23616666666666666,0.0032659878,0.0135147
0.23625,0.09862003,0.001141398
0.23633333333333334,0.06814689,0.0020586068
0.23641666666666666,0.0427678,0.008230809
0.2365,0.054937653,0.012051374
0.23658333333333334,0.06675485,0.009305837
0.23666666666666666,0.11414845,0.007406337
0.23675,0.016908607,0.0043285745
0.23683333333333334,-0.14390868,0.0040818057
0.23691666666666666,0.01296066,0.002900099
0.237,0.25352737,0.0031557526
0.23708333333333334,-0.005753893,0.0038490111
0.23716666666666666,-0.354049,0.0028268036
0.23725,-0.11405996,0.0066028414
0.23733333333333334,0.26743218,0.0066472096
0.23741666666666666,0.0856431,0.0008325415
0.2375,-0.2893942,0.006310693
0.23758333333333334,-0.14288154,0.0077025825
0.23766666666666666,0.2876464,0.0019984373
0.23775,0.20543534,0.007211965
0.23783333333333334,-0.13954327,0.0026457636
0.23791666666666667,-0.13476911,0.0058764853
0.238,0.07384764,0.0059030843
0.23808333333333334,0.09585902,0.00076372677
0.23816666666666667,-0.0827668,0.00360948
0.23825,-0.08990554,0.0036257117
0.23833333333333334,0.15478536,0.00321605
0.23841666666666667,0.14912406,0.006677523
0.2385,-0.116653636,0.0026430774
0.23858333333333334,-0.08092846,0.00021469506
0.23866666666666667,0.15155308,0.0017942208
0.23875,0.07374966,0.0013771428
0.23883333333333334,-0.18890947,0.00051062193
0.23891666666666667,-0.1670846,0.0049791494
0.239,0.16508454,0.006517471
0.23908333333333334,0.20668378,0.0012683624
0.23916666666666667,-0.12107269,0.0027051452
0.23925,-0.16605677,0.009401907
0.23933333333333334,0.080607235,0.0023728616
0.23941666666666667,0.20989119,0.004378793
0.2395,-0.10664002,0.0038451073
0.23958333333333334,-0.3453163,0.0045498516
0.23966666666666667,0.026789434,0.0005788455
0.23975,0.29617235,0.00937375
0.23983333333333334,0.0078569865,0.007559237
0.23991666666666667,-0.27508143,0.0029673602
0.24,0.00025198853,0.0017639467
0.24008333333333334,0.2458025,0.0028762356
0.24016666666666667,-0.018332085,0.0047760895
0.24025,-0.21193813,0.00037499715
0.24033333333333334,0.06544573,0.01072456
0.24041666666666667,0.28825304,0.0021366354
0.2405,0.0113015175,0.00070237985
0.24058333333333334,-0.16596773,0.008870005
0.24066666666666667,0.0701506,0.001128018
0.24075,0.21694188,0.0009713232
0.24083333333333334,-0.051228672,0.006377697
0.24091666666666667,-0.31223273,0.0038411
0.241,-0.10697653,0.0021402128
0.24108333333333334,0.13897201,0.003659862
0.24116666666666667,-0.055030547,0.0053802743
0.24125,-0.31106707,0.001563029
0.24133333333333334,-0.122687735,0.00025085174
0.24141666666666667,0.22818162,0.00017927962
0.2415,0.11689454,0.002703688
0.24158333333333334,-0.22429556,0.0015521379
0.24166666666666667,-0.13576756,0.001796685
0.24175,0.2311162,0.0025405257
0.24183333333333334,0.1641806,0.0038441222
0.24191666666666667,-0.17175071,0.0024159104
0.242,-0.08206907,0.0006882653
0.24208333333333334,0.2888514,0.0036723823
0.24216666666666667,0.1626214,0.0034921232
0.24225,-0.26973385,0.0029031874
0.24233333333333335,-0.13793543,0.0020747061
0.24241666666666667,0.20921826,0.003940204
0.2425,0.10944449,0.0024102526
0.24258333333333335,-0.15851668,0.003335327
0.24266666666666667,-0.19240253,0.00319635
0.24275,0.09254013,0.004317729
0.24283333333333335,0.3141415,0.0042714505
0.24291666666666667,0.022980394,0.0036955967
0.243,-0.34985438,0.0022794374
0.24308333333333335,-0.10230185,0.0014265354
0.24316666666666667,0.3235251,0.002534766
0.24325,0.09847964,0.0025231843
0.24333333333333335,-0.33996528,0.0036644507
0.24341666666666667,-0.09908888,0.00284436
0.2435,0.36087015,0.0044535873
0.24358333333333335,0.1547297,0.0019032132
0.24366666666666667,-0.25758463,0.0013541987
0.24375,-0.11735214,0.0027557593
0.24383333333333335,0.18194835,0.00036437518
0.24391666666666667,0.03480174,0.0052299188
0.244,-0.26479676,0.001001199
0.24408333333333335,-0.1168431,0.0038967272
0.24416666666666667,0.18325034,0.004387594
0.24425,0.061027702,0.008059111
0.24433333333333335,-0.23093642,0.0021890514
0.24441666666666667,-0.10878694,0.0050317384
0.2445,0.21991119,0.0011150158
0.24458333333333335,0.1884741,0.0056826496
0.24466666666666667,-0.12894386,0.0059405663
0.24475,-0.10152009,0.0059112553
0.24483333333333332,0.29861808,0.0005184325
0.24491666666666667,0.2989732,0.0033502849
0.245,-0.13449343,0.0071881115
0.24508333333333332,-0.20304504,0.0018449822
0.24516666666666667,0.20498498,0.004842401
0.24525,0.23764761,0.0058466173
0.24533333333333332,-0.23959386,0.0050976845
0.24541666666666667,-0.30556914,0.002102699
0.2455,0.13398561,0.004966629
0.24558333333333332,0.2334026,0.003198264
0.24566666666666667,-0.0838575,0.0010894199
0.24575,-0.21811363,0.0033877457
0.24583333333333332,0.014877397,0.0035243444
0.24591666666666667,0.18165445,0.0027709883
0.246,-0.054271642,0.006898461
0.24608333333333332,-0.1896542,0.004017751
0.24616666666666667,0.04988627,0.005863163
0.24625,0.17727888,0.004597728
0.24633333333333332,0.0020174377,0.0058190865
0.24641666666666667,-0.09100922,0.0009772857
0.2465,0.090057604,0.006708983
0.24658333333333332,0.15093839,0.0075537995
0.24666666666666667,-0.103090264,0.0021913117
0.24675,-0.17499456,0.009268118
0.24683333333333332,0.08701084,0.0038061067
0.24691666666666667,0.14220527,0.0025742585
0.247,-0.12384938,0.009163393
0.24708333333333332,-0.19844408,0.001198348
0.24716666666666667,0.019840963,0.0054817563
0.24725,0.09337637,0.009627736
0.24733333333333332,-0.1488226,0.00013227024
0.24741666666666667,-0.2241907,0.0072312215
0.2475,0.03161144,0.004184287
0.24758333333333332,0.15492284,0.0061166636
0.24766666666666667,-0.024104584,0.0010992574
0.24775,-0.07117549,0.0054204194
0.24783333333333332,0.070567146,0.008230392
0.24791666666666667,0.08589794,0.005498195
0.248,-0.07078831,0.007788368
0.24808333333333332,-0.14790379,0.0018753982
0.24816666666666667,-0.048949245,0.0022037467
0.24825,0.058648087,0.00040131822
0.24833333333333332,0.039283067,0.0065662866
0.24841666666666667,-0.011680822,0.0038525725
0.2485,0.037014678,0.00026388644
0.24858333333333332,0.093690045,0.008167459
0.24866666666666667,0.0109741585,0.0052931635
0.24875,-0.052656636,0.0031430037
0.24883333333333332,-0.042101048,0.0036805884
0.24891666666666667,-0.059777576,0.0024116829
0.249,-0.062907144,0.002102071
0.24908333333333332,-0.024004068,0.003254325
0.24916666666666668,-0.024103645,0.0070357616
0.24925,0.035636194,0.009692357
0.24933333333333332,0.10927837,0.00079224946
0.24941666666666668,-0.012054268,0.0097305095
0.2495,-0.102467775,0.00052015093
0.24958333333333332,0.023186147,0.01255783
0.24966666666666668,0.068647735,0.010261411
0.24975,-0.12350143,0.0020707564
0.24983333333333332,-0.059180852,0.0048866626
0.24991666666666668,0.26708582,0.0048519177
0.25,0.1437649,0.00066408335
0.2500833333333333,-0.22648391,0.005039526
0.25016666666666665,-0.0899046,0.001018486
0.25025,0.27473807,0.0041466467
0.25033333333333335,0.14280732,0.0017111971
0.2504166666666667,-0.1907058,0.004849537
0.2505,-0.04631787,0.0059466073
0.2505833333333333,0.25767213,0.012375875
0.25066666666666665,0.11504118,0.0015086168
0.25075,-0.1418265,0.0031204075
0.25083333333333335,-0.080277056,0.0058628004
0.2509166666666667,0.07142226,0.004039085
0.251,0.03995833,0.0014226579
0.2510833333333333,-0.04227883,0.00438882
0.25116666666666665,-0.04246299,0.0066571673
0.25125,0.004310175,0.005248284
0.25133333333333335,0.034140185,0.0070987213
0.2514166666666667,0.092270166,0.0062470813
0.2515,0.068989076,0.0034023449
0.2515833333333333,-0.0797084,0.0019198892
0.25166666666666665,-0.07466619,0.004231048
0.25175,0.033421602,0.004017724
0.25183333333333335,-0.061241508,0.0022008624
0.2519166666666667,-0.13485943,0.0061253128
0.252,0.009648613,0.0033971306
0.2520833333333333,0.111559674,0.0027308282
0.25216666666666665,0.012429515,0.0067590964
0.25225,-0.038445286,0.013005216
0.25233333333333335,0.051781856,0.006901295
0.2524166666666667,0.04347821,0.008267151
0.2525,-0.08126273,0.0017361253
0.2525833333333333,-0.061240986,0.0049982504
0.25266666666666665,0.067923166,0.0032961082
0.25275,-0.005817494,0.0011545871
0.25283333333333335,-0.067328334,0.0027421392
0.2529166666666667,0.10103645,0.0025789526
0.253,0.11629366,0.001573457
0.2530833333333333,-0.08271409,0.002923322
0.25316666666666665,-0.107916586,0.005049882
0.25325,0.094256125,0.007046852
0.25333333333333335,0.017823456,0.013709457
0.2534166666666667,-0.13256797,0.0024252695
0.2535,0.055194438,0.009494333
0.2535833333333333,0.09382183,0.0037254782
0.25366666666666665,-0.13962445,0.0080406135
0.25375,-0.16470033,0.00055548217
0.25383333333333336,0.08524008,0.012190062
0.2539166666666667,0.020587787,0.0031649966
0.254,-0.2715327,0.0020300057
0.2540833333333333,-0.03337775,0.01272004
0.25416666666666665,0.33742055,0.0047139684
0.25425,0.12995599,0.003100136
0.25433333333333336,-0.23322125,0.0038245246
0.2544166666666667,-0.047947,0.0021738687
0.2545,0.28892905,0.0196821
0.25458333333333333,0.07216907,0.008612952
0.25466666666666665,-0.33319336,0.0002740902
0.25475,-0.19195086,0.013701461
0.25483333333333336,0.24910465,0.0007236277
0.2549166666666667,0.2025619,0.010971441
0.255,-0.14220706,0.009135354
0.25508333333333333,-0.17054945,0.0030649358
0.25516666666666665,0.048758347,0.0070911725
0.25525,0.13619664,0.0018507486
0.25533333333333336,-0.045329366,0.001456901
0.2554166666666667,-0.19886872,0.003780895
0.2555,-0.079756476,0.0039965967
0.25558333333333333,0.1062632,0.0014888857
0.25566666666666665,0.09658749,0.0027267581
0.25575,-0.01854317,0.004736042
0.25583333333333336,0.019840945,0.0036872244
0.2559166666666667,0.18005243,0.02232445
0.256,0.15141548,0.0037059719
0.25608333333333333,-0.070282035,0.0019910496
0.25616666666666665,-0.11255256,0.0007805965
0.25625,0.02553369,0.0079985205
0.25633333333333336,0.07270296,0.00051128416
0.2564166666666667,0.03874038,0.003555946
0.2565,-0.027469143,0.008056432
0.25658333333333333,-0.066487044,3.7276814e-07
0.25666666666666665,-0.072847575,0.007549387
0.25675,-0.05498681,0.0027436488
0.25683333333333336,-0.033532407,0.0063692806
0.2569166666666667,-0.056073893,0.0038931808
0.257,-0.014836805,0.00356944
0.25708333333333333,0.07524218,0.0010520538
0.25716666666666665,0.055999774,0.007399603
0.25725,-0.0002511426,0.005834325
0.25733333333333336,0.035409756,0.0050086854
0.2574166666666667,0.057425383,0.0020310564
0.2575,-0.028712371,0.002501177
0.25758333333333333,-0.08831765,0.006476321
0.25766666666666665,-0.07081684,0.021830404
0.25775,-0.00853652,0.0010446422
0.25783333333333336,0.10498054,0.016616954
0.2579166666666667,0.13818964,0.013085709
0.258,0.012969556,0.008062537
0.25808333333333333,-0.028016172,0.0067598075
0.25816666666666666,0.11030694,0.0021968128
0.25825,0.07022601,0.000993139
0.25833333333333336,-0.1667255,0.0005393744
0.2584166666666667,-0.18106131,0.0036714766
0.2585,0.05352028,0.011492568
0.25858333333333333,0.11984585,0.0030194602
0.25866666666666666,-0.02969102,0.00040313537
0.25875,-0.103616014,0.008619395
0.25883333333333336,-0.0646002,0.007076454
0.2589166666666667,0.00454699,0.0045165503
0.259,0.04044811,0.011061438
0.25908333333333333,-0.03765604,0.0051983595
0.25916666666666666,-0.18872689,0.007651917
0.25925,-0.085119665,0.012309975
0.25933333333333336,0.1852467,0.0013766108
0.2594166666666667,0.12676802,0.00069381355
0.2595,-0.06867618,0.0061425515
0.25958333333333333,-0.011143732,0.008040851
0.25966666666666666,0.1283663,0.005643549
0.25975,0.057855517,0.0035280576
0.25983333333333336,-0.048924945,0.0046016006
0.2599166666666667,0.04541186,0.006396256
0.26,0.1109258,0.008046349
0.26008333333333333,0.0714824,0.0020761043
0.26016666666666666,0.057087418,0.0076462985
0.26025,0.04318855,0.00057440856
0.26033333333333336,-0.03115728,0.0039561796
0.2604166666666667,-0.07124625,0.01014417
0.2605,-0.09817261,0.00421743
0.26058333333333333,-0.10310475,0.00094598526
0.26066666666666666,-0.012221814,0.0007839345
0.26075,0.04307981,0.007994317
0.2608333333333333,0.038640596,0.004456662
0.2609166666666667,0.004840168,0.00010843727
0.261,0.027175466,0.003961107
0.26108333333333333,0.09708796,0.013037745
0.26116666666666666,0.0056333523,0.013329905
0.26125,-0.16619577,0.007716584
0.2613333333333333,-0.11142084,0.004177492
0.2614166666666667,0.046990465,0.013582629
0.2615,0.004352591,0.0026741566
0.26158333333333333,-0.104654975,0.0014359972
0.26166666666666666,-0.09730613,0.0057581826
0.26175,0.025745628,0.01206168
0.2618333333333333,0.063795626,0.007262867
0.2619166666666667,-0.17867087,0.003681875
0.262,-0.32792437,0.0058010346
0.26208333333333333,0.07750939,0.0033234265
0.26216666666666666,0.3585518,0.0051937574
0.26225,-0.054353107,0.0003831019
0.2623333333333333,-0.29455686,0.0068505853
0.2624166666666667,0.18996252,0.00013483132
0.2625,0.39896488,0.0032341117
0.26258333333333334,-0.13151231,0.001251105
0.26266666666666666,-0.35533193,0.006701929
0.26275,0.15487806,0.0035707257
0.2628333333333333,0.35769233,0.0035975361
0.2629166666666667,-0.057163175,0.0013870357
0.263,-0.15921041,0.0059807072
0.26308333333333334,0.19403177,0.0012608301
0.26316666666666666,0.20920028,0.004793743
0.26325,-0.18101184,0.0034907435
0.2633333333333333,-0.28917202,0.0060461652
0.2634166666666667,-0.014792659,0.0039384444
0.2635,0.09934918,0.006835445
0.26358333333333334,-0.11812697,0.0016045177
0.26366666666666666,-0.15626715,0.003708737
0.26375,0.14710577,0.0028269293
0.2638333333333333,0.255502,0.0014739509
0.2639166666666667,-0.01824491,0.0049918666
0.264,-0.1975296,0.00019362016
0.26408333333333334,0.041883245,0.001954927
0.26416666666666666,0.22751845,0.007047278
0.26425,-0.080567196,0.003107942
0.2643333333333333,-0.2298448,0.008033806
0.2644166666666667,0.14422466,0.0016270971
0.2645,0.31939423,0.0007063754
0.26458333333333334,-0.098745294,0.004668481
0.26466666666666666,-0.32833034,0.0013659089
0.26475,0.062506095,0.00028056922
0.2648333333333333,0.21972814,0.0054837307
0.2649166666666667,-0.21815354,0.0012924004
0.265,-0.3452426,0.0002123564
0.26508333333333334,0.13436553,0.004567179
0.26516666666666666,0.3669961,0.0022839692
0.26525,0.0070920307,0.0011155836
0.2653333333333333,-0.19675697,0.00038259896
0.2654166666666667,0.14265543,0.00013373708
0.2655,0.28565896,0.004578747
0.26558333333333334,-0.12177301,0.010787833
0.26566666666666666,-0.22580653,0.007792704
0.26575,0.17602137,0.005175638
0.2658333333333333,0.26011458,0.00066459796
0.2659166666666667,-0.03269413,0.00061142317
0.266,-0.066368364,0.0038138311
0.26608333333333334,0.10223588,0.002359178
0.26616666666666666,0.03437028,0.001969273
0.26625,-0.19491899,0.004125757
0.2663333333333333,-0.21678169,0.0013841938
0.2664166666666667,-0.07426138,0.0007263877
0.2665,-0.003333655,0.0034183857
0.26658333333333334,-0.013713495,0.0046177967
0.26666666666666666,-0.03488532,0.003127336
0.26675,0.04495119,0.0023502246
0.2668333333333333,0.119234435,1.9227173e-05
0.2669166666666667,-0.03403063,0.0007593173
0.267,-0.23034668,0.007713059
0.26708333333333334,-0.007103041,0.005284895
0.26716666666666666,0.21014805,0.010479281
0.26725,-0.029500084,0.0011089384
0.2673333333333333,-0.17800473,0.006288818
0.2674166666666667,0.08719527,0.0007861262
0.2675,0.2703046,0.0054621873
0.26758333333333334,-0.012757653,0.00012949294
0.26766666666666666,-0.25960588,0.00650318
0.26775,-0.083065614,0.0019095689
0.2678333333333333,0.1265096,0.0069195223
0.2679166666666667,0.015546809,0.009089505
0.268,-0.13254476,0.0031472954
0.26808333333333334,-0.029467981,0.00015311717
0.26816666666666666,0.09538164,0.004969965
0.26825,0.078672804,0.011751978
0.2683333333333333,-0.026223172,0.008277028
0.2684166666666667,-0.11562423,0.0028573317
0.2685,-0.09167489,0.008215096
0.26858333333333334,-0.010024748,0.0031093615
0.26866666666666666,0.01875862,0.006286575
0.26875,-0.03687062,0.0042831283
0.2688333333333333,-0.0053410283,0.0006178539
0.2689166666666667,0.049657073,4.0816154e-05
0.269,-0.05220509,0.00369319
0.26908333333333334,-0.034755964,0.0018449754
0.26916666666666667,0.09711371,0.00524752
0.26925,-0.060126957,0.0025760424
0.2693333333333333,-0.28214303,0.007949444
0.2694166666666667,0.010819699,0.0022947148
0.2695,0.37234664,0.0013383884
0.26958333333333334,0.10714387,0.0026024627
0.26966666666666667,-0.21652028,0.0013216615
0.26975,0.038995236,0.0032223961
0.2698333333333333,0.31449422,0.012460399
0.2699166666666667,0.03368951,0.004645313
0.27,-0.26515597,0.0012141211
0.27008333333333334,-0.0717788,0.016227612
0.27016666666666667,0.17637065,0.0052205916
0.27025,0.046113476,0.0025210509
0.2703333333333333,-0.13193983,0.0067220116
0.2704166666666667,-0.027805692,0.0031477073
0.2705,0.10211723,0.01603844
0.27058333333333334,0.0071056252,0.012332071
0.27066666666666667,-0.073110156,0.008457651
0.27075,0.036836408,0.013868868
0.2708333333333333,0.113847904,0.00092040014
0.27091666666666664,0.06491436,0.0061927647
0.271,0.03907249,0.005234761
0.27108333333333334,0.07890527,0.010884948
0.27116666666666667,0.11834725,0.01292745
0.27125,0.06891576,0.007934063
0.2713333333333333,-0.113059565,0.00045753137
0.27141666666666664,-0.09490613,0.0028974945
0.2715,0.17702645,0.0033875955
0.27158333333333334,0.17437905,0.0032162948
0.27166666666666667,-0.083836176,0.0017709159
0.27175,-0.14582533,0.00161262
0.2718333333333333,0.07504374,0.004812123
0.27191666666666664,0.15543401,0.011916394
0.272,-0.17454821,0.00014890771
0.27208333333333334,-0.3045014,0.0012897276
0.27216666666666667,0.036293622,0.0009414364
0.27225,0.108584985,0.005234404
0.2723333333333333,-0.1408989,0.006532536
0.27241666666666664,-0.11073302,0.0047042216
0.2725,0.1343182,0.015981926
0.27258333333333334,0.031094268,0.0028522098
0.27266666666666667,-0.2118382,0.0010108544
0.27275,-0.005201962,0.0061883396
0.2728333333333333,0.11476045,0.004828932
0.27291666666666664,-0.12859888,0.00029214413
0.273,-0.14415284,0.008631544
0.27308333333333334,0.13722435,0.007317896
0.27316666666666667,0.12652211,0.007372499
0.27325,-0.14046879,0.011177756
0.2733333333333333,-0.07441816,0.00069822965
0.27341666666666664,0.08877048,0.003019297
0.2735,0.0010785965,0.0019981123
0.27358333333333335,-0.07823919,0.0118396785
0.27366666666666667,0.024786305,0.0013334943
0.27375,0.095684625,0.01882673
0.2738333333333333,0.030937156,0.016082907
0.27391666666666664,0.058842454,0.004947031
0.274,0.096759334,0.001102865
0.27408333333333335,0.018406209,0.0012906607
0.27416666666666667,-0.03604149,0.0024364882
0.27425,-0.081154734,0.0049309605
0.2743333333333333,-0.08286885,0.0073961457
0.27441666666666664,-0.06542686,0.011068013
0.2745,-0.052034676,0.013301075
0.27458333333333335,-0.05084803,0.010930399
0.27466666666666667,-0.119157575,0.0050580143
0.27475,-0.12802844,0.006721865
0.2748333333333333,0.012965405,0.00071107055
0.27491666666666664,0.059822384,0.0007843121
0.275,-0.12609182,0.008989638
0.27508333333333335,-0.18947554,0.0020724938
0.27516666666666667,0.07003354,0.009732116
0.27525,0.26759458,0.008700637
0.2753333333333333,0.04559457,0.0021992852
0.27541666666666664,-0.23688519,0.005272905
0.2755,-0.015868459,0.0030239879
0.27558333333333335,0.28387764,0.0022030636
0.27566666666666667,0.059618853,0.0020161325
0.27575,-0.2177295,0.00092647236
0.2758333333333333,-0.114816524,0.0054886006
0.27591666666666664,0.14908725,0.009448795
0.276,0.106813885,0.000102181926
0.27608333333333335,-0.0790335,0.0018644632
0.27616666666666667,-0.061782,0.00020049926
0.27625,0.044919576,0.000515754
0.2763333333333333,0.089890055,0.004845261
0.27641666666666664,-0.032470502,0.0032868867
0.2765,-0.08592071,0.0035044758
0.27658333333333335,0.031726405,0.0071422057
0.27666666666666667,0.059533045,0.0057282373
0.27675,-0.010013476,0.0020574848
0.2768333333333333,0.0738183,0.0016317856
0.27691666666666664,0.21501878,0.0038392674
0.277,0.09166523,0.0059401067
0.27708333333333335,-0.082529664,0.0041455976
0.2771666666666667,0.026300961,0.004192546
0.27725,0.20427552,0.0075392188
0.2773333333333333,0.078249276,0.005568027
0.27741666666666664,-0.11611421,0.0018611528
0.2775,0.0014251204,0.001214707
0.27758333333333335,0.12295507,0.001789013
0.2776666666666667,0.009664503,0.0065187025
0.27775,-0.11523022,0.0065265843
0.2778333333333333,-0.103433475,0.0006491087
0.27791666666666665,0.0064520724,0.0050305836
0.278,0.03384098,0.0004222588
0.27808333333333335,0.0073159025,0.00800586
0.2781666666666667,-0.0782896,0.008534983
0.27825,-0.02292426,0.003800071
0.2783333333333333,0.108090445,0.00049681455
0.27841666666666665,0.025957366,0.00062340876
0.2785,-0.13943599,0.0061728386
0.27858333333333335,-0.07930776,0.001990891
0.2786666666666667,0.08806842,0.0022520588
0.27875,0.1116599,0.010081657
0.2788333333333333,-0.031244965,0.003174363
0.27891666666666665,-0.12591374,0.003678494
0.279,0.051618073,0.011901628
0.27908333333333335,0.16970477,0.001950665
0.2791666666666667,-0.006956361,0.0074512055
0.27925,-0.16753669,0.0055207685
0.2793333333333333,-0.045327984,0.004177321
0.27941666666666665,0.111717895,0.009167926
0.2795,-0.054244187,0.00068028027
0.27958333333333335,-0.27359527,0.0007052988
0.2796666666666667,-0.08727144,0.0016917989
0.27975,0.12640372,0.0005575828
0.2798333333333333,-0.0717981,0.00072646386
0.27991666666666665,-0.25835663,0.006756556
0.28,-0.070608914,0.00026972493
0.28008333333333335,0.18521796,0.00087546674
0.2801666666666667,0.09570641,0.000281812
0.28025,-0.18279104,0.0015815755
0.2803333333333333,-0.057259366,0.0069996356
0.28041666666666665,0.31252062,0.0044819615
0.2805,0.14552405,0.0037700692
0.28058333333333335,-0.2689942,0.005967499
0.2806666666666667,-0.1667374,0.0019683803
0.28075,0.23228757,0.004683183
0.2808333333333333,0.20596778,0.0024309093
0.28091666666666665,-0.22729012,0.0031193842
0.281,-0.20545825,0.0061159316
0.28108333333333335,0.28632346,0.0007962193
0.2811666666666667,0.21065678,0.006838082
0.28125,-0.37941727,0.0099941455
0.2813333333333333,-0.31213078,0.0012301874
0.28141666666666665,0.2551784,0.0048893066
0.2815,0.1985914,0.0030990804
0.28158333333333335,-0.28176254,0.004783261
0.2816666666666667,-0.26338226,0.0007182552
0.28175,0.20220746,0.008787068
0.2818333333333333,0.2504757,0.0018809761
0.28191666666666665,-0.14954972,0.004986354
0.282,-0.2001463,0.0057797134
0.28208333333333335,0.11783393,0.0006298814
0.2821666666666667,0.1786502,0.0065391837
0.28225,-0.09657731,0.0050604697
0.2823333333333333,-0.13626868,0.0038225742
0.28241666666666665,0.115172066,0.0003961437
0.2825,0.13659655,0.0026503145
0.28258333333333335,-0.038951024,0.006380085
0.2826666666666667,-0.091548964,0.0013701826
0.28275,0.013513459,0.0037182935
0.2828333333333333,0.017664611,0.014068084
0.28291666666666665,-0.10524925,0.008499978
0.283,-0.10488508,0.008616839
0.28308333333333335,0.056551997,0.0060627414
0.2831666666666667,0.15460704,0.0074249273
0.28325,0.034242373,0.0067259045
0.2833333333333333,-0.06688783,0.000873235
0.28341666666666665,0.05864729,0.0006304265
0.2835,0.21506661,0.0018618908
0.28358333333333335,0.045398552,0.011092413
0.2836666666666667,-0.13757636,0.0055645932
0.28375,0.058828626,1.9434876e-05
0.2838333333333333,0.16265054,0.0071569704
0.28391666666666665,-0.08015881,0.0030803916
0.284,-0.14392276,0.006614751
0.28408333333333335,0.110013224,0.0028967317
0.2841666666666667,0.11077527,0.0028622246
0.28425,-0.13898662,0.005788699
0.2843333333333333,-0.12894213,0.0010225953
0.28441666666666665,0.13509426,0.0056209555
0.2845,0.13398845,0.003561468
0.28458333333333335,-0.154887,0.0030070955
0.2846666666666667,-0.12125099,0.0050684894
0.28475,0.20372647,0.0024829383
0.2848333333333333,0.13598342,0.0003897185
0.28491666666666665,-0.14699963,0.0026374245
0.285,-0.110691324,0.0007722826
0.28508333333333336,0.084497355,0.0047172415
0.2851666666666667,0.081622474,0.007826638
0.28525,0.03055142,0.0040220027
0.2853333333333333,0.009612183,0.001805509
0.28541666666666665,-0.09827388,0.0009727618
0.2855,-0.092218384,0.0013949635
0.28558333333333336,0.079406634,0.0003434219
0.2856666666666667,0.10083068,0.0023016965
0.28575,-0.10869857,0.0005595112
0.28583333333333333,-0.17640331,0.0062177614
0.28591666666666665,0.023609508,0.00050782494
0.286,0.10166629,0.00094152073
0.28608333333333336,-0.027374761,0.006210308
0.2861666666666667,-0.052113004,0.0047105676
0.28625,0.010613438,0.0011995803
0.28633333333333333,-0.019367041,0.0013909285
0.28641666666666665,-0.0060673873,0.00030894412
0.2865,0.07720795,0.0058273133
0.28658333333333336,-0.010721346,0.008122477
0.2866666666666667,-0.14842968,0.0036411209
0.28675,0.0021607117,0.0076887193
0.28683333333333333,0.20443441,0.007059705
0.28691666666666665,0.054753177,0.0050415318
0.287,-0.21998994,0.0029020724
0.28708333333333336,-0.15526433,0.011643142
0.2871666666666667,0.12438229,0.0050397464
0.28725,0.12670806,0.0011738109
0.28733333333333333,-0.15515696,0.0012386274
0.28741666666666665,-0.20391853,0.0016538883
0.2875,0.053387277,0.001019894
0.28758333333333336,0.15105024,0.0003101022
0.2876666666666667,-0.018011626,0.0025065346
0.28775,-0.16890232,0.0011096575
0.28783333333333333,-0.12841731,0.0040263836
0.28791666666666665,0.016842315,0.005936543
0.288,0.099095084,0.0023497178
0.28808333333333336,0.006013198,0.011951594
0.2881666666666667,-0.14768133,0.0008535534
0.28825,-0.10110442,0.005484872
0.28833333333333333,0.14876284,0.0009437022
0.28841666666666665,0.1788367,0.0003738164
0.2885,-0.1537283,0.0013130982
0.28858333333333336,-0.2704158,0.0044937935
0.2886666666666667,0.105233684,0.0038162412
0.28875,0.29806355,0.008118571
0.28883333333333333,0.011024943,0.0022236274
0.28891666666666665,-0.18913424,0.0066170017
0.289,0.10938067,0.008301642
0.28908333333333336,0.33225334,0.0021460126
0.2891666666666667,-0.02197756,0.0013322307
0.28925,-0.29828346,0.004118392
0.28933333333333333,-0.006916471,0.003368936
0.28941666666666666,0.17826997,0.0013663666
0.2895,-0.0841645,0.0032723474
0.28958333333333336,-0.20650457,0.0059681414
0.2896666666666667,0.025081014,0.0030260212
0.28975,0.18945524,0.005566323
0.28983333333333333,0.028351963,0.00275149
0.28991666666666666,-0.13665831,0.0029180467
0.29,-0.05336368,0.0032577182
0.29008333333333336,0.09442144,0.0041275644
0.2901666666666667,0.07692972,0.002505914
0.29025,-0.04808571,0.0016429602
0.29033333333333333,-0.048940025,0.0005392504
0.29041666666666666,0.15367095,0.0002654682
0.2905,0.23299214,0.0043046107
0.29058333333333336,-0.037055083,0.007687983
0.2906666666666667,-0.14211643,0.004453165
0.29075,0.121887185,0.0063731177
0.29083333333333333,0.11984194,0.005821515
0.29091666666666666,-0.2433922,0.0015043713
0.291,-0.30895218,0.006730379
0.29108333333333336,0.14404146,0.003977526
0.2911666666666667,0.25119945,0.0056527867
0.29125,-0.23512466,0.0048268293
0.29133333333333333,-0.29946032,0.000979952
0.29141666666666666,0.2340323,0.00093462935
0.2915,0.329563,0.007549184
0.29158333333333336,-0.19402151,0.0005368283
0.2916666666666667,-0.30548084,0.004145958
0.29175,0.18391259,0.0048233373
0.29183333333333333,0.370058,0.007200905
0.29191666666666666,0.005549802,0.00015089581
0.292,-0.17941959,0.00042105487
0.2920833333333333,0.1531926,0.003173653
0.2921666666666667,0.2914933,0.0010181542
0.29225,-0.014269339,0.0070671192
0.29233333333333333,-0.24124433,0.0022927164
0.29241666666666666,-0.10047838,0.011829812
0.2925,0.09435029,0.008040924
0.2925833333333333,-0.009248105,0.002432733
0.2926666666666667,-0.21101904,0.0011535881
0.29275,-0.10528478,0.0023427512
0.29283333333333333,0.123565845,0.006189493
0.29291666666666666,0.052048422,0.004009681
0.293,-0.22029187,0.008300153
0.2930833333333333,-0.16019996,0.004735139
0.2931666666666667,0.21695049,0.0041986676
0.29325,0.14850572,0.007182211
0.29333333333333333,-0.16694131,0.000588195
0.29341666666666666,-0.010695447,0.0010652841
0.2935,0.24159727,0.008387451
0.2935833333333333,0.004308249,0.002247648
0.2936666666666667,-0.30282834,0.0007900923
0.29375,-0.1530053,0.0012784027
0.29383333333333334,0.08475599,0.0029774236
0.29391666666666666,-0.033706933,0.0010181185
0.294,-0.24875335,0.007494953
0.2940833333333333,-0.091115974,0.007867224
0.2941666666666667,0.26282656,0.002496382
0.29425,0.18748976,0.007895613
0.29433333333333334,-0.19101007,0.0024625622
0.29441666666666666,-0.15720622,0.001968826
0.2945,0.2228523,0.0095100105
0.2945833333333333,0.18845595,0.000104921324
0.2946666666666667,-0.21353048,0.00026458543
0.29475,-0.20490427,0.0008328899
0.29483333333333334,0.2893942,0.0015767034
0.29491666666666666,0.36843723,0.00517325
0.295,-0.14718923,0.0016696046
0.2950833333333333,-0.33840516,0.007913725
0.2951666666666667,0.0437335,0.0030095244
0.29525,0.24266146,0.0002361708
0.29533333333333334,-0.09026984,0.0071689
0.29541666666666666,-0.30946222,0.0014952952
0.2955,-0.073511675,0.005507405
0.2955833333333333,0.1638929,0.0022183992
0.2956666666666667,0.0065255584,0.001948668
0.29575,-0.2432102,0.0038584783
0.29583333333333334,-0.14649907,0.00024116779
0.29591666666666666,0.114171855,0.005466925
0.296,0.1266923,0.0033968587
0.2960833333333333,-0.06360756,0.006262452
0.2961666666666667,-0.06665017,0.002826496
0.29625,0.19879606,0.0019567264
0.29633333333333334,0.2876059,0.0009609674
0.29641666666666666,0.011536651,0.0011269541
0.2965,-0.16107333,0.0018753419
0.2965833333333333,0.09710683,0.0059690694
0.2966666666666667,0.1799873,0.00458699
0.29675,-0.17549017,0.001383196
0.29683333333333334,-0.24674526,0.00054615457
0.29691666666666666,0.15212356,0.00058114284
0.297,0.3025091,0.0023118898
0.2970833333333333,-0.010017811,0.005936953
0.2971666666666667,-0.1673976,0.0044413507
0.29725,0.05339787,0.006640052
0.29733333333333334,0.10542436,0.004257911
0.29741666666666666,-0.12631695,0.008423887
0.2975,-0.14912447,0.0023673214
0.2975833333333333,0.012867993,0.013408126
0.2976666666666667,0.027235026,0.0005592664
0.29775,0.02491487,0.0009869708
0.29783333333333334,0.035197567,0.0054879743
0.29791666666666666,-0.11215225,0.00025618236
0.298,-0.16226824,0.00060019584
0.2980833333333333,0.052598923,0.015671652
0.2981666666666667,0.07602625,0.008168423
0.29825,-0.14113979,0.0041050096
0.29833333333333334,-0.087641135,0.0057673994
0.29841666666666666,0.24103843,0.010695817
0.2985,0.22353885,0.011086616
0.2985833333333333,-0.0589199,0.0014953675
0.2986666666666667,0.020380493,0.0015641334
0.29875,0.14151306,0.012487639
0.29883333333333334,-0.12607059,0.010766413
0.29891666666666666,-0.18060476,0.009787605
0.299,0.119607046,0.00034480882
0.2990833333333333,0.12788393,0.01554549
0.2991666666666667,-0.005399179,0.013156425
0.29925,0.07154115,0.00814138
0.29933333333333334,0.13340844,0.0020860666
0.29941666666666666,0.090947114,3.2314358e-05
0.2995,-0.016939823,0.0018465649
0.2995833333333333,-0.10996021,0.002381577
0.2996666666666667,-0.15424766,0.009226919
0.29975,-0.037582517,0.002516432
0.29983333333333334,0.103624515,0.012127306
0.29991666666666666,-0.017827397,0.0075212307
0.3,-0.17827146,0.005518777
0.3000833333333333,-0.01682743,0.010647216
0.3001666666666667,0.14153539,0.0077200118
0.30025,-0.043178953,0.017589552
0.30033333333333334,-0.15671161,0.017936667
0.30041666666666667,-0.040061373,0.011511033
0.3005,0.02805358,0.019626033
0.3005833333333333,-0.010557378,0.0077984026
0.3006666666666667,0.017680872,0.0071211783
0.30075,0.018072471,0.00759275
0.30083333333333334,-0.14518557,0.013873956
0.30091666666666667,-0.14460099,0.0034027055
0.301,-0.017120814,0.0039620968
0.3010833333333333,-0.07865064,0.0016842905
0.3011666666666667,-0.165164,0.008734965
0.30125,-0.032265563,0.0034923074
0.30133333333333334,0.091048084,0.000868475
0.30141666666666667,0.111768715,0.0073628197
0.3015,0.060629107,0.00363212
0.3015833333333333,-0.03603481,0.0029150464
0.3016666666666667,-0.112602666,0.003191901
0.30175,-0.03424115,0.009081425
0.30183333333333334,0.11902092,0.021415573
0.30191666666666667,-0.003536668,0.001295208
0.302,-0.16483958,0.0020485767
0.3020833333333333,0.04476902,0.0013477873
0.30216666666666664,0.25736222,0.007223289
0.30225,0.062575005,0.00043308063
0.30233333333333334,-0.14609747,0.007878506
0.30241666666666667,-0.032849822,0.010602339
0.3025,0.083536714,0.026147032
0.3025833333333333,-0.017721837,0.0023215446
0.30266666666666664,-0.10092909,0.013759972
0.30275,0.04240656,0.0060503627
0.30283333333333334,0.08890665,7.2332674e-05
0.30291666666666667,-0.009342598,0.015152132
0.303,0.051948443,0.016393617
0.3030833333333333,0.107047915,0.014616226
0.30316666666666664,0.01411976,0.023593774
0.30325,-0.049635872,0.0090564
0.30333333333333334,0.03825605,0.012100818
0.30341666666666667,0.09043084,0.00091553124
0.3035,0.004183337,0.0056292396
0.3035833333333333,-0.050693683,9.815192e-05
0.30366666666666664,-0.040004797,0.0062578125
0.30375,-0.010951719,0.003140941
0.30383333333333334,0.060576566,0.0087863915
0.30391666666666667,0.06348395,0.010259035
0.304,-0.07376151,0.0026573795
0.3040833333333333,-0.12022229,0.01938858
0.30416666666666664,0.1375299,0.009611311
0.30425,0.29121253,0.005347577
0.30433333333333334,-0.056482278,0.0075898943
0.30441666666666667,-0.31222644,0.0029239135
0.3045,0.1134733,0.0074906484
0.3045833333333333,0.37173867,0.011081179
0.30466666666666664,-0.1603573,0.0024202156
0.30475,-0.37675092,0.011281349
0.30483333333333335,0.19796559,0.0006956293
0.30491666666666667,0.399362,0.010260241
0.305,-0.11404079,0.008792498
0.3050833333333333,-0.28988886,0.0047279014
0.30516666666666664,0.08518343,0.013640924
0.30525,0.13170877,0.015545089
0.30533333333333335,-0.1580285,0.004014026
0.30541666666666667,-0.183417,0.0027740512
0.3055,-0.095826656,1.6601909e-05
0.3055833333333333,-0.059381496,0.0003919577
0.30566666666666664,0.10267237,0.008933421
0.30575,0.17206766,0.007561392
0.30583333333333335,-0.12000088,0.0034132916
0.30591666666666667,-0.23191568,0.017801207
0.306,0.10747453,0.0053171786
0.3060833333333333,0.17659695,0.00632478
0.30616666666666664,-0.14278333,0.0055235866
0.30625,-0.22274575,0.0010621595
0.30633333333333335,0.036655802,0.005978285
0.30641666666666667,0.21233149,0.0049603074
0.3065,0.07971608,0.0035683312
0.3065833333333333,-0.13163315,0.011857103
0.30666666666666664,-0.13623074,8.610395e-05
0.30675,0.094699204,0.004447354
0.30683333333333335,0.21349059,0.008960913
0.30691666666666667,-0.020245068,0.0115482975
0.307,-0.2555273,0.010882004
0.3070833333333333,-0.06649945,0.009382966
0.30716666666666664,0.25940672,0.017963063
0.30725,0.13582443,0.013120943
0.30733333333333335,-0.23181273,0.002950067
0.30741666666666667,-0.23214151,0.005333724
0.3075,0.051961977,0.0003000537
0.3075833333333333,0.097448654,0.00012361814
0.30766666666666664,-0.09417985,0.004547356
0.30775,-0.094351746,0.004335558
0.30783333333333335,0.07576127,0.020956669
0.30791666666666667,0.05572889,0.0081318095
0.308,-0.03699169,0.008192261
0.3080833333333333,0.043992948,0.00565789
0.30816666666666664,0.019244581,0.0034546736
0.30825,-0.11649105,0.01003778
0.30833333333333335,-0.049031056,0.015009315
0.3084166666666667,0.07637904,0.0058302637
0.3085,0.04578634,0.0036222786
0.3085833333333333,-0.07777182,0.0116050225
0.30866666666666664,-0.09028371,0.011814946
0.30875,0.04866708,0.0035324208
0.30883333333333335,0.104659095,0.001913326
0.3089166666666667,-0.04857134,0.002460099
0.309,-0.12891224,0.0017288107
0.3090833333333333,0.004050319,0.0040193563
0.30916666666666665,0.14254783,0.002536241
0.30925,0.09702008,0.01103985
0.30933333333333335,-0.051435288,0.0075017116
0.3094166666666667,-0.013497162,0.0051177065
0.3095,0.15166232,0.0116617875
0.3095833333333333,0.10768987,0.010318166
0.30966666666666665,-0.058731765,0.0088239545
0.30975,-0.05165745,0.006468169
0.30983333333333335,0.10017497,0.025253518
0.3099166666666667,0.071536876,0.0025851016
0.31,-0.04612458,0.007753786
0.3100833333333333,0.04582594,0.013699608
0.31016666666666665,0.15675743,0.005384397
0.31025,0.03667786,0.00072869804
0.31033333333333335,-0.054778416,0.009265818
0.3104166666666667,0.0028192247,0.0032585214
0.3105,-0.012180289,0.019762523
0.3105833333333333,-0.10325346,0.011061783
0.31066666666666665,-0.117025964,0.008800995
0.31075,-0.010875081,0.011373201
0.31083333333333335,0.021569358,0.0018580483
0.3109166666666667,-0.061031766,0.021209287
0.311,-0.09263188,0.014277532
0.3110833333333333,1.1068154e-05,0.009690561
0.31116666666666665,0.08632091,0.017842656
0.31125,0.033889994,0.002735845
0.31133333333333335,-0.07414149,0.010145836
0.3114166666666667,-0.07089114,0.0047156843
0.3115,0.08012765,0.002720044
0.3115833333333333,0.049542487,0.0036873866
0.31166666666666665,-0.1365171,0.0062452396
0.31175,-0.095908724,0.0027340383
0.31183333333333335,0.054144483,0.015210769
0.3119166666666667,-0.016832989,0.005868866
0.312,-0.11731972,0.016216682
0.3120833333333333,0.023655849,0.009383963
0.31216666666666665,0.16136575,0.007141259
0.31225,0.08961171,0.006902277
0.31233333333333335,-0.04880307,0.012669008
0.3124166666666667,-0.009567309,0.0049010953
0.3125,0.109799005,0.031127261
0.3125833333333333,0.0026340275,0.004357564
0.31266666666666665,-0.12434415,0.0055667227
0.31275,0.01017819,0.021492688
0.31283333333333335,0.11279498,0.0059971926
0.3129166666666667,0.018244531,0.010664734
0.313,-0.11148518,0.006776913
0.3130833333333333,-0.09258519,0.00820832
0.31316666666666665,0.036217418,0.031327922
0.31325,0.06252145,0.019980667
0.31333333333333335,-0.12820162,0.002835451
0.3134166666666667,-0.17851943,0.022642454
0.3135,0.07573651,0.00034407782
0.3135833333333333,0.12333608,0.007856855
0.31366666666666665,-0.1574214,0.006986567
0.31375,-0.22473331,0.007633623
0.31383333333333335,0.043075155,0.02153184
0.3139166666666667,0.17184353,0.008688532
0.314,0.012539311,0.00089191465
0.3140833333333333,-0.10314766,0.00840944
0.31416666666666665,0.0015846775,7.0812624e-05
0.31425,0.1693529,0.017279698
0.31433333333333335,0.15269512,0.012224167
0.3144166666666667,0.0061376006,0.011167331
0.3145,-0.055841003,0.0077245277
0.3145833333333333,-0.06875527,0.016167294
0.31466666666666665,-0.004367605,0.0006291268
0.31475,-0.008200552,0.0015729218
0.31483333333333335,-0.08413748,0.0029397581
0.3149166666666667,-0.038369093,0.0029687085
0.315,0.02197275,0.014498145
0.3150833333333333,-0.009092721,0.011110935
0.31516666666666665,0.020677662,0.017370433
0.31525,0.11049653,0.014751105
0.31533333333333335,0.031673897,0.0048344103
0.3154166666666667,-0.15413068,0.01449769
0.3155,-0.09657017,0.0058877734
0.3155833333333333,0.1654019,0.00048792112
0.31566666666666665,0.11406472,0.0017054251
0.31575,-0.15218437,0.002653969
0.31583333333333335,-0.0006747684,0.008874324
0.3159166666666667,0.26661208,0.020112505
0.316,0.06785129,0.0032462957
0.3160833333333333,-0.20759705,0.019951412
0.31616666666666665,-0.059625924,0.0031042574
0.31625,0.14737175,0.0029914808
0.31633333333333336,0.0013525197,0.00018899146
0.3164166666666667,-0.120099545,0.000102589256
0.3165,-0.014853373,0.0031122803
0.3165833333333333,0.04949495,0.018091029
0.31666666666666665,0.004315734,0.0032162012
0.31675,-0.046638373,0.0016857346
0.31683333333333336,-0.050667617,0.008958745
0.3169166666666667,-0.06278418,0.0061008986
0.317,-0.032185942,0.0007083538
0.31708333333333333,0.015177016,0.0047303615
0.31716666666666665,-0.015481063,0.00024148483
0.31725,0.013194884,0.011701083
0.31733333333333336,0.076248504,0.006654711
0.3174166666666667,0.032550633,4.9905604e-05
0.3175,-0.016447665,0.0035094065
0.31758333333333333,0.042875636,0.0063090264
0.31766666666666665,0.06982498,0.010562914
0.31775,0.008062246,0.0075941347
0.31783333333333336,0.004135806,0.0020555363
0.3179166666666667,0.057331517,0.008880066
0.318,0.046618596,0.0005760098
0.31808333333333333,-0.006337068,0.004803802
0.31816666666666665,0.024262086,0.011907063
0.31825,-0.040734947,0.00025672335
0.31833333333333336,-0.17129071,0.002730735
0.3184166666666667,-0.1068331,0.0067782192
0.3185,0.07899067,0.0118465815
0.31858333333333333,0.05092004,0.0016917367
0.31866666666666665,-0.13959603,0.0002385955
0.31875,-0.08810701,0.004076802
0.31883333333333336,0.11053466,0.004346744
0.3189166666666667,0.079528615,0.0059426767
0.319,-0.1306514,0.0069845174
0.31908333333333333,-0.1068087,0.0044542593
0.31916666666666665,0.11609341,0.012887968
0.31925,0.0804897,0.00022858898
0.31933333333333336,-0.12753071,0.0054016616
0.3194166666666667,-0.06753892,0.0017261062
0.3195,0.1381682,0.0033468164
0.31958333333333333,0.056154117,0.00237015
0.31966666666666665,-0.118723996,0.001460289
0.31975,-0.022611257,0.0033953788
0.31983333333333336,0.08632706,0.008557969
0.3199166666666667,-0.0123345675,0.0024406514
0.32,-0.11626848,0.0030047388
0.32008333333333333,-0.020768525,0.0055767954
0.32016666666666665,0.0861514,0.0046353787
0.32025,-0.014618898,0.0043526264
0.32033333333333336,-0.096111305,0.007835361
0.3204166666666667,0.03741926,0.0029535664
0.3205,0.11647599,0.0048318733
0.32058333333333333,-0.021413997,0.0014661025
0.32066666666666666,-0.0497277,0.004199606
0.32075,0.14006354,0.00030794408
0.32083333333333336,0.16521136,0.005733079
0.3209166666666667,-0.066398636,0.0020095329
0.321,-0.09767595,0.0045986907
0.32108333333333333,0.15404783,0.0034696776
0.32116666666666666,0.112147145,0.0073165526
0.32125,-0.25772852,0.00057985337
0.32133333333333336,-0.25005051,0.006620604
0.3214166666666667,0.19768894,0.0019043091
0.3215,0.21808892,0.003871368
0.32158333333333333,-0.23590446,0.0007807457
0.32166666666666666,-0.23992868,0.0053770146
0.32175,0.23363481,0.0019378096
0.32183333333333336,0.27471936,0.0021938058
0.3219166666666667,-0.17928237,0.0036298386
0.322,-0.29015407,0.006429141
0.32208333333333333,0.11950773,0.0025674272
0.32216666666666666,0.35172236,0.008454074
0.32225,0.029343108,7.3459734e-05
0.32233333333333336,-0.1943416,0.007935647
0.3224166666666667,0.033992358,0.0042006318
0.3225,0.14925425,0.0021927285
0.32258333333333333,-0.03792455,0.0026771158
0.32266666666666666,-0.16431479,0.004616928
0.32275,-0.0588684,0.0014520878
0.32283333333333336,0.05913813,0.008909061
0.3229166666666667,0.022062186,0.0012451338
0.323,-0.10990589,0.007182935
0.32308333333333333,-0.08086376,0.0042035235
0.32316666666666666,0.07553816,0.0009344864
0.32325,-0.0012988042,0.0061744465
0.3233333333333333,-0.23498945,0.0043825842
0.3234166666666667,-0.16659014,0.0015591558
0.3235,0.21294452,0.00073787523
0.32358333333333333,0.22777756,0.0011761496
0.32366666666666666,-0.19478741,0.0020395934
0.32375,-0.11275184,0.0021368605
0.3238333333333333,0.4184148,0.006850634
0.3239166666666667,0.24476697,0.0060634767
0.324,-0.38672677,0.0016653752
0.32408333333333333,-0.27657238,0.002186185
0.32416666666666666,0.30341458,0.006618382
0.32425,0.19960271,0.0057383836
0.3243333333333333,-0.26517448,0.003956839
0.3244166666666667,-0.22202393,0.003995842
0.3245,0.13231964,0.002401823
0.32458333333333333,0.2128252,0.006100117
0.32466666666666666,-0.022304734,0.0022680452
0.32475,-0.21244384,0.00097028614
0.3248333333333333,-0.13792343,0.011728858
0.3249166666666667,0.12976114,7.979434e-05
0.325,0.17980957,0.0066798115
0.32508333333333334,-0.15389958,0.007867078
0.32516666666666666,-0.1800979,0.005768442
0.32525,0.24663065,0.009472359
0.3253333333333333,0.3303302,0.003067523
0.3254166666666667,-0.10090443,0.0080932295
0.3255,-0.19519751,0.008722532
0.32558333333333334,0.16784799,0.0053667678
0.32566666666666666,0.15551966,0.0029990259
0.32575,-0.20142525,0.0037331781
0.3258333333333333,-0.20375027,0.002290568
0.3259166666666667,0.11280874,0.0038252228
0.326,0.11301012,0.008494131
0.32608333333333334,-0.1619598,0.0031038271
0.32616666666666666,-0.09717363,0.002447388
0.32625,0.08717255,0.00037416062
0.3263333333333333,-0.04839898,0.00013440356
0.3264166666666667,-0.15480472,0.003357108
0.3265,0.11795552,0.0020434759
0.32658333333333334,0.16341953,0.0051103397
0.32666666666666666,-0.19279507,0.0036592053
0.32675,-0.16370256,0.004793381
0.3268333333333333,0.24731,0.001951655
0.3269166666666667,0.14349608,0.0014147315
0.327,-0.35267818,0.005979342
0.32708333333333334,-0.20605475,0.0060864016
0.32716666666666666,0.34517717,0.0055924137
0.32725,0.25567868,0.0035810173
0.3273333333333333,-0.18911949,0.0072546876
0.3274166666666667,-0.088164784,0.0025368286
0.3275,0.30628583,0.005058876
0.32758333333333334,0.23942213,0.0044732834
0.32766666666666666,-0.14913929,0.005155424
0.32775,-0.21968418,0.0026122627
0.3278333333333333,0.06328139,0.0014226126
0.3279166666666667,0.15572901,0.009204393
0.328,-0.060540378,0.0038271593
0.32808333333333334,-0.1813169,0.0034237828
0.32816666666666666,0.017446911,0.012778207
0.32825,0.18218821,0.0049452283
0.3283333333333333,-0.032252654,0.008959039
0.3284166666666667,-0.22515987,0.007515728
0.3285,-0.065830454,0.0013249665
0.32858333333333334,0.12185912,0.007895998
0.32866666666666666,0.030233784,0.0035330825
0.32875,-0.17962182,0.00085272035
0.3288333333333333,-0.13695031,0.0041958517
0.3289166666666667,0.10140401,0.0021684596
0.329,0.14085673,0.002798207
0.32908333333333334,-0.09276615,0.005070835
0.32916666666666666,-0.14120793,0.0001434958
0.32925,0.098121405,0.0060853134
0.3293333333333333,0.247505,0.004532275
0.3294166666666667,0.09488469,0.0024905058
0.3295,-0.09442067,0.0022920552
0.32958333333333334,0.088257395,0.0012812736
0.32966666666666666,0.2608322,0.005959906
0.32975,-0.06671377,0.0012025496
0.3298333333333333,-0.30912572,0.0059665693
0.3299166666666667,-0.04658579,0.0021764974
0.33,0.16609527,0.006946498
0.33008333333333334,-0.060928944,0.011894191
0.33016666666666666,-0.21168363,0.00016351951
0.33025,0.05404206,0.005618258
0.3303333333333333,0.22836441,0.005170956
0.3304166666666667,0.03940342,0.0024513754
0.3305,-0.1483616,0.0043669087
0.33058333333333334,-0.09691092,0.0041147615
0.33066666666666666,0.083691984,0.0087837875
0.33075,0.09256176,0.009633678
0.3308333333333333,-0.09369973,0.0053923135
0.3309166666666667,-0.16566554,0.0015025608
0.331,0.052747503,0.0064785257
0.33108333333333334,0.21782725,0.007932004
0.33116666666666666,-0.12528694,0.0024645294
0.33125,-0.44049832,0.004613256
0.3313333333333333,-0.06096738,0.0011947028
0.3314166666666667,0.2913101,0.006933381
0.3315,-0.083059475,0.004364372
0.33158333333333334,-0.36909634,0.00059940544
0.33166666666666667,0.053911507,0.0037209068
0.33175,0.4312023,0.0069303364
0.3318333333333333,0.07901968,0.0025647748
0.3319166666666667,-0.34734634,0.001269401
0.332,-0.06357853,0.0032985131
0.33208333333333334,0.30833378,0.006848619
0.33216666666666667,0.025540013,0.0037923993
0.33225,-0.22428766,0.003132996
0.3323333333333333,0.026571611,0.010478073
0.3324166666666667,0.28449816,0.0009865087
0.3325,0.20130569,0.0027638685
0.33258333333333334,-0.05015135,0.0034046653
0.33266666666666667,-0.09587828,0.00024070343
0.33275,-0.0018310098,0.00806791
0.3328333333333333,-0.011044511,0.009488092
0.3329166666666667,-0.09645569,0.0045509427
0.333,-0.09729223,0.006748027
0.33308333333333334,-0.020715864,0.00016509971
0.33316666666666667,0.059194624,0.0023264156
0.33325,0.08233,0.0029982808
0.3333333333333333,-0.045464713,0.0005851041
0.33341666666666664,-0.06216217,0.0010505528
0.3335,0.091349,0.0021461307
0.33358333333333334,0.08587648,0.0022262086
0.33366666666666667,-0.075859815,0.0045270254
0.33375,-0.07997327,0.0068515786
0.3338333333333333,0.066157036,0.006955976
0.33391666666666664,0.07432417,0.008053378
0.334,-0.049819432,0.0011131896
0.33408333333333334,-0.1295868,0.0046857023
0.33416666666666667,-0.07410078,0.0020575644
0.33425,0.007538528,0.0006443272
0.3343333333333333,-0.0035195646,0.003797128
0.33441666666666664,-0.07830294,0.0063870675
0.3345,-0.12044007,0.007863184
0.33458333333333334,0.030296963,0.0077023986
0.33466666666666667,0.17750432,0.0063108928
0.33475,0.04960107,0.0050590895
0.3348333333333333,-0.10881238,0.0027510265
0.33491666666666664,-0.060532432,0.0069135884
0.335,0.085130654,0.0018179733
0.33508333333333334,0.16211466,0.0068282043
0.33516666666666667,0.09928507,0.0055468013
0.33525,-0.029909791,0.009510897
0.3353333333333333,0.01679668,0.0017108081
0.33541666666666664,0.22341666,0.00021980362
0.3355,0.19181505,0.0047255876
0.33558333333333334,-0.078602746,0.0008451411
0.33566666666666667,-0.17327294,0.004346167
0.33575,-0.030347608,0.0014045555
0.3358333333333333,0.007456543,0.004722784
0.33591666666666664,-0.08222563,0.00026332992
0.336,-0.0887162,0.009522083
0.33608333333333335,0.0012999402,0.0017696276
0.33616666666666667,0.036472,0.0031351808
0.33625,0.0005298335,0.0037167636
0.3363333333333333,-0.02117744,0.007915598
0.33641666666666664,-0.054735642,0.0045054127
0.3365,-0.011725731,0.010869657
0.33658333333333335,0.06304717,0.000230719
0.33666666666666667,0.018144751,0.0002071967
0.33675,-0.05542285,0.004597585
0.3368333333333333,0.069336474,0.001746815
0.33691666666666664,0.1536072,0.0011133751
0.337,-0.025696557,0.0015469173
0.33708333333333335,-0.07277861,4.8188136e-05
0.33716666666666667,0.091013946,0.012774493
0.33725,0.088984095,0.0070548966
0.3373333333333333,-0.09939673,0.003836536
0.33741666666666664,-0.071731135,0.0072317515
0.3375,0.13311157,0.001389985
0.33758333333333335,0.036606085,0.0015128205
0.33766666666666667,-0.22003613,0.0030690467
0.33775,-0.13454087,0.008674507
0.3378333333333333,0.06471856,0.009196197
0.33791666666666664,-0.023594147,0.0048451773
0.338,-0.10265522,3.4726898e-05
0.33808333333333335,0.04544178,0.0024652213
0.33816666666666667,0.103285424,0.0005259231
0.33825,0.030721182,0.0026301667
0.3383333333333333,0.0035305317,0.0012526897
0.33841666666666664,-0.02731903,0.0025535598
0.3385,-0.100230485,0.0044357805
0.33858333333333335,-0.13202763,0.004892245
0.33866666666666667,-0.043347694,0.00054839574
0.33875,0.006181344,0.00027833774
0.3388333333333333,-0.043695007,0.0027936602
0.33891666666666664,-0.039903555,0.0019227582
0.339,0.084846996,0.0024175989
0.33908333333333335,0.13699362,0.006716584
0.33916666666666667,-0.051078796,0.0030097866
0.33925,-0.17242567,0.0036377704
0.3393333333333333,0.0045817886,0.0009410128
0.33941666666666664,0.059049938,0.002294793
0.3395,-0.16892046,0.0006525732
0.33958333333333335,-0.14334905,0.0015305281
0.3396666666666667,0.18212834,0.00073858065
0.33975,0.13988347,0.0006332276
0.3398333333333333,-0.20326151,0.00076203566
0.33991666666666664,-0.16097583,0.00045319015
0.34,0.2202273,0.0016949294
0.34008333333333335,0.14437343,0.00037825087
0.3401666666666667,-0.2776597,0.002627658
0.34025,-0.18408659,4.9220584e-05
0.3403333333333333,0.29145256,0.0016569423
0.34041666666666665,0.25333497,0.0017596773
0.3405,-0.18536142,0.0017390082
0.34058333333333335,-0.18162169,0.0014403008
0.3406666666666667,0.16095974,0.00108411
0.34075,0.1320887,0.0022822362
0.3408333333333333,-0.21442567,0.0005654478
0.34091666666666665,-0.16111067,0.00020649453
0.341,0.23105493,0.0012871773
0.34108333333333335,0.2318503,8.280505e-05
0.3411666666666667,-0.011540704,0.0010061588
0.34125,-0.035666835,0.00044507024
