time_s,signal,absolute_gradient
0.0,-0.56656724,0.004029593
8.333333333333333e-05,-0.395371,0.0023739543
0.00016666666666666666,0.259343,0.008764245
0.00025,0.5696292,0.005923842
0.0003333333333333333,0.12733433,0.0083646625
0.0004166666666666667,-0.5306453,0.012501388
0.0005,-0.43759593,0.015623116
0.0005833333333333334,0.4184035,0.0032733346
0.0006666666666666666,0.79948217,0.0060150293
0.00075,0.015132614,0.0037925376
0.0008333333333333334,-0.7970066,0.014264545
0.0009166666666666666,-0.3920349,0.0047429525
0.001,0.6685409,0.0070267594
0.0010833333333333333,0.75689477,0.0010817181
0.0011666666666666668,-0.28638655,0.013058339
0.00125,-0.8615675,0.0068521723
0.0013333333333333333,-0.13643754,0.0033760867
0.0014166666666666668,0.80770266,0.01764319
0.0015,0.49614614,0.0091842115
0.0015833333333333333,-0.5755509,0.011187146
0.0016666666666666668,-0.7474305,0.004468769
0.00175,0.24233109,0.016370352
0.0018333333333333333,0.87697554,0.03219918
0.0019166666666666666,0.17107925,0.0070679737
0.002,-0.7350198,0.0026092615
0.0020833333333333333,-0.50538355,0.00843205
0.0021666666666666666,0.425347,0.02567776
0.00225,0.63396287,0.011043145
0.0023333333333333335,-0.12029065,0.008010274
0.002416666666666667,-0.63623375,0.008249527
0.0025,-0.2901047,0.015684977
0.0025833333333333333,0.29718536,0.00035210082
0.0026666666666666666,0.36012837,0.014043935
0.00275,-0.050755255,0.009157191
0.0028333333333333335,-0.37620357,0.004980772
0.002916666666666667,-0.24500228,0.0023559171
0.003,0.16059661,0.0062330985
0.0030833333333333333,0.3226037,0.001492824
0.0031666666666666666,0.053797822,0.014710671
0.00325,-0.27833524,0.0142902685
0.0033333333333333335,-0.23201562,7.724045e-05
0.003416666666666667,0.17983782,0.011423129
0.0035,0.40165764,0.0074800844
0.0035833333333333333,0.06309943,0.007881851
0.0036666666666666666,-0.4553382,0.018980749
0.00375,-0.3961983,0.010447098
0.003833333333333333,0.25967637,0.014518991
0.003916666666666666,0.54521245,0.0066238404
0.004,-0.016548742,0.0031474326
0.004083333333333333,-0.531878,0.018571725
0.004166666666666667,-0.21229862,0.0150083685
0.00425,0.41773885,0.008946905
0.004333333333333333,0.40105942,0.009542057
0.004416666666666667,-0.17016771,0.00729948
0.0045,-0.3962167,0.021077633
0.004583333333333333,-0.01592175,0.024557266
0.004666666666666667,0.34275654,0.011242227
0.00475,0.2223691,0.0032696114
0.004833333333333334,-0.14075252,0.0038974085
0.004916666666666666,-0.27015695,0.02446555
0.005,-0.07768128,0.008256097
0.005083333333333333,0.13479136,0.006220172
0.005166666666666667,0.13245265,0.013176877
0.00525,-0.06784161,0.020757677
0.005333333333333333,-0.20861878,0.025168922
0.005416666666666667,-0.10182373,0.011771386
0.0055,0.14078723,0.028647797
0.005583333333333333,0.19582345,0.0053213653
0.005666666666666667,-0.062556095,0.0068522873
0.00575,-0.2993437,0.023009729
0.005833333333333334,-0.11392079,0.029248832
0.005916666666666666,0.28154242,0.0032901366
0.006,0.2969204,0.0028337426
0.006083333333333333,-0.08203803,0.011569017
0.006166666666666667,-0.23344909,0.0027063792
0.00625,0.06659415,0.0024532184
0.006333333333333333,0.3226731,0.0010131038
0.006416666666666667,0.08330996,0.008132472
0.0065,-0.27879712,0.016297065
0.006583333333333333,-0.21260022,0.018504133
0.006666666666666667,0.16868259,0.009548069
0.00675,0.31227663,0.0015396138
0.006833333333333334,0.02221731,0.0009254093
0.0069166666666666664,-0.24881764,0.0024294823
0.007,-0.11775591,0.006454812
0.007083333333333333,0.18316618,0.007416038
0.007166666666666667,0.20933375,0.030676492
0.00725,-0.057926737,0.014535616
0.007333333333333333,-0.18516406,0.015710307
0.007416666666666667,0.007270164,0.008317261
0.0075,0.20670506,0.020484699
0.007583333333333333,0.14402682,0.016895674
0.007666666666666666,-0.061970346,0.017134313
0.00775,-0.13027418,0.026356177
0.007833333333333333,-0.022471325,0.031411704
0.007916666666666667,0.06454769,0.012858678
0.008,0.011118501,0.013873202
0.008083333333333333,-0.09723651,0.010652717
0.008166666666666666,-0.15325469,0.0019934196
0.00825,-0.05320472,0.007672105
0.008333333333333333,0.09980475,0.0066678147
0.008416666666666666,0.07083184,0.0028894471
0.0085,-0.11047233,0.023053542
0.008583333333333333,-0.20288952,0.010231919
0.008666666666666666,-0.06703622,0.0072475537
0.00875,0.14442682,0.019950768
0.008833333333333334,0.13764949,0.005379994
0.008916666666666666,-0.039874922,0.0030203215
0.009,-0.07767008,0.011062655
0.009083333333333334,0.07980272,0.0058151
0.009166666666666667,0.19367792,0.023191696
0.00925,0.07269547,0.0007496526
0.009333333333333334,-0.15106876,0.0026937758
0.009416666666666667,-0.17721339,0.0051873783
0.0095,0.024881741,0.022236882
0.009583333333333333,0.1364573,0.006361145
0.009666666666666667,0.020780869,0.011913956
0.00975,-0.1766264,0.012862328
0.009833333333333333,-0.1842906,0.014975505
0.009916666666666667,0.113997586,0.0038279577
0.01,0.33527148,0.00015991362
0.010083333333333333,-0.028141545,0.0032668484
0.010166666666666666,-0.46445477,0.005170531
0.01025,-0.2273293,0.008098727
0.010333333333333333,0.3076266,0.0010297464
0.010416666666666666,0.30588645,0.010100268
0.0105,-0.05035897,0.006769268
0.010583333333333333,-0.20287475,0.0043030535
0.010666666666666666,0.03915642,1.8787905e-05
0.01075,0.2708169,0.0036039934
0.010833333333333334,0.008425098,0.0014422606
0.010916666666666667,-0.40632218,0.005594764
0.011,-0.15021983,0.0046782386
0.011083333333333334,0.37196806,0.009276191
0.011166666666666667,0.2673684,0.011822559
0.01125,-0.22990283,0.00802944
0.011333333333333334,-0.30066246,0.0016982382
0.011416666666666667,-0.040703055,0.006158463
0.0115,0.011910067,0.004534767
0.011583333333333333,-0.109016195,0.002173032
0.011666666666666667,-0.07767155,0.009200041
0.01175,0.040227044,0.00033889775
0.011833333333333333,0.10205019,0.012125865
0.011916666666666667,0.05123131,0.012756914
0.012,-0.10214208,0.00554903
0.012083333333333333,-0.10694251,0.013228409
0.012166666666666666,0.12378579,0.010515139
0.01225,0.22396837,0.016415035
0.012333333333333333,-0.04678048,0.00497248
0.012416666666666666,-0.208103,0.021015678
0.0125,0.16576284,0.02327193
0.012583333333333334,0.5272965,0.01144593
0.012666666666666666,0.17618486,0.0015888573
0.01275,-0.33457035,0.0021315885
0.012833333333333334,-0.13639309,0.012016389
0.012916666666666667,0.37922636,0.004957945
0.013,0.3024844,0.0020577544
0.013083333333333334,-0.24556904,0.001376225
0.013166666666666667,-0.40189642,0.0025013317
0.01325,0.015956616,0.0037685423
0.013333333333333334,0.33175665,0.0028781788
0.013416666666666667,0.050767828,0.012492666
0.0135,-0.4598303,0.004483135
0.013583333333333333,-0.5354496,0.00025054457
0.013666666666666667,0.025149858,0.004723356
0.01375,0.5446195,0.0015547088
0.013833333333333333,0.22662336,0.014343635
0.013916666666666667,-0.46582398,0.005451958
0.014,-0.36884713,0.009089223
0.014083333333333333,0.49100298,0.003416411
0.014166666666666666,0.71024644,0.008162863
0.01425,-0.16530456,0.0025508918
0.014333333333333333,-0.7629969,0.009467189
0.014416666666666666,-0.17447974,0.0012088427
0.0145,0.7349251,0.016342623
0.014583333333333334,0.6065488,0.005783739
0.014666666666666666,-0.3080644,0.013797445
0.01475,-0.6866545,0.01568735
0.014833333333333334,-0.058652293,0.026928175
0.014916666666666667,0.6327652,0.0006865743
0.015,0.3126383,0.0038135962
0.015083333333333334,-0.59841245,0.0058571184
0.015166666666666667,-0.7399414,0.020558296
0.01525,0.1532287,0.005956243
0.015333333333333332,0.7552672,0.0038233334
0.015416666666666667,0.13567252,0.005676895
0.0155,-0.705976,0.0025000982
0.015583333333333333,-0.46198207,0.0052176644
0.015666666666666666,0.47548887,0.0033258353
0.01575,0.6525869,0.005814809
0.015833333333333335,-0.13504001,0.0082642725
0.015916666666666666,-0.6248869,0.010439841
0.016,-0.13197601,0.013487681
0.016083333333333335,0.58383703,0.004089766
0.016166666666666666,0.50160295,0.01124316
0.01625,-0.14642827,0.0011087101
0.01633333333333333,-0.54506373,0.015054707
0.016416666666666666,-0.24475656,0.022468252
0.0165,0.37188923,0.031523112
0.016583333333333332,0.39209846,0.007698941
0.016666666666666666,-0.27208102,0.0042022592
0.01675,-0.59143156,0.006237998
0.016833333333333332,-0.05214361,0.017935928
0.016916666666666667,0.5116755,0.0006620423
0.017,0.22303502,0.0035779397
0.017083333333333332,-0.43557099,0.009917917
0.017166666666666667,-0.38160983,0.029429805
0.01725,0.2591511,0.00417452
0.017333333333333333,0.4667439,0.00059293775
0.017416666666666667,0.012473246,0.007536836
0.0175,-0.3475951,0.0027675335
0.017583333333333333,-0.14667709,0.003289478
0.017666666666666667,0.28100088,0.003712111
0.01775,0.2656431,0.005701185
0.017833333333333333,-0.17445506,0.022673106
0.017916666666666668,-0.3394801,0.035417672
0.018,-0.024175672,0.022498488
0.018083333333333333,0.24797009,0.0063897828
0.018166666666666668,0.06444885,0.018835343
0.01825,-0.18705289,0.008330603
0.018333333333333333,-0.057281133,0.02322375
0.018416666666666668,0.16901167,0.02605804
0.0185,0.0553649,0.032072373
0.018583333333333334,-0.14285192,0.0035732272
0.018666666666666668,-0.086602665,0.0017906319
0.01875,0.062014557,0.0028101907
0.018833333333333334,0.031193094,0.013566738
0.018916666666666665,-0.056414835,0.018528948
0.019,0.010310957,0.0056637833
0.019083333333333334,0.10132875,0.008001493
0.019166666666666665,0.066198185,0.0361172
0.01925,-0.03322385,0.0027239788
0.019333333333333334,-0.046003915,0.0032169556
0.019416666666666665,0.024048634,0.011100379
0.0195,0.05612825,0.00936216
0.019583333333333335,0.025932305,0.0027561267
0.019666666666666666,-0.026375946,0.012113123
0.01975,-0.042079154,0.011048726
0.019833333333333335,0.013242621,0.027925726
0.019916666666666666,0.031528268,0.0062377043
0.02,-0.021774083,3.3867578e-05
0.020083333333333335,-0.027830893,0.013863017
0.020166666666666666,0.021371333,0.009209772
0.02025,0.034674905,0.0053327037
0.02033333333333333,-0.007676499,0.0014949796
0.020416666666666666,-0.02013936,0.0025186965
0.0205,0.015346923,0.014663326
0.020583333333333332,-0.014630378,0.001924973
0.020666666666666667,-0.07794502,0.001053949
0.02075,-0.0236877,0.0037298051
0.020833333333333332,0.031069964,0.0032561696
0.020916666666666667,-0.020718742,0.007097452
0.021,-0.042200893,0.0063152937
0.021083333333333332,0.064022645,0.001154432
0.021166666666666667,0.15401606,0.011580477
0.02125,0.07802964,0.0006576769
0.021333333333333333,-0.046690784,0.008743117
0.021416666666666667,-0.022493219,0.0008803784
0.0215,0.068329684,0.008217474
0.021583333333333333,0.08641407,0.004453491
0.021666666666666667,0.031956334,0.0022197566
0.02175,-0.01674984,0.0101496
0.021833333333333333,-0.03273598,0.0055487854
0.021916666666666668,-0.03653094,0.003073235
0.022,-0.0204777,0.0052712024
0.022083333333333333,-0.024540095,0.0023427315
0.022166666666666668,-0.0648799,0.006873449
0.02225,-0.05834867,0.005353446
0.022333333333333334,-0.017324716,0.0019001393
0.022416666666666668,0.0016824175,0.006264483
0.0225,0.010843816,0.0055907657
0.022583333333333334,0.16144988,0.0035308122
0.02266666666666667,0.22989963,0.00010651017
0.02275,0.065947376,0.0023200936
0.022833333333333334,-0.36710858,0.0006567707
0.022916666666666665,-0.52351385,0.006306482
0.023,0.16681229,0.0033930636
0.023083333333333334,0.4993393,0.004510358
0.023166666666666665,-0.1916613,0.0022566465
0.02325,-0.740525,0.00424548
0.023333333333333334,-0.09962951,0.004850653
0.023416666666666665,0.542283,0.0026891977
0.0235,-0.033502977,0.006862149
0.023583333333333335,-0.83341753,0.004683434
0.023666666666666666,-0.09768986,0.0064822477
0.02375,1.3498118,0.00455786
0.023833333333333335,0.5955587,0.0042735226
0.023916666666666666,-1.0715568,0.005800599
0.024,-0.8184336,0.006749415
0.024083333333333335,0.98110056,0.012746703
0.024166666666666666,1.2879933,0.008507958
0.02425,-0.24031015,0.009446301
0.024333333333333332,-0.96038723,0.0038871204
0.024416666666666666,-0.0038625882,0.014111905
0.0245,1.0136888,0.020028692
0.024583333333333332,0.433054,0.0019965062
0.024666666666666667,-0.8150103,0.00787134
0.02475,-0.96953773,0.008554113
0.024833333333333332,0.21921568,0.015334398
0.024916666666666667,0.8361451,0.004020106
0.025,-0.23208037,0.002742794
0.025083333333333332,-1.1112313,0.003483438
0.025166666666666667,-0.38665828,0.009363447
0.02525,0.7665739,0.005631973
0.025333333333333333,0.3736864,0.0026846621
0.025416666666666667,-0.6893146,0.013706776
0.0255,-0.5533845,0.0020063973
0.025583333333333333,0.3855345,0.0035764517
0.025666666666666667,0.62852365,0.0064919763
0.02575,0.089047566,0.0056303004
0.025833333333333333,-0.25478375,0.010816554
0.025916666666666668,-0.22172463,0.013982539
0.026,0.07209386,0.008260638
0.026083333333333333,0.41333625,0.008563054
0.026166666666666668,0.39234054,0.0027913381
0.02625,-0.10268919,0.0050347974
0.026333333333333334,-0.39859346,0.009180666
0.026416666666666668,0.04306486,0.00055171637
0.0265,0.42197585,0.008998491
0.026583333333333334,0.12151425,0.004169177
0.02666666666666667,-0.30851787,0.0014053452
0.02675,-0.18947469,0.004292017
0.026833333333333334,0.22053637,0.0146802375
0.026916666666666665,0.22399409,0.00036720044
0.027,-0.1885567,0.0011715505
0.027083333333333334,-0.36171302,0.008499588
0.027166666666666665,-0.028501464,0.020216368
0.02725,0.36645314,0.0030912596
0.027333333333333334,0.19788082,0.0024347734
0.027416666666666666,-0.46826443,0.005430551
0.0275,-0.59733313,0.01071473
0.027583333333333335,0.14859502,0.004132861
0.027666666666666666,0.64825934,0.0019294663
0.02775,0.11869424,0.001051541
0.027833333333333335,-0.5102595,0.00467654
0.027916666666666666,-0.23719366,0.009196751
0.028,0.43020034,0.0016971651
0.02808333333333333,0.3968013,0.0012321004
0.028166666666666666,-0.14736721,0.0039858385
0.02825,-0.2001725,0.0011412262
0.028333333333333332,0.19980602,0.010932315
0.028416666666666666,0.26822388,0.012972158
0.0285,-0.10070697,0.013490142
0.028583333333333332,-0.26176617,0.0015562238
0.028666666666666667,-0.012178684,0.006867751
0.02875,0.17269737,0.0059237625
0.028833333333333332,0.036947716,0.0061300313
0.028916666666666667,-0.14896426,0.007309086
0.029,-0.090413086,0.0019386439
0.029083333333333333,0.02819591,0.009051133
0.029166666666666667,-0.01458858,0.007066097
0.02925,-0.054513972,0.002088542
0.029333333333333333,0.08323583,0.0031448733
0.029416666666666667,0.1267288,0.0039700386
0.0295,-0.09307528,1.6066762e-05
0.029583333333333333,-0.21214049,0.012191005
0.029666666666666668,0.08148626,0.0031048867
0.02975,0.27125722,0.0057133203
0.029833333333333333,-0.13136783,0.00859128
0.029916666666666668,-0.39740124,0.0062415614
0.03,-0.020280626,0.0073989257
0.030083333333333333,0.422275,0.0040385253
0.030166666666666668,0.1037642,0.007744098
0.03025,-0.45771492,0.008271989
0.030333333333333334,-0.2839308,0.0056214333
0.030416666666666668,0.3000549,0.0075287176
0.0305,0.22872756,0.012963131
0.030583333333333334,-0.25348577,0.0013299463
0.030666666666666665,-0.17750008,0.0064479248
0.03075,0.30715057,0.008113117
0.030833333333333334,0.32311925,0.009670717
0.030916666666666665,-0.16934727,0.018614119
0.031,-0.34081715,0.0035147602
0.031083333333333334,0.033023212,0.014342441
0.031166666666666665,0.26510817,0.01845134
0.03125,0.10257353,0.0019912014
0.03133333333333333,-0.14663264,0.003739223
0.03141666666666667,-0.15471245,0.002255909
0.0315,-0.050485473,0.006606418
0.03158333333333333,0.08156588,0.014256737
0.03166666666666667,0.11704118,0.0016417459
0.03175,-0.048606917,0.0076399525
0.03183333333333333,-0.27537656,0.015852509
0.03191666666666667,-0.18378267,0.005034003
0.032,0.2424395,0.008463231
0.03208333333333333,0.38226533,0.0026715326
0.03216666666666667,0.01631767,0.0006502256
0.03225,-0.32094395,0.0062441137
0.03233333333333333,-0.07196097,0.0043192976
0.03241666666666667,0.39839652,7.83077e-05
0.0325,0.24283391,0.018672297
0.03258333333333333,-0.32011643,0.005270466
0.03266666666666666,-0.42457032,0.0035314364
0.03275,0.17898038,0.018000321
0.03283333333333333,0.6164068,0.014357586
0.032916666666666664,0.12016407,0.007961658
0.033,-0.6139537,0.00072456704
0.03308333333333333,-0.47356424,0.009224196
0.033166666666666664,0.38656178,0.022206392
0.03325,0.65035963,0.0029191682
0.03333333333333333,-0.10620277,0.007512834
0.033416666666666664,-0.7026136,0.016675364
0.0335,-0.20083202,0.012907836
0.03358333333333333,0.653829,0.006289567
0.033666666666666664,0.5306851,0.0018364392
0.03375,-0.34519374,0.0032550327
0.03383333333333333,-0.6446531,0.006603806
0.033916666666666664,0.015398374,0.014074633
0.034,0.56433207,0.0014815913
0.034083333333333334,0.18930992,0.0027232731
0.034166666666666665,-0.4342095,0.006350589
0.03425,-0.3682644,0.01102338
0.034333333333333334,0.24180877,0.0069294437
0.034416666666666665,0.44094226,0.006357125
0.0345,-0.09327615,0.012522201
0.034583333333333334,-0.536123,0.013897702
0.034666666666666665,-0.30071223,0.020456156
0.03475,0.2336727,0.009954671
0.034833333333333334,0.4064512,0.013113276
0.034916666666666665,0.04667594,0.008003355
0.035,-0.31381008,0.0122350855
0.035083333333333334,-0.18295228,0.021668669
0.035166666666666666,0.2414969,0.025698328
0.03525,0.38410664,0.007781502
0.035333333333333335,-0.020579912,0.00017841955
0.035416666666666666,-0.5448481,0.008673802
0.0355,-0.31313482,0.018595802
0.035583333333333335,0.6358489,0.0060333605
0.035666666666666666,0.88794893,0.013054516
0.03575,-0.19805363,0.017184282
0.035833333333333335,-1.0079536,0.025454992
0.035916666666666666,-0.19736809,0.0032225987
0.036,0.9807027,0.0019606717
0.036083333333333335,0.5250898,0.0011723209
0.036166666666666666,-0.8053568,0.0043312954
0.03625,-0.8589057,0.0020610099
0.036333333333333336,0.48074386,0.0005611479
0.03641666666666667,1.2373867,0.011206312
0.0365,-0.05183965,0.01793048
0.036583333333333336,-1.5631267,0.013541915
0.03666666666666667,-0.8237365,0.0034325873
0.03675,1.2292377,0.00999577
0.036833333333333336,1.200354,0.0003683747
0.03691666666666667,-0.9814508,0.004683516
0.037,-1.620862,0.0042184615
0.037083333333333336,0.28947693,0.007076436
0.03716666666666667,1.6598573,0.01890592
0.03725,0.35953042,0.0076162126
0.037333333333333336,-1.3422822,0.0033611741
0.03741666666666667,-0.9153695,0.019316407
0.0375,0.84087527,0.021289397
0.03758333333333334,1.3138698,0.015268097
0.03766666666666667,-0.039164286,0.0028717618
0.03775,-1.0301918,0.011023094
0.03783333333333333,-0.3483272,0.017082658
0.03791666666666667,0.97007936,0.008810012
0.038,0.89097124,0.0034210794
0.03808333333333333,-0.48609057,0.015529118
0.03816666666666667,-1.0585982,0.0050350665
0.03825,-0.109925866,0.005795081
0.03833333333333333,0.8633847,0.0034805473
0.03841666666666667,0.44083238,0.0043044267
0.0385,-0.6102099,0.012954478
0.03858333333333333,-0.76239353,0.017651254
0.03866666666666667,0.063864306,0.007125856
0.03875,0.6878432,0.01774932
0.03883333333333333,0.3151497,0.006719572
0.03891666666666667,-0.53739244,0.00459036
0.039,-0.7381745,0.007960343
0.03908333333333333,0.12759063,0.004241493
0.03916666666666667,0.9310133,0.023998499
0.03925,0.40682805,0.008506845
0.03933333333333333,-0.64954793,0.0062945425
0.03941666666666667,-0.6272733,0.00975713
0.0395,0.44860196,0.017019847
0.03958333333333333,0.82667494,0.003361421
0.03966666666666667,-0.10382779,0.007853069
0.03975,-0.81604046,0.0073185214
0.03983333333333333,-0.2742587,0.015886437
0.03991666666666667,0.68185383,0.0061453073
0.04,0.61671937,0.0019531995
0.04008333333333333,-0.28866476,0.0024015652
0.04016666666666667,-0.68609375,0.0016287514
0.04025,-0.099081606,0.005487031
0.04033333333333333,0.5734315,0.004484605
0.04041666666666666,0.33000815,0.00023864684
0.0405,-0.41382918,0.012919781
0.04058333333333333,-0.47658837,0.010165631
0.04066666666666666,0.21994391,0.013216625
0.04075,0.58118063,0.00045739807
0.04083333333333333,0.10929072,0.0044444995
0.040916666666666664,-0.42846492,0.0019155762
0.041,-0.30600703,0.018283065
0.04108333333333333,0.12656473,0.015320303
0.041166666666666664,0.1951283,0.015283275
0.04125,-0.0024506813,0.0054411977
0.04133333333333333,-0.11815533,0.00882613
0.041416666666666664,-0.12580584,0.0074959192
0.0415,-0.0565936,0.011346224
0.04158333333333333,0.04007864,0.016942956
0.041666666666666664,0.04537432,0.009329097
0.04175,-0.10429086,0.015430539
0.041833333333333333,-0.2324318,0.017038379
0.041916666666666665,-0.10621635,0.00662459
0.042,0.17789368,0.0024289268
0.042083333333333334,0.21889387,0.0026773135
0.042166666666666665,-0.0576451,0.00050068425
0.04225,-0.22466227,0.0109129725
0.042333333333333334,-0.023041276,0.00063664594
0.042416666666666665,0.22264497,0.0031558995
0.0425,0.13419054,0.01335808
0.042583333333333334,-0.14077629,0.008615535
0.042666666666666665,-0.168036,0.014621599
0.04275,0.13470322,0.0006622415
0.042833333333333334,0.30662233,0.011863229
0.042916666666666665,0.067636415,0.013233719
0.043,-0.19082972,0.0035171746
0.043083333333333335,-0.09867154,0.030146416
0.043166666666666666,0.13597547,0.03722258
0.04325,0.14106995,0.0054460866
0.043333333333333335,-0.051661044,0.009732786
0.043416666666666666,-0.1750686,0.013170683
0.0435,-0.09430262,0.0021790154
0.043583333333333335,0.027412307,0.001577952
0.043666666666666666,0.08333304,0.011823355
0.04375,0.020791486,0.0043663504
0.043833333333333335,-0.120580666,0.016134733
0.043916666666666666,-0.13400176,0.014617897
0.044,0.02119018,0.004542366
0.044083333333333335,0.13441525,0.011827167
0.04416666666666667,-0.00032172306,0.008705465
0.04425,-0.15156685,0.009750023
0.044333333333333336,-0.047281686,0.0007735486
0.04441666666666667,0.16141112,0.0004826407
0.0445,0.15674886,0.025365451
0.044583333333333336,-0.08609969,0.020441439
0.04466666666666667,-0.18016475,0.018506922
0.04475,0.02376143,0.011646519
0.044833333333333336,0.20916066,0.0154163195
0.04491666666666667,0.11334086,0.008275975
0.045,-0.082691684,0.01788701
0.045083333333333336,-0.08861173,0.022171514
0.04516666666666667,0.073806345,0.029893704
0.04525,0.1483444,0.0040785912
0.04533333333333334,-0.022845073,0.0001557533
0.04541666666666667,-0.19471937,0.016298998
0.0455,-0.13733928,0.0141307935
0.04558333333333333,0.05768441,0.011271523
0.04566666666666667,0.15443602,0.005212584
0.04575,0.01154915,0.014673089
0.04583333333333333,-0.13522933,0.021275926
0.04591666666666667,-0.040045597,0.008112421
0.046,0.15312381,0.0041922987
0.04608333333333333,0.1412158,0.0070232283
0.04616666666666667,-0.05849903,0.0031896485
0.04625,-0.15837297,0.018442318
0.04633333333333333,-0.020713393,0.010603791
0.04641666666666667,0.12860431,0.0037178951
0.0465,0.06981428,0.009373472
0.04658333333333333,-0.068917066,0.0056995437
0.04666666666666667,-0.10464877,0.023936046
0.04675,-0.012409676,0.00036985514
0.04683333333333333,0.07984486,0.022881586
0.04691666666666667,0.040932,0.019025054
0.047,-0.06693057,0.005255679
0.04708333333333333,-0.102126345,0.021637041
0.04716666666666667,-0.023200639,0.02437202
0.04725,0.08823358,0.0057292874
0.04733333333333333,0.07479643,4.426023e-05
0.04741666666666667,-0.058577273,0.0019543343
0.0475,-0.11457186,0.012048655
0.04758333333333333,-0.011100482,0.0016148377
0.04766666666666667,0.1397751,0.00014444806
0.04775,0.141218,0.0015943409
0.04783333333333333,0.0017996116,0.0047287643
0.04791666666666667,-0.074312024,0.003021059
0.048,0.026317693,0.011007654
0.04808333333333333,0.1361297,0.003365661
0.04816666666666667,0.05599605,0.012309835
0.04825,-0.11029659,0.003251133
0.04833333333333333,-0.14523683,0.010524206
0.04841666666666666,0.015304238,0.011930148
0.0485,0.12802237,0.019170124
0.04858333333333333,-0.05055042,0.007445707
0.048666666666666664,-0.28243533,0.015261936
0.04875,-0.15444168,0.033902846
0.04883333333333333,0.16799106,0.01608999
0.048916666666666664,0.1341533,0.00016371156
0.049,-0.23001121,0.007089894
0.04908333333333333,-0.2885881,0.008133295
0.049166666666666664,0.12301277,0.032257732
0.04925,0.28544474,0.023108535
0.04933333333333333,-0.12717305,0.004956581
0.049416666666666664,-0.31181842,0.031774722
0.0495,0.2561884,0.029800404
0.04958333333333333,0.58043206,0.008300929
0.049666666666666665,-0.013900609,0.014362752
0.04975,-0.5456062,0.016404942
0.049833333333333334,-0.016822558,0.03245258
0.049916666666666665,0.6262675,0.0019750774
0.05,0.15717773,0.004587841
0.050083333333333334,-0.6117932,0.012968505
0.050166666666666665,-0.4249596,0.0011102593
0.05025,0.3929647,0.013951654
0.050333333333333334,0.47711286,0.007853364
0.050416666666666665,-0.29211304,0.0025539808
0.0505,-0.6172965,0.0148886265
0.050583333333333334,-0.058242206,0.019812418
0.050666666666666665,0.46860945,0.0038277074
0.05075,0.15453762,0.005091609
0.050833333333333335,-0.37633818,0.005729921
0.050916666666666666,-0.2818752,0.011572682
0.051,0.27736297,0.0042504324
0.051083333333333335,0.41811448,0.005836197
0.051166666666666666,0.013805647,0.016892815
0.05125,-0.22541507,0.017675819
0.051333333333333335,-0.016595159,0.027371233
0.051416666666666666,0.2767195,0.0043005366
0.0515,0.2839211,0.015184426
0.051583333333333335,0.10338993,0.0064690206
0.051666666666666666,-0.101177275,0.014580926
0.05175,-0.21524845,0.019654147
0.051833333333333335,-0.07348753,0.012025399
0.051916666666666667,0.20317659,0.0007128094
0.052,0.18225823,0.0041020107
0.052083333333333336,-0.27407238,0.0012579764
0.05216666666666667,-0.53486735,0.016306546
0.05225,-0.08853779,0.0036047231
0.052333333333333336,0.46931362,0.0055141216
0.05241666666666667,0.26749077,0.007691448
0.0525,-0.3767715,0.020197745
0.052583333333333336,-0.4445356,0.020439435
0.05266666666666667,0.20528701,0.010733036
0.05275,0.5834154,0.0074207117
0.052833333333333336,-0.008977212,0.0055699754
0.05291666666666667,-0.62510026,0.007099493
0.053,-0.26739204,0.0079220645
0.05308333333333334,0.5340782,0.013391
0.05316666666666667,0.5296895,0.014366438
0.05325,-0.29808453,0.0007430499
0.05333333333333334,-0.63805366,0.004958734
0.05341666666666667,0.006760435,0.004169757
0.0535,0.59250975,0.020373443
0.05358333333333333,0.2395228,0.01571948
0.05366666666666667,-0.42823815,0.0006858125
0.05375,-0.41283196,0.0141603835
0.05383333333333333,0.16552378,0.019115891
0.05391666666666667,0.4245414,0.003873431
0.054,0.048265673,0.0135381725
0.05408333333333333,-0.32447207,0.0034844282
0.05416666666666667,-0.22119154,0.007972953
0.05425,0.12571955,0.00087214797
0.05433333333333333,0.26498687,0.012723459
0.05441666666666667,0.09049132,0.000990367
0.0545,-0.13823815,0.014371029
0.05458333333333333,-0.12833837,0.0034275986
0.05466666666666667,0.105675474,0.0033668857
0.05475,0.29189903,0.005766386
0.05483333333333333,0.20389195,0.0024106293
0.05491666666666667,-0.14780565,0.0125204995
0.055,-0.44968534,0.0019952497
0.05508333333333333,-0.16834371,0.0030265478
0.05516666666666667,0.4664195,0.010151724
0.05525,0.35020533,0.010920461
0.05533333333333333,-0.46186435,0.00110722
0.05541666666666667,-0.6358502,0.009159337
0.0555,0.22341616,0.01021799
0.05558333333333333,0.6218415,0.0026052564
0.05566666666666667,-0.3370693,0.003480312
0.05575,-1.0772173,0.0062793233
0.05583333333333333,0.098316975,0.011259196
0.05591666666666667,1.6111382,0.0017023424
0.056,0.42355892,0.0034877562
0.05608333333333333,-1.4478326,0.0017728276
0.05616666666666666,-0.79761934,0.009407577
0.05625,1.2378716,0.00059123925
0.05633333333333333,1.0556747,0.0028984847
0.056416666666666664,-0.75413597,0.00895381
0.0565,-0.9652959,0.004759084
0.05658333333333333,0.56159717,0.010954965
0.056666666666666664,1.216816,0.0024401003
0.05675,-0.046513833,0.0014470903
0.05683333333333333,-1.0924722,0.0050787213
0.056916666666666664,-0.49635497,0.0037534607
0.057,0.75512,0.00366676
0.05708333333333333,0.60502416,0.00038455444
0.057166666666666664,-0.71974146,0.0047663325
0.05725,-1.0031853,0.0011498032
0.05733333333333333,0.2724355,0.0037201876
0.057416666666666664,1.0258777,0.004970361
0.0575,-0.015447003,0.0042264494
0.057583333333333334,-0.97531086,0.0056443545
0.057666666666666665,-0.3112516,0.010798986
0.05775,0.74905556,0.0072652395
0.057833333333333334,0.44632328,0.017151594
0.057916666666666665,-0.39104384,0.0038605654
0.058,-0.31906274,0.014226256
0.058083333333333334,0.1887391,0.0043672184
0.058166666666666665,0.3057472,0.01886237
0.05825,0.1221373,0.0005336002
0.058333333333333334,-0.013403408,0.002149489
0.058416666666666665,-0.14609179,0.017330768
0.0585,-0.1511171,0.011796906
0.058583333333333334,0.1688585,0.0061314385
0.058666666666666666,0.27847132,0.0064770044
0.05875,-0.14161104,0.009083684
0.058833333333333335,-0.38002506,0.006917269
0.058916666666666666,0.05458004,0.010790925
0.059,0.41851643,0.0024806508
0.059083333333333335,0.070328556,0.0061191604
0.059166666666666666,-0.47454113,0.0066904263
0.05925,-0.41204405,0.0037683647
0.059333333333333335,0.23061408,0.0032484115
0.059416666666666666,0.56270266,0.0013644052
0.0595,0.06261341,0.0054244767
0.059583333333333335,-0.62964326,0.0051387516
0.059666666666666666,-0.42775548,0.006349873
0.05975,0.4801956,0.0004206376
0.059833333333333336,0.6675058,0.007894784
0.05991666666666667,-0.26157242,0.011606379
0.06,-0.7919094,0.0033572665
0.060083333333333336,0.00805074,0.013922174
0.06016666666666667,0.8306907,0.005083036
0.06025,0.30351004,0.008885288
0.060333333333333336,-0.5731837,0.010143771
0.06041666666666667,-0.3031004,0.0124238655
0.0605,0.52730757,0.016966527
0.060583333333333336,0.4237199,0.000119507524
0.06066666666666667,-0.36563393,0.0088375835
0.06075,-0.5295195,0.00925091
0.060833333333333336,0.10751348,0.016876847
0.06091666666666667,0.4927047,0.0012900215
0.061,0.11813944,0.0014391771
0.06108333333333334,-0.3579978,0.0052583795
0.06116666666666667,-0.31352428,0.013099478
0.06125,0.11420197,0.0061323894
0.06133333333333333,0.28044835,0.0059538507
0.06141666666666667,-0.06746502,0.006994351
0.0615,-0.39901018,0.00027107913
0.06158333333333333,-0.118681885,0.0014248191
0.06166666666666667,0.31748694,0.0027109948
0.06175,0.14401093,0.002285908
0.06183333333333333,-0.23640737,0.009020308
0.06191666666666667,-0.16241196,0.008548399
0.062,0.052462913,0.0056841467
0.06208333333333333,-0.049849454,0.0017986356
0.06216666666666667,-0.14615388,0.00709012
0.06225,0.003549866,0.00088467915
0.06233333333333333,0.21617042,0.016689654
0.06241666666666667,0.13792482,0.0089876875
0.0625,-0.09984599,0.009629734
0.06258333333333334,-0.10347441,0.007081521
0.06266666666666666,0.078494124,0.0045293784
0.06275,0.15083203,0.000667151
0.06283333333333334,0.055208694,0.0012824418
0.06291666666666666,-0.017684545,0.0025265494
0.063,0.08504937,0.0055487873
0.06308333333333334,0.21690367,0.0036093814
0.06316666666666666,0.14239582,0.015469571
0.06325,-0.093092285,0.004505318
0.06333333333333334,-0.19179234,0.005051573
0.06341666666666666,0.013465318,0.002229919
0.0635,0.2397525,0.010242747
0.06358333333333334,0.0021400296,0.007849019
0.06366666666666666,-0.42021948,0.009611216
0.06375,-0.28234634,0.007017747
0.06383333333333334,0.3230616,0.0178797
0.06391666666666666,0.3922859,0.005677723
0.064,-0.31938335,0.008595631
0.06408333333333334,-0.71869826,0.004372805
0.06416666666666666,-0.0768431,0.01539533
0.06425,0.6697452,0.009896379
0.06433333333333334,0.35883602,0.0028583782
0.06441666666666666,-0.46872637,0.014461172
0.0645,-0.5327151,0.014809999
0.06458333333333334,0.25237378,0.0037583446
0.06466666666666666,0.6949724,0.003932838
0.06475,0.1416332,0.0073535494
0.06483333333333334,-0.5549482,0.016620405
0.06491666666666666,-0.36825585,0.00072699576
0.065,0.43639517,0.004150691
0.06508333333333334,0.6699843,0.0019221844
0.06516666666666666,-0.051488813,0.0138296
0.06525,-0.63690245,0.0008487916
0.06533333333333333,-0.17023768,0.003722135
0.06541666666666666,0.69010663,0.020683262
0.0655,0.58403796,0.010854667
0.06558333333333333,-0.42902496,0.014183253
0.06566666666666666,-0.8612053,0.0005475306
0.06575,-0.093762696,0.021059562
0.06583333333333333,0.75816345,0.02276962
0.06591666666666667,0.41107354,0.0015684896
0.066,-0.57177263,0.008144254
0.06608333333333333,-0.7438167,0.005224769
0.06616666666666667,0.12257114,0.011564426
0.06625,0.7356088,8.1352235e-05
0.06633333333333333,0.18278135,0.0062667555
0.06641666666666667,-0.6453781,0.0044864826
0.0665,-0.5015672,0.0015142375
0.06658333333333333,0.3898032,0.0028610704
0.06666666666666667,0.6591683,0.0046739383
0.06675,-0.046256334,0.008682714
0.06683333333333333,-0.612846,0.0013195812
0.06691666666666667,-0.22705597,0.0018766975
0.067,0.5141165,0.0026845105
0.06708333333333333,0.48292813,0.0022397144
0.06716666666666667,-0.20339796,0.011499879
0.06725,-0.52308106,0.012332079
0.06733333333333333,-0.06465136,0.007949211
0.06741666666666667,0.46566835,0.017117737
0.0675,0.2733763,0.00082622195
0.06758333333333333,-0.38954142,0.009037509
0.06766666666666667,-0.6128672,0.004271119
0.06775,-0.049666855,0.007836666
0.06783333333333333,0.6243857,0.009550511
0.06791666666666667,0.39676237,0.017216705
0.068,-0.4984823,0.009308311
0.06808333333333333,-0.63462377,0.013607665
0.06816666666666667,0.28623402,0.020848611
0.06825,0.86133313,0.0025664803
0.06833333333333333,0.13922463,0.0038998579
0.06841666666666667,-0.76362675,0.016062206
0.0685,-0.4109259,0.025639623
0.06858333333333333,0.6760012,0.010934732
0.06866666666666667,0.78480434,0.0046669096
0.06875,-0.5224925,0.0052478686
0.06883333333333333,-1.2023364,0.0102001745
0.06891666666666667,-0.0017418336,0.0017055019
0.069,1.1918124,0.0027410744
0.06908333333333333,0.31372458,0.0094890045
0.06916666666666667,-1.1931219,0.011908505
0.06925,-0.86011446,0.012750974
0.06933333333333333,0.8269735,0.00530465
0.06941666666666667,1.1360193,0.002964891
0.0695,-0.36480388,0.0047755647
0.06958333333333333,-1.2246965,0.00507452
0.06966666666666667,-0.23118792,0.0053112423
0.06975,1.0967777,0.018928686
0.06983333333333333,0.7517323,0.029300053
0.06991666666666667,-0.59017617,0.0074005206
0.07,-0.8707715,0.009174362
0.07008333333333333,0.23969871,0.0013290629
0.07016666666666667,1.060249,0.018101657
0.07025,0.3335283,0.015302899
0.07033333333333333,-0.73848414,0.0076840906
0.07041666666666667,-0.64689976,0.016318763
0.0705,0.32815358,0.02821345
0.07058333333333333,0.72222656,0.0068957177
0.07066666666666667,0.017370155,0.0018271903
0.07075,-0.6959497,0.0074754385
0.07083333333333333,-0.4641013,0.016395992
0.07091666666666667,0.36750686,0.0006743357
0.071,0.69899845,0.0041663805
0.07108333333333333,0.08205294,0.0059043844
0.07116666666666667,-0.698737,0.012973865
0.07125,-0.49853262,0.0023878955
0.07133333333333333,0.50359005,0.00024306327
0.07141666666666667,0.87585586,1.259211e-05
0.0715,0.030110193,0.010061811
0.07158333333333333,-0.79575247,0.008896771
0.07166666666666667,-0.36284205,0.0025025902
0.07175,0.71200615,0.008447404
0.07183333333333333,0.7421493,0.0068310234
0.07191666666666667,-0.3302909,0.0010662554
0.072,-0.88614804,0.007872224
0.07208333333333333,-0.13537757,0.008372779
0.07216666666666667,0.84231836,0.00568074
0.07225,0.5331971,0.008119864
0.07233333333333333,-0.5682191,0.0017699085
0.07241666666666667,-0.8049771,0.0033664857
0.0725,0.1502706,0.01046941
0.07258333333333333,0.8229668,0.010492158
0.07266666666666667,0.16562666,0.0071090064
0.07275,-0.7679388,0.0075382767
0.07283333333333333,-0.5764579,0.0028829887
0.07291666666666667,0.38558656,0.006868889
0.073,0.6478034,0.00016350631
0.07308333333333333,-0.051805295,0.0059606438
0.07316666666666667,-0.59359884,0.011568506
0.07325,-0.31697583,0.012536727
0.07333333333333333,0.26748678,0.00033113727
0.07341666666666667,0.40718934,0.015287326
0.0735,0.058078896,0.00079236034
0.07358333333333333,-0.32706007,0.005515424
0.07366666666666667,-0.2994553,0.0005599618
0.07375,0.1212287,0.005449671
0.07383333333333333,0.43704727,0.01842568
0.07391666666666667,0.19048974,0.013204402
0.074,-0.33377168,0.0064708297
0.07408333333333333,-0.37509486,0.010498203
0.07416666666666667,0.17131151,0.0093665095
0.07425,0.5191953,0.0047466173
0.07433333333333333,0.074128754,0.011023356
0.07441666666666667,-0.5390962,0.0039621457
0.0745,-0.41251984,0.009459702
0.07458333333333333,0.2941131,0.012244851
0.07466666666666667,0.5294881,0.0007377632
0.07475,-0.0678808,0.0022161356
0.07483333333333334,-0.5180277,0.0020647258
0.07491666666666667,-0.18546134,0.0028057548
0.075,0.36688167,0.0039441125
0.07508333333333334,0.31123552,0.01040413
0.07516666666666667,-0.19535124,0.016385706
0.07525,-0.35037097,0.0074432585
0.07533333333333334,0.016727755,0.017755907
0.07541666666666667,0.324514,0.017574571
0.0755,0.17442767,0.008241127
0.07558333333333334,-0.13916376,0.0033581608
0.07566666666666666,-0.24818528,0.017700331
0.07575,-0.088991664,0.0003080378
0.07583333333333334,0.14497873,0.022405008
0.07591666666666666,0.18155688,3.761036e-05
0.076,-0.059956018,0.012211917
0.07608333333333334,-0.28611633,0.019800352
0.07616666666666666,-0.14452434,0.02371598
0.07625,0.222813,0.009754855
0.07633333333333334,0.26657146,0.0003397935
0.07641666666666666,-0.14787506,0.021655172
0.0765,-0.37107575,0.022857467
0.07658333333333334,-0.016671913,0.01665058
0.07666666666666666,0.3941588,0.003239438
0.07675,0.258182,0.0007789992
0.07683333333333334,-0.14754793,0.006745537
0.07691666666666666,-0.17972818,0.014811336
0.077,0.15759893,0.005167322
0.07708333333333334,0.32092592,0.0019069096
0.07716666666666666,0.038039457,0.023129454
0.07725,-0.2594332,0.00804521
0.07733333333333334,-0.15970264,0.020142386
0.07741666666666666,0.15393265,0.010432292
0.0775,0.20999193,0.01788417
0.07758333333333334,-0.06566838,0.015263663
0.07766666666666666,-0.26672456,0.0074378285
0.07775,-0.11991566,0.03269813
0.07783333333333334,0.1451513,0.040202472
0.07791666666666666,0.14208269,0.0071184137
0.078,-0.0856814,0.013376164
0.07808333333333334,-0.17586893,0.0044811117
0.07816666666666666,-0.02020905,0.0021377325
0.07825,0.15428859,0.0045007416
0.07833333333333334,0.14581054,0.0012033052
0.07841666666666666,-0.0059622647,0.011151817
0.0785,-0.11341279,0.022120668
0.07858333333333334,-0.038912244,0.005559213
0.07866666666666666,0.1378277,0.0008951342
0.07875,0.16630295,0.010790152
0.07883333333333334,-0.025675876,0.005466892
0.07891666666666666,-0.17885569,0.024874346
0.079,-0.053357247,0.007616068
0.07908333333333334,0.15616034,0.0031728738
0.07916666666666666,0.14300612,0.039435137
0.07925,-0.06596773,0.024990499
0.07933333333333334,-0.21788926,0.01806935
0.07941666666666666,-0.10313153,0.012612013
0.0795,0.12491629,0.02806794
0.07958333333333334,0.10797783,0.013755591
0.07966666666666666,-0.11543296,0.011989808
0.07975,-0.18485723,0.024022771
0.07983333333333334,0.033437066,0.030849399
0.07991666666666666,0.2312595,0.0054123485
0.08,0.0902714,0.005362649
0.08008333333333334,-0.21400268,0.011918201
0.08016666666666666,-0.18948096,0.00018670788
0.08025,0.090681195,0.0022732348
0.08033333333333334,0.2028982,0.0011636205
0.08041666666666666,0.038318455,0.003337909
0.0805,-0.17787018,0.014560125
0.08058333333333334,-0.18270254,0.025944805
0.08066666666666666,0.050045367,0.012739129
0.08075,0.2253295,0.010591631
0.08083333333333333,-0.00013416381,0.0010416092
0.08091666666666666,-0.2682521,0.0017583544
0.081,-0.15797158,0.017042436
0.08108333333333333,0.1407768,0.0041281697
0.08116666666666666,0.27616012,0.033970993
0.08125,0.11666049,0.0012721332
0.08133333333333333,-0.15440011,0.02039689
0.08141666666666666,-0.22056155,0.0225648
0.0815,-0.04469724,0.04160813
0.08158333333333333,0.14392166,0.011813737
0.08166666666666667,0.13097896,0.008506366
0.08175,-0.02869492,0.022049744
0.08183333333333333,-0.19866829,0.021316523
0.08191666666666667,0.0092510665,0.0018494311
0.082,0.3398032,0.0075809476
0.08208333333333333,0.10982788,0.0013954205
0.08216666666666667,-0.464509,0.005524002
0.08225,-0.42729136,0.004861323
0.08233333333333333,0.21757318,0.00588967
0.08241666666666667,0.4140139,0.014948395
0.0825,-0.092843406,0.00020604416
0.08258333333333333,-0.3227872,0.001815091
0.08266666666666667,-0.071503684,0.016348697
0.08275,0.12675454,0.01510091
0.08283333333333333,0.06854869,0.012573428
0.08291666666666667,0.023088003,0.0057877777
0.083,-0.07374737,0.0072291335
0.08308333333333333,-0.16145244,0.014427312
0.08316666666666667,0.08007996,0.008291089
0.08325,0.4525184,0.0062516495
0.08333333333333333,0.32165697,0.0027285565
0.08341666666666667,-0.25190926,0.0072971126
0.0835,-0.29341555,0.003302212
0.08358333333333333,0.29124293,0.0017975211
0.08366666666666667,0.52330995,0.00046464297
0.08375,0.010795111,0.008918627
0.08383333333333333,-0.46069118,0.008468312
0.08391666666666667,-0.2507587,0.00405422
0.084,0.30657434,0.0027065242
0.08408333333333333,0.41145608,0.0040706317
0.08416666666666667,-0.1693356,0.0025752014
0.08425,-0.7596262,0.0077738333
0.08433333333333333,-0.46398515,0.00521904
0.08441666666666667,0.4397712,0.0062482613
0.0845,0.6053691,0.015045515
0.08458333333333333,-0.27502185,0.010925639
0.08466666666666667,-0.72796893,0.009354532
0.08475,0.07836279,0.004491102
0.08483333333333333,0.8800695,0.0071048453
0.08491666666666667,0.3399181,0.0029115358
0.085,-0.6790093,0.0097903265
0.08508333333333333,-0.58651143,0.0123308515
0.08516666666666667,0.42348737,0.015557489
0.08525,0.8446334,0.0063462704
0.08533333333333333,0.15534157,0.008773783
0.08541666666666667,-0.5926541,0.003277452
0.0855,-0.40839133,0.010220683
0.08558333333333333,0.3841179,0.0035872944
0.08566666666666667,0.6095983,0.0016300243
0.08575,-0.11480518,0.005663583
0.08583333333333333,-0.7492093,0.009062143
0.08591666666666667,-0.35594147,0.002710283
0.086,0.50745654,0.0018632155
0.08608333333333333,0.5376564,0.00541911
0.08616666666666667,-0.3047652,0.0083461385
0.08625,-0.71570307,0.0029149551
0.08633333333333333,-0.12685093,0.0041609663
0.08641666666666667,0.5451601,0.006764515
0.0865,0.33743775,0.0053317463
0.08658333333333333,-0.3092379,0.0061996994
0.08666666666666667,-0.4408121,0.015747592
0.08675,0.103193626,0.00800616
0.08683333333333333,0.56684834,0.0072297985
0.08691666666666667,0.310236,0.012845367
0.087,-0.29625022,0.0049119308
0.08708333333333333,-0.5455087,0.017407715
0.08716666666666667,-0.121211804,0.019128995
0.08725,0.46921197,0.0017466526
0.08733333333333333,0.33439347,0.0032987758
0.08741666666666667,-0.39872873,0.0024551488
0.0875,-0.5511845,0.005069275
0.08758333333333333,0.1274264,0.012218264
0.08766666666666667,0.5305009,0.0026735927
0.08775,0.08122214,0.010185198
0.08783333333333333,-0.4804424,0.0063715074
0.08791666666666667,-0.3148566,0.00047570892
0.088,0.32578367,0.0066715307
0.08808333333333333,0.5624002,0.004414035
0.08816666666666667,-0.0010097666,0.004310407
0.08825,-0.53779644,0.0042919787
0.08833333333333333,-0.22256508,0.00512801
0.08841666666666667,0.49775788,0.009885625
0.0885,0.50012064,0.016911397
0.08858333333333333,-0.23280732,0.009321449
0.08866666666666667,-0.5725699,0.0004670099
0.08875,-0.056201644,0.0048037535
0.08883333333333333,0.5055901,0.012534422
0.08891666666666667,0.25419044,0.0063508484
0.089,-0.4041482,0.008130186
0.08908333333333333,-0.47671485,0.0042327926
0.08916666666666667,0.09915642,0.014779798
0.08925,0.4075007,0.0007738823
0.08933333333333333,-0.00020975027,0.0021579636
0.08941666666666667,-0.48974064,0.020426204
0.0895,-0.3252126,0.015876485
0.08958333333333333,0.29504558,0.006229545
0.08966666666666667,0.4877803,0.008753858
0.08975,0.007217982,0.00032203124
0.08983333333333333,-0.36985508,0.006210232
0.08991666666666667,-0.12950914,0.016441606
0.09,0.30410528,0.0051752524
0.09008333333333333,0.31244904,0.009633829
0.09016666666666667,-0.05763825,0.0071022324
0.09025,-0.2602099,0.017011084
0.09033333333333333,-0.01442156,0.0034443804
0.09041666666666667,0.3210514,0.009501583
0.0905,0.28342995,0.008772016
0.09058333333333334,-0.098610125,0.004949063
0.09066666666666667,-0.31517163,0.021029672
0.09075,-0.04485201,0.011959648
0.09083333333333334,0.31333423,0.025815664
0.09091666666666667,0.19178744,0.016263422
0.091,-0.25354978,0.00022679628
0.09108333333333334,-0.37268636,0.022709394
0.09116666666666666,-0.0018993976,0.024465336
0.09125,0.33825073,0.0051305294
0.09133333333333334,0.13252757,0.0018281562
0.09141666666666666,-0.3127903,0.008157963
0.0915,-0.32912377,0.0030347193
0.09158333333333334,0.06696557,0.00048034778
0.09166666666666666,0.2986132,0.000100618134
0.09175,0.082631186,0.015490679
0.09183333333333334,-0.21867214,0.014828622
0.09191666666666666,-0.13437605,0.014762943
0.092,0.21479703,0.0020641242
0.09208333333333334,0.28765398,0.009475836
0.09216666666666666,-0.046610422,0.008518912
0.09225,-0.27490774,0.00045113193
0.09233333333333334,-0.050601427,0.0064518354
0.09241666666666666,0.29529437,0.010326961
0.0925,0.2416813,0.021794084
0.09258333333333334,-0.13476066,0.0051595657
0.09266666666666666,-0.28710264,0.0065960144
0.09275,-0.06284876,0.0056112604
0.09283333333333334,0.17069076,0.019089537
0.09291666666666666,0.110920236,0.012568198
0.093,-0.13857663,0.0051803067
0.09308333333333334,-0.23804308,0.014594235
0.09316666666666666,-0.06317675,0.018899675
0.09325,0.22248058,0.00401935
0.09333333333333334,0.31193757,0.0050243437
0.09341666666666666,0.057454836,0.002451856
0.0935,-0.30722627,0.008013412
0.09358333333333334,-0.4120026,0.009214663
0.09366666666666666,0.0995105,0.00048783177
0.09375,0.5328624,0.00063416536
0.09383333333333334,0.05923712,0.014171068
0.09391666666666666,-0.65213615,0.0054367906
0.094,-0.3202141,0.0011520836
0.09408333333333334,0.5417072,0.008284911
0.09416666666666666,0.29390222,0.0020422991
0.09425,-0.6794327,0.00014185632
0.09433333333333334,-0.65353507,0.00036445737
0.09441666666666666,0.78104204,0.011280759
0.0945,1.0554564,0.019659959
0.09458333333333334,-0.46064523,0.00052248145
0.09466666666666666,-1.1682607,0.0010446849
0.09475,0.084755786,0.009771231
0.09483333333333334,1.1605977,0.013883941
0.09491666666666666,0.31902808,0.0033808958
0.095,-0.7068658,0.0002815296
0.09508333333333334,-0.374812,0.000912723
0.09516666666666666,0.59103805,0.011691866
0.09525,0.62897265,0.0020425138
0.09533333333333334,-0.25380105,0.001312605
0.09541666666666666,-0.72245437,0.0039047555
0.0955,-0.18651554,0.0023733657
0.09558333333333334,0.5013884,0.010141999
0.09566666666666666,0.15264806,0.00021773479
0.09575,-0.6100354,0.0026752949
0.09583333333333334,-0.42978615,0.0021516592
0.09591666666666666,0.42559028,0.008920653
0.096,0.38753864,0.0017707834
0.09608333333333334,-0.47992584,0.001672939
0.09616666666666666,-0.50577116,0.0010473874
0.09625,0.32336247,0.0024534874
0.09633333333333334,0.5747314,0.0014582588
0.09641666666666666,-0.04825352,0.00046127487
0.0965,-0.30764362,0.010293751
0.09658333333333333,0.03620316,0.004501559
0.09666666666666666,0.17255712,0.008664986
0.09675,0.033102226,0.012698346
0.09683333333333333,0.030409504,0.0009697261
0.09691666666666666,0.13466035,0.0004450425
0.097,0.07386199,0.0020656676
0.09708333333333333,0.022720223,0.008214116
0.09716666666666667,0.05690401,0.0079676295
0.09725,-0.044791766,0.013373801
0.09733333333333333,-0.13655607,0.004411955
0.09741666666666667,0.038811143,0.009945335
0.0975,0.20817146,0.0081571825
0.09758333333333333,-0.01239196,0.0101518165
0.09766666666666667,-0.32134962,0.009468467
0.09775,-0.21097623,0.011811195
0.09783333333333333,0.19629715,0.025173074
0.09791666666666667,0.30586663,0.00027068655
0.098,-0.03220562,0.0049091848
0.09808333333333333,-0.38076854,0.0025144534
0.09816666666666667,-0.31259584,0.007704766
0.09825,0.20712388,0.004288308
0.09833333333333333,0.46502793,0.009823029
0.09841666666666667,-0.0101247225,0.0121460585
0.0985,-0.45231497,0.012183804
0.09858333333333333,-0.06726379,0.003521269
0.09866666666666667,0.5661005,0.0023596296
0.09875,0.35951144,0.00096587994
0.09883333333333333,-0.40338388,0.005470635
0.09891666666666667,-0.41468516,0.0021565987
0.099,0.37644008,0.0015327068
0.09908333333333333,0.64087826,0.007222215
0.09916666666666667,-0.054902114,0.017882455
0.09925,-0.58306074,0.007476968
0.09933333333333333,-0.17531884,0.0054076975
0.09941666666666667,0.4278141,0.004039932
0.0995,0.26840505,0.014775563
0.09958333333333333,-0.37562844,0.0054832273
0.09966666666666667,-0.5243845,0.01001374
0.09975,-0.04410448,0.016779177
0.09983333333333333,0.32282946,0.017380264
0.09991666666666667,0.1198146,0.0072947536
0.1,-0.19824791,0.003446714
0.10008333333333333,-0.13562918,0.010380461
0.10016666666666667,0.0977042,0.011458207
0.10025,0.16542709,0.01492469
0.10033333333333333,0.0916208,0.011236663
0.10041666666666667,-0.0017275581,0.0048907925
0.1005,-0.14108032,0.011171196
0.10058333333333333,-0.20983058,0.0010727545
0.10066666666666667,0.049650308,0.0045592343
0.10075,0.34639633,0.0011685303
0.10083333333333333,0.1756788,0.0065747197
0.10091666666666667,-0.4620428,0.002815983
0.101,-0.5274044,8.028823e-05
0.10108333333333333,0.18593463,0.0074740853
0.10116666666666667,0.5148738,0.011346233
0.10125,-0.15948284,0.008741267
0.10133333333333333,-0.6425936,0.0002718551
0.10141666666666667,-0.027848586,0.013163905
0.1015,0.71827537,0.009715111
0.10158333333333333,0.3931869,0.0098122
0.10166666666666667,-0.4922146,0.008527447
0.10175,-0.55615395,0.011321343
0.10183333333333333,0.21198024,0.026663948
0.10191666666666667,0.6494719,0.00081194437
0.102,0.17449315,0.013647119
0.10208333333333333,-0.432787,0.019485798
0.10216666666666667,-0.3427538,0.0051750126
0.10225,0.20423526,0.007331714
0.10233333333333333,0.46270704,0.002491739
0.10241666666666667,0.08423152,0.0052568726
0.1025,-0.40467203,0.019821087
0.10258333333333333,-0.4629378,0.01710955
0.10266666666666667,0.02892232,0.0060110088
0.10275,0.49291393,0.020640772
0.10283333333333333,0.28740448,0.0020403676
0.10291666666666667,-0.32067406,0.010541003
0.103,-0.5150598,0.007268284
0.10308333333333333,0.06387743,0.00023440924
0.10316666666666667,0.5960678,0.024646174
0.10325,0.2107509,0.009563829
0.10333333333333333,-0.537013,0.010478893
0.10341666666666667,-0.48254964,0.008879946
0.1035,0.4143431,0.021838548
0.10358333333333333,0.8269893,0.005122044
0.10366666666666667,0.050808616,0.009570443
0.10375,-0.8027686,0.014462477
0.10383333333333333,-0.44534478,0.020525405
0.10391666666666667,0.6104512,0.010633272
0.104,0.7532088,0.006269001
0.10408333333333333,-0.24569172,0.0030658608
0.10416666666666667,-0.87243587,7.5912925e-05
0.10425,-0.16558734,0.0030389354
0.10433333333333333,0.85824704,0.0047741844
0.10441666666666667,0.5843779,0.007279747
0.1045,-0.539745,0.010022627
0.10458333333333333,-0.7747028,0.006653145
0.10466666666666667,0.17785594,0.008876313
0.10475,0.81853735,0.0068288245
0.10483333333333333,0.206905,0.00018602426
0.10491666666666667,-0.6261238,0.00030275199
0.105,-0.49084875,0.010044479
0.10508333333333333,0.3120963,0.010660451
0.10516666666666667,0.5590382,0.016301012
0.10525,-0.087677576,0.0038875204
0.10533333333333333,-0.64588803,0.012511914
0.10541666666666667,-0.39216873,0.0020287575
0.1055,0.31285575,0.019838471
0.10558333333333333,0.56398916,0.02388635
0.10566666666666667,0.066312775,0.003826204
0.10575,-0.44588572,0.016549673
0.10583333333333333,-0.2802004,0.015154558
0.10591666666666667,0.27363333,0.0034345228
0.106,0.39172116,0.00603933
0.10608333333333334,-0.09817732,0.0013755219
0.10616666666666667,-0.48049715,0.007938383
0.10625,-0.16677962,0.0026394245
0.10633333333333334,0.49605092,0.0026008533
0.10641666666666667,0.5583018,0.004843454
0.1065,-0.13964501,0.0073952796
0.10658333333333334,-0.64315975,0.0015755151
0.10666666666666667,-0.15649243,0.0003481508
0.10675,0.622377,0.0031217134
0.10683333333333334,0.38940364,0.008491899
0.10691666666666666,-0.4917145,0.013697989
0.107,-0.5743618,0.004620354
0.10708333333333334,0.22064337,0.025214028
0.10716666666666666,0.58191293,0.037496574
0.10725,0.02945813,0.0013591402
0.10733333333333334,-0.52449507,0.00019142596
0.10741666666666666,-0.30860716,0.0145870745
0.1075,0.2627467,0.02553334
0.10758333333333334,0.39528853,0.010324135
0.10766666666666666,-0.009459581,0.0065982374
0.10775,-0.37649688,0.005884036
0.10783333333333334,-0.18897207,0.024135832
0.10791666666666666,0.2472185,0.0066993413
0.108,0.28451154,0.0068043484
0.10808333333333334,-0.10738489,0.020512586
0.10816666666666666,-0.36367533,0.0052424446
0.10825,-0.14955996,1.5149035e-06
0.10833333333333334,0.1905463,0.0017165517
0.10841666666666666,0.2541692,0.0055082846
0.1085,0.01751938,0.026216956
0.10858333333333334,-0.19619161,0.02214894
0.10866666666666666,-0.10216851,0.020226076
0.10875,0.17589092,0.015983423
0.10883333333333334,0.18738689,0.0044429987
0.10891666666666666,-0.12963401,0.0016672055
0.109,-0.27223232,0.018242868
0.10908333333333334,0.043905918,0.00044189775
0.10916666666666666,0.33191448,0.032070868
0.10925,0.099825606,0.0019944864
0.10933333333333334,-0.2509654,0.0015923341
0.10941666666666666,-0.15282959,0.02907466
0.1095,0.16005728,0.035436194
0.10958333333333334,0.19654064,0.021730054
0.10966666666666666,-0.036781743,0.012341768
0.10975,-0.16622789,0.029472712
0.10983333333333334,-0.03918404,0.043552693
0.10991666666666666,0.13984916,0.0017278185
0.11,0.15840901,0.011804555
0.11008333333333334,0.013948102,0.004928452
0.11016666666666666,-0.118163966,0.0040351427
0.11025,-0.042508107,0.017821126
0.11033333333333334,0.10949256,0.01747826
0.11041666666666666,0.05946322,0.003913635
0.1105,-0.12355132,0.022461837
0.11058333333333334,-0.10108632,0.0084559815
0.11066666666666666,0.1031922,0.012065727
0.11075,0.12992045,0.016474124
0.11083333333333334,-0.07104291,0.006114027
0.11091666666666666,-0.1537606,0.007491199
0.111,-0.0153810885,0.0032059946
0.11108333333333334,0.07023475,0.019758357
0.11116666666666666,0.014106315,0.028173268
0.11125,-0.020277118,0.007275208
0.11133333333333334,0.029564114,0.015624021
0.11141666666666666,0.058615968,0.007485514
0.1115,-0.004492342,0.018175293
0.11158333333333334,-0.05664362,0.0078590885
0.11166666666666666,-0.062367536,0.011390162
0.11175,-0.029847158,0.013883771
0.11183333333333334,0.011931772,0.033482242
0.11191666666666666,0.0059457305,0.0013319381
0.112,-0.023056738,0.010943385
0.11208333333333333,0.005169821,0.012844461
0.11216666666666666,0.06038477,0.0007202587
0.11225,0.02580739,0.014502665
0.11233333333333333,-0.057949405,0.001998759
0.11241666666666666,-0.06364394,0.019706717
0.1125,0.022040509,0.03909185
0.11258333333333333,0.013591358,0.018890113
0.11266666666666666,-0.09714125,0.0010926015
0.11275,-0.015321722,0.025033865
0.11283333333333333,0.15838635,0.011415743
0.11291666666666667,0.04870078,0.0063964687
0.113,-0.13070236,0.012325662
0.11308333333333333,-0.00044409907,0.0009414183
0.11316666666666667,0.14488502,0.037314847
0.11325,0.019858839,0.017025791
0.11333333333333333,-0.09669634,0.010998071
0.11341666666666667,0.013418102,0.026047617
0.1135,0.11392308,0.030833058
0.11358333333333333,0.13785416,0.00014721935
0.11366666666666667,-0.04045743,0.0168999
0.11375,-0.4811819,0.02182564
0.11383333333333333,-0.3418214,0.028750671
0.11391666666666667,0.39955652,0.0003430079
0.114,0.4371053,0.0010354768
0.11408333333333333,-0.3692475,0.005350794
0.11416666666666667,-0.47168586,0.006661304
0.11425,0.27827287,0.006237075
0.11433333333333333,0.50530016,0.00751688
0.11441666666666667,-0.09717966,0.0072601354
0.1145,-0.46604502,0.010183749
0.11458333333333333,-0.085646935,0.012225535
0.11466666666666667,0.34550107,0.0013628457
0.11475,0.29797974,0.0029421563
0.11483333333333333,-0.096920915,0.014034442
0.11491666666666667,-0.34119588,0.0044539995
0.115,-0.00071574707,0.0061196648
0.11508333333333333,0.48458412,0.0037917886
0.11516666666666667,0.27914757,0.01600966
0.11525,-0.3784645,0.0040996587
0.11533333333333333,-0.36306208,0.011952777
0.11541666666666667,0.30534694,0.0108360555
0.1155,0.4459933,0.0028506774
0.11558333333333333,-0.20883282,0.0074171023
0.11566666666666667,-0.46246797,0.0045159617
0.11575,0.08495717,0.00062432716
0.11583333333333333,0.40076202,0.01849603
0.11591666666666667,0.063519396,0.0053459755
0.116,-0.32493177,0.005438388
0.11608333333333333,-0.20526914,0.012193064
0.11616666666666667,0.13762099,0.031441256
0.11625,0.20828347,0.020864332
0.11633333333333333,-0.0012308602,0.0061822534
0.11641666666666667,-0.25505766,0.01919599
0.1165,-0.20156375,0.023970088
0.11658333333333333,0.20091851,0.0020441078
0.11666666666666667,0.31946564,0.00686759
0.11675,-0.14117242,0.0015357195
0.11683333333333333,-0.4187447,0.001875802
0.11691666666666667,0.02483499,0.006845282
0.117,0.5075663,0.0018705577
0.11708333333333333,0.2279654,0.00180019
0.11716666666666667,-0.36774066,0.008371447
0.11725,-0.30222785,0.0009949781
0.11733333333333333,0.2742279,0.00035762254
0.11741666666666667,0.44247463,0.013754632
0.1175,-0.034580458,0.0009824682
0.11758333333333333,-0.46656454,0.0007475596
0.11766666666666667,-0.25080857,0.0028574194
0.11775,0.32448018,0.013067105
0.11783333333333333,0.40568903,0.024773788
0.11791666666666667,-0.18812793,0.0063312734
0.118,-0.5829863,0.0006151186
0.11808333333333333,-0.12931225,0.016528994
0.11816666666666667,0.4987569,0.021849846
0.11825,0.27180082,0.010307401
0.11833333333333333,-0.44297573,0.004192964
0.11841666666666667,-0.48172468,0.0103848195
0.1185,0.23943624,0.02841672
0.11858333333333333,0.59586257,0.0059477426
0.11866666666666667,0.07816836,0.0015680183
0.11875,-0.44242305,0.023329802
0.11883333333333333,-0.22624424,0.014159623
0.11891666666666667,0.33445084,0.0036603762
0.119,0.3915032,0.001259327
0.11908333333333333,-0.06555611,0.0051165787
0.11916666666666667,-0.3577666,0.009040386
0.11925,-0.17158471,0.019420596
0.11933333333333333,0.15584101,0.0070366506
0.11941666666666667,0.23320572,0.0049987067
0.1195,-0.0070494656,0.012653797
0.11958333333333333,-0.34650654,0.026628748
0.11966666666666667,-0.27124402,0.003094079
0.11975,0.20986839,0.012099142
0.11983333333333333,0.38409987,0.009811089
0.11991666666666667,-0.064211436,0.018170716
0.12,-0.50445676,0.015281718
0.12008333333333333,-0.23480342,0.016680943
0.12016666666666667,0.45258477,0.022194698
0.12025,0.5653442,0.009200189
0.12033333333333333,-0.2086082,0.0034367675
0.12041666666666667,-0.7126293,0.020083906
0.1205,-0.046134375,0.029277481
0.12058333333333333,0.8404708,0.008478776
0.12066666666666667,0.42013517,0.0040484513
0.12075,-0.63341093,0.0018537684
0.12083333333333333,-0.61357015,0.009013998
0.12091666666666667,0.4043679,0.0073309517
0.121,0.75659925,0.0070387963
0.12108333333333333,-0.13270734,0.0074111302
0.12116666666666667,-0.778314,0.011286377
0.12125,-0.19903845,0.015088865
0.12133333333333333,0.60847914,0.008144991
0.12141666666666667,0.40126246,0.0063395784
0.1215,-0.37385598,5.175391e-05
0.12158333333333333,-0.4921196,0.018703911
0.12166666666666667,0.12337286,0.010846516
0.12175,0.5003559,0.011287876
0.12183333333333334,0.11966761,0.024780095
0.12191666666666667,-0.34826592,0.012197149
0.122,-0.26215422,0.023304872
0.12208333333333334,0.18609452,0.011803033
0.12216666666666667,0.33708733,0.016594209
0.12225,0.06376111,0.016687647
0.12233333333333334,-0.19068943,0.0013620502
0.12241666666666666,-0.1943147,0.02776719
0.1225,0.012239031,0.022590533
0.12258333333333334,0.17745826,0.0055582556
0.12266666666666666,0.11508694,0.0051230667
0.12275,-0.09674779,0.00023860221
0.12283333333333334,-0.20678343,0.00027047453
0.12291666666666666,-6.2129846e-05,0.018293055
0.123,0.27550617,0.0010371786
0.12308333333333334,0.15514347,0.00631173
0.12316666666666666,-0.24240601,0.017701522
0.12325,-0.3004128,0.011972131
0.12333333333333334,0.07004571,0.0024145497
0.12341666666666666,0.3247068,0.0068142205
0.1235,0.022240102,0.005333866
0.12358333333333334,-0.36671433,0.008246593
0.12366666666666666,-0.14138007,0.0016474433
0.12375,0.3477597,0.014218285
0.12383333333333334,0.3407787,0.033305753
0.12391666666666666,-0.15988252,0.0021466915
0.124,-0.39531213,0.0059139393
0.12408333333333334,0.00544077,0.021534402
0.12416666666666666,0.39303324,0.019111061
0.12425,0.14297996,0.0023225418
0.12433333333333334,-0.30657986,0.008880429
0.12441666666666666,-0.23714057,0.013544289
0.1245,0.20436236,0.024788262
0.12458333333333334,0.32855102,0.005134182
0.12466666666666666,-0.052951675,0.0006090746
0.12475,-0.3176938,0.003415394
0.12483333333333334,-0.105088696,0.0136805475
0.12491666666666666,0.16182317,0.008277067
0.125,0.09365666,4.639941e-05
0.12508333333333332,-0.12016407,0.0003078636
0.12516666666666668,-0.13827716,0.016769394
0.12525,-0.0035073387,0.014772941
0.12533333333333332,0.0722714,0.018024856
0.12541666666666668,0.031156184,0.00019082481
0.1255,0.015572105,0.0047272355
0.12558333333333332,0.09657784,0.000744062
0.12566666666666668,0.15355968,0.003930997
0.12575,0.0028054235,0.00040930006
0.12583333333333332,-0.3222928,0.011719214
0.12591666666666668,-0.1569807,0.013807076
0.126,0.3435389,0.0041049984
0.12608333333333333,0.20626397,0.010469742
0.12616666666666668,-0.42913583,0.012637016
0.12625,-0.44477448,0.000870352
0.12633333333333333,0.070424885,0.020844698
0.12641666666666668,0.107862875,0.011279004
0.1265,-0.35712233,0.014224047
0.12658333333333333,-0.2202338,0.012224968
0.12666666666666668,0.851462,0.005518803
0.12675,0.7633746,0.0036091167
0.12683333333333333,-0.56732845,0.00048086647
0.12691666666666668,-0.79546654,0.0024271396
0.127,0.50353664,0.012426348
0.12708333333333333,0.9885021,0.0041977633
0.12716666666666668,-0.0870535,0.008014356
0.12725,-0.6720377,0.012287783
0.12733333333333333,0.04019919,0.0010026766
0.12741666666666668,0.8189541,0.0024785725
0.1275,0.34271207,0.0020259344
0.12758333333333333,-0.59803784,0.0030631453
0.12766666666666668,-0.7175717,0.0020367336
0.12775,0.08854193,0.0007515215
0.12783333333333333,0.6249946,0.011960778
0.12791666666666668,-0.12765644,0.0018749232
0.128,-0.9253999,0.0015557737
0.12808333333333333,-0.3818462,0.011334903
0.12816666666666668,0.67302144,0.00621113
0.12825,0.3611593,0.0121010225
0.12833333333333333,-0.72781146,0.008946974
0.12841666666666668,-0.60534924,0.013890541
0.1285,0.48531508,0.021902626
0.12858333333333333,0.68456435,0.012602943
0.12866666666666668,-0.1223997,0.008575259
0.12875,-0.36684275,0.009990598
0.12883333333333333,0.064637505,0.0049511055
0.12891666666666668,0.26981556,0.008755513
0.129,0.14546095,0.0027889654
0.12908333333333333,0.08003364,0.00091154844
0.12916666666666668,0.07225541,0.0111360615
0.12925,-0.05139306,0.012031296
0.12933333333333333,0.042134948,0.005549869
0.12941666666666668,0.2082653,0.012659067
0.1295,0.04159935,0.005580588
0.12958333333333333,-0.16213991,0.004346269
0.12966666666666668,0.035017584,0.0007159501
0.12975,0.27757248,0.0044335974
0.12983333333333333,0.0023098474,0.01369906
0.12991666666666668,-0.4094376,0.013317689
0.13,-0.31227097,0.007240292
0.13008333333333333,0.15330827,0.012393901
0.13016666666666668,0.33304355,0.008151738
0.13025,0.01284375,0.002175208
0.13033333333333333,-0.4294565,0.011577919
0.13041666666666665,-0.42283785,0.00962419
0.1305,0.16851744,0.013466279
0.13058333333333333,0.5315741,0.005484459
0.13066666666666665,0.029615467,0.0086264685
0.13075,-0.6006903,0.0026456683
0.13083333333333333,-0.30712113,0.01351769
0.13091666666666665,0.52071965,0.0044913017
0.131,0.51145345,0.0007026011
0.13108333333333333,-0.25916588,0.0019463872
0.13116666666666665,-0.41233748,0.011080954
0.13125,0.2175261,0.0020960325
0.13133333333333333,0.48830143,0.0077457074
0.13141666666666665,-0.0145581355,0.0037834563
0.1315,-0.41661537,0.0018748548
0.13158333333333333,-0.105565585,0.0011298059
0.13166666666666665,0.33881631,0.0020710418
0.13175,0.26462144,0.008288616
0.13183333333333333,-0.15263994,0.0012306432
0.13191666666666665,-0.32561514,0.009743709
0.132,-0.07844812,0.016679326
0.13208333333333333,0.1921594,0.0146869365
0.13216666666666665,0.057390556,0.0103122275
0.13225,-0.17784274,0.012132915
0.13233333333333333,-0.029400954,0.007078741
0.13241666666666665,0.18764861,0.022062058
0.1325,0.108229645,0.013018732
0.13258333333333333,-0.019806417,0.0039000935
0.13266666666666665,0.0076713418,0.010649815
0.13275,-0.08730493,0.003019028
0.13283333333333333,-0.3050401,0.00048755444
0.13291666666666666,-0.23019028,0.011466213
0.133,0.18085949,0.007825367
0.13308333333333333,0.30608484,0.0025813335
0.13316666666666666,-0.13470455,0.0069305715
0.13325,-0.40157676,1.8745646e-05
0.13333333333333333,-0.011523097,0.0029961765
0.13341666666666666,0.41050848,0.011257643
0.1335,0.16698653,0.009291098
0.13358333333333333,-0.28922892,0.0038196906
0.13366666666666666,-0.14703587,0.0009429852
0.13375,0.376827,0.0027201544
0.13383333333333333,0.40985072,0.026806716
0.13391666666666666,-0.09092114,0.012533075
0.134,-0.35583693,0.00026368807
0.13408333333333333,-0.08723089,0.012998986
0.13416666666666666,0.29844037,0.02166659
0.13425,0.23232396,0.0039579347
0.13433333333333333,-0.2542272,0.007082406
0.13441666666666666,-0.4831331,0.011900054
0.1345,-0.022777425,0.023030106
0.13458333333333333,0.49666867,0.00018741895
0.13466666666666666,0.22921856,0.0013526343
0.13475,-0.51127267,0.0139311645
0.13483333333333333,-0.58109635,0.018177826
0.13491666666666666,0.20971577,0.0082314005
0.135,0.6557026,0.001998534
0.13508333333333333,0.08859577,0.008994716
0.13516666666666666,-0.55019253,0.008532607
0.13525,-0.26662192,0.015797699
0.13533333333333333,0.47833255,0.0076090354
0.13541666666666666,0.5842152,0.004985522
0.1355,-0.033511568,0.012207778
0.13558333333333333,-0.48059103,0.0013683737
0.13566666666666666,-0.13215083,0.0016411127
0.13575,0.4602374,0.003194006
0.13583333333333333,0.34601864,0.0070765843
0.13591666666666666,-0.32426465,0.010535671
0.136,-0.58083403,0.0051532714
0.13608333333333333,0.020368988,0.015139855
0.13616666666666666,0.5908223,0.007792299
0.13625,0.23402707,0.003457611
0.13633333333333333,-0.51318496,0.008524824
0.13641666666666666,-0.5336315,0.002693696
0.1365,0.23107462,0.020354223
0.13658333333333333,0.6411733,0.0010635285
0.13666666666666666,0.09805184,0.009851412
0.13675,-0.53191906,0.011515394
0.13683333333333333,-0.33975166,0.0041402653
0.13691666666666666,0.3192434,0.011066131
0.137,0.4261233,0.0033230674
0.13708333333333333,-0.14816134,0.010447086
0.13716666666666666,-0.5073944,0.017182905
0.13725,-0.108603776,0.010377481
0.13733333333333334,0.42924258,0.0068851337
0.13741666666666666,0.2904375,0.0073850965
0.1375,-0.2827772,0.0016872076
0.13758333333333334,-0.40544254,0.012228087
0.13766666666666666,0.062786415,0.0018038934
0.13775,0.40424138,0.0038917204
0.13783333333333334,0.15100642,0.02126097
0.13791666666666666,-0.28304407,0.01524915
0.138,-0.27174312,0.01463646
0.13808333333333334,0.12987916,0.0023878664
0.13816666666666666,0.3406052,0.018240586
0.13825,0.0651085,0.00033285693
0.13833333333333334,-0.38177326,0.0020854247
0.13841666666666666,-0.33577624,0.012940917
0.1385,0.3086353,0.012979642
0.13858333333333334,0.6986461,0.016006216
0.13866666666666666,0.0710018,0.016376257
0.13875,-0.7072017,0.0064305253
0.13883333333333334,-0.3246636,0.0132639315
0.13891666666666666,0.6956673,0.008806247
0.139,0.6452764,0.008671124
0.13908333333333334,-0.45043555,0.009108618
0.13916666666666666,-0.82290924,0.014015977
0.13925,0.08985912,0.001309264
0.13933333333333334,0.88379335,0.010730379
0.13941666666666666,0.19771525,0.0011047857
0.1395,-1.107672,0.005154275
0.13958333333333334,-0.8451976,0.0021516911
0.13966666666666666,0.72434676,0.007009398
0.13975,1.0649964,0.007430153
0.13983333333333334,-0.4841245,0.013661086
0.13991666666666666,-1.3874917,0.0035250064
0.14,-0.12459303,0.0014963443
0.14008333333333334,1.2960858,0.013249504
0.14016666666666666,0.58120793,0.015380428
0.14025,-0.9476893,0.019292595
0.14033333333333334,-0.86307645,0.0052021826
0.14041666666666666,0.6072831,0.024801947
0.1405,1.2067913,0.02965765
0.14058333333333334,0.12517968,0.0035424773
0.14066666666666666,-0.85006595,0.0077324025
0.14075,-0.38630953,0.0029124974
0.14083333333333334,0.73649716,0.018194348
0.14091666666666666,0.78667986,0.0073357695
0.141,-0.24569635,0.00038065662
0.14108333333333334,-0.7831885,0.0039389776
0.14116666666666666,-0.17292765,0.016274605
0.14125,0.592822,0.0025375218
0.14133333333333334,0.37434837,0.010360143
0.14141666666666666,-0.44117534,0.011874473
0.1415,-0.72178084,0.0069595464
0.14158333333333334,-0.13277273,0.00040676747
0.14166666666666666,0.51499134,0.00054521876
0.14175,0.43149245,0.0003025966
0.14183333333333334,-0.26610255,0.021642383
0.14191666666666666,-0.6618703,0.0078017428
0.142,-0.09130786,0.0057159797
0.14208333333333334,0.739223,0.010874498
0.14216666666666666,0.574238,0.0041460493
0.14225,-0.34758076,0.0046086484
0.14233333333333334,-0.6576885,0.008861203
0.14241666666666666,0.16309507,0.00039881916
0.1425,0.83684194,0.01939312
0.14258333333333334,0.23496972,0.0031342993
0.14266666666666666,-0.6852993,0.0064935177
0.14275,-0.5714843,0.022473887
0.14283333333333334,0.36689532,0.0090646455
0.14291666666666666,0.70426935,0.0062445356
0.143,-0.072566,0.0024371461
0.14308333333333334,-0.7042252,0.0024098947
0.14316666666666666,-0.25493678,0.021351937
0.14325,0.5325432,0.010003934
0.14333333333333334,0.48980868,0.0028827586
0.14341666666666666,-0.24625601,0.010135087
0.1435,-0.5463374,0.002645336
0.14358333333333334,-0.033709697,0.015754784
0.14366666666666666,0.42689773,0.0019989805
0.14375,0.22675472,0.0075858296
0.14383333333333334,-0.2256692,0.010207527
0.14391666666666666,-0.34190223,0.009704818
0.144,-0.070464455,0.010910184
0.14408333333333334,0.19138767,0.013612644
0.14416666666666667,0.20934914,0.0027188095
0.14425,-0.009035254,0.0040416
0.14433333333333334,-0.251631,0.009468781
0.14441666666666667,-0.21886802,0.0142162135
0.1445,0.09749427,0.01336036
0.14458333333333334,0.26069716,0.0042621833
0.14466666666666667,-0.040074635,0.0029034598
0.14475,-0.37950817,0.0053390865
0.14483333333333334,-0.23035364,0.0095000975
0.14491666666666667,0.24255992,0.004684095
0.145,0.323107,0.0016414509
0.14508333333333334,-0.11963851,0.005962236
0.14516666666666667,-0.37928504,0.015202472
0.14525,-0.0691323,0.016624803
0.14533333333333334,0.37394843,0.00042693317
0.14541666666666667,0.2893185,0.0019742956
0.1455,-0.16191787,0.0043070707
0.14558333333333334,-0.2718455,0.014340687
0.14566666666666667,0.04118721,0.0066359644
0.14575,0.29426065,0.005405254
0.14583333333333334,0.14458813,0.023106476
0.14591666666666667,-0.14498381,0.015174979
0.146,-0.16266161,0.022532538
0.14608333333333334,0.056970928,0.00315917
0.14616666666666667,0.22868074,0.01630502
0.14625,0.15439533,0.0075865863
0.14633333333333334,-0.09334523,0.01288988
0.14641666666666667,-0.24479805,0.025863139
0.1465,-0.12647463,0.0296906
0.14658333333333334,0.11600012,0.0031544773
0.14666666666666667,0.14765395,0.0022655309
0.14675,-0.122836426,0.00042032966
0.14683333333333334,-0.3166247,0.004504724
0.14691666666666667,-0.111417755,0.010283457
0.147,0.20338205,0.0011105327
0.14708333333333334,0.16433048,0.00084908743
0.14716666666666667,-0.16832449,0.025215253
0.14725,-0.23498525,0.0071198735
0.14733333333333334,0.15882935,0.011885985
0.14741666666666667,0.4186882,0.008767808
0.1475,0.13316031,0.0058153807
0.14758333333333334,-0.22705594,0.002049643
0.14766666666666667,-0.14484857,0.0110502085
0.14775,0.18639398,0.017184151
0.14783333333333334,0.21538982,0.027035438
0.14791666666666667,-0.06700709,0.0084267305
0.148,-0.19598788,0.0036315045
0.14808333333333334,-0.01120809,0.0107847145
0.14816666666666667,0.17929064,0.019075628
0.14825,0.10996133,0.011909085
0.14833333333333334,-0.09311076,0.0044265706
0.14841666666666667,-0.15627342,0.009645714
0.1485,-0.02034172,0.01370283
0.14858333333333335,0.08995507,0.0021385134
0.14866666666666667,0.024201421,0.0067547313
0.14875,-0.09700248,0.0001571449
0.14883333333333335,-0.10465618,0.0014358814
0.14891666666666667,0.011713818,0.014435331
0.149,0.10816006,0.003090899
0.14908333333333335,0.07638498,0.0032741865
0.14916666666666667,-0.01674273,0.010178006
0.14925,-0.057328027,0.014818054
0.14933333333333335,0.019469237,0.01142344
0.14941666666666667,0.11668572,0.0005720291
0.1495,0.09082531,0.005240743
0.14958333333333335,-0.05721545,0.008955489
0.14966666666666667,-0.116173014,0.00836217
0.14975,0.01594622,0.013557989
0.14983333333333335,0.08253032,0.029479371
0.14991666666666667,-0.020792784,0.0040260507
0.15,-0.13278084,0.0017378138
0.15008333333333335,-0.107828826,0.0121878255
0.15016666666666667,0.026627805,0.009642178
0.15025,0.08927199,0.0042489786
0.15033333333333335,0.01446709,0.0053668623
0.15041666666666667,-0.066002116,0.0130081205
0.1505,-0.046739,0.017993666
0.15058333333333335,0.024628967,0.0025084163
0.15066666666666667,0.070290565,0.006275443
0.15075,0.03854119,0.013506916
0.15083333333333335,-0.033178505,0.002371531
0.15091666666666667,-0.040769245,0.002343746
0.151,0.0030857944,0.00041380498
0.15108333333333332,0.07101876,0.004680008
0.15116666666666667,0.09308699,0.025085222
0.15125,0.011562426,0.019560058
0.15133333333333332,-0.105768494,0.014072018
0.15141666666666667,-0.1425372,0.010076856
0.1515,-0.042078987,0.011296728
0.15158333333333332,0.04096876,0.0013874907
0.15166666666666667,0.018679023,0.014482184
0.15175,-0.11624981,0.017760905
0.15183333333333332,-0.1325243,0.015565573
0.15191666666666667,0.09572734,0.0041440628
0.152,0.23704502,0.0031871547
0.15208333333333332,-0.023490803,0.0043602046
0.15216666666666667,-0.4036656,0.010610396
0.15225,-0.21402663,0.011478567
0.15233333333333332,0.4589095,0.0034604925
0.15241666666666667,0.5148686,0.0068903416
0.1525,-0.27780098,0.013360171
0.15258333333333332,-0.59440947,0.0061788606
0.15266666666666667,0.2096494,0.010209095
0.15275,0.7464809,0.014788961
0.15283333333333332,-0.014508755,0.00022129483
0.15291666666666667,-0.8147514,0.005035699
0.153,-0.32886744,0.014096741
0.15308333333333332,0.62224996,0.0006136379
0.15316666666666667,0.46828887,0.014818121
0.15325,-0.33315703,0.003937509
0.15333333333333332,-0.5286879,0.009465353
0.15341666666666667,-0.07123799,0.003897947
0.1535,0.20902312,0.031207228
0.15358333333333332,0.013475254,0.018944746
0.15366666666666667,-0.1263598,0.0017477993
0.15375,-0.11145501,0.030516539
0.15383333333333332,0.036643256,0.015175378
0.15391666666666667,0.25932595,0.0112766605
0.154,0.34063718,0.011954576
0.15408333333333332,0.09399158,0.0020069752
0.15416666666666667,-0.18716931,0.004791449
0.15425,-0.036946937,0.01411821
0.15433333333333332,0.34138563,0.01050552
0.15441666666666667,0.33644718,0.009787136
0.1545,-0.113461696,0.00920273
0.15458333333333332,-0.38516998,0.0022437712
0.15466666666666667,-0.078972585,0.0017964611
0.15475,0.40110642,0.026086442
0.15483333333333332,0.31149653,0.009041277
0.15491666666666667,-0.35978353,0.008692747
0.155,-0.7353432,0.003966792
0.15508333333333332,-0.19160762,0.012846641
0.15516666666666667,0.56206685,0.030435955
0.15525,0.33569092,0.015177689
0.15533333333333332,-0.525821,0.004528565
0.15541666666666668,-0.5597597,0.017096747
0.1555,0.3557072,0.023959111
0.15558333333333332,0.74117607,0.00142818
0.15566666666666668,-0.08157506,0.0046285614
0.15575,-0.7569467,0.01080036
0.15583333333333332,-0.1697093,0.027410384
0.15591666666666668,0.76993865,0.010807901
0.156,0.6070024,0.004562607
0.15608333333333332,-0.3085456,0.018168889
0.15616666666666668,-0.6001832,0.005269528
0.15625,0.02349023,0.014351703
0.15633333333333332,0.56236196,0.000997212
0.15641666666666668,0.21453896,0.0051953085
0.1565,-0.48526305,0.01716895
0.15658333333333332,-0.5526031,0.024851603
0.15666666666666668,0.11723822,0.015263508
0.15675,0.5887027,0.0071379286
0.15683333333333332,0.21341369,0.005759683
0.15691666666666668,-0.43863285,0.003125857
0.157,-0.43050396,0.011966765
0.15708333333333332,0.14043587,0.009669763
0.15716666666666668,0.43528548,0.018075764
0.15725,0.07507849,0.007918847
0.15733333333333333,-0.38279825,0.009442561
0.15741666666666668,-0.2804495,0.0033990173
0.1575,0.2412253,0.011187241
0.15758333333333333,0.47822523,0.01573985
0.15766666666666668,0.110396296,0.0038933125
0.15775,-0.3362768,0.00494047
0.15783333333333333,-0.33474982,0.022164173
0.15791666666666668,0.059351735,0.004269668
0.158,0.35509223,1.4989228e-05
0.15808333333333333,0.13196807,0.0033373567
0.15816666666666668,-0.3318496,0.009923551
0.15825,-0.32971582,0.0039630714
0.15833333333333333,0.17905952,0.002212818
0.15841666666666668,0.36846653,0.004095126
0.1585,-0.17261869,0.014221653
0.15858333333333333,-0.6085166,0.0056573194
0.15866666666666668,-0.24275343,0.00197474
0.15875,0.5594261,0.011497585
0.15883333333333333,0.62194353,0.0057359985
0.15891666666666668,-0.27613518,0.0025863536
0.159,-0.7153115,0.0017000326
0.15908333333333333,0.027432127,0.008367726
0.15916666666666668,0.7684332,0.020152511
0.15925,0.25462958,0.006851564
0.15933333333333333,-0.5644845,0.0012139851
0.15941666666666668,-0.40280345,0.0024321016
0.1595,0.37293914,0.013907823
0.15958333333333333,0.5484345,0.0040494245
0.15966666666666668,-0.06799956,0.0015744045
0.15975,-0.47800887,0.006225077
0.15983333333333333,-0.11784058,0.012682855
0.15991666666666668,0.374875,0.009712547
0.16,0.19462255,9.520867e-05
0.16008333333333333,-0.3683843,0.0068965075
0.16016666666666668,-0.44208962,0.00079313316
0.16025,0.08987938,0.0017049086
0.16033333333333333,0.38226172,0.0034349035
0.16041666666666668,0.046131033,0.0044259476
0.1605,-0.27153897,0.0036414047
0.16058333333333333,-0.074038,0.01189723
0.16066666666666668,0.20147146,0.0056561218
0.16075,0.13551348,0.0069928966
0.16083333333333333,-0.025562357,0.0011361124
0.16091666666666668,-0.049315054,0.0065618716
0.161,-0.023577642,0.00863791
0.16108333333333333,0.019686233,0.0003284829
0.16116666666666668,0.15035123,0.0029109125
0.16125,0.19876947,0.0012796377
0.16133333333333333,-0.01717226,0.008299991
0.16141666666666668,-0.18632072,0.0059932447
0.1615,-0.031442076,0.010355561
0.16158333333333333,0.16723448,0.0023975447
0.16166666666666665,0.05626324,0.0004568382
0.16175,-0.15930043,0.0046915603
0.16183333333333333,-0.1227303,0.005073421
0.16191666666666665,0.06704164,0.0027615237
0.162,0.09195224,0.0006661438
0.16208333333333333,-0.09704501,0.018959867
0.16216666666666665,-0.19933204,0.0006997489
0.16225,-0.045962475,0.0018737336
0.16233333333333333,0.16476403,0.0035938811
0.16241666666666665,0.13948914,0.0034775457
0.1625,-0.06110748,0.0041158525
0.16258333333333333,-0.077057935,0.0043493053
0.16266666666666665,0.13016531,0.010350604
0.16275,0.20317884,7.617916e-05
0.16283333333333333,-0.0036364333,0.0071647572
0.16291666666666665,-0.14484012,0.015452026
0.163,-0.021796979,0.006424678
0.16308333333333333,0.09182681,0.0060922904
0.16316666666666665,0.04368799,0.02263382
0.16325,-0.012675954,0.013863237
0.16333333333333333,0.02444558,0.00087486685
0.16341666666666665,0.0068183388,0.014363109
0.1635,-0.107586704,0.0010122549
0.16358333333333333,-0.11099394,0.013916274
0.16366666666666665,0.022235746,0.0026770735
0.16375,0.056590155,0.0024975596
0.16383333333333333,-0.08441905,0.01464142
0.16391666666666665,-0.14060234,0.0037012408
0.164,-0.0156788,0.0061891396
0.16408333333333333,0.16046114,0.01612044
0.16416666666666666,0.19879425,0.016059594
0.16425,0.026502501,0.007885356
0.16433333333333333,-0.26729903,0.0064147976
0.16441666666666666,-0.3377877,0.011303797
0.1645,0.18689565,0.02843669
0.16458333333333333,0.5472802,0.0059753484
0.16466666666666666,-0.03741794,0.0024472722
0.16475,-0.58525395,0.009574053
0.16483333333333333,-0.09343666,0.017685445
0.16491666666666666,0.4819253,0.0003454335
0.165,0.13125964,0.008747738
0.16508333333333333,-0.6654051,0.01600774
0.16516666666666666,-0.5521479,0.025364708
0.16525,0.6322412,0.00018294073
0.16533333333333333,0.89047843,0.006844392
0.16541666666666666,-0.32047358,0.012264626
0.1655,-0.984164,0.004929425
0.16558333333333333,0.04101893,0.000260612
0.16566666666666666,1.0731335,0.0041469745
0.16575,0.43508565,0.009210632
0.16583333333333333,-0.68400675,0.00810128
0.16591666666666666,-0.5631734,0.020209938
0.166,0.45929578,0.008804483
0.16608333333333333,0.7300009,0.00435217
0.16616666666666666,-0.12903364,0.0012958265
0.16625,-0.81202143,0.0074126096
0.16633333333333333,-0.27445522,0.0043121125
0.16641666666666666,0.6499852,0.009451336
0.1665,0.4076584,0.017896196
0.16658333333333333,-0.6040346,0.0017848066
0.16666666666666666,-0.70610464,0.0027606902
0.16675,0.27589735,0.003712627
0.16683333333333333,0.6235357,0.013907645
0.16691666666666666,-0.23521817,0.011403315
0.167,-0.7231758,0.0059843548
0.16708333333333333,-0.05144152,0.0121927
0.16716666666666666,0.6044808,0.021848023
0.16725,0.21371795,0.00036484151
0.16733333333333333,-0.37172943,0.0029410077
0.16741666666666666,-0.30325887,0.004777146
0.1675,0.19067918,0.0074300678
0.16758333333333333,0.45704043,0.0055069346
0.16766666666666666,0.2460724,0.01075759
0.16775,-0.15150476,0.01141327
0.16783333333333333,-0.23641244,0.006505083
0.16791666666666666,0.17070538,0.0006667227
0.168,0.461573,0.0026299618
0.16808333333333333,0.058043174,0.0033272968
0.16816666666666666,-0.46274883,0.0005221534
0.16825,-0.19921507,0.005306573
0.16833333333333333,0.44410238,0.00037672723
0.16841666666666666,0.3705331,0.003054399
0.1685,-0.30552998,0.002049615
0.16858333333333334,-0.5087442,0.0026538735
0.16866666666666666,0.04757356,0.00071745005
0.16875,0.5013099,0.004751937
0.16883333333333334,0.1546597,0.004402053
0.16891666666666666,-0.5110283,0.0023112064
0.169,-0.5530483,0.0065891133
0.16908333333333334,0.15723734,0.01171721
0.16916666666666666,0.6290225,0.008607452
0.16925,0.15462108,0.012028753
0.16933333333333334,-0.5377522,0.0032798536
0.16941666666666666,-0.3617223,0.008194699
0.1695,0.44604644,0.008649775
0.16958333333333334,0.59035623,0.006862544
0.16966666666666666,-0.1614128,0.0006879522
0.16975,-0.5773415,0.0044070473
0.16983333333333334,-0.00018176455,0.011059042
0.16991666666666666,0.6259965,0.0032839102
0.17,0.30240092,0.003077495
0.17008333333333334,-0.4180931,0.0053553865
0.17016666666666666,-0.5101281,0.0014029418
0.17025,0.09139585,0.0037125961
0.17033333333333334,0.42606494,0.00014026697
0.17041666666666666,0.018756129,0.0030550407
0.1705,-0.5251776,0.0009931679
0.17058333333333334,-0.42374274,0.005953783
0.17066666666666666,0.24590763,0.0020385818
0.17075,0.6045563,0.0027640397
0.17083333333333334,0.07962606,0.008742655
0.17091666666666666,-0.557561,0.0057615787
0.171,-0.27637887,0.0011026842
0.17108333333333334,0.54521906,0.0008733692
0.17116666666666666,0.6408619,0.017198216
0.17125,-0.18651588,0.010339269
0.17133333333333334,-0.674512,0.0056474824
0.17141666666666666,-0.042482685,0.01879169
0.1715,0.7281676,0.011143794
0.17158333333333334,0.35360923,0.0045133014
0.17166666666666666,-0.8047034,0.0003878365
0.17175,-0.8818891,0.0061989776
0.17183333333333334,0.33558995,0.020817308
0.17191666666666666,0.878462,0.007985452
0.172,-0.13311413,0.007965498
0.17208333333333334,-0.95108384,0.02150548
0.17216666666666666,-0.22473921,0.016450493
0.17225,0.84062576,0.005241524
0.17233333333333334,0.4947713,0.0027198733
0.17241666666666666,-0.62321717,0.0011207915
0.1725,-0.7691794,0.0064902143
0.17258333333333334,0.2785967,0.0137055125
0.17266666666666666,0.9121672,0.0032976374
0.17275,0.21846485,0.0016939923
0.17283333333333334,-0.5907588,0.0065324414
0.17291666666666666,-0.31166407,0.010410249
0.173,0.51700765,0.00019600314
0.17308333333333334,0.5828952,0.0052347025
0.17316666666666666,-0.17078741,0.0038481543
0.17325,-0.5948761,0.01071781
0.17333333333333334,-0.21084999,0.017344715
0.17341666666666666,0.33345065,0.002405214
0.1735,0.34372863,0.008054219
0.17358333333333334,-0.11114219,0.007905529
0.17366666666666666,-0.45391318,0.0062294137
0.17375,-0.2423518,0.016031656
0.17383333333333334,0.30088693,0.018159378
0.17391666666666666,0.4692915,0.010559683
0.174,-0.06521436,0.0014429599
0.17408333333333334,-0.5491963,0.0025757027
0.17416666666666666,-0.15469986,0.008722946
0.17425,0.6615021,0.002443297
0.17433333333333334,0.6582879,0.010657559
0.17441666666666666,-0.27910328,0.010430067
0.1745,-0.7975497,0.021029355
0.17458333333333334,-0.12751861,0.0039952714
0.17466666666666666,0.70720077,0.004417344
0.17475,0.38535184,0.0063059544
0.17483333333333334,-0.5462806,0.0017837319
0.17491666666666666,-0.6479923,0.007133389
0.175,0.25144187,0.002966964
0.17508333333333334,0.7974902,0.01024566
0.17516666666666666,0.11963014,0.024266915
0.17525,-0.7062491,0.01972915
0.17533333333333334,-0.48553595,0.016967075
0.17541666666666667,0.3891031,0.0069216993
0.1755,0.5790973,0.019248484
0.17558333333333334,-0.119271085,0.0043874783
0.17566666666666667,-0.56526774,0.008092412
0.17575,-0.13079657,0.028640417
0.17583333333333334,0.46556434,0.025311783
0.17591666666666667,0.3347327,0.0017624991
0.176,-0.25845602,0.0022696212
0.17608333333333334,-0.4774871,0.0068048984
0.17616666666666667,-0.111265525,0.006492623
0.17625,0.320315,0.014061069
0.17633333333333334,0.32604387,0.005916155
0.17641666666666667,-0.028050119,0.0052517876
0.1765,-0.28200138,0.012922524
0.17658333333333334,-0.15877345,0.002794462
0.17666666666666667,0.14866628,0.0033807848
0.17675,0.24987015,0.0020335496
0.17683333333333334,-0.01309095,0.013364453
0.17691666666666667,-0.30518207,0.0075234873
0.177,-0.16159086,0.003292734
0.17708333333333334,0.335746,0.008711284
0.17716666666666667,0.51838493,0.018317215
0.17725,-0.01851629,0.01038637
0.17733333333333334,-0.5453063,0.009671424
0.17741666666666667,-0.23197728,0.016729664
0.1775,0.44418904,0.01112611
0.17758333333333334,0.35943654,0.0070850505
0.17766666666666667,-0.33372918,0.0070722676
0.17775,-0.52649367,0.01583826
0.17783333333333334,0.024099607,0.022383925
0.17791666666666667,0.42119315,0.0021966675
0.178,0.07347985,0.004387102
0.17808333333333334,-0.4257672,0.010158054
0.17816666666666667,-0.3332255,0.006432712
0.17825,0.15557984,0.0042442903
0.17833333333333334,0.34629217,2.2036602e-05
0.17841666666666667,0.055390343,0.0026418956
0.1785,-0.266037,0.01186664
0.17858333333333334,-0.18056242,0.0094686365
0.17866666666666667,0.14752118,0.0036774871
0.17875,0.23851663,0.004946739
0.17883333333333334,-0.0123938015,0.0025471628
0.17891666666666667,-0.22821014,0.0072627305
0.179,-0.13632786,0.00053128815
0.17908333333333334,0.13235776,0.00035282335
0.17916666666666667,0.28547788,0.017127462
0.17925,0.12562068,0.010633389
0.17933333333333334,-0.14985347,0.011154468
0.17941666666666667,-0.16786747,0.010108527
0.1795,0.1179799,0.014708636
0.17958333333333334,0.27149585,0.0027439224
0.17966666666666667,0.017609518,0.007499221
0.17975,-0.24231389,0.009499654
0.17983333333333335,-0.09999723,0.011088005
0.17991666666666667,0.21095887,0.0017121785
0.18,0.17894779,0.0028776985
0.18008333333333335,-0.15551467,0.016713401
0.18016666666666667,-0.26650912,0.00686755
0.18025,-0.013590981,0.0058300477
0.18033333333333335,0.21972504,0.0040214774
0.18041666666666667,0.09922693,0.0016147322
0.1805,-0.14389037,0.016287336
0.18058333333333335,-0.14503784,0.022068406
0.18066666666666667,0.09654891,0.015857736
0.18075,0.22196123,0.0012543742
0.18083333333333335,0.038149547,0.0053972392
0.18091666666666667,-0.18726277,0.0031589305
0.181,-0.1543453,0.017095763
0.18108333333333335,0.070258155,0.006850331
0.18116666666666667,0.14606476,0.02228373
0.18125,0.01353762,0.0036328312
0.18133333333333335,-0.054004677,0.020074775
0.18141666666666667,0.03773458,0.004574863
0.1815,0.102698684,0.020243697
0.18158333333333335,0.031866178,0.014207338
0.18166666666666667,-0.04257142,0.0015089364
0.18175,-0.05520464,0.02136561
0.18183333333333335,-0.044169467,0.031049518
0.18191666666666667,-0.010054869,0.0005428296
0.182,0.052121468,0.0027400022
0.18208333333333335,0.0789549,0.005438328
0.18216666666666667,0.009326337,0.015442312
0.18225,-0.079572394,0.0072662723
0.18233333333333332,-0.049776956,0.003576593
0.18241666666666667,0.055978585,0.004822176
0.1825,0.053960893,0.022212405
0.18258333333333332,-0.06511952,0.0049452637
0.18266666666666667,-0.10470438,0.01625846
0.18275,0.004003524,0.021784047
0.18283333333333332,0.101537056,0.018156968
0.18291666666666667,0.008300246,0.00539675
0.183,-0.15101804,0.007875304
0.18308333333333332,-0.11147992,0.015673932
0.18316666666666667,0.045150682,0.038891595
0.18325,0.071020104,0.0045696464
0.18333333333333332,-0.05704648,4.3590626e-05
0.18341666666666667,-0.19132082,0.009134249
0.1835,-0.121809565,0.030096455
0.18358333333333332,0.18317813,0.010265379
0.18366666666666667,0.36640918,0.014855656
0.18375,-0.008700104,0.021479055
0.18383333333333332,-0.41513246,0.028064797
0.18391666666666667,-0.16647808,0.016067348
0.184,0.3657382,0.0062031234
0.18408333333333332,0.31366077,0.014505398
0.18416666666666667,-0.07199343,0.0025670032
0.18425,-0.20565593,0.0039423965
0.18433333333333332,0.011665544,0.0014046939
0.18441666666666667,0.2780227,0.013590594
0.1845,0.03540867,0.040434875
0.18458333333333332,-0.47645193,0.013517309
0.18466666666666667,-0.297103,0.0010789277
0.18475,0.31064656,0.0077152615
0.18483333333333332,0.32961237,0.0016278727
0.18491666666666667,-0.201629,0.00782994
0.185,-0.35335043,0.005607213
0.18508333333333332,-0.024098149,0.010442579
0.18516666666666667,0.15015018,0.032983493
0.18525,-0.019545315,0.013395836
0.18533333333333332,-0.13229926,0.0088429395
0.18541666666666667,-0.027680885,0.014693031
0.1855,0.07704024,0.0066987392
0.18558333333333332,0.048649885,0.009188585
0.18566666666666667,-0.044593822,0.011264032
0.18575,-0.0270691,0.009452843
0.18583333333333332,0.14933302,0.02776358
0.18591666666666667,0.18794519,0.023553316
0.186,-0.054879326,0.0059156106
0.18608333333333332,-0.1404893,0.008516143
0.18616666666666667,0.20501801,0.019433213
0.18625,0.39382538,0.0072314604
0.18633333333333332,-0.043220628,0.008423344
0.18641666666666667,-0.41455972,0.02425241
0.1865,-0.047398884,0.028723955
0.18658333333333332,0.47233823,0.015208519
0.18666666666666668,0.20115802,0.010688878
0.18675,-0.42236713,0.005966288
0.18683333333333332,-0.3744842,0.0060103475
0.18691666666666668,0.22387245,3.1962503e-05
0.187,0.45624775,0.0044256807
0.18708333333333332,0.022755403,0.003752478
0.18716666666666668,-0.51016444,0.008614001
0.18725,-0.47218204,0.0076602707
0.18733333333333332,0.14180431,0.0011747078
0.18741666666666668,0.51562005,0.00061919395
0.1875,0.038431197,0.017705163
0.18758333333333332,-0.5843904,0.0029703884
0.18766666666666668,-0.313303,0.0050253565
0.18775,0.5698979,0.0060752872
0.18783333333333332,0.6958336,0.015358133
0.18791666666666668,-0.21084811,0.010694129
0.188,-0.70804644,0.008081253
0.18808333333333332,-0.0058165905,0.010061974
0.18816666666666668,0.79730296,0.012842566
0.18825,0.4661006,0.012027298
0.18833333333333332,-0.48459387,0.0064975102
0.18841666666666668,-0.71341366,0.019980354
0.1885,0.049920626,0.02690448
0.18858333333333333,0.7162813,0.00088025286
0.18866666666666668,0.29263,0.0040135696
0.18875,-0.6219874,0.011924087
0.18883333333333333,-0.70420647,0.0043519735
0.18891666666666668,0.20305103,0.0022207985
0.189,0.76516753,0.0015027801
0.18908333333333333,0.068174765,0.006588937
0.18916666666666668,-0.78215027,0.0093959225
0.18925,-0.47341463,0.001742204
0.18933333333333333,0.5245639,0.0074923704
0.18941666666666668,0.672988,0.00614395
0.1895,-0.21290417,0.0011854627
0.18958333333333333,-0.7435443,0.004227367
0.18966666666666668,-0.19531539,0.004281509
0.18975,0.5898554,0.0020061475
0.18983333333333333,0.5356357,0.0139641315
0.18991666666666668,-0.17061907,0.0084094005
0.19,-0.5828807,0.00750505
0.19008333333333333,-0.20568627,0.0035039706
0.19016666666666668,0.5425406,0.012585519
0.19025,0.59361047,0.0029290998
0.19033333333333333,-0.2774132,0.006984535
0.19041666666666668,-0.77983016,0.009090963
0.1905,-0.09836266,0.014892479
0.19058333333333333,0.7297635,0.0002714714
0.19066666666666668,0.39324966,0.0058102813
0.19075,-0.51190865,0.004751466
0.19083333333333333,-0.63409215,0.010276597
0.19091666666666668,0.2791765,0.0044344803
0.191,0.98059934,0.009138277
0.19108333333333333,0.19204487,0.006475936
0.19116666666666668,-0.9875693,0.0054957424
0.19125,-0.63542694,0.010698837
0.19133333333333333,0.8396154,0.0013160267
0.19141666666666668,0.9605847,0.007664136
0.1915,-0.50788987,0.008401426
0.19158333333333333,-1.1610578,0.0012057875
0.19166666666666668,0.0152675,0.002020321
0.19175,1.1386857,0.0024695063
0.19183333333333333,0.31641343,0.009955243
0.19191666666666668,-1.0225611,0.0018337176
0.192,-0.7454696,0.002510876
0.19208333333333333,0.69418645,0.010364105
0.19216666666666668,1.0033082,0.0052783857
0.19225,-0.30808935,0.016780822
0.19233333333333333,-1.0945286,0.0036661497
0.19241666666666668,-0.1723334,0.012187804
0.1925,0.93713385,0.02034346
0.19258333333333333,0.47405085,0.004847168
0.19266666666666668,-0.69645983,0.012460553
0.19275,-0.7241542,0.0048966887
0.19283333333333333,0.33352718,0.008430321
0.19291666666666665,0.8146599,0.0009213251
0.193,0.09602838,0.009979376
0.19308333333333333,-0.60945696,0.005784798
0.19316666666666665,-0.33539695,0.018578263
0.19325,0.38516492,0.0015462586
0.19333333333333333,0.50629044,0.0046964292
0.19341666666666665,-0.042383038,0.013713512
0.1935,-0.4780855,0.003424781
0.19358333333333333,-0.23486032,0.0071500726
0.19366666666666665,0.35975114,0.0019240258
0.19375,0.4975768,0.0025393844
0.19383333333333333,-0.030792328,0.019950625
0.19391666666666665,-0.5088689,0.0152577115
0.194,-0.27952895,0.004944368
0.19408333333333333,0.33277372,0.010086873
0.19416666666666665,0.44374844,0.0051728194
0.19425,-0.1754338,0.0066318614
0.19433333333333333,-0.596852,0.00906535
0.19441666666666665,-0.15620275,0.009474266
0.1945,0.50870466,0.013330878
0.19458333333333333,0.3574353,0.002809976
0.19466666666666665,-0.40275696,0.0118351625
0.19475,-0.59313136,0.005009309
0.19483333333333333,0.12534195,0.008963122
0.19491666666666665,0.69572794,3.1942174e-05
0.195,0.23206253,0.004631846
0.19508333333333333,-0.506399,0.0033143277
0.19516666666666665,-0.4035058,0.008485546
0.19525,0.36924016,0.002937873
0.19533333333333333,0.6150352,0.0024616246
0.19541666666666666,-0.03438708,0.002095579
0.1955,-0.54833335,0.0035096912
0.19558333333333333,-0.2357335,0.003714041
0.19566666666666666,0.3331725,0.00063624105
0.19575,0.3492917,0.0043955403
0.19583333333333333,-0.12589407,0.0098851565
0.19591666666666666,-0.36268413,0.013113548
0.196,-0.08882648,0.011730786
0.19608333333333333,0.24422108,0.00036598564
0.19616666666666666,0.20814261,0.0064708903
0.19625,0.022884142,0.0071301856
0.19633333333333333,-0.054630175,0.013915207
0.19641666666666666,-0.027761405,0.021709051
0.1965,-0.1640472,0.0136460755
0.19658333333333333,-0.13700856,0.0070525804
0.19666666666666666,0.24802276,0.0013382098
0.19675,0.22541802,0.0012241261
0.19683333333333333,-0.38778505,0.010409494
0.19691666666666666,-0.4692834,0.014532132
0.197,0.18108313,0.011267998
0.19708333333333333,0.2843144,0.010704326
0.19716666666666666,-0.51098406,0.005940339
0.19725,-0.7969111,0.0015879798
0.19733333333333333,0.5242544,0.009127041
0.19741666666666666,1.5112656,0.005085377
0.1975,0.018213836,0.006269348
0.19758333333333333,-1.4441283,0.0047881785
0.19766666666666666,-0.4612238,0.003539996
0.19775,1.4169495,0.0040861755
0.19783333333333333,1.0101864,0.02277667
0.19791666666666666,-0.7096842,0.0033643858
0.198,-0.90293837,0.0069199665
0.19808333333333333,0.46898797,0.015044291
0.19816666666666666,1.1295148,0.019151261
0.19825,0.05513516,0.011050007
0.19833333333333333,-1.0486472,0.0032048055
0.19841666666666666,-0.710774,0.016215235
0.1985,0.5410873,0.024744159
0.19858333333333333,0.70394796,0.0011138435
0.19866666666666666,-0.49351758,0.005611843
0.19875,-1.0084918,0.020346731
0.19883333333333333,-0.001676499,0.016506748
0.19891666666666666,0.8194471,0.0020188817
0.199,0.11339644,0.0051275184
0.19908333333333333,-0.76517475,0.002434742
0.19916666666666666,-0.39747164,0.014419081
0.19925,0.4626738,0.014946234
0.19933333333333333,0.4813831,0.006466266
0.19941666666666666,-0.012758275,0.007206916
0.1995,-0.220088,0.0035219467
0.19958333333333333,-0.13539508,0.008700826
0.19966666666666666,0.15161052,6.587167e-06
0.19975,0.43124574,0.00846266
0.19983333333333334,0.33750466,0.016852792
0.19991666666666666,-0.16208792,0.016775254
0.2,-0.36147687,0.0074953055
0.20008333333333334,0.12569433,0.019350823
0.20016666666666666,0.41238174,0.004655383
0.20025,-0.02314483,0.0014552227
0.20033333333333334,-0.41802493,0.008944032
0.20041666666666666,-0.14135797,0.010844065
0.2005,0.24680637,0.027786
0.20058333333333334,0.07637781,0.018085614
0.20066666666666666,-0.3530246,0.00093483704
0.20075,-0.3504122,0.017251452
0.20083333333333334,0.12041734,0.013642497
0.20091666666666666,0.4069491,0.004720272
0.201,0.033070218,0.008752423
0.20108333333333334,-0.5558213,0.0056540063
0.20116666666666666,-0.42471528,0.022049611
0.20125,0.33820876,0.00964176
0.20133333333333334,0.5370638,0.002031926
0.20141666666666666,-0.12019274,0.006690097
0.2015,-0.5011752,0.006119404
0.20158333333333334,0.046145104,0.008707147
0.20166666666666666,0.61034495,0.0124314455
0.20175,0.23966402,0.0051378324
0.20183333333333334,-0.29500026,0.012568376
0.20191666666666666,-0.08172865,0.012133374
0.202,0.3771249,0.012999504
0.20208333333333334,0.2366642,0.015283983
0.20216666666666666,-0.3056705,0.010499235
0.20225,-0.35960895,0.0033234335
0.20233333333333334,0.11794485,0.010068044
0.20241666666666666,0.3285879,0.0021507377
0.2025,-0.02296976,0.00868037
0.20258333333333334,-0.34502074,0.0023488207
0.20266666666666666,-0.18846266,0.016411891
0.20275,0.15599123,0.0007729279
0.20283333333333334,0.16173948,0.019565355
0.20291666666666666,-0.10559634,0.014871971
0.203,-0.1319417,0.0059061763
0.20308333333333334,0.08446979,0.02709912
0.20316666666666666,0.12679097,0.020632442
0.20325,0.027353227,0.003546815
0.20333333333333334,0.02333015,0.002987801
0.20341666666666666,-0.06985752,0.010079906
0.2035,-0.25533018,0.0068710526
0.20358333333333334,-0.09642829,0.010402182
0.20366666666666666,0.23840654,0.003869307
0.20375,0.14813296,0.003928263
0.20383333333333334,-0.28815976,0.009139687
0.20391666666666666,-0.2921122,0.0042754523
0.204,0.21036857,0.0073324414
0.20408333333333334,0.263951,0.0071688327
0.20416666666666666,-0.23293954,0.009033288
0.20425,-0.27897218,0.0041861907
0.20433333333333334,0.20969588,0.00021280423
0.20441666666666666,0.43148082,0.014968745
0.2045,0.07046947,0.017297948
0.20458333333333334,-0.226473,0.016183438
0.20466666666666666,-0.06409444,0.011988384
0.20475,0.20642577,0.0007768016
0.20483333333333334,0.185793,0.011802502
0.20491666666666666,-0.016197322,0.0112115
0.205,-0.1503734,0.008354266
0.20508333333333334,-0.15838352,0.016956054
0.20516666666666666,0.00957382,0.015335664
0.20525,0.16676597,0.0036206648
0.20533333333333334,0.07892005,0.0026515673
0.20541666666666666,-0.17641939,0.00038262366
0.2055,-0.34425405,0.0047041792
0.20558333333333334,-0.12550074,0.017965723
0.20566666666666666,0.22564471,0.005700291
0.20575,0.23968524,0.004623682
0.20583333333333334,-0.11061649,0.018030288
0.20591666666666666,-0.2913698,0.0036485102
0.206,0.11378638,0.004256406
0.20608333333333334,0.49274993,0.0006211385
0.20616666666666666,0.1468701,0.010193248
0.20625,-0.44342583,0.0008473591
0.20633333333333334,-0.30064103,0.0036533615
0.20641666666666666,0.42246288,0.0047246385
0.2065,0.52331907,0.013412006
0.20658333333333334,-0.21082495,0.0056088497
0.20666666666666667,-0.6064869,0.0008636721
0.20675,-0.072072454,0.016240017
0.20683333333333334,0.50896984,0.018591726
0.20691666666666667,0.27047732,0.014756215
0.207,-0.37407187,0.002651961
0.20708333333333334,-0.46360692,0.01160203
0.20716666666666667,0.06979398,0.019988673
0.20725,0.45287728,0.0047943355
0.20733333333333334,0.21847905,0.0060688723
0.20741666666666667,-0.24463202,0.009947177
0.2075,-0.25603497,0.0038900317
0.20758333333333334,0.17382428,0.00042588788
0.20766666666666667,0.35585025,0.0012965044
0.20775,-0.014216206,0.0044275136
0.20783333333333334,-0.36788473,0.0024266106
0.20791666666666667,-0.19520047,0.010055615
0.208,0.23988025,0.00077508244
0.20808333333333334,0.28370896,0.008370965
0.20816666666666667,-0.11072789,0.00035632323
0.20825,-0.37763652,0.009244715
0.20833333333333334,-0.2199099,0.0017629188
0.20841666666666667,0.14507246,0.00375617
0.2085,0.24956852,0.017533096
0.20858333333333334,-0.05093504,0.019370725
0.20866666666666667,-0.32373464,0.00714
0.20875,-0.13120042,0.010462885
0.20883333333333334,0.26786193,0.015192291
0.20891666666666667,0.2711402,0.002359552
0.209,-0.22306971,0.003545865
0.20908333333333334,-0.5140621,0.01121351
0.20916666666666667,-0.0010653604,0.022508053
0.20925,0.75658333,0.0026530835
0.20933333333333334,0.5245698,0.005234688
0.20941666666666667,-0.49397165,0.009115118
0.2095,-0.689674,0.010427441
0.20958333333333334,0.38149896,0.00041657322
0.20966666666666667,0.97890943,0.007383559
0.20975,0.027969357,0.005471672
0.20983333333333334,-0.9442927,0.0069262325
0.20991666666666667,-0.46868944,0.013522387
0.21,0.7542072,0.0031374127
0.21008333333333334,0.90862715,0.0044362494
0.21016666666666667,-0.61382633,0.010959503
0.21025,-1.5268065,0.0030486255
0.21033333333333334,-0.13651507,0.0061656632
0.21041666666666667,1.5470676,0.0030137452
0.2105,0.6065835,0.015127967
0.21058333333333334,-1.4648776,0.0033621294
0.21066666666666667,-1.2495656,0.005933483
0.21075,0.91970825,0.013255963
0.21083333333333334,1.5372862,0.0060771825
0.21091666666666667,-0.25826678,0.014409094
0.211,-1.4459388,0.0021655182
0.21108333333333335,-0.37249207,0.012690183
0.21116666666666667,1.2379116,0.023855532
0.21125,0.9742412,0.006091931
0.21133333333333335,-0.55787694,0.014189523
0.21141666666666667,-1.0305245,0.004950294
0.2115,0.11987004,0.012172011
0.21158333333333335,1.1768228,0.00077035837
0.21166666666666667,0.48484477,0.008749752
0.21175,-0.82255423,0.008519673
0.21183333333333335,-0.82789487,0.023386186
0.21191666666666667,0.32921,0.0017370962
0.212,0.8129059,0.005338198
0.21208333333333335,-0.02670406,0.008182086
0.21216666666666667,-0.8016957,0.0047044167
0.21225,-0.4806398,0.0044660144
0.21233333333333335,0.37623525,0.0036010027
0.21241666666666667,0.6863523,0.0015246916
0.2125,0.15380786,0.0135821095
0.21258333333333335,-0.58218694,0.018146977
0.21266666666666667,-0.5351029,0.0044615096
0.21275,0.39147863,0.0066428483
0.21283333333333335,0.9009483,0.0043569687
0.21291666666666667,0.1327572,0.008034676
0.213,-0.7902982,0.011305392
0.21308333333333335,-0.40168136,0.007526706
0.21316666666666667,0.7170952,0.0132096475
0.21325,0.7117205,0.007635476
0.21333333333333335,-0.4170298,0.004790239
0.21341666666666667,-0.896354,0.0073325178
0.2135,-0.07272237,0.0058760173
0.21358333333333332,0.7804251,0.0035631526
0.21366666666666667,0.37628433,0.0005863423
0.21375,-0.58245486,0.0011976723
0.21383333333333332,-0.6549516,0.013824242
0.21391666666666667,0.19883141,0.004039556
0.214,0.69094586,0.0020782738
0.21408333333333332,0.08700393,0.0006310994
0.21416666666666667,-0.64406574,0.009142941
0.21425,-0.3850782,0.0063779945
0.21433333333333332,0.4556468,0.0015612516
0.21441666666666667,0.57963675,0.002965093
0.2145,-0.09507643,0.012832204
0.21458333333333332,-0.44997782,0.011513914
0.21466666666666667,-0.034953035,0.015345251
0.21475,0.33472714,0.0052099805
0.21483333333333332,0.14432551,0.014294291
0.21491666666666667,-0.14157225,0.0045600655
0.215,-0.17601107,0.010581267
0.21508333333333332,-0.093432434,0.02322926
0.21516666666666667,-0.034064244,0.016631005
0.21525,0.04705007,0.0014875117
0.21533333333333332,0.05469638,0.0008925444
0.21541666666666667,-0.13527529,0.002872406
0.2155,-0.23807561,0.0059861504
0.21558333333333332,-0.0024185625,0.009539321
0.21566666666666667,0.22691298,0.0037278254
0.21575,0.07132165,0.010102679
0.21583333333333332,-0.21279995,0.009953517
0.21591666666666667,-0.17407046,0.008121623
0.216,0.14468999,0.004598446
0.21608333333333332,0.25718337,0.0067760437
0.21616666666666667,-0.014795305,0.0006776212
0.21625,-0.21315919,0.00878442
0.21633333333333332,-0.037203357,0.0039758706
0.21641666666666667,0.24753729,0.010666235
0.2165,0.14994223,0.022186419
0.21658333333333332,-0.18561445,0.008466567
0.21666666666666667,-0.17704199,0.00082149426
0.21675,0.14814693,0.0035896716
0.21683333333333332,0.19286534,0.021975033
0.21691666666666667,-0.05794398,0.0047992137
0.217,-0.14931366,0.015909532
0.21708333333333332,-0.039004628,0.010596159
0.21716666666666667,-0.0011052337,0.020619556
0.21725,-0.07226709,0.009664838
0.21733333333333332,-0.011969367,0.004014938
0.21741666666666667,0.089298815,0.0028370586
0.2175,0.016317485,0.0035759185
0.21758333333333332,-0.07381154,0.0013574503
0.21766666666666667,0.0011665304,0.010661016
0.21775,0.10444627,0.0017074841
0.21783333333333332,0.013433384,0.022999262
0.21791666666666668,-0.13328652,0.009410298
0.218,-0.031025255,0.008693529
0.21808333333333332,0.21237892,0.011530038
0.21816666666666668,0.1856936,0.0029482401
0.21825,-0.08541181,0.0036315317
0.21833333333333332,-0.17166376,0.0023289863
0.21841666666666668,0.054360073,0.00031704965
0.2185,0.2145077,0.026828721
0.21858333333333332,0.0063584717,0.004075199
0.21866666666666668,-0.24444428,0.0029468967
0.21875,-0.13880451,0.011889794
0.21883333333333332,0.1525507,0.033947162
0.21891666666666668,0.20479819,0.009539765
0.219,-0.04271231,0.011276672
0.21908333333333332,-0.21656905,0.024724698
0.21916666666666668,-0.079615824,0.026325338
0.21925,0.16755013,0.00074135466
0.21933333333333332,0.16371098,0.006986978
0.21941666666666668,-0.083516076,0.011795949
0.2195,-0.20390686,0.0037980005
0.21958333333333332,-0.012860039,0.0136684915
0.21966666666666668,0.21840766,0.003273554
0.21975,0.14677277,0.003769895
0.21983333333333333,-0.112018384,0.0129167065
0.21991666666666668,-0.18419565,0.023934893
0.22,0.015120183,0.011409531
0.22008333333333333,0.15830189,0.012194924
0.22016666666666668,0.07874714,0.0033955665
0.22025,-0.06603441,0.008337217
0.22033333333333333,-0.08919441,0.020497903
0.22041666666666668,0.046456225,0.009081594
0.2205,0.13341513,0.0297899
0.22058333333333333,0.028839687,0.0021730284
0.22066666666666668,-0.121255,0.0078536365
0.22075,-0.1464358,0.0028999664
0.22083333333333333,-0.015364217,0.025774043
0.22091666666666668,0.12512673,0.012742136
0.221,0.099861406,0.01311658
0.22108333333333333,-0.021122204,0.03108068
0.22116666666666668,-0.086962625,0.02684501
0.22125,-0.018284516,0.00083557796
0.22133333333333333,0.11039536,0.0041487613
0.22141666666666668,0.08127882,0.00863249
0.2215,-0.100298285,0.00249245
0.22158333333333333,-0.14854775,0.008611577
0.22166666666666668,0.004970644,0.0007481614
0.22175,0.13015881,0.010874102
0.22183333333333333,0.058987875,0.013268172
0.22191666666666668,-0.0948819,0.0020730624
0.222,-0.09312378,0.014303752
0.22208333333333333,0.04413993,0.00740908
0.22216666666666668,0.053666197,0.0054266728
0.22225,-0.14047125,0.0006224875
0.22233333333333333,-0.21143909,7.7593715e-05
0.22241666666666668,0.03771358,0.005299553
0.2225,0.21732241,0.012521369
0.22258333333333333,-0.011389718,0.0062511116
0.22266666666666668,-0.23430678,0.0038254291
0.22275,-0.048488863,0.008330584
0.22283333333333333,0.16480792,0.0013158598
0.22291666666666668,-0.06228177,0.0009410663
0.223,-0.3436782,0.0065720244
0.22308333333333333,0.006021281,0.006315944
0.22316666666666668,0.59097636,0.010840597
0.22325,0.35132724,0.007147955
0.22333333333333333,-0.4569079,0.0012039888
0.22341666666666668,-0.45234305,0.010572505
0.2235,0.468409,0.009282108
0.22358333333333333,0.60914314,0.0046592145
0.22366666666666668,-0.35877514,0.001876345
0.22375,-0.7949711,0.005725199
0.22383333333333333,-0.0044563836,0.0129942475
0.22391666666666668,0.78636914,0.0062044756
0.224,0.31961232,0.0027338394
0.22408333333333333,-0.579035,0.0027444388
0.22416666666666665,-0.52330846,0.003756032
0.22425,0.2558839,0.0006400701
0.22433333333333333,0.45468304,0.0023908492
0.22441666666666665,-0.17491297,0.0011329507
0.2245,-0.5334496,0.001755534
0.22458333333333333,-0.07912041,0.0076523675
0.22466666666666665,0.4777072,0.0034928073
0.22475,0.314835,0.006481619
0.22483333333333333,-0.14492846,0.0023382297
0.22491666666666665,-0.25167614,0.0038863688
0.225,0.015177962,0.0008114469
0.22508333333333333,0.25975025,0.013792438
0.22516666666666665,0.23024271,0.0017636116
0.22525,0.05223416,0.010044499
0.22533333333333333,-0.15755741,0.011876443
0.22541666666666665,-0.1754909,0.0033271243
0.2255,0.14937723,0.011586253
0.22558333333333333,0.3909428,0.011226809
0.22566666666666665,0.06472233,0.008558463
0.22575,-0.48960373,0.012751496
0.22583333333333333,-0.47617167,0.010844004
0.22591666666666665,0.18401167,0.004544894
0.226,0.53945875,0.0030932568
0.22608333333333333,0.003992455,0.006061482
0.22616666666666665,-0.57326996,0.008706022
0.22625,-0.28038126,0.0069532995
0.22633333333333333,0.4581028,0.0006972318
0.22641666666666665,0.4877125,0.0007464636
0.2265,-0.3224933,0.008853604
0.22658333333333333,-0.67003196,0.003385109
0.22666666666666666,0.06641843,0.0058220527
0.22675,0.7858349,0.006824727
0.22683333333333333,0.38047457,0.007450064
0.22691666666666666,-0.47042298,0.013741576
0.227,-0.48402655,0.0020291733
0.22708333333333333,0.25265014,0.019511333
0.22716666666666666,0.54422957,0.026497437
0.22725,0.0037046222,0.0067451117
0.22733333333333333,-0.50795126,0.0052970187
0.22741666666666666,-0.31235176,0.009279977
0.2275,0.27928367,0.014259413
0.22758333333333333,0.43245903,0.012794493
0.22766666666666666,0.023374064,0.011410864
0.22775,-0.3900626,0.0074595516
0.22783333333333333,-0.3623342,0.013060821
0.22791666666666666,0.055157006,0.015349878
0.228,0.32995772,0.005937223
0.22808333333333333,0.07266237,0.0013794808
0.22816666666666666,-0.311444,0.0024036623
0.22825,-0.27482364,0.002144068
0.22833333333333333,0.1668943,0.00887981
0.22841666666666666,0.5179592,0.0032910183
0.2285,0.23113729,0.011266334
0.22858333333333333,-0.36886606,0.012877402
0.22866666666666666,-0.5648696,0.0006135689
0.22875,0.044274706,0.007633913
0.22883333333333333,0.7103371,0.00029662997
0.22891666666666666,0.26670665,0.0004860317
0.229,-0.6893033,0.0057105576
0.22908333333333333,-0.5699056,0.00052022986
0.22916666666666666,0.5103031,0.021272924
0.22925,0.53637385,0.00040175256
0.22933333333333333,-0.62288755,0.008501204
0.22941666666666666,-1.0114113,0.024024837
0.2295,0.4602119,0.020531386
0.22958333333333333,1.5168475,0.0063762795
0.22966666666666666,0.05440902,0.0012833492
0.22975,-1.3191674,0.011680861
0.22983333333333333,-0.3196358,0.013648092
0.22991666666666666,1.2746783,0.011654601
0.23,0.6126324,9.092197e-05
0.23008333333333333,-0.86376053,0.008278871
0.23016666666666666,-0.7068197,0.003473778
0.23025,0.6021873,0.008442402
0.23033333333333333,0.87718695,0.0010596829
0.23041666666666666,-0.24129577,0.0009374226
0.2305,-0.8667527,0.006641195
0.23058333333333333,-0.19328092,0.009634971
0.23066666666666666,0.6806368,0.00022904763
0.23075,0.2356556,0.0035653014
0.23083333333333333,-0.79717875,0.0054591247
0.23091666666666666,-0.698952,0.008441347
0.231,0.46086556,0.009664898
0.23108333333333334,0.7386503,0.007433365
0.23116666666666666,-0.32322437,0.013782224
0.23125,-0.764038,0.00652349
0.23133333333333334,0.07849269,0.01730544
0.23141666666666666,0.69829476,0.0025284311
0.2315,0.15392403,0.008080269
0.23158333333333334,-0.3988231,0.003831779
0.23166666666666666,-0.09499082,0.003992966
0.23175,0.2868077,0.013898504
0.23183333333333334,0.2539606,0.006316267
0.23191666666666666,0.1159581,0.0019316031
0.232,0.06524881,0.000510156
0.23208333333333334,-0.05502478,0.004221982
0.23216666666666666,-0.060486138,0.0101630185
0.23225,0.13585073,0.007396053
0.23233333333333334,0.11587363,0.0010277376
0.23241666666666666,-0.16829716,0.008505689
0.2325,-0.21536194,0.0068072407
0.23258333333333334,0.13704115,0.005664256
0.23266666666666666,0.29518798,0.0021010498
0.23275,-0.060899567,0.0073809363
0.23283333333333334,-0.41815627,0.0016338723
0.23291666666666666,-0.26691258,0.0024005633
0.233,0.24533005,0.0022584165
0.23308333333333334,0.36865482,0.0026380122
0.23316666666666666,-0.14707994,2.9179415e-05
0.23325,-0.60119534,0.0012817949
0.23333333333333334,-0.20340382,0.002021031
0.23341666666666666,0.5718423,0.0078052157
0.2335,0.45860437,0.0066902484
0.23358333333333334,-0.4027658,0.0065263743
0.23366666666666666,-0.58875865,0.0030351165
0.23375,0.26046416,0.006699211
0.23383333333333334,0.71626127,0.007822149
0.23391666666666666,0.030212114,0.0009789842
0.234,-0.52402395,0.0011877285
0.23408333333333334,-0.033462655,0.001112671
0.23416666666666666,0.5487001,0.002474896
0.23425,0.17440262,0.004462689
0.23433333333333334,-0.5009037,0.0021106577
0.23441666666666666,-0.4160462,0.0005517827
0.2345,0.19888481,0.012975095
0.23458333333333334,0.39184344,0.0047265203
0.23466666666666666,-0.022693334,0.004842589
0.23475,-0.36921993,0.00024115329
0.23483333333333334,-0.1574469,0.0078100506
0.23491666666666666,0.30034912,0.0020209006
0.235,0.33876348,0.0006114867
0.23508333333333334,-0.14743282,0.007579116
0.23516666666666666,-0.45776677,0.0070253615
0.23525,-0.056868803,0.0039926567
0.23533333333333334,0.4242925,0.0011710608
0.23541666666666666,0.2019673,0.008137839
0.2355,-0.2751177,0.0057484317
0.23558333333333334,-0.2173979,0.0022689963
0.23566666666666666,0.09875646,0.012219775
0.23575,0.033410896,0.0034793199
0.23583333333333334,-0.1896548,0.00045552032
0.23591666666666666,-0.16778381,0.00041045895
0.236,0.105038665,0.008002909
0.23608333333333334,0.18389753,0.0047119106
0.23616666666666666,-0.067312196,0.0031333116
0.23625,-0.24321029,0.00889329
0.23633333333333334,-0.040934533,0.0060497397
0.23641666666666666,0.24950555,0.0021669967
0.2365,0.14170876,0.010179968
0.23658333333333334,-0.1358676,0.0049792496
0.23666666666666666,-0.07186803,0.0024215714
0.23675,0.24146678,0.0044300808
0.23683333333333334,0.26702794,0.0063564745
0.23691666666666666,-0.13075085,0.0007748415
0.237,-0.34540918,0.0059799682
0.23708333333333334,0.01348993,0.0078538945
0.23716666666666666,0.39154395,0.0126497
0.23725,0.047604486,0.007866083
0.23733333333333334,-0.5105773,0.011800926
0.23741666666666666,-0.3171242,0.01957132
0.2375,0.416653,0.021258246
0.23758333333333334,0.46190166,0.012389451
0.23766666666666666,-0.37499535,0.0030889593
0.23775,-0.71960586,0.010681143
0.23783333333333334,0.05650401,0.023209507
0.23791666666666667,0.74597144,0.00031044174
0.238,0.27260715,0.0017579332
0.23808333333333334,-0.56234974,0.0013510793
0.23816666666666667,-0.47666538,0.00068432145
0.23825,0.381284,0.01004869
0.23833333333333334,0.74862105,0.0061820326
0.23841666666666667,0.13182002,0.008215343
0.2385,-0.5178974,0.010173317
0.23858333333333334,-0.3118704,0.0067961947
0.23866666666666667,0.4225889,0.0031338723
0.23875,0.59130335,0.0019440969
0.23883333333333334,-0.14049609,0.00039451485
0.23891666666666667,-0.71326053,0.0176749
0.239,-0.22934654,0.0007603345
0.23908333333333334,0.63207227,0.0018129909
0.23916666666666667,0.55848354,0.014172991
0.23925,-0.37660807,0.012530171
0.23933333333333334,-0.80627954,0.010077162
0.23941666666666667,-0.0728901,0.0033525648
0.2395,0.78299016,0.008574391
0.23958333333333334,0.42829967,0.007253431
0.23966666666666667,-0.5822348,0.0075181783
0.23975,-0.72728217,0.008435391
0.23983333333333334,0.17713308,0.018405257
0.23991666666666667,0.79375666,0.006697773
0.24,0.20739904,0.0051724785
0.24008333333333334,-0.6295152,0.0076762033
0.24016666666666667,-0.45954588,0.003996865
0.24025,0.40203646,0.0013037558
0.24033333333333334,0.6625331,0.0005892914
0.24041666666666667,-0.038760513,0.002201747
0.2405,-0.60930884,0.009546862
0.24058333333333334,-0.19674465,0.007998625
0.24066666666666667,0.56632334,0.004545211
0.24075,0.5238486,0.0012737128
0.24083333333333334,-0.26181862,0.019483544
0.24091666666666667,-0.640741,0.0051108818
0.241,-0.12797448,0.00084431784
0.24108333333333334,0.47256732,0.007181495
0.24116666666666667,0.27467385,0.018037613
0.24125,-0.3960766,0.0041457163
0.24133333333333334,-0.5768032,0.016570741
0.24141666666666667,0.042988446,0.014646502
0.2415,0.68015826,0.01922986
0.24158333333333334,0.31979343,0.001827601
0.24166666666666667,-0.5868345,0.005599904
0.24175,-0.63897496,0.015135881
0.24183333333333334,0.3446793,0.024557993
0.24191666666666667,0.82615876,0.010240345
0.242,-0.0043399762,0.006617237
0.24208333333333334,-0.8075067,0.0058100703
0.24216666666666667,-0.29709882,0.018812185
0.24225,0.7898643,0.0029037085
0.24233333333333335,0.71196586,0.0062511163
0.24241666666666667,-0.747185,0.007441617
0.2425,-1.2809052,0.0065613007
0.24258333333333335,0.15077338,0.013486583
0.24266666666666667,1.2855649,0.009754835
0.24275,0.17415574,0.0065269233
0.24283333333333335,-1.3219904,0.003429385
0.24291666666666667,-0.6917186,0.0012558621
0.243,1.030133,0.0042017153
0.24308333333333335,1.0259837,0.0031899638
0.24316666666666667,-0.6045708,0.012781412
0.24325,-1.2149814,0.008991379
0.24333333333333335,0.05762039,0.013669919
0.24341666666666667,1.2968757,0.0022524563
0.2435,0.6688263,0.0006681381
0.24358333333333335,-0.7004123,0.0056929896
0.24366666666666667,-0.7532609,0.0046737934
0.24375,0.47575212,0.007009981
0.24383333333333335,1.0482244,0.020879496
0.24391666666666667,0.058485933,0.0014889922
0.244,-0.9430804,0.009625022
0.24408333333333335,-0.55843246,0.010271354
0.24416666666666667,0.52204347,0.015317825
0.24425,0.6697181,0.020794984
0.24433333333333335,-0.19682325,0.006878298
0.24441666666666667,-0.80687326,0.008717053
0.2445,-0.41597146,0.01753745
0.24458333333333335,0.41388768,0.00019796079
0.24466666666666667,0.63067883,0.008408988
0.24475,-0.045207284,0.0014351225
0.24483333333333332,-0.7304623,0.000590532
0.24491666666666667,-0.38564685,0.0021676747
0.245,0.65534365,0.0036291515
0.24508333333333332,0.89311683,0.0062189135
0.24516666666666667,-0.14025804,0.009452434
0.24525,-0.93227553,0.0007399146
0.24533333333333332,-0.27546957,0.0025954994
0.24541666666666667,0.8484275,0.01110955
0.2455,0.69215894,0.010202969
0.24558333333333332,-0.47706887,0.013868983
0.24566666666666667,-0.86369306,0.00036711435
0.24575,0.09644508,0.017448867
0.24583333333333332,0.98048145,0.025917266
0.24591666666666667,0.36822805,0.0036765367
0.246,-0.7745424,0.005536465
0.24608333333333332,-0.72890764,0.015219912
0.24616666666666667,0.36664972,0.0088122105
0.24625,0.8885298,0.0025719174
0.24633333333333332,0.08055516,0.006981752
0.24641666666666667,-0.77191246,7.897451e-05
0.2465,-0.39183986,0.016930277
0.24658333333333332,0.5181289,0.0097695915
0.24666666666666667,0.59460264,0.0061986293
0.24675,-0.16355437,0.015411472
0.24683333333333332,-0.61674434,0.00097071764
0.24691666666666667,-0.24088031,0.011696573
0.247,0.34965777,0.0032080105
0.24708333333333332,0.42158595,0.0009453702
0.24716666666666667,0.013030429,0.023878051
0.24725,-0.38080326,0.018727638
0.24733333333333332,-0.3707564,0.008442209
0.24741666666666667,0.058933757,0.0049178516
0.2475,0.35813984,0.0069852937
0.24758333333333332,0.06356506,0.006161623
0.24766666666666667,-0.40042663,0.01744767
0.24775,-0.3087208,0.01499865
0.24783333333333332,0.34244382,0.0173488
0.24791666666666667,0.6204582,0.0030470227
0.248,0.036079325,0.013554742
0.24808333333333332,-0.5801027,0.0017361493
0.24816666666666667,-0.36017722,0.012817713
0.24825,0.37565708,0.0013889055
0.24833333333333332,0.51338935,0.0028110987
0.24841666666666667,-0.12685303,0.008480943
0.2485,-0.51521206,0.017525524
0.24858333333333332,-0.10423731,0.0013482642
0.24866666666666667,0.45328236,0.00632057
0.24875,0.32055193,0.0024594325
0.24883333333333332,-0.27710834,0.014227692
0.24891666666666667,-0.4441527,0.0054245354
0.249,-0.0018562417,0.002424088
0.24908333333333332,0.37953484,0.013329116
0.24916666666666668,0.21903293,0.012083887
0.24925,-0.1727386,0.011811471
0.24933333333333332,-0.26367465,0.017008191
0.24941666666666668,-0.029351281,0.019080842
0.2495,0.19492415,0.014314375
0.24958333333333332,0.14029299,0.015145096
0.24966666666666668,-0.16753908,0.008181806
0.24975,-0.3480331,0.024235528
0.24983333333333332,-0.09143696,0.021957569
0.24991666666666668,0.31304654,0.0055111935
0.25,0.27299842,0.0052189175
0.2500833333333333,-0.19726063,0.0023660513
0.25016666666666665,-0.40784574,0.0077845147
0.25025,0.0035501022,0.005218989
0.25033333333333335,0.39491802,0.00039204292
0.2504166666666667,0.14316213,0.007787732
0.2505,-0.31740877,0.009194246
0.2505833333333333,-0.24480662,0.010928662
0.25066666666666665,0.25738132,0.00017402746
0.25075,0.41560826,0.00042603016
0.25083333333333335,0.008218634,0.004282607
0.2509166666666667,-0.34818256,0.006041296
0.251,-0.17824678,0.0052857567
0.2510833333333333,0.24361366,0.010357881
0.25116666666666665,0.2900097,0.029567609
0.25125,-0.082823716,0.011189173
0.25133333333333335,-0.29021257,0.004330965
0.2514166666666667,-0.035702325,0.011739563
0.2515,0.26377785,0.018542126
0.2515833333333333,0.17623426,0.0051946472
0.25166666666666665,-0.129534,0.011747053
0.25175,-0.2184126,0.009038519
0.25183333333333335,-0.03187194,0.024167383
0.2519166666666667,0.1162581,0.010591383
0.252,0.092798494,0.005810955
0.2520833333333333,-0.023533318,0.013798533
0.25216666666666665,-0.08267942,0.0010508277
0.25225,-0.009611728,0.010303437
0.25233333333333335,0.107471526,0.0014817188
0.2524166666666667,0.10871583,0.009989275
0.2525,-0.04404617,0.019769505
0.2525833333333333,-0.15588322,0.011383053
0.25266666666666665,-0.061449483,0.010993826
0.25275,0.12267437,0.003794004
0.25283333333333335,0.15031996,0.012611294
0.2529166666666667,-0.020296121,0.00088845775
0.253,-0.17194076,0.012154677
0.2530833333333333,-0.105255745,0.011725412
0.25316666666666665,0.09217376,0.01836113
0.25325,0.13997056,0.0029253017
0.25333333333333335,-0.028437987,0.0110027455
0.2534166666666667,-0.15579863,0.004315022
0.2535,-0.028487267,0.0060557695
0.2535833333333333,0.19188558,0.008086541
0.25366666666666665,0.12940916,0.005334951
0.25375,-0.1407189,0.0074147973
0.25383333333333336,-0.24204198,0.010783943
0.2539166666666667,-0.07148138,0.002970255
0.254,0.15204208,0.0015461848
0.2540833333333333,0.102120034,0.0060997447
0.25416666666666665,-0.10290637,0.003968324
0.25425,-0.14358997,0.011809986
0.25433333333333336,0.112035245,0.00046865892
0.2544166666666667,0.28545198,0.0034105827
0.2545,0.026308699,0.016085042
0.25458333333333333,-0.28801507,0.00991626
0.25466666666666665,-0.20462243,0.016722081
0.25475,0.097913496,0.009756172
0.25483333333333336,0.24988799,0.01662866
0.2549166666666667,0.08429009,0.008580593
0.255,-0.1748254,0.0041563897
0.25508333333333333,-0.23193604,0.015201079
0.25516666666666665,0.025172777,0.019960715
0.25525,0.2364054,0.0037353097
0.25533333333333336,0.18808883,4.0443767e-05
0.2554166666666667,-0.12314639,0.00038033244
0.2555,-0.2838218,0.0029979113
0.25558333333333333,0.061247688,0.0026053416
0.25566666666666665,0.4078154,0.0027999035
0.25575,0.053870965,0.0008930457
0.25583333333333336,-0.526898,0.011321866
0.2559166666666667,-0.39475933,0.012509173
0.256,0.22677353,0.0074364757
0.25608333333333333,0.35898262,8.3429506e-05
0.25616666666666665,-0.03453423,0.004130333
0.25625,-0.25966907,0.0055671777
0.25633333333333336,-0.17272829,0.009809375
0.2564166666666667,0.022095013,0.019555766
0.2565,0.21656059,0.031071091
0.25658333333333333,0.25481656,0.024228754
0.25666666666666665,-0.1240931,0.010504943
0.25675,-0.3911617,0.004411203
0.25683333333333336,0.028302038,0.020369217
0.2569166666666667,0.6084221,0.013270321
0.257,0.35985368,0.009284759
0.25708333333333333,-0.36225668,0.014121678
0.25716666666666665,-0.36484745,0.024721846
0.25725,0.32749432,0.003740499
0.25733333333333336,0.6308924,0.0033310615
0.2574166666666667,0.047763754,0.013840521
0.2575,-0.5420555,0.0056280117
0.25758333333333333,-0.335052,0.005145662
0.25766666666666665,0.3269611,0.0015116291
0.25775,0.4738522,0.0012455555
0.25783333333333336,-0.2079266,0.01689874
0.2579166666666667,-0.81700253,0.0134772705
0.258,-0.40031537,0.004949251
0.25808333333333333,0.56397855,0.0011215972
0.25816666666666666,0.5835789,0.0006234496
0.25825,-0.36887503,0.00040918562
0.25833333333333336,-0.7082266,0.00031242694
0.2584166666666667,0.13678432,0.0035217952
0.2585,0.8170712,0.019844292
0.25858333333333333,0.21641828,0.0009091599
0.25866666666666666,-0.6402313,0.012791324
0.25875,-0.44158587,0.010757421
0.25883333333333336,0.42544755,0.016045175
0.2589166666666667,0.67731595,0.020260712
0.259,0.028074993,0.005959791
0.25908333333333333,-0.60138166,0.015039002
0.25916666666666666,-0.38000914,0.026355715
0.25925,0.40689853,0.0065212427
0.25933333333333336,0.6051925,0.004427419
0.2594166666666667,-0.14634936,0.00666122
0.2595,-0.7402546,0.015756994
0.25958333333333333,-0.28036717,0.003985856
0.25966666666666666,0.56690407,0.0020926422
0.25975,0.47077566,0.0017426371
0.25983333333333336,-0.39707735,0.021517463
0.2599166666666667,-0.66960657,4.138789e-05
0.26,0.020525815,0.003870526
0.26008333333333333,0.6357837,0.01169735
0.26016666666666666,0.30206347,0.012197137
0.26025,-0.39566252,0.005349549
0.26033333333333336,-0.45411226,0.0035390127
0.2604166666666667,0.16093266,0.016494844
0.2605,0.57260615,0.03872073
0.26058333333333333,0.18807332,0.011371439
0.26066666666666666,-0.402415,0.008328938
0.26075,-0.40453404,0.009384841
0.2608333333333333,0.18114673,0.02519023
0.2609166666666667,0.5175258,0.008947952
0.261,0.0814947,0.01355355
0.26108333333333333,-0.49698326,0.010698928
0.26116666666666666,-0.34493154,0.028954769
0.26125,0.3081062,0.0024109287
0.2613333333333333,0.44275922,0.00049244973
0.2614166666666667,-0.12985812,0.012906433
0.2615,-0.49689084,0.003732796
0.26158333333333333,-0.099322796,0.0020481048
0.26166666666666666,0.4441089,1.9939065e-05
0.26175,0.33460578,0.005781779
0.2618333333333333,-0.2550623,0.01952092
0.2619166666666667,-0.4593826,0.01984013
0.262,0.0010855062,0.016599199
0.26208333333333333,0.43165994,0.014611128
0.26216666666666666,0.1857663,0.005418334
0.26225,-0.28313693,0.0046902983
0.2623333333333333,-0.26289347,0.018810272
0.2624166666666667,0.1508468,0.012533679
0.2625,0.3051183,0.027218236
0.26258333333333334,0.009624359,0.007196278
0.26266666666666666,-0.21571665,0.007209254
0.26275,-0.05238014,0.018748412
0.2628333333333333,0.17248449,0.025973033
0.2629166666666667,0.1314011,0.0100436
0.263,-0.09549727,8.980896e-06
0.26308333333333334,-0.20296524,0.015330003
0.26316666666666666,-0.07334049,0.020326456
0.26325,0.08255585,0.007985678
0.2633333333333333,0.062618755,0.012477606
0.2634166666666667,-0.07624853,0.0022158192
0.2635,-0.15980396,0.0023530652
0.26358333333333334,-0.04955974,0.008403042
0.26366666666666666,0.13691005,0.00043366986
0.26375,0.13586532,0.0012730401
0.2638333333333333,-0.017636226,0.008158395
0.2639166666666667,-0.08580795,0.003354531
0.264,-0.00016388316,0.0027809036
0.26408333333333334,0.14019403,0.008749249
0.26416666666666666,0.13898148,0.00063224864
0.26425,-0.011527305,0.0008885366
0.2643333333333333,-0.07797178,0.00053782685
0.2644166666666667,0.045309175,0.0031532485
0.2645,0.14664955,0.022085397
0.26458333333333334,0.023246106,0.015825815
0.26466666666666666,-0.17736426,0.000456671
0.26475,-0.16271682,0.012518896
0.2648333333333333,0.06061128,0.01030824
0.2649166666666667,0.14149088,0.0023329107
0.265,-0.04537903,0.004931649
0.26508333333333334,-0.18518907,0.008866585
0.26516666666666666,-0.08922989,0.020671006
0.26525,0.079306625,0.004235668
0.2653333333333333,0.08695247,0.0027864506
0.2654166666666667,-0.043090794,0.012071652
0.2655,-0.098573245,0.0011002317
0.26558333333333334,0.013921659,0.0034059365
0.26566666666666666,0.1412811,0.00032051236
0.26575,0.12563223,0.009344194
0.2658333333333333,0.022093384,0.017627021
0.2659166666666667,-0.016439516,0.016861824
0.266,0.07578492,0.013523042
0.26608333333333334,0.14772646,0.0034261052
0.26616666666666666,0.04459375,0.014359294
0.26625,-0.109063834,0.0031123145
0.2663333333333333,-0.15566246,0.017711706
0.2664166666666667,-0.08390081,0.016883189
0.2665,0.020397717,0.02036392
0.26658333333333334,0.058198,6.497421e-05
0.26666666666666666,-0.03336096,0.012984702
0.26675,-0.14880525,0.004573013
0.2668333333333333,-0.10947308,0.016826212
0.2669166666666667,0.14341858,0.016517207
0.267,0.3254325,0.003032536
0.26708333333333334,0.12542357,0.0062472355
0.26716666666666666,-0.27311257,0.023045164
0.26725,-0.42426023,0.0010106241
0.2673333333333333,0.068663865,0.0044857864
0.2674166666666667,0.52026623,0.0075814677
0.2675,0.051956117,0.007752015
0.26758333333333334,-0.5932866,0.007206298
0.26766666666666666,-0.3343319,0.00429
0.26775,0.36599994,0.0057473676
0.2678333333333333,0.2350229,0.026331974
0.2679166666666667,-0.58349884,0.001438525
0.268,-0.5154846,0.0009788153
0.26808333333333334,0.78602237,0.012706791
0.26816666666666666,0.9690627,0.006017753
0.26825,-0.45891574,0.004713401
0.2683333333333333,-1.0195,0.003936388
0.2684166666666667,0.1863544,0.002832185
0.2685,1.0495285,0.028938059
0.26858333333333334,0.20524609,0.004406078
0.26866666666666666,-0.6234801,0.006690461
0.26875,-0.184239,0.013597644
0.2688333333333333,0.6286535,0.014210938
0.2689166666666667,0.526596,0.0006885952
0.269,-0.28843752,0.0043581403
0.26908333333333334,-0.6629254,0.013003695
0.26916666666666667,-0.13080704,0.017824236
0.26925,0.48597082,0.009131682
0.2693333333333333,0.11164731,0.007251523
0.2694166666666667,-0.6288882,0.009849266
0.2695,-0.4370443,0.0038962988
0.26958333333333334,0.39869702,0.004864431
0.26966666666666667,0.3436638,0.0011888639
0.26975,-0.5032465,0.000116162075
0.2698333333333333,-0.525684,0.0070900247
0.2699166666666667,0.29917789,0.0068418584
0.27,0.5493989,0.0023106814
0.27008333333333334,-0.056129396,0.013095112
0.27016666666666667,-0.299887,0.0019543516
0.27025,0.020452973,0.009091392
0.2703333333333333,0.19196713,0.0044468553
0.2704166666666667,0.11215577,0.0005138754
0.2705,0.095219746,0.0007657793
0.27058333333333334,0.08806277,0.0049179927
0.27066666666666667,-0.025610691,0.0002460327
0.27075,0.035292994,0.00961762
0.2708333333333333,0.17313181,0.0005291195
0.27091666666666664,0.034292646,0.0017171828
0.271,-0.16174248,0.00733436
0.27108333333333334,0.003949686,0.003949813
0.27116666666666667,0.23868553,0.010590912
0.27125,-0.00017138066,0.007296871
0.2713333333333333,-0.37711546,0.0066851545
0.27141666666666664,-0.30378228,0.004319357
0.2715,0.11986115,0.007354074
0.27158333333333334,0.3100597,0.0059530037
0.27166666666666667,-0.0028640255,0.002024421
0.27175,-0.4269145,0.004546149
0.2718333333333333,-0.36769125,0.008261432
0.27191666666666664,0.19325541,0.0069457376
0.272,0.45575237,0.0103344815
0.27208333333333334,-0.009764888,0.009077505
0.27216666666666667,-0.46423763,0.004826005
0.27225,-0.08636531,0.00127153
0.2723333333333333,0.6072257,0.0008835628
0.27241666666666664,0.40775275,0.004085102
0.2725,-0.36938664,0.004821297
0.27258333333333334,-0.37924403,0.00013388392
0.27266666666666667,0.38582706,0.0065272404
0.27275,0.59231716,0.010006357
0.2728333333333333,-0.100895375,0.005644696
0.27291666666666664,-0.5871549,0.0037159654
0.273,-0.1846812,0.0012710377
0.27308333333333334,0.41280252,0.001249093
0.27316666666666667,0.27387658,0.0073596914
0.27325,-0.32592916,0.0011553649
0.2733333333333333,-0.49666065,0.006315915
0.27341666666666664,-0.09964563,0.008742821
0.2735,0.2997643,0.013110943
0.27358333333333335,0.21637474,0.0084207365
0.27366666666666667,-0.12725352,0.00399829
0.27375,-0.20728143,0.00914601
0.2738333333333333,0.041939862,0.007299517
0.27391666666666664,0.32757702,0.00487148
0.274,0.3285399,0.0074222777
0.27408333333333335,-0.031713773,0.00068296026
0.27416666666666667,-0.40724412,0.0039428426
0.27425,-0.25450158,0.0045603956
0.2743333333333333,0.3095052,0.00016053182
0.27441666666666664,0.5044424,0.0007466332
0.2745,-0.11097376,0.005919547
0.27458333333333335,-0.72871804,0.005031032
0.27466666666666667,-0.2534838,0.006189248
0.27475,0.5777024,0.007730389
0.2748333333333333,0.34445348,0.002035462
0.27491666666666664,-0.5924175,0.008336898
0.275,-0.6369367,0.0012061495
0.27508333333333335,0.33400127,0.00875903
0.27516666666666667,0.7842316,0.014919622
0.27525,0.023755508,0.0026799298
0.2753333333333333,-0.7118668,0.00941576
0.27541666666666664,-0.33262992,0.003210579
0.2755,0.53704,0.014954582
0.27558333333333335,0.6008748,0.001178906
0.27566666666666667,-0.1261391,0.01256724
0.27575,-0.5431113,0.0075711976
0.2758333333333333,-0.11859647,0.012295381
0.27591666666666664,0.5079524,0.008328572
0.276,0.42747563,0.0026107198
0.27608333333333335,-0.24288367,0.003991421
0.27616666666666667,-0.62276495,0.00041915424
0.27625,-0.3035764,0.0059260456
0.2763333333333333,0.33928424,0.0025015925
0.27641666666666664,0.45843196,0.0035131848
0.2765,-0.099706195,0.011643599
0.27658333333333335,-0.5237903,0.012757841
0.27666666666666667,-0.1223068,0.0014659759
0.27675,0.6163945,0.0057250345
0.2768333333333333,0.56786287,0.0074307495
0.27691666666666664,-0.29220486,0.0031475178
0.277,-0.6988706,0.00044894728
0.27708333333333335,-0.005895915,0.001321293
0.2771666666666667,0.79811674,0.015536196
0.27725,0.46960908,0.004574129
0.2773333333333333,-0.53828543,0.010039732
0.27741666666666664,-0.7450134,0.007883206
0.2775,0.17588113,0.008834625
0.27758333333333335,0.8295324,0.0027560124
0.2776666666666667,0.19070858,0.0040472765
0.27775,-0.7587506,0.0002723983
0.2778333333333333,-0.60908604,0.011978582
0.27791666666666665,0.45560837,0.0038242878
0.278,0.8176462,0.0014468237
0.27808333333333335,-0.07850006,0.0017978337
0.2781666666666667,-0.830651,0.008018563
0.27825,-0.33364236,0.0063481643
0.2783333333333333,0.6121646,0.0062101185
0.27841666666666665,0.5378987,0.008292209
0.2785,-0.34561187,0.008600567
0.27858333333333335,-0.64495045,0.007385209
0.2786666666666667,0.016889371,0.016251678
0.27875,0.6191833,0.011992189
0.2788333333333333,0.31184912,0.0050658872
0.27891666666666665,-0.40201363,0.012092878
0.279,-0.5548787,0.0051886933
0.27908333333333335,-0.030248605,0.013480495
0.2791666666666667,0.44452736,0.023363424
0.27925,0.274727,0.006660031
0.2793333333333333,-0.27456263,0.0043868884
0.27941666666666665,-0.41090277,0.0035052213
0.2795,0.056643598,0.012892168
0.27958333333333335,0.4719923,0.014088149
0.2796666666666667,0.22349286,0.0072926674
0.27975,-0.35528752,0.018888883
0.2798333333333333,-0.45410645,0.011904123
0.27991666666666665,0.0543764,0.001160477
0.28,0.5843747,0.013239705
0.28008333333333335,0.4159149,0.0023095424
0.2801666666666667,-0.33363706,0.00043209374
0.28025,-0.6239091,0.004435921
0.2803333333333333,0.07942995,0.0020662993
0.28041666666666665,0.7378228,0.006973134
0.2805,0.17301488,0.021881137
0.28058333333333335,-0.72581035,0.00881423
0.2806666666666667,-0.54803705,0.002373665
0.28075,0.389072,0.011736074
0.2808333333333333,0.665756,0.014591372
0.28091666666666665,0.004289494,0.003229182
0.281,-0.66045177,0.0100515755
0.28108333333333335,-0.4749615,0.0076482
0.2811666666666667,0.36750385,0.013918357
0.28125,0.71473235,0.002498843
0.2813333333333333,-0.13846314,0.0050110244
0.28141666666666665,-0.93784547,0.009492112
0.2815,-0.28316927,0.01783949
0.28158333333333335,0.8810404,0.003950232
0.2816666666666667,0.70798177,0.00073160726
0.28175,-0.48984236,0.004387341
0.2818333333333333,-0.8484959,0.011060074
0.28191666666666665,0.10689211,0.010976574
0.282,0.93287945,0.004032384
0.28208333333333335,0.4503863,0.006490486
0.2821666666666667,-0.5423873,0.012173485
0.28225,-0.6442659,7.201773e-05
0.2823333333333333,0.22132699,0.001990152
0.28241666666666665,0.8309313,9.327544e-05
0.2825,0.2239407,0.012096593
0.28258333333333335,-0.7077372,0.0020602827
0.2826666666666667,-0.5515258,0.00812458
0.28275,0.37866774,4.7823254e-05
0.2828333333333333,0.5731636,0.0041959407
0.28291666666666665,-0.22518209,0.014823738
0.283,-0.65402967,0.008915357
0.28308333333333335,-0.050800234,0.027562423
0.2831666666666667,0.55245215,0.031401902
0.28325,0.27385214,0.0030086485
0.2833333333333333,-0.32448614,0.0069805766
0.28341666666666665,-0.41812932,0.006489754
0.2835,0.022918206,0.019069571
0.28358333333333335,0.41050482,0.018151559
0.2836666666666667,0.26052397,0.0064239996
0.28375,-0.18555388,0.017336052
0.2838333333333333,-0.28951964,0.033976138
0.28391666666666665,0.11666515,0.008703998
0.284,0.40300807,0.011579635
0.28408333333333335,0.056950796,0.011007371
0.2841666666666667,-0.3578007,0.014889595
0.28425,-0.20819455,0.006689038
0.2843333333333333,0.21953733,0.0007034797
0.28441666666666665,0.24663374,0.011172388
0.2845,-0.10351352,0.020684898
0.28458333333333335,-0.22897139,0.030118257
0.2846666666666667,-0.028696872,0.011571465
0.28475,0.15038092,0.014878714
0.2848333333333333,0.097940214,0.016594252
0.28491666666666665,-0.065757535,0.009411975
0.285,-0.12679699,0.024685415
0.28508333333333336,-0.005494803,0.019285128
0.2851666666666667,0.15520029,0.026437234
0.28525,0.11249172,0.010696121
0.2853333333333333,-0.054058358,0.00888326
0.28541666666666665,-0.074044004,0.015258762
0.2855,0.05624387,0.014210708
0.28558333333333336,0.05264658,0.011357201
0.2856666666666667,-0.116344005,0.012301002
0.28575,-0.12269016,0.0014119254
0.28583333333333333,0.011417606,0.027353538
0.28591666666666665,-0.010417628,0.0017254297
0.286,-0.13419533,0.00046361843
0.28608333333333336,-0.08070026,0.014215099
0.2861666666666667,0.068348914,0.012101898
0.28625,-0.023368558,0.015488833
0.28633333333333333,-0.25581405,0.00067367696
0.28641666666666665,-0.11586007,0.004343535
0.2865,0.2692563,0.020307815
0.28658333333333336,0.21679002,0.0045371633
0.2866666666666667,-0.16133602,0.008976899
0.28675,-0.17613983,0.021095188
0.28683333333333333,0.1286639,0.027396668
0.28691666666666665,0.21475135,0.0006941854
0.287,0.0060578864,0.0018226656
0.28708333333333336,-0.13580398,0.021140823
0.2871666666666667,-0.03457824,0.024140658
0.28725,0.22991978,0.010303534
0.28733333333333333,0.28757933,0.0009020281
0.28741666666666665,-0.2681425,0.0014906544
0.2875,-0.50053406,0.017913477
0.28758333333333336,0.23719417,0.011889378
0.2876666666666667,0.6487299,0.00038784475
0.28775,-0.14466387,0.0145860985
0.28783333333333333,-0.686909,0.002636485
0.28791666666666665,-0.120208055,0.022390842
0.288,0.45700997,0.006173472
0.28808333333333336,0.18874013,0.0020889475
0.2881666666666667,-0.34083262,0.00040520605
0.28825,-0.2427058,0.0077502383
0.28833333333333333,0.17766769,0.00013056931
0.28841666666666665,0.3120412,0.0023351947
0.2885,0.080790736,0.01114062
0.28858333333333336,-0.27434787,0.009851328
0.2886666666666667,-0.26949367,0.0110264635
0.28875,0.21494743,0.0012923555
0.28883333333333333,0.39992476,0.0022836374
0.28891666666666665,-0.061018918,0.0041900915
0.289,-0.35805327,0.0011510748
0.28908333333333336,-0.00011839088,0.005208596
0.2891666666666667,0.3521458,0.021441353
0.28925,0.021562973,0.008778416
0.28933333333333333,-0.32180074,0.0049108146
0.28941666666666666,-0.022606166,0.005265982
0.2895,0.28856468,0.00372405
0.28958333333333336,0.106594816,0.015482325
0.2896666666666667,-0.12974967,0.003169129
0.28975,-0.03679934,0.02059157
0.28983333333333333,0.09412035,0.027126417
0.28991666666666666,0.026701188,0.009147641
0.29,-0.04555223,0.005450906
0.29008333333333336,-0.06896626,0.0033532644
0.2901666666666667,-0.063991226,0.016995313
0.29025,0.09602337,0.010425263
0.29033333333333333,0.22398144,0.009660301
0.29041666666666666,0.014122945,0.013249203
0.2905,-0.23371077,0.01494594
0.29058333333333336,-0.06928466,0.0100145815
0.2906666666666667,0.2764543,0.0125247985
0.29075,0.15982014,0.008827288
0.29083333333333333,-0.31357443,0.001018921
0.29091666666666666,-0.31659496,0.0023499546
0.291,0.15395342,0.00012782968
0.29108333333333336,0.37533522,0.0032232816
0.2911666666666667,0.05808034,0.012329366
0.29125,-0.3360958,0.004240524
0.29133333333333333,-0.24488744,0.001723849
0.29141666666666666,0.20714799,0.015298203
0.2915,0.36534742,0.010070308
0.29158333333333336,-0.022342518,0.0020008474
0.2916666666666667,-0.43681383,0.006958328
0.29175,-0.2052883,0.0012254724
0.29183333333333333,0.40097505,0.023050897
0.29191666666666666,0.36784926,0.0031458463
0.292,-0.28015372,0.009968247
0.2920833333333333,-0.5232792,0.024170673
0.2921666666666667,0.014796307,0.025418766
0.29225,0.50612855,0.004083747
0.29233333333333333,0.18850103,0.006828776
0.29241666666666666,-0.382148,0.0006607504
0.2925,-0.3163712,0.016627626
0.2925833333333333,0.20690268,0.009879367
0.2926666666666667,0.41129097,0.0014436926
0.29275,0.04338674,0.01647718
0.29283333333333333,-0.36005387,0.014407222
0.29291666666666666,-0.30358756,0.01195581
0.293,0.039352596,0.0076901196
0.2930833333333333,0.29441223,0.014639302
0.2931666666666667,0.17429672,0.01386388
0.29325,-0.25792634,0.024984054
0.29333333333333333,-0.3813278,0.013635304
0.29341666666666666,0.06965755,0.02088969
0.2935,0.46803212,0.017889801
0.2935833333333333,0.14438523,1.1107579e-05
0.2936666666666667,-0.49582165,0.018973658
0.29375,-0.45828396,0.022544807
0.29383333333333334,0.36659744,0.035760216
0.29391666666666666,0.80992836,0.011193697
0.294,0.027832523,0.010152363
0.2940833333333333,-0.8609977,0.009147152
0.2941666666666667,-0.39487368,0.028965548
0.29425,0.83005875,0.0014548429
0.29433333333333334,0.7065394,0.009483442
0.29441666666666666,-0.60270137,0.014008426
0.2945,-0.9944668,0.025544051
0.2945833333333333,0.1412113,0.0030712911
0.2946666666666667,1.032328,0.0018489389
0.29475,0.22480038,6.5759523e-06
0.29483333333333334,-0.8962409,0.0036832455
0.29491666666666666,-0.5863801,0.011369235
0.295,0.5478655,0.0085700415
0.2950833333333333,0.72575796,0.0010662741
0.2951666666666667,-0.21019784,0.024884384
0.29525,-0.6989918,0.02242594
0.29533333333333334,-0.07330014,0.024545692
0.29541666666666666,0.624396,0.00531525
0.2955,0.37594283,0.014138219
0.2955833333333333,-0.33252797,0.007353598
0.2956666666666667,-0.47755042,0.017780112
0.29575,0.08318391,0.031080896
0.29583333333333334,0.49852538,0.033237338
0.29591666666666666,0.24674843,0.005702351
0.296,-0.18842408,0.004076183
0.2960833333333333,-0.24826144,0.00048578242
0.2961666666666667,0.067814164,0.009999988
0.29625,0.3315882,0.022685824
0.29633333333333334,0.17522137,0.009909051
0.29641666666666666,-0.21353264,0.010929978
0.2965,-0.35858944,0.021318777
0.2965833333333333,-0.061670035,0.010551658
0.2966666666666667,0.31925285,0.0060157445
0.29675,0.2209673,0.0068099457
0.29683333333333334,-0.23163208,0.008188665
0.29691666666666666,-0.32595506,0.00018184053
0.297,0.09958323,0.0025563827
0.2970833333333333,0.37693846,0.005099569
0.2971666666666667,0.024635715,0.019039148
0.29725,-0.41716412,0.008844518
0.29733333333333334,-0.22671568,0.010560022
0.29741666666666666,0.3019133,0.016845431
0.2975,0.33028072,0.0054837028
0.2975833333333333,-0.15712762,0.009910269
0.2976666666666667,-0.36682662,0.0010489188
0.29775,-0.009535195,0.012554378
0.29783333333333334,0.31955078,0.01754066
0.29791666666666666,0.12883262,0.0038008413
0.298,-0.22976014,0.0032723898
0.2980833333333333,-0.19677697,0.0046584522
0.2981666666666667,0.16599715,0.012650919
0.29825,0.2866578,0.007293156
0.29833333333333334,-0.0001785166,0.00034153598
0.29841666666666666,-0.20708226,0.014825969
0.2985,-0.10686715,0.016045872
0.2985833333333333,0.034923464,0.0126548875
0.2986666666666667,0.03938636,0.0002931656
0.29875,-0.04033919,0.006432014
0.29883333333333334,-0.0334202,0.0012711802
0.29891666666666666,0.021421073,0.0006891984
0.299,0.025935994,0.0044155037
0.2990833333333333,0.049119208,0.007982937
0.2991666666666667,0.13621126,0.0039819833
0.29925,0.14802352,0.007418603
0.29933333333333334,0.037737556,0.007988411
0.29941666666666666,-0.1926962,0.0014180546
0.2995,-0.31659305,0.0007506613
0.2995833333333333,0.076819636,0.0033178774
0.2996666666666667,0.3900713,0.010068867
0.29975,-0.025347067,0.0021422834
0.29983333333333334,-0.4839138,0.0032757663
0.29991666666666666,-0.17203414,0.006125311
0.3,0.20081142,0.0054926304
0.3000833333333333,-0.17128572,4.471687e-05
0.3001666666666667,-0.64391094,0.013382026
0.30025,-0.024926882,0.0032738359
0.30033333333333334,1.1259266,0.005491183
0.30041666666666667,0.48864308,0.011089974
0.3005,-0.94604063,0.0036874742
0.3005833333333333,-0.73931885,0.013255058
0.3006666666666667,0.78277075,0.002959501
0.30075,0.9372475,0.0045466768
0.30083333333333334,-0.38837478,0.003943587
0.30091666666666667,-0.7617909,0.009592176
0.301,0.28749508,0.0074579804
0.3010833333333333,0.9956465,0.000116531635
0.3011666666666667,0.2119652,0.009813893
0.30125,-0.7646473,0.005051923
0.30133333333333334,-0.6068208,0.008618244
0.30141666666666667,0.3703681,0.013626974
0.3015,0.6225537,0.0052897194
0.3015833333333333,-0.36752912,0.010576232
0.3016666666666667,-0.98302513,0.0010413851
0.30175,-0.13847089,0.0076851086
0.30183333333333334,0.82508034,0.019409923
0.30191666666666667,0.2756157,0.006733212
0.302,-0.74471945,0.00732579
0.3020833333333333,-0.49715355,0.0028953236
0.30216666666666664,0.49714056,0.011220225
0.30225,0.6121252,0.006111747
0.30233333333333334,-0.10181241,0.007935172
0.30241666666666667,-0.36636743,0.015619295
0.3025,-0.04345927,0.021063276
0.3025833333333333,0.28376496,0.0029382126
0.30266666666666664,0.337816,0.004164187
0.30275,0.15215188,0.011066577
0.30283333333333334,-0.14266263,0.010311329
0.30291666666666667,-0.23585337,0.0012521832
0.303,0.12523127,0.00012719267
0.3030833333333333,0.33869845,0.004087631
0.30316666666666664,-0.028820919,0.008519698
0.30325,-0.34903112,0.013663298
0.30333333333333334,-0.015711939,0.0038754747
0.30341666666666667,0.37925866,0.0075218035
0.3035,0.08861414,0.008586546
0.3035833333333333,-0.45232296,0.005868268
0.30366666666666664,-0.42846474,0.0013573883
0.30375,0.12691782,0.009736065
0.30383333333333334,0.4485836,0.009775514
0.30391666666666667,0.07943218,0.007871751
0.304,-0.53817016,0.009426141
0.3040833333333333,-0.47525707,0.025121141
0.30416666666666664,0.33096,0.013818662
0.30425,0.7000282,0.0070247976
0.30433333333333334,-0.031602133,0.005284509
0.30441666666666667,-0.7190979,0.009619333
0.3045,-0.21365869,0.028078193
0.3045833333333333,0.70885175,0.013262475
0.30466666666666664,0.51607627,0.00045487384
0.30475,-0.3769303,0.015331706
0.30483333333333335,-0.4050395,0.0050117886
0.30491666666666667,0.36967,0.00477536
0.305,0.56630695,0.0021403753
0.3050833333333333,-0.13146123,0.0020416596
0.30516666666666664,-0.6017147,0.016360546
0.30525,-0.18964669,0.02047012
0.30533333333333335,0.41829932,0.00890627
0.30541666666666667,0.32672748,0.0040405793
0.3055,-0.20355704,0.006727099
0.3055833333333333,-0.38890842,0.010412022
0.30566666666666664,-0.051474467,0.01223944
0.30575,0.24423504,0.005790686
0.30583333333333335,0.06266607,0.018731464
0.30591666666666667,-0.16865207,0.013920704
0.306,-0.12544343,0.024747355
0.3060833333333333,-0.015767746,0.0032808003
0.30616666666666664,0.06090709,0.015573838
0.30625,0.14815693,0.014324666
0.30633333333333335,0.055986594,0.0059992145
0.30641666666666667,-0.2954055,0.01650191
0.3065,-0.38239995,0.014042532
0.3065833333333333,0.04587306,0.00312971
0.30666666666666664,0.4362766,0.00063037977
0.30675,0.11241302,0.0051441384
0.30683333333333335,-0.44996607,0.0016944457
0.30691666666666667,-0.31106347,0.011031866
0.307,0.3444081,0.0018104078
0.3070833333333333,0.46275264,0.0066390224
0.30716666666666664,-0.15723237,0.012624577
0.30725,-0.4423862,0.0019076756
0.30733333333333335,0.13387427,0.0028349159
0.30741666666666667,0.609744,0.0036915054
0.3075,0.21108171,0.0035660951
0.3075833333333333,-0.38222805,0.005299037
0.30766666666666664,-0.2703909,0.00034560266
0.30775,0.27176479,0.0037056874
0.30783333333333335,0.44692704,0.017589003
0.30791666666666667,-0.015630294,0.00027450407
0.308,-0.4775257,0.0071592266
0.3080833333333333,-0.38266748,0.011996208
0.30816666666666664,0.14659508,0.02423485
0.30825,0.38067243,0.018174423
0.30833333333333335,-0.05581869,0.0017957024
0.3084166666666667,-0.5598979,0.016433237
0.3085,-0.30313987,0.021430708
0.3085833333333333,0.42644182,0.0050537367
0.30866666666666664,0.49176672,0.0048574368
0.30875,-0.17452973,0.00158924
0.30883333333333335,-0.53511536,0.004622065
0.3089166666666667,-0.07069174,0.005001907
0.309,0.52979225,0.0062235263
0.3090833333333333,0.3877443,0.0006553437
0.30916666666666665,-0.19129431,0.011477555
0.30925,-0.35530564,0.0050602457
0.30933333333333335,0.11311716,0.0005843525
0.3094166666666667,0.50677156,0.010529934
0.3095,0.1661799,0.0047260597
0.3095833333333333,-0.47943935,0.0059742434
0.30966666666666665,-0.43862298,0.0052698017
0.30975,0.28248006,0.017697133
0.30983333333333335,0.6085415,0.025224019
0.3099166666666667,0.0084079765,0.005754029
0.31,-0.6106524,0.0019989067
0.3100833333333333,-0.3068749,0.0014936544
0.31016666666666665,0.4431623,0.0137669435
0.31025,0.4800569,0.00904397
0.31033333333333335,-0.23047851,0.010911772
0.3104166666666667,-0.5576189,0.003359578
0.3105,-0.025568096,0.01704913
0.3105833333333333,0.549357,0.0027693063
0.31066666666666665,0.32536358,0.0043194825
0.31075,-0.34092385,0.0126210265
0.31083333333333335,-0.4463878,0.019611638
0.3109166666666667,0.14201994,0.0032012027
0.311,0.4953343,0.0042301994
0.3110833333333333,0.051878866,0.0038095582
0.31116666666666665,-0.47095567,0.009612718
0.31125,-0.2821562,0.015616155
0.31133333333333335,0.2983408,0.004651787
0.3114166666666667,0.38377875,0.005504435
0.3115,-0.11314275,0.019268667
0.3115833333333333,-0.45156002,0.016207548
0.31166666666666665,-0.19631727,0.0029889254
0.31175,0.24804306,0.015497243
0.31183333333333335,0.27550554,0.005443717
0.3119166666666667,-0.12302257,0.010902001
0.312,-0.43616173,0.018871883
0.3120833333333333,-0.1528752,0.017212741
0.31216666666666665,0.52121615,0.022383133
0.31225,0.5907017,0.01022798
0.31233333333333335,-0.25888383,0.00074470404
0.3124166666666667,-0.7386315,0.027429136
0.3125,-0.0019358494,0.028411027
0.3125833333333333,0.83203524,0.01722642
0.31266666666666665,0.38371924,0.004235803
0.31275,-0.6418391,0.006160354
0.31283333333333335,-0.5445993,0.008328911
0.3129166666666667,0.4846907,0.00069006
0.313,0.79369223,0.009844763
0.3130833333333333,-0.27162877,0.010120778
0.31316666666666665,-1.157578,0.015558269
0.31325,-0.3646109,0.007161806
0.31333333333333335,0.93064046,0.012107629
0.3134166666666667,0.6350619,0.0012447659
0.3135,-0.7901858,0.0014698533
0.3135833333333333,-1.0349823,0.008389206
0.31366666666666665,0.30119094,0.0043242136
0.31375,1.047388,0.012637415
0.31383333333333335,0.058863644,0.0204683
0.3139166666666667,-0.95861447,0.011456147
0.314,-0.4622864,0.017978936
0.3140833333333333,0.7496103,0.008341008
0.31416666666666665,0.9102465,0.023317702
0.31425,-0.076984964,0.00825769
0.31433333333333335,-0.6346926,0.006964569
0.3144166666666667,-0.11352533,0.026680956
0.3145,0.6102229,0.025303192
0.3145833333333333,0.46345404,0.0028708791
0.31466666666666665,-0.30074877,0.0089391
0.31475,-0.59744966,0.0070109107
0.31483333333333335,-0.06794243,0.01476232
0.3149166666666667,0.4824608,0.018201638
0.315,0.2754096,0.00014334611
0.3150833333333333,-0.36066425,0.010691682
0.31516666666666665,-0.57539237,0.017771924
0.31525,-0.06849973,0.0012574784
0.31533333333333335,0.477732,0.0058069886
0.3154166666666667,0.31570938,0.007246879
0.3155,-0.33638835,0.008230422
0.3155833333333333,-0.51259553,0.0026283748
0.31566666666666665,0.12972794,0.0004705439
0.31575,0.71070856,0.0034400348
0.31583333333333335,0.3302585,0.016487082
0.3159166666666667,-0.47445554,0.006800648
0.316,-0.483178,0.010891539
0.3160833333333333,0.29788253,0.013791025
0.31616666666666665,0.6637514,0.008563554
0.31625,0.07527331,0.004763561
0.31633333333333336,-0.5351348,0.00486554
0.3164166666666667,-0.2971524,0.01672141
0.3165,0.39448255,0.028965151
0.3165833333333333,0.4405397,0.0009662038
0.31666666666666665,-0.235453,0.00720259
0.31675,-0.5892366,0.014433125
0.31683333333333336,-0.14938365,0.009010706
0.3169166666666667,0.40689933,0.0026871148
0.317,0.30437827,0.00069619395
0.31708333333333333,-0.19707602,0.007240203
0.31716666666666665,-0.30846673,0.016459664
0.31725,0.058782175,0.0068077818
0.31733333333333336,0.2889833,0.005097369
0.3174166666666667,0.10775101,0.00870259
0.3175,-0.17344157,0.005153798
0.31758333333333333,-0.25124177,0.008276696
0.31766666666666665,-0.038155824,0.0002469592
0.31775,0.21316426,0.0015774142
0.31783333333333336,0.21820876,0.016535597
0.3179166666666667,-0.051898163,0.014662698
0.318,-0.2787503,0.0140357
0.31808333333333333,-0.14438023,0.012991032
0.31816666666666665,0.16610758,0.014612814
0.31825,0.17180777,0.001223695
0.31833333333333336,-0.1483129,0.010332306
0.3184166666666667,-0.28528643,0.008596122
0.3185,-0.0070758606,0.016706966
0.31858333333333333,0.32935205,0.003419923
0.31866666666666665,0.20669407,0.0034396905
0.31875,-0.22523052,0.010452708
0.31883333333333336,-0.31839192,0.011220005
0.3189166666666667,0.050710414,0.005748726
0.319,0.3062705,0.0028201176
0.31908333333333333,0.08990661,0.0005814802
0.31916666666666665,-0.19224909,0.01771678
0.31925,-0.13531166,0.016863441
0.31933333333333336,0.12614755,0.01763743
0.3194166666666667,0.19020097,0.0026272472
0.3195,-0.035938077,0.00915178
0.31958333333333333,-0.20769727,0.011832439
0.31966666666666665,-0.08632638,0.0044744494
0.31975,0.12038745,0.009118197
0.31983333333333336,0.15073416,0.017029729
0.3199166666666667,0.009450496,0.0094293235
0.32,-0.1322834,0.020389287
0.32008333333333333,-0.099697195,0.0055891257
0.32016666666666665,0.023459747,0.03028162
0.32025,0.071059726,0.008102172
0.32033333333333336,-0.03243636,0.017782938
0.3204166666666667,-0.164712,0.026599618
0.3205,-0.085116126,0.034048732
0.32058333333333333,0.14380135,0.004317418
0.32066666666666666,0.18438797,0.0061521265
0.32075,-0.03350016,0.003035164
0.32083333333333336,-0.15633442,0.006965869
0.3209166666666667,0.0002124509,0.009636366
0.321,0.19546424,0.0025578393
0.32108333333333333,0.100691624,0.0018658555
0.32116666666666666,-0.13354811,0.017197974
0.32125,-0.12713683,0.015811056
0.32133333333333336,0.06929274,0.01740925
0.3214166666666667,0.16761604,0.014640183
0.3215,0.050664376,0.002849425
0.32158333333333333,-0.08147914,0.0056594433
0.32166666666666666,-0.055712353,0.02055932
0.32175,0.028695948,0.0065487972
0.32183333333333336,0.040781427,0.034605306
0.3219166666666667,-0.014998149,0.009516708
0.322,-0.052381974,0.014347423
0.32208333333333333,-0.040677235,0.009623784
0.32216666666666666,0.0033025227,0.035729382
0.32225,0.023164513,0.025677593
0.32233333333333336,-0.0056039738,0.017927546
0.3224166666666667,-0.044771127,0.040908363
0.3225,-0.029096829,0.037964676
0.32258333333333333,0.06595681,0.002120374
0.32266666666666666,0.11607237,0.0025885971
0.32275,0.06934458,0.0076584895
0.32283333333333336,0.00087168673,0.004709637
0.3229166666666667,0.021208512,0.0028654423
0.323,0.08349541,0.010566688
0.32308333333333333,0.059352953,0.0051475456
0.32316666666666666,-0.056610964,0.024493683
0.32325,-0.10074894,0.0016055489
0.3233333333333333,-0.008899972,0.0031300595
0.3234166666666667,0.046672016,0.008338246
0.3235,0.011028746,0.003011758
0.32358333333333333,-0.016805079,0.00500192
0.32366666666666666,0.007254387,0.01572705
0.32375,-0.0020010155,0.014727525
0.3238333333333333,-0.038977623,0.027134703
0.3239166666666667,-0.04933427,0.016536327
0.324,-0.029982762,0.022001408
0.32408333333333333,-0.0188404,0.008580828
0.32416666666666666,-0.020565895,0.01931263
0.32425,-0.0019175061,0.0018941172
0.3243333333333333,0.0074173477,0.0024668302
0.3244166666666667,0.0012337945,0.011917421
0.3245,0.0067525767,0.035637278
0.32458333333333333,-0.0039266613,0.015881939
0.32466666666666666,-0.03390265,0.0142653175
0.32475,0.0032714386,0.0040728836
0.3248333333333333,0.059569392,0.028014641
0.3249166666666667,0.07264113,0.012867405
0.325,-0.006597375,0.01597467
0.32508333333333334,-0.0828352,0.021248883
0.32516666666666666,-0.060982175,0.031643327
0.32525,-0.02087203,0.0038144304
0.3253333333333333,-0.011494555,0.01806516
0.3254166666666667,-0.07236528,0.0030744898
0.3255,-0.085540615,0.029422373
0.32558333333333334,0.09217246,0.0014694097
0.32566666666666666,0.19848964,0.013414352
0.32575,-0.03520612,0.03055773
0.3258333333333333,-0.3261114,0.013989003
0.3259166666666667,-0.01376103,0.00550939
0.326,0.48204848,0.004053274
0.32608333333333334,0.26777482,0.001463321
0.32616666666666666,-0.43578777,0.0074298866
0.32625,-0.39235902,0.0020771935
0.3263333333333333,0.44318822,0.0014965255
0.3264166666666667,0.58157516,0.0034617274
0.3265,-0.36446276,0.009269669
0.32658333333333334,-0.76829,0.012976688
0.32666666666666666,0.058949944,0.008344761
0.32675,0.69781125,0.00806165
0.3268333333333333,0.056810882,0.013903607
0.3269166666666667,-0.6377624,0.009288238
0.327,-0.31087378,0.011404316
0.32708333333333334,0.35881656,0.017226625
0.32716666666666666,0.28080234,0.02376828
0.32725,-0.19894889,0.0029884675
0.3273333333333333,-0.26948828,0.0010504278
0.3274166666666667,-0.018981814,0.00074132485
0.3275,0.2228183,0.02210099
0.32758333333333334,0.2569976,0.016900305
0.32766666666666666,0.11049746,0.0071128216
0.32775,-0.087235436,0.01717934
0.3278333333333333,-0.0972302,0.009426244
0.3279166666666667,0.1762096,0.004271902
0.328,0.34754047,0.009292925
0.32808333333333334,0.113689266,0.0049671927
0.32816666666666666,-0.2654522,0.0034706176
0.32825,-0.28346518,0.0022280489
0.3283333333333333,0.10288736,0.0017881655
0.3284166666666667,0.38737887,0.00061556883
0.3285,0.107873216,0.008471311
0.32858333333333334,-0.5165079,0.0065439455
0.32866666666666666,-0.6233001,0.0077434615
0.32875,0.1084216,0.010426108
0.3288333333333333,0.653566,0.004643162
0.3289166666666667,0.05879791,0.004987868
0.329,-0.71119297,0.0064335894
0.32908333333333334,-0.31685182,0.010107278
0.32916666666666666,0.6853995,0.014626808
0.32925,0.6609572,0.0016060501
0.3293333333333333,-0.38181385,0.00030645583
0.3294166666666667,-0.743115,0.010433158
0.3295,0.11798682,0.011735573
0.32958333333333334,0.81248945,0.0066528465
0.32966666666666666,0.3095556,0.006582589
0.32975,-0.53090715,0.0066142925
0.3298333333333333,-0.5094862,0.009532028
0.3299166666666667,0.24550593,0.01240465
0.33,0.6002274,2.5852714e-05
0.33008333333333334,0.062029608,0.0022272083
0.33016666666666666,-0.5484245,0.0020904795
0.33025,-0.38571024,0.0044301352
0.3303333333333333,0.28348693,0.0021749742
0.3304166666666667,0.49656594,0.0009754131
0.3305,-0.018482419,0.0072876094
0.33058333333333334,-0.48023877,0.011277741
0.33066666666666666,-0.27808574,0.018251901
0.33075,0.24034478,0.006392772
0.3308333333333333,0.354252,0.006114704
0.3309166666666667,-0.052938163,0.0081117
0.331,-0.38068408,0.0065680183
0.33108333333333334,-0.21200833,0.017085075
0.33116666666666666,0.26641637,0.010591073
0.33125,0.45886132,0.002292947
0.3313333333333333,0.09174664,0.003064362
0.3314166666666667,-0.30752605,0.002097604
0.3315,-0.26282132,0.004426558
0.33158333333333334,0.12323473,0.007137225
0.33166666666666667,0.34461194,0.0037334866
0.33175,0.040423106,0.008491748
0.3318333333333333,-0.42813,0.01135456
0.3319166666666667,-0.30888247,0.0020599968
0.332,0.29320568,0.0011812451
0.33208333333333334,0.432134,0.0017678887
0.33216666666666667,-0.12051243,0.0031596946
0.33225,-0.478861,0.0019714583
0.3323333333333333,-0.0741907,0.007562158
0.3324166666666667,0.61724627,0.002881644
0.3325,0.46242642,0.013904458
0.33258333333333334,-0.43775314,0.009852906
0.33266666666666667,-0.70393324,0.006276327
0.33275,0.12057655,0.010368286
0.3328333333333333,0.7342298,0.01001609
0.3329166666666667,0.17908363,0.002424056
0.333,-0.5860259,0.007899569
0.33308333333333334,-0.4231777,0.010635052
0.33316666666666667,0.34575945,0.016044036
0.33325,0.53064597,0.004319836
0.3333333333333333,-0.1168394,0.0029276772
0.33341666666666664,-0.5675283,0.0076271663
0.3335,-0.17428853,0.006995887
0.33358333333333334,0.41302162,0.0024053736
0.33366666666666667,0.26168832,0.0011325816
0.33375,-0.3813373,0.0028457565
0.3338333333333333,-0.4913922,0.011243973
0.33391666666666664,0.07975919,0.009385035
0.334,0.3869721,0.00023184829
0.33408333333333334,0.06654679,0.00820851
0.33416666666666667,-0.25493523,0.008566638
0.33425,-0.1178782,0.007153358
0.3343333333333333,0.2038198,0.0028288234
0.33441666666666664,0.2826521,0.0028183118
0.3345,0.102610916,0.008869049
0.33458333333333334,-0.11002459,0.0065515456
0.33466666666666667,-0.18133871,0.010075173
0.33475,0.0023979538,0.011197517
0.3348333333333333,0.2598916,0.009627306
0.33491666666666664,0.19519694,0.0043782126
0.335,-0.13976401,0.009543588
0.33508333333333334,-0.21965311,0.0072974265
0.33516666666666667,0.07310293,0.017983591
0.33525,0.26536247,0.0027781627
0.3353333333333333,0.037857354,0.005547201
0.33541666666666664,-0.26348048,0.0050947657
0.3355,-0.1991319,0.011876777
0.33558333333333334,0.099761255,0.0042646127
0.33566666666666667,0.17153867,0.007831931
0.33575,-0.08264858,0.0021083863
0.3358333333333333,-0.24859422,0.008472935
0.33591666666666664,-0.039208192,0.01016456
0.336,0.19090264,0.0057865777
0.33608333333333335,0.051454727,0.00052016915
0.33616666666666667,-0.19472615,0.0027591814
0.33625,-0.099802345,0.004611456
0.3363333333333333,0.18828663,0.0021976775
0.33641666666666664,0.2085239,0.00018735927
0.3365,-0.018998848,0.0068149646
0.33658333333333335,-0.11081008,0.0053679114
0.33666666666666667,0.04304689,0.010450961
0.33675,0.13469009,0.0060822912
0.3368333333333333,0.032266866,0.007861478
0.33691666666666664,-0.028975787,0.001357215
0.337,0.006995203,0.009073982
0.33708333333333335,-0.01672286,0.010020471
0.33716666666666667,-0.075555615,0.0076607615
0.33725,-0.032391954,0.011395317
0.3373333333333333,0.043741178,0.0019208891
0.33741666666666664,0.009320135,0.003029543
0.3375,-0.10238322,0.0021677236
0.33758333333333335,-0.11357957,0.0006942293
0.33766666666666667,0.053635936,0.007206904
0.33775,0.21853107,0.0009151092
0.3378333333333333,0.1470339,0.0047451514
0.33791666666666664,-0.12004545,0.01215916
0.338,-0.33236074,6.269e-05
0.33808333333333335,0.0047849016,0.005517195
0.33816666666666667,0.49098644,0.0009797313
0.33825,0.17812054,0.00096071063
0.3383333333333333,-0.52078027,0.0064691887
0.33841666666666664,-0.3264253,0.0020922048
0.3385,0.42823818,0.012368699
0.33858333333333335,0.23209932,0.0017449909
0.33866666666666667,-0.5367155,0.0022589208
0.33875,-0.5535439,0.0064095072
0.3388333333333333,0.42054385,0.010968931
0.33891666666666664,0.83394676,0.0009954812
0.339,-0.15293242,0.0025553913
0.33908333333333335,-0.8811019,0.0062878057
0.33916666666666667,-0.22568256,0.009287733
0.33925,0.79358304,0.001590076
0.3393333333333333,0.5120626,0.0008976048
0.33941666666666664,-0.4525642,0.004508337
0.3395,-0.49092862,0.0019073453
0.33958333333333335,0.3832188,0.0037983933
0.3396666666666667,0.7346555,0.0013644897
0.33975,-0.059420604,0.0008472232
0.3398333333333333,-0.7142475,0.0011970978
0.33991666666666664,-0.26245782,0.005900966
0.34,0.6063072,0.0037349064
0.34008333333333335,0.43377277,0.00095086877
0.3401666666666667,-0.5205552,0.0039284765
0.34025,-0.6785892,0.0058755684
0.3403333333333333,0.20500632,0.0037871292
0.34041666666666665,0.6501483,0.004101689
0.3405,-0.17027044,0.0039423606
0.34058333333333335,-0.8256018,8.972217e-05
0.3406666666666667,-0.26222456,0.004033206
0.34075,0.61528146,0.0020692004
0.3408333333333333,0.5094752,0.0046854974
0.34091666666666665,-0.2735663,0.0017467779
0.341,-0.49204785,0.0014371236
0.34108333333333335,0.046743695,0.003514993
0.3411666666666667,0.5536974,0.0016511503
0.34125,0.31122556,0.0012761534
