mean,std,rms,peak_to_peak,skewness,kurtosis,crest_factor,shape_factor,impulse_factor,clearance_factor,spectral_energy,dominant_frequency,spectral_centroid,band_0_500_ratio,band_500_1500_ratio,band_1500_3000_ratio,band_3000_6000_ratio,physics_FTF_h1,physics_FTF_h2,physics_FTF_h3,physics_BPFO_h1,physics_BPFO_h2,physics_BPFO_h3,physics_BPFI_h1,physics_BPFI_h2,physics_BPFI_h3,physics_BSF_h1,physics_BSF_h2,physics_BSF_h3,sample_id
-9.682921131570765e-12,0.07075371433806148,0.07075371433806148,0.4862889498472214,-0.03682271569194247,2.8871951512036613,3.5007992761729296,1.2503694400029095,4.377292430572804,5.168169856214874,0.005006088092632008,4145.5078125,3210.913615102444,0.06724793909488735,0.18435056602550834,0.05193826145395249,0.6964632332258949,0.0017871434410283034,0.0028232446030001406,0.005096339084651483,0.008451328964120207,0.0019886616979009424,0.004796176547686748,0.0024741695075574514,0.004892106187730752,0.002919890370034594,0.006362575140224083,0.004994686088415275,0.0021832567809832964,97:0
1.5497936267649948e-11,0.07069679225782252,0.07069679225782251,0.5127242356538773,-0.044249267981637176,2.7015945903828693,3.889957484052425,1.2330590392189171,4.796547237955966,5.629693791295324,0.004998036435545713,4145.5078125,3172.655259947159,0.08198210643334516,0.17991743190679335,0.04869447277971721,0.6894059886800656,0.0032841867955423682,0.0024835718595827296,0.002251858032858917,0.008549930685863457,0.0010042902822443465,0.005416258459793537,0.004181218367677063,0.005530359137585205,0.001161856153857891,0.008312507038326622,0.00452525263309066,0.0009023446385419335,97:4096
3.503153322981234e-11,0.07024843627486962,0.07024843627486962,0.48058247566223145,0.051868541261695975,2.76878511270899,3.575283265481227,1.235716555598473,4.418036722172215,5.166841210239259,0.00493484279906442,4145.5078125,3169.1285948997033,0.11340300204328295,0.14687616538809525,0.05058937837082898,0.6891314539951519,0.002050364949261637,0.003841787156133631,0.0036848603320414745,0.011663295701397082,0.0035405977056645185,0.004468734042811399,0.0033009215233120548,0.004676906907237616,0.0020211349495101822,0.01901714882905865,0.009522598722586817,0.003649547982659092,97:8192
6.3438143627081445e-12,0.06908113215790172,0.06908113215790171,0.48310981690883636,0.0944232168153176,2.8069506468909573,3.8973438960670843,1.2355518009912994,4.815370269937841,5.635906306309673,0.004772202820217482,4145.5078125,3274.0750966911073,0.08871166589135382,0.14331818950699537,0.05401928348028444,0.7139508609118195,0.0008540940459743152,0.0030409841820662176,0.003870159472536343,0.011471026395602721,0.0036702082888999954,0.002829333160188816,0.003372406059077463,0.0034506331962545467,0.0010560326587822882,0.015280651787868757,0.006214972630877799,0.0035544066866122696,97:12288
-3.5942360199214818e-12,0.06919038273645735,0.06919038273645735,0.4614163786172867,0.00595260275387695,2.853992448972294,3.5402057878528517,1.2505658583237698,4.427260489792967,5.228654743148905,0.004787309063217456,4145.5078125,3275.201342998238,0.09446816804529587,0.13823215597276672,0.04965479335113434,0.7176448824219174,0.003079930546558917,0.005054528995989169,0.003216984865623167,0.008106223806952136,0.005695603558810894,0.004176977236048149,0.005544697462646361,0.004407103232340686,0.0019057865586180908,0.017241501983379034,0.0052491940468956545,0.006742934594489482,97:16384
-2.1866064514597383e-11,0.07052059771343248,0.07052059771343248,0.4528220295906067,0.02640770654707347,2.745892284490501,3.3888672271889786,1.2398520768791146,4.201694069957402,4.93061168450487,0.00497315470185978,4145.5078125,3145.77770857206,0.11787803837040098,0.15029854555145453,0.05180146397265426,0.6800219519044105,0.00341903693310818,0.00811820961665411,0.008090058430009726,0.008518729153856677,0.002985984860451976,0.003158625507878014,0.004284505330333886,0.003338767457268334,0.0018739217799553264,0.02735284511998894,0.006202040023562941,0.0033193172367255793,97:20480
1.5760726057578722e-11,0.06791478042125358,0.06791478042125358,0.438206747174263,0.017452297197952715,2.701587413877793,3.546906902893082,1.2327743783776048,4.372535952441638,5.120614261083403,0.004612417399667089,4145.5078125,3243.0614450639177,0.09568510073488776,0.14366076684891663,0.05456796519082172,0.7060861670085676,0.0014268816895675954,0.004569878983013731,0.008360759839706754,0.013105136023133426,0.0024267926661814747,0.0026583059961301264,0.0031332147812355845,0.002793985750610804,0.00265568757143231,0.011348355190269933,0.004801645236456268,0.0014273740517693236,97:24576
2.6263879959742553e-11,0.07037255345483312,0.07037255345483312,0.4444531798362732,0.0017738381725210851,2.7724528922094964,3.2829901712791747,1.2398567192861778,4.070437423268807,4.778381674208099,0.004952296279753345,4145.5078125,3167.5632694240526,0.06988090925819296,0.19323730607778555,0.052807665529572535,0.6840741189325222,0.004171725899919735,0.00481975840393396,0.004317007603776054,0.009376916780979667,0.0031924955124637906,0.0007065836467063956,0.008056610131223465,0.0007293855073841956,0.0021140836430993213,0.010325257602451973,0.0064459970789695524,0.001971138707670091,97:28672
-1.906874658175184e-11,0.07209352453163953,0.07209352453163953,0.4954693019390106,-0.020407794915115483,2.639958969905981,3.5069731987065214,1.232524542262297,4.322430536521854,5.053943447610388,0.005197476279394109,4145.5078125,3096.8989057644176,0.10593101551757761,0.1705628498719858,0.06061451769673218,0.6628916167213034,0.002265280554188049,0.006605618141458822,0.004393550550060237,0.007478602890935905,0.005257874703087205,0.00446108960586695,0.0031943545121415665,0.004643830000229872,0.004435481100830172,0.015928441907199786,0.005106634547341575,0.005399238269949927,97:32768
6.3433702734982944e-12,0.07204209508416115,0.07204209508416115,0.4499247223138809,-0.00997812102195242,2.8352409637579448,3.222969104566248,1.2452734929055138,4.013477994425479,4.723940683603845,0.0051900634641153165,4145.5078125,3075.9716889873607,0.10161636131637163,0.18802546362247563,0.048281949888217254,0.6620762249802595,0.003075863829056574,0.002802868646331682,0.007945131454590491,0.00963354557140386,0.006183443960889026,0.0026074061155855733,0.00462320996711672,0.002939350358423946,0.0012872604076400245,0.01384487924122688,0.012197885290490382,0.005044530030934288,97:36864
6.619638170946018e-11,0.07144292282008423,0.07144292282008423,0.4527781158685684,-0.009155515323623112,2.8596834901783033,3.300329716106145,1.2493332325120232,4.123211592636092,4.8666922861712685,0.005104091221076511,4145.5078125,3186.558193838826,0.05951633391705813,0.2011802652185361,0.05065077934248075,0.6886526213260037,0.006187475242851324,0.003182933485982091,0.012521061845363194,0.011840625836173324,0.0025115469438124274,0.0012761393927946923,0.0022830216250331794,0.0013494795409688199,0.002170540284147171,0.0132506123740491,0.004898119265509302,0.002832226812292873,97:40960
-3.4292568784621835e-11,0.07172041278043714,0.07172041278043714,0.45248495042324066,-0.04463327387360794,2.765976059571633,3.262309148678565,1.236488344570893,4.033807238784282,4.712839541981243,0.005143817609396292,4145.5078125,3152.689382656214,0.07903600118594484,0.1889974029836028,0.05096962574437991,0.6809969698916641,0.0018763134277275965,0.002508478844608263,0.006960123604382946,0.014331705230403034,0.0018694457512406892,0.001947363735176522,0.00542895069955756,0.0027904435532740642,0.002735343601595768,0.010594035221920445,0.006910189531823439,0.001796213428471611,97:45056
-2.88900015021909e-11,0.07267979087651864,0.07267979087651863,0.46636953949928284,0.07001273108405125,2.7235374452983123,3.5238075427372633,1.2309101107892224,4.337490332890302,5.0552621486040135,0.005282352001854481,4145.5078125,3141.4374107464632,0.10828187779734813,0.15887707272808432,0.0519582553148692,0.6808827939703888,0.0053390635596759425,0.0030713807727505444,0.0033414833109143426,0.007850578747542861,0.0029918962520246476,0.0034139974760198245,0.005906079896861426,0.003685323079744106,0.0004796161804727589,0.009251274807574473,0.002111040879003931,0.0026853662998308657,97:49152
-3.5442759838133497e-12,0.07053928506671137,0.07053928506671137,0.469215527176857,0.09064989967225233,2.8619048084583336,3.688316017851766,1.2443968260702305,4.589728746223796,5.399770537923791,0.004975790737722769,4145.5078125,3291.1053742184117,0.07780659813543007,0.14806347294882044,0.05801144157605583,0.7161184871387206,0.004214599354491833,0.008445136615270653,0.0021075307120791914,0.007048268030463206,0.004845599244923982,0.0033609630425825558,0.0021685841275496465,0.004730840861483043,0.002930686018990904,0.018636596876453602,0.0031587198489416504,0.004570606792885501,97:53248
1.1202625632700247e-11,0.059485468310468956,0.059485468310468956,0.4029841125011444,0.03124916109848172,3.034748129895758,3.5830666600440506,1.2537368881817863,4.492222844587052,5.299754909330876,0.0035385209401158067,360.3515625,2301.521540564573,0.2847386347876322,0.19573004339887443,0.08124475364256481,0.43828656788832465,0.010356410297602875,0.006848393698671211,0.007845100526556764,0.013047410221035437,0.004812842343930103,0.0070635115476586526,0.006419334850201076,0.006656842359248516,0.0063773048636084784,0.007091232409124182,0.007379875608786588,0.0040097643220282685,98:0
-5.862865748440527e-12,0.060596644012451364,0.060596644012451364,0.3979438543319702,0.02079482869657885,2.835596864781538,3.40415691584801,1.240990471061709,4.224526294635911,4.953015674778997,0.0036719532655717577,360.3515625,2287.716634636327,0.29095738480479494,0.19455224961964915,0.07973333246384415,0.4347570328393773,0.009757610016854393,0.004236213757337329,0.004022503432107341,0.008532586265354003,0.004297536074956768,0.0041897567083919425,0.002065995441570926,0.004115657056713842,0.0016658118569733025,0.011985937916507962,0.004007952603768834,0.004001901971302604,98:4096
-2.937250442869299e-11,0.06019873347995856,0.060198733479958556,0.44582755863666534,-0.008043395358153725,2.8968739930939047,3.869814708770169,1.243601424934958,4.812507086140786,5.648659549624151,0.003623887512591084,360.3515625,2258.5268277144532,0.31658108459904477,0.17389813708772686,0.07679301694298475,0.43272776109429684,0.010712400157036069,0.009214409852028344,0.003937447563414888,0.002095086186794178,0.018857152526012805,0.010346696320328166,0.007266208085853301,0.01002267376685083,0.0020740629462889263,0.0061016792953028,0.006634317657677518,0.015573530221167146,98:8192
-7.816858271780802e-12,0.059085666911603496,0.059085666911603496,0.40703582763671875,0.001953124078837393,2.912572396088266,3.480863138234937,1.2519727351119223,4.35794574380002,5.151201998406363,0.0034911160343889564,360.3515625,2225.9922695001414,0.29071190724635493,0.2147744473675782,0.07498065463146686,0.41953299046815873,0.009118462266991575,0.005526863497879537,0.003158618409265938,0.011522043886266013,0.006070779885041173,0.0033988673655983774,0.009713307515399918,0.002898380833442713,0.004182692023951029,0.0065570026554588505,0.003358717270148271,0.007577050852288539,98:12288
2.1061263844046607e-11,0.061341323704848114,0.061341323704848114,0.45138920843601227,-0.01847200797452441,2.9047477324029334,4.130609430216867,1.2425815553090434,5.13261909025675,6.013061060757125,0.003762757993862961,360.3515625,2254.4210641543445,0.2994609415131905,0.19458563479091,0.07591930297675317,0.43003412045338363,0.009362791645106628,0.0077318622205078055,0.002941328620183475,0.013456295520140618,0.008664224415934521,0.003126773837305412,0.009025449507677431,0.0030538473383094973,0.005956034176840275,0.009188122610590072,0.004934613094892677,0.008424469077578727,98:16384
-3.247890845159418e-11,0.060449201987833864,0.060449201987833864,0.4070098400115967,0.024687467897065288,2.8913558539592428,3.5580579920224435,1.2430766202096357,4.42293870330631,5.193596343184505,0.003654106020965939,360.3515625,2225.4755930087344,0.3080880936235431,0.1913284369020338,0.08247325383512179,0.4181102153656365,0.006604849073625794,0.0030210861949300427,0.004053737476034393,0.011579551629750072,0.002407202254683185,0.006326571550806317,0.005901255891997084,0.005578751505535998,0.004125849476232239,0.004171706205719173,0.006731708187707108,0.0024556190938641474,98:20480
3.0595082023410214e-11,0.05978858787103544,0.05978858787103544,0.40236933529376984,0.06946904715322688,2.9765075022772054,3.5243546545193785,1.2483480885977967,4.3996213965836,5.172179410522001,0.0035746752396125262,360.3515625,2304.4793725558206,0.2902636414970423,0.1837625810663681,0.09372111801272255,0.43225265914412137,0.013503234256377096,0.005563944130918359,0.004462652932472972,0.01918064712818152,0.009102986862336284,0.008109010583403175,0.012802762111716671,0.0043291816209266535,0.0030237676418402824,0.007248030058953981,0.01133965303568435,0.008203027248697991,98:24576
-2.41069386675008e-11,0.06022313486562824,0.06022313486562823,0.38917504251003265,0.03991862461191251,2.882952536578937,3.2489501329619643,1.251632675643788,4.0664921480199485,4.80321004098097,0.003626825973043647,360.3515625,2263.322313102902,0.3081457879435417,0.1811704003911704,0.08194126778546419,0.4287425436041005,0.008494942437593946,0.011610495848321165,0.005046851679474007,0.009154244888641099,0.007644349556042474,0.0046327889542577706,0.0074971302207623115,0.0028959478674018073,0.0029033963676804446,0.007683544292761417,0.009305989971320745,0.009399100603570703,98:28672
-4.7481130138748995e-11,0.05938082287273149,0.05938082287273149,0.40600891411304474,0.033548816357475475,2.911204230882588,3.4694752556401935,1.2553870166148693,4.355534190470602,5.158854123412767,0.003526082125042711,360.3515625,2231.7202678893605,0.29944318402851555,0.1956513871125739,0.09134098686077824,0.41356444171453144,0.016637943507227,0.007972153707097116,0.0043299705105044875,0.03007191542204833,0.006700394843138796,0.005642438928684379,0.009181706872488355,0.0038402238599632853,0.0022476916645802975,0.0034761873407870474,0.008284372978026684,0.009679079339871482,98:32768
-3.2373215219649865e-11,0.061558376483825825,0.061558376483825825,0.5140893757343292,0.004716398466314819,3.125193397297286,4.757457700409426,1.2576085636595478,5.983019545380146,7.074186127862234,0.0037894337153244403,360.3515625,2308.487509544479,0.28688649493539725,0.19166058974018935,0.08126694432891111,0.4401859707316106,0.017283450590751932,0.007026545892728687,0.005398729326746773,0.016096309668420024,0.005917456191465856,0.0043515903289283895,0.004755716265643646,0.004112793116887874,0.001931716121959399,0.004366693252505066,0.006960612901666354,0.004118207021974089,98:36864
6.3124783178380994e-12,0.06224130198331194,0.062241301983311945,0.46586018800735474,0.038369239494376185,3.011043101182351,3.9000483671452884,1.2561466782683337,4.899032801554103,5.795342846436045,0.0038739796725778316,360.3515625,2351.269538375723,0.2879157084044392,0.17334247509199832,0.09084187692208204,0.4478999393233479,0.004985954336477407,0.004688199516398364,0.0030756108197948604,0.007752406129064817,0.010851826753357302,0.005909958103936775,0.006583398808404406,0.00558959215131687,0.003129579310599252,0.004366576518975607,0.005729278470348864,0.012328071541888955,98:40960
2.3886226330205318e-11,0.05895561570900539,0.05895561570900539,0.4342295080423355,0.07516851060633002,3.0360918479180166,4.031969465621413,1.2505222818445163,5.0420676565618265,5.933953127505677,0.0034757646236279233,360.3515625,2300.999171822456,0.2935387759215261,0.18512897019049657,0.09169176705402378,0.42964048654624715,0.010773961062359453,0.005074538474556738,0.004589445727161466,0.01587632173020114,0.005471603621228536,0.0023463704740262583,0.015198847417523628,0.0014379900361610567,0.002743544139208489,0.005005140169942249,0.004314331369259329,0.004165382951014854,98:45056
-2.659295006424145e-11,0.0609153717015521,0.0609153717015521,0.4332096725702286,0.06583273496511108,3.0001315561013326,3.66441890032774,1.250826146790971,4.5835509734001985,5.396601806129036,0.003710682509538255,360.3515625,2337.5706137806806,0.2799432462791229,0.188668246938714,0.0920904936608703,0.43929801285180037,0.021648400394745828,0.01159077762898549,0.010842900257798002,0.0063653377433561635,0.008684457015254162,0.0063004318067624515,0.010822948752463046,0.006257965448859083,0.003500392081445359,0.011434084756395095,0.0070065326788731576,0.006830449940802231,98:49152
-1.1796341681247213e-11,0.06059977528024628,0.060599775280246286,0.42714324593544006,0.07820467090392832,2.9806094326567165,3.867225904709979,1.2513063563676012,4.839084356152897,5.710446144964296,0.003672332764016349,360.3515625,2299.870139234271,0.2877880126060875,0.19114689662905385,0.08247854033339785,0.43858655015915415,0.012191249851226426,0.010737717092557511,0.010927339229721814,0.011373418307232902,0.004935833835510976,0.0040981069253079394,0.0038719702357251705,0.003496044486619943,0.0025885414556985464,0.008114305210957523,0.009502400121377121,0.005855938507077047,98:53248
2.0454749005693884e-12,0.059434792597005105,0.059434792597005105,0.4535064846277237,0.03665467400855301,3.0293241468841465,4.0984654283520925,1.248624351921498,5.117443739434897,6.004743992703833,0.003532494571049013,360.3515625,2289.8463352284452,0.28596773572774914,0.20104190104940398,0.07554379410565451,0.4374465688341063,0.004333207665909181,0.007193795350957062,0.003916526287152425,0.020649179933175433,0.0024590800708021187,0.004323916437396927,0.01219525938882211,0.004255178218867691,0.00391805154113247,0.0068729733931162384,0.012523501363826364,0.0062824830530360505,98:57344
-2.467359649926948e-12,0.06058427181052829,0.06058427181052829,0.4218152314424515,0.0652510938944255,3.0399140719562516,3.7608579904843,1.2521476194988224,4.70914938013577,5.547685648033622,0.0036704539908119743,360.3515625,2225.2582542351465,0.29960559166361905,0.20306618127598766,0.07682846280259586,0.4204997639853515,0.017043963881953353,0.014478405142313173,0.009215284198539803,0.014241828543935398,0.003786557975546706,0.00612329100389102,0.006378621082230344,0.006030385323032899,0.002813773909703669,0.0048169858850253666,0.007533094813015249,0.00472256192248837,98:61440
9.391598609909124e-12,0.06032641266738677,0.06032641266738677,0.4082718789577484,0.03917146981991616,2.9963624074772244,3.424804417102233,1.2568295410208385,4.304395363704091,5.091806187605081,0.0036392760653158433,360.3515625,2274.078350373931,0.29514550455744526,0.18839400830758649,0.090703366920046,0.4257571199401423,0.003598799517083065,0.00953942861153643,0.006481477840584409,0.01624445859194327,0.009997803752459358,0.006536879921821011,0.007105119592786033,0.005750274800445704,0.003127251595411832,0.013590045010854304,0.012319016839229117,0.010320086116737522,98:65536
3.143751925449578e-11,0.05981630763111352,0.05981630763111352,0.401350274682045,0.06810669288234172,2.9025697279363296,3.4730067091063357,1.2452389604053298,4.324723264000609,5.0887755718602605,0.0035779906586200106,360.3515625,2223.142534198527,0.295638411896719,0.20775919469999704,0.08201128062298912,0.4145911125008085,0.010443573448258144,0.0022242786534121136,0.0027126861692845497,0.008296246432238667,0.008544196382913182,0.005134441429065509,0.005224897918556449,0.0037788082816685824,0.0028176725185046323,0.014106487540634757,0.004798686868861637,0.007136273211116464,98:69632
-2.5409452319991033e-11,0.06173246477014101,0.061732464770141,0.40976598858833313,0.030346327295285656,2.978002111054366,3.396967752579727,1.2570273231461444,4.270081280908239,5.052932639964849,0.0038108972065967004,360.3515625,2285.4845521443267,0.2997982226414811,0.18557395648134328,0.07777342171942196,0.4368543988953483,0.008345916362610702,0.005932675147559072,0.007137340591894056,0.0163912924545996,0.008300327906008749,0.0037412523274458235,0.005039379432841046,0.002257492991910469,0.0020497990994507247,0.006801976327422918,0.01567678623159625,0.00676883399664876,98:73728
5.6946669602098154e-12,0.0598304860141193,0.0598304860141193,0.44927655160427094,0.004179998151125274,3.0065790625232767,3.8660251798442733,1.2518499537913177,4.839683442825014,5.704163783972371,0.003579687056685725,360.3515625,2221.2987401724713,0.2951331986097435,0.20514033508259252,0.08323311985492722,0.4164933461733828,0.015524937937270989,0.00674748058418922,0.002975545856627904,0.010264136037248415,0.004090111344131638,0.004400244108663275,0.010903074098558927,0.0032341337917096177,0.005790992359504941,0.008090609752136456,0.010531806153674399,0.003770497196493325,98:77824
-6.491085446924671e-11,0.06019389784297331,0.06019389784297331,0.42334800958633423,0.02052087103225639,3.089904609354835,3.8082007780557925,1.2566480883132782,4.785568227736453,5.654160888959831,0.003623305337530308,360.3515625,2285.2283188674705,0.2922048724354901,0.19249335231764703,0.07920633925997887,0.4360954357108928,0.008815378337634803,0.008043290573447754,0.009112545306880748,0.016273351131163388,0.008576156402249341,0.009127198257102783,0.008814956525915574,0.008562749513901723,0.004634292060346759,0.004779610653700275,0.00941027978034144,0.009152322278636365,98:81920
1.3649525953951525e-11,0.05990795997176,0.05990795997176,0.44755659997463226,-0.014180382630601375,3.1281601946767483,3.8157124115096335,1.2650093446605335,4.826911857177437,5.722272088893542,0.003588963667977999,360.3515625,2280.8712977608566,0.29721559394362806,0.1945747119080153,0.07091932783230748,0.43729036603741717,0.024647573077132976,0.013780158440514974,0.005549567231245045,0.009034880716698028,0.006334815833505672,0.003189700802089561,0.006663802201788051,0.003015392570013914,0.0022420480363191508,0.007893766322061853,0.007770412794497433,0.0050355309068905035,98:86016
-1.5650147844326057e-11,0.060231390050615,0.060231390050615,0.41153259575366974,0.048566851899601915,2.8756780611062758,3.4961763131567682,1.2413483101751417,4.3399725584835664,5.080988214559175,0.0036278203474293244,360.3515625,2261.4386260910114,0.2991586892458288,0.18773915583029868,0.08742133860763544,0.4256808160405894,0.013116801546000314,0.009272408361790416,0.0014655896740161537,0.011739663848202029,0.0054836424307201535,0.0035222064025203764,0.009427279630323915,0.0034527195142014543,0.004637106259005005,0.003975496191691627,0.014267895168762902,0.004622700480525513,98:90112
-1.18751675159956e-11,0.06119742185125716,0.06119742185125716,0.3977138549089432,-0.0063607756080466945,2.8931979965198784,3.31844724138845,1.2500013752592207,4.148063615528511,4.905661367630742,0.0037451244412407265,360.3515625,2268.623858668723,0.2933120572834291,0.19525150310405576,0.08109152550523557,0.4303449138402657,0.01951180809127275,0.008219582613595998,0.006173057202004186,0.01736808316992879,0.007505673453983668,0.002403632694592522,0.008025364041348132,0.0018398815859222192,0.0017708577420973211,0.007300428026792687,0.006029761299287318,0.008495207585280752,98:94208
3.6908254230638704e-11,0.058595963821140094,0.05859596382114009,0.4206937402486801,0.034491354410987884,2.9341751516535357,3.760492277681834,1.2514747003765476,4.70616094656051,5.55391080456928,0.0034334869761283586,360.3515625,2281.445772513691,0.29765325047123525,0.18836423535770966,0.07940545952936215,0.43457705435044386,0.01186400825532306,0.009541741342973786,0.00693245285192604,0.011863726351051469,0.009981969684252905,0.004612423525083211,0.0040611219067373085,0.004401316070677999,0.003595389772388935,0.006788597524346378,0.010953995088195537,0.005311051852162793,98:98304
-3.247180302423658e-11,0.059550293166331474,0.05955029316633147,0.43177278339862823,0.009206263801377372,2.997913625937373,3.682686376321949,1.2502994200165833,4.604460640495627,5.419321343904478,0.0035462374161960245,360.3515625,2260.6688134446495,0.29241272189975015,0.19693507653546763,0.08888336164894396,0.42176883963384926,0.017293485702370465,0.01161945222095363,0.008464582595373879,0.005351915107780904,0.00808624835987837,0.006880955741504946,0.009437116589069969,0.005136800927990876,0.0025747129348553184,0.007648357284093163,0.013402393226995626,0.010706718215954177,98:102400
-2.0044410575792426e-11,0.06082772370737919,0.06082772370737918,0.45228420197963715,0.017312932786031094,2.9869548700430473,4.044437216782359,1.2572430217842854,5.084840467927871,6.034618705775012,0.0037000119714212603,360.3515625,2299.1026162504327,0.3013175053308243,0.17893048584282936,0.08200724208650953,0.4377447664695674,0.010982020241935592,0.003584113009993693,0.0013053169773761721,0.013656516265862319,0.006612424473927668,0.005552264111698213,0.010236105757058245,0.004524292743881117,0.0025511789653566348,0.008377464733386696,0.011868527287093178,0.005536074321893942,98:106496
-1.1858347637172528e-11,0.058184577608579084,0.058184577608579084,0.3866538405418396,0.037562725089280755,2.9067437332891317,3.3942973661969753,1.2514501129779922,4.247793822481112,5.020097868859825,0.0033854450714887623,360.3515625,2312.128134957114,0.2945406640977465,0.18769644064383267,0.07393183302506835,0.4438310619379704,0.004638497761508547,0.006038744132227249,0.00606564980991158,0.01784753576129875,0.007309516586075749,0.005389856573586736,0.006400936755866235,0.004830617401436577,0.0027393085536053744,0.0061284053013908645,0.013082837523929983,0.007135463256886108,98:110592
-4.830849609227528e-11,0.061210843127644944,0.061210843127644944,0.40644584596157074,-0.00022938615436841493,2.9087099381306247,3.3621301250273485,1.254139778625234,4.2165811307799155,5.002131308574363,0.003746767316397158,360.3515625,2312.1941179951505,0.28369705838534665,0.1955245204188098,0.07702052435649691,0.44375789657244996,0.010219934887802307,0.01000390482264986,0.00958627713651662,0.010265940816573378,0.012546891949640131,0.003594284120012413,0.008317502202288758,0.003264459775835616,0.003944120730791421,0.007485250756089078,0.014331319130420097,0.008638807010420933,98:114688
2.949374078298206e-11,0.05558044512551323,0.05558044512551323,0.3847249448299408,-0.012373737819542346,2.877618811693328,3.741919174397611,1.246494699214874,4.664282415861039,5.482350221901386,0.003089185880350187,360.3515625,2288.1877769319317,0.266365729214245,0.21753407897179733,0.09503216777416429,0.4210680237160835,0.005409202178784777,0.0036140267998764734,0.0037681787847932986,0.033268988763158557,0.011504129722334725,0.008223849358565197,0.00938456763262893,0.009606086369405556,0.0029304570242251514,0.014673497106119215,0.01824616335548615,0.01016771921135906,99:0
2.1395996085971092e-11,0.05695935616744065,0.05695935616744065,0.40272027254104614,0.026606702794126552,3.0386287676216712,3.5876596606299302,1.2538978817622533,4.4985588490267325,5.31104636264139,0.0032443682550093588,360.3515625,2267.50640789123,0.26288824201451333,0.23003782870382047,0.08956225998728219,0.4175116689861576,0.005591867517910458,0.008150611874710586,0.006440332428848414,0.03406450103212234,0.0027015855129463215,0.0019464341301276104,0.005370740909869816,0.0017960802679066322,0.004679419808785636,0.006579502707625194,0.00402656514877937,0.002771521835051413,99:4096
1.9867274492213483e-11,0.05549281762016107,0.05549281762016107,0.4138914942741394,-0.02828667568236247,2.895812729819763,4.264223242955526,1.2465205435717541,5.315441874816016,6.2617230322217265,0.0030794528074244588,360.3515625,2211.8958868061673,0.2671402398886925,0.24135236770363494,0.09611864084526432,0.3953887512376753,0.0025927423898720768,0.01333529979608776,0.015842574653370346,0.022878154472320382,0.005205878599678927,0.007047643136582199,0.004115749174142804,0.0035989639933779573,0.010054775475870052,0.011375510438662481,0.010459979987925791,0.0050554706888567644,99:8192
1.6505907751707127e-11,0.05605835603605799,0.05605835603605799,0.42482154071331024,0.007430493742452663,3.0467185067783835,3.839285661401701,1.2555967262831629,4.820594507807856,5.689510199509305,0.0031425392814654397,360.3515625,2296.7795922161686,0.2594902145517379,0.21949243256127068,0.09672557558932988,0.42429177697944753,0.011686514422767084,0.010952414474502795,0.010053086214801664,0.02265144437708295,0.013788327215499645,0.006431112889435663,0.010541361253362774,0.005773463524884572,0.0023183338058249013,0.007170685491697935,0.010253595051145927,0.014630820341745308,99:12288
4.6118664442929e-13,0.0566715018243639,0.0566715018243639,0.43790192902088165,-0.011417930258922748,3.0669162599163746,4.141864804501147,1.2547785331692318,5.197123044068921,6.130406221657,0.0032116591190288813,360.3515625,2202.675365575463,0.26649276576640163,0.23535490333590894,0.10714352633112662,0.39100880425519724,0.016318514106422388,0.008880069805773955,0.0070990759372771,0.038307080463809685,0.005382524104876635,0.004532040993361346,0.00883741401155006,0.005659127963878728,0.001961388907990904,0.01535560726250087,0.005773628451385659,0.005097244118367003,99:16384
3.5942360199214818e-12,0.05632997868045356,0.056329978680453564,0.39923548698425293,-0.011635092294684556,2.9343389930808885,3.6769924052234453,1.2527294112094507,4.6062765308989615,5.449941375527907,0.0031730664981403527,360.3515625,2233.103988290843,0.2681007595209111,0.23016216348594823,0.09560499891824445,0.4061320777597436,0.009020971884126953,0.012660192769168946,0.008468006561866921,0.02512494917480686,0.0026587837754258733,0.0020253879056632115,0.007421442832311645,0.002616946695797093,0.0022937707977869325,0.011850589989728728,0.009083783481049192,0.005430787309224542,99:20480
-3.3814062661008393e-12,0.05569719640892672,0.05569719640892672,0.4321107864379883,0.015923364655584873,3.0612861301993726,4.015999003288174,1.252231747085766,5.028961448272536,5.907452987078545,0.00310217768781456,360.3515625,2224.0553285524215,0.2700619285466791,0.23471586080337578,0.08709323966371894,0.408128970663872,0.013071306883321294,0.010998653283596956,0.003042046391477643,0.0186245038702,0.005854437450063963,0.005006405259103635,0.009450517553841832,0.004834520458168614,0.005440439879119768,0.008197379476525256,0.007917937728579417,0.006631154856791886,99:24576
-3.232725198643038e-11,0.056912599726705634,0.056912599726705634,0.42221932113170624,0.08002879278473812,3.031810943261738,4.006149580940816,1.2503653576793115,5.009150653777902,5.898201259839274,0.003239044007652214,360.3515625,2194.0921297487603,0.2769856829045664,0.22734407758386832,0.10429391598170139,0.39137632322113086,0.024647374501634005,0.011150645256217388,0.010198311020995011,0.02677363526039265,0.007536524335305263,0.0030579514306801558,0.005740410611835583,0.003520018034729352,0.003363525497872833,0.011642327138445877,0.018556643936049926,0.007896738765409401,99:28672
1.9136248141649048e-11,0.055505358515529464,0.055505358515529464,0.3546698987483978,0.0010038621499226816,2.892441403079173,3.3175013659723667,1.2511827447465766,4.150800464852606,4.9104338708545745,0.0030808448239374596,360.3515625,2247.9513889249247,0.26505783721068965,0.2293203254555874,0.098364063463075,0.40725777354606163,0.014188353918751142,0.004171845893921285,0.013782196654060691,0.03250365117163894,0.004955092683182767,0.0010282413592051015,0.008123508018626126,0.0017861256110332693,0.00281539629109073,0.006774715115511415,0.006928212766178647,0.008746974314425013,99:32768
-1.9662493855321372e-11,0.05619659195669802,0.05619659195669802,0.42368321120738983,0.029347964827419266,2.9478415734742742,3.8201209964515574,1.248701045086396,4.770189080710428,5.610241737035316,0.0031580569475476166,360.3515625,2248.4913719381216,0.27461854700196064,0.22387491531183198,0.08832716733202008,0.41317937003753685,0.013594917374105554,0.0028736713942141014,0.0033910464249941315,0.021006621128562837,0.005734987074972583,0.003903201199829403,0.005574474340912462,0.0035910524827548152,0.0036723663035806474,0.009703996017980852,0.008631663610638328,0.006499261436931279,99:36864
-1.096256418975372e-11,0.05615117667439635,0.05615117667439635,0.4161559045314789,0.00823780061275349,2.98251123678211,3.9965247144657043,1.248122900280591,4.988154017750829,5.8696487392988645,0.003152954641919272,360.3515625,2304.2442829128404,0.2600090699214132,0.22201791093538675,0.08896184378178762,0.42901117504424974,0.004893643635199449,0.006348702824875692,0.00663396531960333,0.013728467920180754,0.007710456999509646,0.0016354494195145286,0.009927402740647129,0.004661330411520865,0.0056790517054679576,0.009062857681610095,0.015549329344363405,0.007794850857856233,99:40960
-1.5346390824788614e-11,0.0564108455845249,0.056410845584524895,0.4175623804330826,0.006687050706920066,3.0384272428484924,3.71114156705892,1.2544308373811988,4.655370423688421,5.486598516374368,0.0031821834995611124,360.3515625,2266.3369129326584,0.2566878803467121,0.23744591097873266,0.08981370144692725,0.4160525069133783,0.0060601366379290315,0.014599346043759271,0.010001699085290163,0.026872698119400927,0.006293698096453618,0.0059005437982804125,0.006156635077635228,0.005323381463993565,0.004638499101004275,0.0078110920496451625,0.006658691600255753,0.009096109337331525,99:45056
1.1320278048287946e-11,0.055597600120247094,0.055597600120247094,0.4048398584127426,0.0016930875208289082,2.9075429709644265,3.7689029939016083,1.249510523271568,4.709283952154481,5.55573914113926,0.0030910931391309004,360.3515625,2204.3617474586586,0.27602514329994965,0.22377513411388583,0.11327508634587914,0.3869246359167752,0.018420773657429796,0.0161824187677531,0.011953286507813712,0.027939494112342457,0.006703701081458841,0.0037218264475927646,0.007908137082610175,0.007876299345559244,0.002464181251183597,0.008870946001533878,0.009158676184400383,0.010933760375514601,99:49152
-7.621347997144312e-12,0.05580132292115482,0.05580132292115482,0.42520779371261597,0.028625941947392628,3.0614667462434615,3.9890063644312503,1.255674334135635,5.008892910609783,5.915641339501436,0.0031137876397509985,360.3515625,2295.302750038165,0.2519085254755393,0.22426862130590342,0.10690136330316778,0.4169214895942371,0.010164931015560232,0.010031537543467538,0.014329612288773412,0.02835456436673069,0.004610956850463261,0.0029427828469230748,0.0077836832200625485,0.0031619025507841326,0.00263451059396095,0.018695562235793634,0.02444026144414202,0.005733329376767409,99:53248
-2.8826663278636033e-12,0.05754958382854221,0.05754958382854221,0.4666140079498291,-0.024723169331370035,3.008750246128674,4.779380441335964,1.2471912444521094,5.960801440443449,7.01570542461121,0.003311954598838406,360.3515625,2264.6452269182455,0.2533910242050299,0.234704944182069,0.10000932127453488,0.4118947100364298,0.008899983336194945,0.013110716416526091,0.016274081942645464,0.03840130680656741,0.00738512920275867,0.006678450447306827,0.007516255428967369,0.007432265050112847,0.005073362202517238,0.011347317630190942,0.004780654174162532,0.0076464735799960494,99:57344
1.999067578140057e-11,0.055210900764133264,0.055210900764133264,0.3879394382238388,0.0087129317300457,2.8676755013282835,3.822181300751449,1.2453653718843525,4.760012237105961,5.605561924820518,0.003048243563186971,360.3515625,2186.2765505986918,0.27236384282755827,0.24161503327777123,0.09242976394392749,0.3935913596226852,0.006513743107285543,0.0073966564719684345,0.007564177850525187,0.020533495637445765,0.0076529350900435686,0.007359615278022632,0.009627331790381737,0.004404245162518104,0.0045586545961090975,0.014220880632937848,0.005390426093119913,0.007207881621446038,99:61440
4.852562796031634e-12,0.05564727865712197,0.05564727865712197,0.36807602643966675,0.01545103682183336,2.871022846777754,3.6736875401502376,1.2473146603192997,4.582244326344082,5.405664197774348,0.003096619621943382,360.3515625,2252.939425855717,0.2669769722479692,0.2242344400568411,0.1023701059984706,0.4064184813737863,0.01671990818683415,0.005636100994514353,0.005825808651378396,0.04576793294106,0.005480163868679124,0.005265767029586837,0.006930163366208461,0.004040511962684816,0.0036444268356264184,0.016018938280082214,0.009483943561840543,0.011077959563030058,99:65536
-3.0435431952469116e-11,0.05639426667919438,0.05639426667919437,0.3873594403266907,0.02688544088246572,2.9899942329262696,3.4603519835982834,1.252603693665802,4.334449676115854,5.107354695608275,0.0031803133142840937,360.3515625,2271.4874573074285,0.2717381108011165,0.2138011174398236,0.09084946326700417,0.42361130817762116,0.006810911492320401,0.006311977986122818,0.00961860778093693,0.03958462408538369,0.009127994084147084,0.002264917848708815,0.01127197385446462,0.0037080328791213703,0.002741547754537401,0.01816957703272389,0.004356604433048187,0.009915147775576451,99:69632
-1.1885881168183232e-11,0.05577707030370699,0.05577707030370699,0.4439239650964737,0.009608265196334436,2.93159466626102,4.030439103395302,1.2446254356719761,5.016387025102683,5.886008485493219,0.0031110815716646717,360.3515625,2271.971634678376,0.2652596561022842,0.22329791720302455,0.09609839276475228,0.4153440336085074,0.017351907311309634,0.011256795846844424,0.011724571377996346,0.03864122377046931,0.008918005920061754,0.0035659100366904274,0.006165850453302849,0.00396083394504552,0.003028104691873562,0.02557725416006919,0.01069261153446254,0.009579169181716175,99:73728
3.28055360654389e-11,0.05521768622154129,0.05521768622154129,0.39078621566295624,0.01405166376350687,2.9460779530936962,3.634584366693231,1.2515287803353776,4.54878693955599,5.3653533701658285,0.0030489928716605904,360.3515625,2290.958748312742,0.2627351891596852,0.21788288488317537,0.10049678212283907,0.41888514350632344,0.004383794800990289,0.008200881087301633,0.006341820566913173,0.03909200346765613,0.009241455794812397,0.006068103215378714,0.009052418775188024,0.006867262144775875,0.004542784937266497,0.004235019154801181,0.013729920146754344,0.009619125857422509,99:77824
1.1778356068248286e-11,0.056275355338133416,0.05627535533813341,0.39887839555740356,-0.02986736524468349,3.0034836289300846,3.608692901297992,1.2512041752337968,4.515211625320846,5.311502823429758,0.003166915618433181,360.3515625,2260.6792343446928,0.2613751721766441,0.22641824014235196,0.10888372451727892,0.4033228628479603,0.009226984386077042,0.005199311540945078,0.013307067711599261,0.028977634710684815,0.008051554359719673,0.006819469973422761,0.011579299973952193,0.006239282282869315,0.00441397785680156,0.009980839419930826,0.0032575994552349373,0.0069087445170704365,99:81920
-5.139208503202042e-12,0.05515226795106138,0.05515226795106138,0.3769093155860901,0.04668248318898115,2.8598588254068003,3.5200844877338757,1.245753738381329,4.385158410092111,5.16979394330215,0.003041772660145672,360.3515625,2216.401878674853,0.27203225287927424,0.22992665433652965,0.10932568290740183,0.3887154095480387,0.005848309373566735,0.006345281642429978,0.013896710813088195,0.03168774907675618,0.006037593718523103,0.009058146639001351,0.004349576526234211,0.005157550692278254,0.0042483430578238186,0.009229673883597031,0.013608411439648154,0.006660705946211906,99:86016
1.733035936979377e-11,0.05527472739487044,0.05527472739487044,0.3925390839576721,-0.03898241235376956,2.929775222541526,3.9167346088835537,1.2468730820010212,4.883670953247053,5.746764268423037,0.003055295488577241,360.3515625,2254.5871219872397,0.25337446374161293,0.24153751476504545,0.09733764388072888,0.40775037728531205,0.021951951685267312,0.016565545452545894,0.019271907107191844,0.03525832223935322,0.0072098698841002356,0.004917209920951551,0.005277057699848999,0.0050082689194285105,0.005687302710715551,0.018053935812516245,0.018809092489828833,0.007660264027129282,99:90112
-1.7638779326034637e-11,0.05560174993783625,0.05560174993783625,0.39550383388996124,0.061137002103598244,3.003113517494629,3.743459633129307,1.2564283443959086,4.703388789250162,5.5642940333635345,0.0030915545961496733,360.3515625,2203.6486158662856,0.27590511237616777,0.23024008594802578,0.09641046665251829,0.3974443346998263,0.004801391430319467,0.004451219018299069,0.011164732581754449,0.02563968130582656,0.0027522279439144218,0.004361429254275499,0.0032215122551211978,0.0052517389964438724,0.0002038730130046826,0.006641886938113141,0.015050407468477741,0.0030523652673638056,99:94208
-3.296934600327539e-11,0.055247032989339674,0.055247032989339674,0.3985045850276947,0.022809033214805863,2.8964781757856053,3.755546472947008,1.2453243087447097,4.676873315466019,5.496048171945014,0.003052234654125186,360.3515625,2256.9895345238488,0.26449850558396887,0.22213720118986022,0.10874048036588155,0.40462381253266066,0.005852148878861133,0.011870534662892899,0.005567946651603975,0.01454543896124717,0.011137171571704615,0.0010741734373017533,0.008045403394476736,0.0009357572674099992,0.003915652927866214,0.011413553430414638,0.007242825889591131,0.01001301002958502,99:98304
3.488326294487365e-11,0.05625114535866535,0.05625114535866535,0.4006815254688263,0.12216523275028021,3.084821232600224,3.913007638565223,1.2588136280197364,4.925747342058797,5.840243538856218,0.0031641913541616985,360.3515625,2212.1269676097945,0.27121650063707736,0.2350988478072842,0.09341349842021436,0.4002711528193877,0.008236995395884144,0.009539652341019687,0.0070682238165774725,0.019877512808217326,0.004155465004789187,0.005790718945177256,0.005916897473969339,0.004363174983817403,0.003889616894056093,0.006436571685158407,0.011112934065541593,0.003278264660588076,99:102400
-1.4498624523184844e-11,0.055999182562512406,0.055999182562512406,0.44216006994247437,0.0742799670992491,3.0082787223786838,4.056661931865225,1.2523907844198174,5.0805260190654264,5.990189963329048,0.003135908447669594,360.3515625,2270.6270499370294,0.26433120967683504,0.22388459505809902,0.09472325948649779,0.4170609354596812,0.008334021553614894,0.003914713552669069,0.006292266988259345,0.03588495211729005,0.0047087462036519085,0.006980492515368787,0.0049933989215330795,0.008409689361109305,0.00205686298143335,0.019747405675710688,0.005604678800755989,0.0036027682331812045,99:106496
-7.30615568045323e-12,0.056072420433174765,0.056072420433174765,0.4003358483314514,0.041403271966172286,2.9469962763418684,3.648842666565371,1.245464739572326,4.5445048815352775,5.342375894686148,0.003144116333234715,360.3515625,2316.206236304482,0.25300990661931305,0.22421378159928995,0.09831472661526541,0.4244615848480772,0.0030396286284656462,0.005130105248743379,0.007071834438166284,0.027055263745599384,0.004151653093939576,0.004578792502742003,0.007469771369321521,0.00572854220186242,0.0029660214293873955,0.007473156005613477,0.011335774301663555,0.003132832362889388,99:110592
9.50794998288984e-12,0.057382955026987224,0.057382955026987224,0.46826282143592834,0.04277179537312803,3.1506647543873676,4.189059536559529,1.2560506312285669,5.261670875241338,6.210101827000076,0.003292803527629238,360.3515625,2261.513298859399,0.2592494177713896,0.23004911290023178,0.09774670585073271,0.4129547631739534,0.004870485456001503,0.008185201960277791,0.011761343643921845,0.02420618940364946,0.0043183362478077065,0.004546738533654945,0.005327926135710751,0.0024294135184497493,0.001577859913716258,0.011376947738360139,0.007310157434456278,0.004126482999082441,99:114688
-6.301070776260076e-12,0.055965663438572795,0.055965663438572795,0.3922852873802185,0.07362699478232616,2.995623577656961,3.762750609494654,1.265396048490618,4.761369752795276,5.681240848775276,0.0031321554841196035,360.3515625,2228.843541932877,0.21839782896145793,0.27697003402631987,0.12554419768996647,0.3790879390029867,0.01842053365440106,0.01000748661352478,0.013683981864772193,0.012862448425336839,0.010489401909674251,0.010975197049955924,0.005405497176222946,0.007709754256294364,0.0032034681996808948,0.008090338065130596,0.005332918929831502,0.009224613339523737,100:0
2.848188351833869e-11,0.05626660761974046,0.05626660761974046,0.4320699870586395,0.023742450549294452,3.1458283500032995,3.868083940254483,1.2619496611088379,4.881327217631436,5.786210257234974,0.003165931133033835,360.3515625,2314.0603822198814,0.21811656632321533,0.2516055406062358,0.12593628808954016,0.40434160466514574,0.006571561526757501,0.017006738370168438,0.012204097295883905,0.01479571453773619,0.00846815606618266,0.0055236259150111605,0.003839409156568271,0.006006395340892224,0.006536309135181086,0.00789612415966087,0.020188261811819465,0.009274684838896282,100:4096
1.5134171693631515e-11,0.057394818333991196,0.057394818333991196,0.46673890948295593,0.019266298880358187,3.115367233580423,4.457768591508757,1.261055495445265,5.621493579843362,6.655062648707693,0.0032941651715918518,360.3515625,2199.558524192064,0.2241931671673926,0.27687857325447357,0.12730704795845665,0.37162121131611026,0.018917410788207287,0.0152520717806828,0.010572531440097817,0.010181841607128893,0.013205826709003757,0.007218560304817373,0.005236735176233317,0.006214212370966376,0.0020595561602112203,0.0063427939056280355,0.012678592978965971,0.013363547128983359,100:8192
1.1029843705046005e-11,0.05538754031252139,0.05538754031252138,0.3978387415409088,0.0673870882235785,3.034749521439333,3.627312204012149,1.2589787819581288,4.56670910047152,5.4157343109413505,0.0030677796218711814,360.3515625,2233.0916591867704,0.2282764524314238,0.2657012494318678,0.12238874907343969,0.38363354873730016,0.013200338964055761,0.010406839602201512,0.012503726849979423,0.007223847577354723,0.011614742481617849,0.005756543823402244,0.00633009289040902,0.006121819522237711,0.007190531818870407,0.008680805387638435,0.009514196865612274,0.008449001205448503,100:12288
1.0399681116268766e-11,0.056044282834566084,0.056044282834566084,0.3756062984466553,0.06074337970537666,2.9202375473443136,3.4371682373098054,1.2548529506595645,4.313140704578503,5.109604237891179,0.0031409616384408387,360.3515625,2274.325853298271,0.2152063403485736,0.26394813760388025,0.12604297211892906,0.39480254961024325,0.009576127354587642,0.022156998886304947,0.00936669864539079,0.014111739818648295,0.015168098814442917,0.004347810951760512,0.006023257353845603,0.004558581217790559,0.0035477016819645863,0.012563000856141886,0.01646742792391807,0.01474870551639035,100:16384
-2.687094990960759e-11,0.057145561927424836,0.057145561927424836,0.41519637405872345,0.02649281020306818,3.0430801325446204,3.6365453669825243,1.2541603828660581,4.560811129844403,5.366850515103391,0.003265615248001147,360.3515625,2235.008895617535,0.22032611634667,0.2698008561903294,0.13382970801015753,0.3760433191466222,0.014574918883463756,0.013256461133601273,0.007806229563358216,0.02018395523541966,0.009226127172446344,0.002868183844579746,0.00882659218283694,0.003595934734988038,0.0061981395798080055,0.013088827780956911,0.00540033565323456,0.010560344938659429,100:20480
1.2065903831626201e-11,0.05662323699997229,0.05662323699997229,0.41359110176563263,0.040036129200243666,3.0450745034686126,3.7740628240845377,1.2617517626502142,4.76193042072541,5.643223941205653,0.003206190968355031,360.3515625,2217.0697396558385,0.23259866136601476,0.26424192871291335,0.12585780069321073,0.37730160891596476,0.006234781410807463,0.011165156793125446,0.015348964990684768,0.005780675064363804,0.011674551070280061,0.0052147742971867484,0.008421372270638832,0.005594044406233073,0.005236724893892025,0.00435129625383968,0.00797779714116874,0.014131582730544996,100:24576
-3.665068248892567e-12,0.05649299726400711,0.056492997264007104,0.4075530171394348,0.05168603305020402,2.9367615209501348,4.084801419228072,1.2493723622486441,5.103437998547929,6.004341291387849,0.0031914587398711148,360.3515625,2198.822197930866,0.2209831087986602,0.2810697592570305,0.125763279512658,0.37218385211831484,0.019393739409991104,0.015464931941563282,0.016294089800634633,0.02188391102571658,0.007961536701561973,0.006212431917446709,0.007225511644906733,0.009739736663299322,0.005324378767794373,0.005134933714225619,0.006072069460993425,0.012962260502809866,100:28672
-4.8616222159125755e-11,0.05643656708425852,0.05643656708425852,0.40619173645973206,0.06120428789481289,3.0771042419342933,3.7043403330498914,1.257533369450786,4.658331580695218,5.503348547331108,0.0031850861042560115,360.3515625,2209.1790045575503,0.2200574501478925,0.2765292650115698,0.13570118235223047,0.36771210217434397,0.014413033031187362,0.0034859770090067987,0.009408880447851214,0.01734789865476106,0.006635310649634919,0.006399418846794072,0.007498121073909168,0.0038164985478272412,0.007194736160152768,0.0076564362196345145,0.011706131193762874,0.012398511041878384,100:32768
-3.762601341605887e-12,0.056458858080234306,0.056458858080234306,0.4051746129989624,0.011269437962389078,2.925282315457599,3.6222452013559767,1.2460690551472493,4.513567655645244,5.305186408386884,0.0031876026557240383,360.3515625,2236.0575303762803,0.21050348734088417,0.2820799759920799,0.12883526326862996,0.3785812730846907,0.012603811246957367,0.004134232126419413,0.0046765369628212535,0.012680738460437373,0.010023971036713503,0.008711996416715917,0.007228961196772163,0.009001860370765896,0.007268095788793074,0.0041669023899691526,0.009245019887115177,0.0070913081853798505,100:36864
-2.9105606813573104e-11,0.055455115541776304,0.0554551155417763,0.3842097967863083,-0.002246522310259872,2.967338479280068,3.6554701172018227,1.2554197095519544,4.589149232896116,5.43344241226567,0.0030752698397517597,360.3515625,2250.230000238849,0.23263176315947448,0.2562855966616268,0.12585743384556972,0.3852252060081542,0.004888582280575118,0.0043279499158861215,0.013774193034474217,0.013786914495380167,0.009623283202605238,0.0076637107497533755,0.0021108013441481373,0.007266833508050277,0.0016988181520119687,0.010314247919379689,0.012119363070568429,0.0098050781692229,100:40960
-1.8584911387620195e-11,0.05673549013304307,0.05673549013304306,0.39559103548526764,0.04581466150901955,3.1234530375128475,3.5866510678594623,1.2632695472364153,4.530907070669688,5.377015607649312,0.0032189158406366277,360.3515625,2183.9230867415145,0.23419092060492774,0.2701125478640213,0.12943949829324036,0.3662570329271469,0.00483819238999087,0.011042758872279252,0.007765033907977168,0.009187300912932184,0.014601700653019373,0.00923955006016065,0.007652468857165814,0.007184220484688117,0.007197423470597242,0.0009443966818724876,0.005433710863120096,0.017717349787352822,100:45056
3.150191218992404e-11,0.05552988844113852,0.05552988844113852,0.36766618490219116,0.04397520300993138,2.8991247064326693,3.602702546080389,1.248074664464738,4.496441771446513,5.286302655541492,0.00308356851028529,360.3515625,2261.6784432669374,0.22404668302105793,0.2651705892079338,0.11498928868660196,0.39579343876010664,0.00672196243694958,0.016748512672341488,0.011299293630349526,0.013977558002034497,0.01007750509662292,0.005734862314178357,0.004123738056889145,0.006006050948035827,0.0048755163253572514,0.00746065111697856,0.0049664082418781515,0.013939538188247901,100:49152
4.3298697960381105e-12,0.056361142133775334,0.056361142133775334,0.4056914746761322,-0.006804785912313616,3.0719095813384145,3.8531715732586367,1.2580770602862392,4.847586765749738,5.72165634070668,0.0031765783426236246,360.3515625,2257.407719020177,0.20362933260826316,0.2883897214636843,0.1135671832633416,0.39441376234990694,0.016815874994862885,0.01460709614172071,0.009546587043922741,0.008983878243201156,0.010834203271268298,0.00858287429318687,0.005296109591232218,0.006566789532761314,0.004632641736068883,0.012856968192063549,0.0059413314404303695,0.011426570054134092,100:53248
3.411937399278031e-11,0.05589000802362238,0.05589000802362238,0.4175938367843628,0.03945989824217779,3.0224534590177115,4.0401678645741725,1.251281785374565,5.055388458887767,5.95580076910408,0.003123692996880574,360.3515625,2277.826322496326,0.21780627090872384,0.26288033081734524,0.12481577705529193,0.39449762089850493,0.010233034385546038,0.009355023892027046,0.006272697398403306,0.010021088797341926,0.005795067725637897,0.003303111907380104,0.00952797714381984,0.003335811111770336,0.006860055568852553,0.0043200919370547965,0.007531014436560971,0.01024524893657659,100:57344
1.7905676941154525e-11,0.05672093121241325,0.05672093121241325,0.422680988907814,-0.018796864376767745,3.065047455585187,4.005573385453437,1.25352550446951,5.021088398778685,5.892614321290485,0.0032172640376033155,360.3515625,2201.3753389931403,0.21504865365495615,0.2851667611267077,0.1306722864288927,0.3691122984786204,0.01485490024729112,0.012457341897769413,0.01227982719605949,0.009256185383494922,0.009602221447235,0.00813115118842461,0.012857432261595855,0.00815742436281275,0.002315561383431367,0.0034008282714898495,0.002319537739279934,0.01568075226114249,100:61440
-1.6012968728773558e-11,0.05734982082797066,0.05734982082797066,0.40628229081630707,0.030631538961349732,3.081410166857626,3.6965905444750184,1.2603197314118293,4.6588860022334995,5.517011770597539,0.0032890019490003372,360.3515625,2233.8608075511315,0.2183116754824698,0.2739386370621123,0.12670143132179235,0.3810482558295819,0.01513529689649487,0.022567765386782897,0.021849466748807344,0.013158782660365699,0.011057799873056707,0.004223789659766828,0.017183625207235355,0.00844154488890363,0.0036493649851003056,0.012648071080108297,0.0036442318301704102,0.010410163009348791,100:65536
2.1576518349775142e-11,0.056510682876373355,0.056510682876373355,0.42510533332824707,0.042223782136229585,3.0179439247687454,3.8208718206915586,1.2590085686899772,4.810510362201872,5.694408853595419,0.003193457279154037,360.3515625,2181.9655588181517,0.2284543018497807,0.2821811018804781,0.12431338244883468,0.3650512135077662,0.009108538788089142,0.006488549132859201,0.005256222830175475,0.01809310597377071,0.006781036552710605,0.008842025670117288,0.005455946602409781,0.009769227841343008,0.007110997137589347,0.009553853575660702,0.010310663785457029,0.008280452622998664,100:69632
9.1695318005236e-11,0.05598957881131061,0.05598957881131061,0.4095699191093445,0.043885298347345905,3.010189929275359,4.057450910444067,1.253711548275108,5.0868730630739325,6.003760819299481,0.003134832935467962,360.3515625,2259.026051485841,0.21860986572292826,0.26326614618279753,0.13281432241149443,0.38530966536378336,0.00599786139859767,0.007312515786807231,0.006699881288168518,0.0075533103458538375,0.01039255664576499,0.00496263326907055,0.007797304585429473,0.004460177755042545,0.005981452013021562,0.00785895561058485,0.014507199129200767,0.013384874320559492,100:73728
-1.3133799603437524e-11,0.05785514220786987,0.05785514220786987,0.4390200227499008,-0.037827233418987326,3.0971959773399167,3.874400819996805,1.2525019715098324,4.852694665549187,5.704985960026123,0.0033472174798928455,360.3515625,2268.400543188462,0.21686829869918284,0.2676044014570797,0.1239121660091772,0.3916151335358048,0.011918430788234192,0.016031100074823074,0.01113821631823596,0.01464872812614515,0.0072559029674963155,0.008377016092741614,0.005353686565665685,0.007498046744301067,0.0049452623175788545,0.010462041747479597,0.008512411967090336,0.00752873520286649,100:77824
1.2272738381113868e-11,0.057755721558144665,0.057755721558144665,0.3914891630411148,-0.01359095852561483,3.0100923470544854,3.421107516780488,1.2584778851752756,4.305388152749692,5.098736883156928,0.0033357233727019362,360.3515625,2197.1567772687717,0.22091429588996891,0.2839562081575281,0.1213011478467805,0.37382834780593754,0.0074208668150798,0.014932204934640944,0.013152440983924646,0.01378987775495637,0.011684231998916368,0.007102988660177742,0.004827499515749426,0.007521182069925865,0.005069987648706575,0.001898862040184075,0.01113810381444472,0.00999443908817086,100:81920
-6.256550832972607e-11,0.05614724631282509,0.05614724631282509,0.4317418187856674,0.024346586409660226,2.985552269089404,4.222013862890049,1.2545246227908589,5.296620348854249,6.259143843491549,0.0031525132685130512,360.3515625,2236.471749549652,0.242569850673046,0.24918730442986547,0.11974601971910838,0.3884968248607728,0.006586262831376553,0.016779789638504895,0.02325910418875397,0.012482463217316365,0.009011622442299971,0.0067311886260912395,0.003962409506516945,0.007057608211661032,0.0041089531283394305,0.014768113384536487,0.012148255555452049,0.010394005139501688,100:86016
3.779199175824033e-13,0.05692767882354016,0.05692767882354016,0.46703897416591644,0.005883817093483394,3.0934127172065176,4.620227838948172,1.2531479853671548,5.789829208416851,6.81713104387521,0.003240760616236143,360.3515625,2227.9209226059193,0.22163889993017505,0.27366076107412596,0.11834393172273638,0.3863564069643931,0.012263526136587115,0.006845442287946262,0.010148475551499028,0.009457115007184554,0.009215497997178844,0.002612980134073362,0.0032175100458475504,0.002879304841816929,0.0060305920054408565,0.006008748868068998,0.004636337858477478,0.007664568271610496,100:90112
-3.7267966490617255e-12,0.05717369146313176,0.05717369146313176,0.43794989585876465,0.08800514038881758,3.083764271308789,3.9062728897568992,1.2615249125923749,4.927860565898726,5.850115805825448,0.0032688309955213857,360.3515625,2236.738897473598,0.23671729153809604,0.25590894460643093,0.11888708845700188,0.3884866750925514,0.0066471154293913206,0.005303805594682069,0.0058835611070408534,0.013039006681728195,0.004211559723481922,0.0041379828332575785,0.003948960109505711,0.0037842930634944417,0.005118164091249312,0.015118199707082808,0.004910414785946244,0.0061015591865899235,100:94208
-4.660716257376407e-13,0.05616009428282327,0.05616009428282327,0.455303817987442,0.025845960611609153,3.0859213724534578,4.1988865157871045,1.2605467029756188,5.292892553738464,6.267656108272088,0.0031539561898555994,360.3515625,2190.9438767423053,0.22184627681324906,0.2821392691376208,0.1260782379366189,0.3699362157954491,0.011910385455223407,0.009470476738294842,0.007947635655698688,0.018652045190886462,0.012751775236934392,0.008945691707707414,0.002496524122396448,0.007118249227777277,0.006007145671328979,0.005372107240211853,0.014085226170287663,0.011489995607063744,100:98304
2.7491786624977976e-11,0.057311192038533056,0.057311192038533056,0.5160280466079712,0.033896461981426526,3.1210104296803634,4.569363848671176,1.2541165463303188,5.730514808922098,6.758759150806587,0.003284572732877615,360.3515625,2286.584719230575,0.2099457309692543,0.2653198792019478,0.1247648248380337,0.3999695646863107,0.01157142620285162,0.014841597329172123,0.01518523631650179,0.015483801896210635,0.008692401033151505,0.005293267546625392,0.0059784768195364334,0.005082865733513795,0.007380118057843212,0.010801415296822717,0.010453395930180008,0.009218057751204583,100:102400
2.8410607200157756e-12,0.05604841637191094,0.05604841637191094,0.4192868024110794,0.05442750092695511,3.1657227374911705,3.771279666997908,1.2606767416521816,4.754364562534874,5.611243735530447,0.0031414249777990955,360.3515625,2161.5784764830396,0.24214599320888808,0.2756432311085403,0.11637962868000196,0.36583114668424266,0.014130696538328444,0.013576789288012552,0.011145003044058044,0.0076064756750164565,0.01203321720990334,0.004452832359408195,0.003852464571256051,0.005450213173060159,0.00604015659818907,0.002881404913384578,0.00485379896396402,0.0064557076252978835,100:106496
1.5264234320966352e-11,0.05596436689108198,0.055964366891081974,0.41876307129859924,0.02124586763937538,3.036164560306745,3.7608149932669708,1.2510021883365996,4.704787786590142,5.534968065238965,0.003132010361519633,360.3515625,2242.280243710713,0.21905250576177862,0.27136534162657455,0.13025981769276748,0.3793223345995956,0.014361604029436736,0.013016374718080304,0.006564504735538784,0.017796683075427262,0.007193063576388894,0.010393954642094702,0.004565066655061006,0.01022772685842775,0.003848501185668771,0.006315753805389446,0.009511586984031787,0.006884137879096482,100:110592
-1.2365219959065143e-11,0.058035511963115724,0.058035511963115724,0.4525383859872818,0.05121909066590864,3.1024555111225367,4.056633896266125,1.2610371016215678,5.115565850975388,6.053016742248934,0.0033681206488209475,360.3515625,2275.513997822578,0.2116871601599968,0.2640485416547444,0.12505564068579347,0.399208657202564,0.014229334688053066,0.03455759717336366,0.036617270968322804,0.014712017912772362,0.02440833525070423,0.007963842631418291,0.0014995161389135042,0.007449496186617585,0.007616194073204522,0.011303807571226584,0.005456618375662596,0.023996125023920185,100:114688
6.837946875393186e-11,0.5827340277192169,0.5827340277192169,5.706482887268066,0.0104762319038794,6.234560918619358,5.055997347900328,1.4118935227327767,7.138529906466819,8.904879005203465,0.33957894706186115,2616.2109375,2809.7258312661825,0.0070320621246819735,0.14550661178227026,0.5008234702266384,0.34663785586346463,0.005117592698488096,0.000570465882900294,0.002123470328942728,0.048653811363795645,0.0038065823541672964,0.0697627971027492,0.3069610201995496,0.070630128320978,0.02863295994256438,0.005089154803211441,0.0015204451598436332,0.0022420346226282644,109:0
-1.1803180655078904e-10,0.5808133426263756,0.5808133426263756,5.878421783447266,0.036012020762641345,6.152573865339136,5.3989410477856845,1.4106982358829785,7.6162766117605765,9.527998928377547,0.3373441389728237,2616.2109375,2816.161908477279,0.007704822793240748,0.14141912534332116,0.5004367079042902,0.3504393439561836,0.0026143354410390466,0.0008271419706594234,0.002673909408792649,0.059106930688147555,0.0044809920842641396,0.0732223295392552,0.2887482140342992,0.07342483159846432,0.031443659210137115,0.005798806016997782,0.002767901727339364,0.0025163125633947485,109:4096
7.567635407212947e-11,0.5789576408618546,0.5789576408618545,5.8493452072143555,-0.011573489124291026,6.3931466876302965,5.345269879565744,1.4115000914703824,7.544848923953959,9.4269993107595,0.3351919499123242,2616.2109375,2807.8666757434594,0.007540980826819307,0.14381899056960804,0.5010048115975165,0.34763521700307287,0.006080556731527024,0.002178817517107299,0.0020454575077699035,0.04989553732144122,0.0071784602481242,0.07273388749254218,0.2918171601420968,0.07293953929099567,0.02819619577625251,0.0035312320735220357,0.0013397731119920314,0.0023875094060756595,109:8192
-2.509814578388614e-10,0.5804814630696028,0.5804814630696028,5.74084210395813,-0.06157069921229449,6.028929271858658,5.114872707726378,1.4041613279809386,7.182106453746902,8.952458386341313,0.3369587289674266,2616.2109375,2810.777289685329,0.006759160636304146,0.1440344206710326,0.5001867017386429,0.3490197169510527,0.005691120273955224,0.0007398012404848359,0.001436013562272242,0.05017002677487714,0.008588383565341017,0.07128889466873285,0.30777127019067557,0.07262511765792995,0.026327217561148187,0.007667794659989503,0.00157420775610931,0.0046138878313936,109:12288
-5.514593226507714e-10,0.5725603565457992,0.5725603565457993,5.4560463428497314,0.034399102111513154,6.100678291369274,5.176004332880822,1.404332260806704,7.268829866752515,9.067638825090523,0.3278253618878527,2616.2109375,2791.541389883614,0.006756373664250962,0.14987161858268805,0.5043718895879992,0.3390001181620116,0.0027821368788689053,0.0005332562016431845,0.0015380319573482985,0.05135850007483599,0.006012977866157472,0.06652198253322827,0.29662147881822226,0.0674682737476742,0.03331540667162298,0.00360840679888794,0.0018245208655760833,0.004435835485580805,109:16384
-4.171983591927386e-11,0.5815421598218278,0.5815421598218278,5.372433662414551,0.05881465109691299,6.073831496802449,4.9841060191450115,1.4066504182070807,7.010894816230814,8.726407444691691,0.33819128365023626,2616.2109375,2797.575007104573,0.006424068783528682,0.14715573515677505,0.5036164248409234,0.342803771215816,0.004104650806430002,7.175575502164252e-05,0.0008065997901474295,0.04909374689177223,0.005424951215785196,0.07655933369454684,0.31212212937116,0.07735378477680577,0.02571048780622799,0.006176244174773072,0.002866289007667891,0.0028034342186615043,109:20480
-8.15880696336535e-11,0.580347121932909,0.580347121932909,5.799589395523071,-0.05237711931209742,6.03483506096428,5.403701010664408,1.4008573676034313,7.569814373128386,9.41467474217009,0.33680278193581076,2616.2109375,2807.8423281666765,0.0064181493924164185,0.14192102497064052,0.5059261741456131,0.34573465148836097,0.005130947174568135,0.0012473838658665594,0.002997600931798338,0.04685629983389996,0.008437020828812402,0.07432128329351181,0.3023736877039672,0.07520126512303721,0.03131461646744078,0.0037539071970555784,0.0037270371555681416,0.0059958791740663785,109:24576
2.497164697246035e-10,0.5813150206584766,0.5813150206584767,5.28778076171875,-0.012126001706675325,6.096909227808636,4.791165985764724,1.408158222585315,6.746719778637279,8.411120061527013,0.3379271532431652,2616.2109375,2801.9824457193786,0.006424181682509712,0.145640186148365,0.5072992104247007,0.34063642174146536,0.004435634090539454,0.0010037401889057497,0.003435871241299369,0.048819079008009955,0.005481522821624115,0.06683644082124982,0.2880600870340175,0.0684474342490404,0.028428516688634744,0.006977109823830553,0.0027804261290639205,0.004080574337904172,109:28672
8.816058993943443e-12,0.5833289586878212,0.5833289586878212,5.766360521316528,-0.05298729709347261,6.240878529774665,4.9502350247905476,1.4103369081186985,6.981499159335957,8.699125540825941,0.3402726740438178,2616.2109375,2798.429149072666,0.008281454930393057,0.14187982800993623,0.5100585658761875,0.33978015118054433,0.0060822614308176275,0.001074149114406355,0.0011955157111127785,0.04769395870299338,0.003250913103264724,0.07344839755842826,0.30151948756053926,0.0742715497121618,0.02823131474160167,0.003202776768091521,0.0035980865305355954,0.0018545321536807063,109:32768
-1.233502189279534e-11,0.5817749327731159,0.5817749327731159,5.950318098068237,0.012754966819298833,6.141270550482855,5.121850897405851,1.4124711266249417,7.234466507476246,9.044512337118588,0.33846207240316345,2616.2109375,2801.30761393282,0.007854011652622539,0.14586779467966193,0.50161011927932,0.34466807438544117,0.003640679719063592,0.0014201389894198937,0.0027987505039976635,0.04838278213488892,0.004859161171825603,0.07618327545109978,0.2955615099390162,0.07652653876639728,0.02972910686199546,0.007132380088699718,0.003259548627493603,0.0037422752704220547,109:36864
-4.263256414560601e-13,0.5801191910420507,0.5801191910420507,5.79156231880188,0.004617675789092898,6.27156584776091,5.439209449515419,1.4069551443400294,7.65272371615181,9.546038331827647,0.3365382758152833,2616.2109375,2801.860111334509,0.007662970173801528,0.14653928683808548,0.49720138558515947,0.34859635739998224,0.0046256297227975605,0.0003605660108220996,0.0031584176921842285,0.05262762758797203,0.004530001132643358,0.07107891948953154,0.28836871323954555,0.07219592914070222,0.02870779531441499,0.0040820421971282965,0.0018977529693304496,0.002613878139316806,109:40960
-2.630446971352285e-10,0.5757288916505428,0.5757288916505428,5.7363667488098145,-0.021050984063356842,5.987618409646605,4.988565441548651,1.402905575994295,6.998486274173201,8.704781225394772,0.33146375668116235,2616.2109375,2800.8833098388627,0.008140566489828938,0.14798946569497043,0.494926957825864,0.3489430099863198,0.0061019808050843775,0.0011214981741597965,0.003471079860439705,0.05217329177000065,0.005606222182712584,0.07288698209978656,0.30478669422474836,0.07399362008616121,0.025881821967701894,0.0034405280469047964,0.00255902687331983,0.0034857011149503226,109:45056
-3.717879337727936e-10,0.5796185115068915,0.5796185115068916,6.179649353027344,-0.021627792853015127,6.2200908871006835,5.626611883013193,1.409033782989585,7.928086226949908,9.909406729785237,0.33595761888146447,2616.2109375,2802.2920861495954,0.008283995011306501,0.1472699431914756,0.49708269995171883,0.3473633618425226,0.002844737755096022,0.0005990074353217394,0.0012557298713039755,0.050264290602735594,0.006377627437488223,0.07369209942047067,0.3045989393495714,0.07391096031481181,0.025185601485107283,0.005206569857660807,0.0031669364585742493,0.003943381052976373,109:49152
1.7702816990095016e-10,0.5854017139845267,0.5854017139845267,6.062446117401123,0.002219197729977899,6.263587021982482,5.579058241950982,1.4135701706704216,7.886390311268343,9.881519676229086,0.3426951667360216,2616.2109375,2810.8180645006687,0.006862796893276579,0.1442399085977024,0.4967822492728364,0.35211504523326675,0.00336616715586434,0.0012887410908153916,0.0022488979463704977,0.04513788946858123,0.0066801929941468895,0.07629251790873957,0.3008594074804804,0.07706545587649474,0.027906468331873217,0.003965655683947029,0.0033853480552866475,0.005257874793232705,109:53248
-4.2725822879674524e-11,0.15140887678927828,0.15140887678927828,1.166240394115448,-0.007077693716618535,3.0659213253741213,4.243464510084854,1.2531216417868138,5.31757721377673,6.259863814930441,0.022924647970590854,2859.375,2905.8763497636032,0.01581582540920441,0.05124688360444095,0.4527157488654651,0.4802215420772683,0.011094776741545806,0.04405414073576546,0.03968126356147696,0.053026833061353834,0.055085908046250284,0.025442867404683885,0.0461240600246462,0.029664427742923594,0.006905609455341986,0.016896559112025224,0.013196893470102429,0.05206234980439975,122:0
-1.837108243307739e-11,0.14780084711198285,0.14780084711198285,1.0641489028930664,0.003283119589403974,3.006389117913841,3.7347048164694745,1.2503246573002742,4.669593519801473,5.507260800456484,0.02184509040701973,2859.375,2871.421458784677,0.020345944434973,0.057648791848701746,0.46346286767180533,0.45854239599874297,0.018234166924363027,0.036479030863500794,0.01775013254114741,0.0591203194165297,0.03306901327697824,0.03461175978444097,0.047522857534183775,0.04130367529852948,0.008276785395185216,0.014233634711899482,0.012485045469889561,0.03188851442291648,122:4096
-7.064432372416718e-11,0.14889281338824117,0.14889281338824117,1.041199803352356,-0.04632424141197797,3.177895867647415,3.60626747354923,1.2664813631128093,4.567270545680691,5.4150473781551955,0.022169069878665612,3263.671875,2872.156157012984,0.018729855667190844,0.06008177787976526,0.4602945385369926,0.4608938278709435,0.03782894984484666,0.04337119873291024,0.027596489043302818,0.052112621538348995,0.043537738039284596,0.012723338948039219,0.04975482163802307,0.015666073582211212,0.006052003896196999,0.02318225119031434,0.016088714766519782,0.041166843965422494,122:8192
-1.6615597786540093e-12,0.1452645358327888,0.1452645358327888,1.0492659211158752,-0.044354431420585635,3.165867973016624,3.629554716323381,1.266002560852437,4.595025565651072,5.469738376574583,0.021101785370715588,2859.375,2868.6867482150305,0.018053143340619655,0.0655097915163845,0.46147497332174797,0.4549620917738586,0.03630480537746786,0.04956721549659432,0.042589954420203045,0.06484975672397407,0.046462917515913506,0.012541887967378583,0.0779194918227012,0.013061760904760565,0.016213555302110154,0.021333818182281496,0.02481732714723741,0.045733812523357745,122:12288
-3.8642644639708124e-11,0.142729718650958,0.142729718650958,1.235926330089569,-0.044171970518109345,3.5620958584564515,4.913177164569935,1.280448903504246,6.2910723131397495,7.5089124498674105,0.020371772586181624,3263.671875,2849.3642205616447,0.021756110679449044,0.0660609821516907,0.462791562264446,0.4493913448553267,0.034684533709198745,0.05330210706205494,0.0270854646684466,0.05375436085622036,0.024217136758589008,0.010657260768715008,0.06057114751709393,0.010942370173458237,0.007260371503251238,0.02482073672798638,0.03821592981874919,0.02280687595027972,122:16384
3.45832251724687e-11,0.14795686736550256,0.14795686736550256,0.9980442225933075,-0.0002609716578101747,2.9940601577402948,3.385499885673229,1.2582721036348694,4.2598800630304545,5.042994428304367,0.021891234600612923,2859.375,2829.296210465504,0.023639454763268064,0.06877351728005392,0.4618213601740544,0.4457656677369431,0.015143662670682238,0.04073685010954939,0.05432288475320556,0.056820030633026715,0.025652835058898843,0.011132318496242901,0.054116163841979224,0.011802571799015853,0.021743766968135632,0.03877978585265372,0.011721868204293707,0.023131904567459293,122:20480
3.032002426905933e-11,0.14835276875464676,0.14835276875464676,1.103660523891449,-0.005909518880911596,3.1043477191446693,4.042131970231319,1.270694515283851,5.1363149246610655,6.1290026576774315,0.022008543997169693,2859.375,2842.8194977090507,0.017468301606527403,0.07266831771022352,0.45889289491214247,0.4509704857256697,0.02173789892243211,0.04708656211156437,0.05229773565660492,0.09389136955948973,0.054687145814174325,0.006222036945546524,0.05521259848013164,0.007952707215999198,0.0052556805984987146,0.018847353126368507,0.022259054950078523,0.05363587143821963,122:24576
3.878497523146507e-11,0.14302924440906042,0.14302924440906042,0.9914793968200684,-0.006566181417705193,2.966106864077085,3.4965503687962753,1.2531043274649898,4.381542398368553,5.167370082398276,0.02045736475622674,2859.375,2876.565725520305,0.018551941255519757,0.06628881172111117,0.4097341824681137,0.5054250645063733,0.020951731240338715,0.03490552978753652,0.04529578322514589,0.06244030875478055,0.07058946371164389,0.0049014046120603085,0.06377221614806991,0.005571061098611143,0.004421861728199456,0.02121919476083566,0.04557383631713733,0.06694145442828524,122:28672
-7.094103082749825e-12,0.14462225735382417,0.14462225735382417,1.214288055896759,-0.01984485764922273,3.2808655616550726,4.4005448739712545,1.2611622825529232,5.5498012177725276,6.553024418388676,0.020915597322115755,2859.375,2863.5028804392527,0.023162581662368315,0.0659930077325612,0.4142825960244436,0.49656181453281567,0.026296444605877444,0.037719090431997226,0.0655829724395329,0.08638328991530866,0.03922304938630467,0.009385928830410584,0.04480390866830938,0.01218711478186948,0.0037099865108781147,0.02706713660862669,0.031051374422992106,0.03691469490374954,122:32768
7.87725440432041e-12,0.14517305795886035,0.14517305795886035,1.1255313754081726,-0.030259768731443905,3.0936419563821316,3.881932569995908,1.2582872418464237,4.884586226567597,5.784841723571735,0.021075216757126623,2859.375,2891.815702737469,0.017633584826224735,0.05994681765057346,0.4100922819615529,0.5123273155142,0.029396235419097562,0.04497167610480208,0.06540018257058605,0.04865898004465658,0.051429757201607404,0.009683750485251526,0.08048686761554334,0.012350095471925098,0.010387548760825767,0.02624162696456557,0.023602087808190616,0.04849701051824766,122:36864
6.695888288277274e-11,0.14344149835986542,0.14344149835986542,1.025804877281189,-0.011038679511804119,3.2108392225191564,3.6635609725807883,1.2664697626642594,4.639789195482781,5.51255064244086,0.02057546345172327,2859.375,2877.0482734650036,0.01811323290749178,0.061553130942674505,0.4414956708337361,0.47883796526749617,0.020980912380728255,0.04576162818177458,0.03129318986370128,0.05446124983578116,0.033700985292747204,0.02139398970277704,0.051783831045074,0.028101895290770215,0.020203537836831962,0.03161648202132439,0.02622146290389584,0.0340877219679352,122:40960
-6.892841852845777e-11,0.14371474817139607,0.14371474817139607,1.1179873943328857,-0.041407203332831155,3.204108607231409,4.171516231671627,1.2673316620656612,5.286694599255073,6.283497494803164,0.02065392884196779,3014.6484375,2887.44598307662,0.020293413118946967,0.056777267337624275,0.4195086706949291,0.5034206488000829,0.030906992141625702,0.01078775603824978,0.05044920489676448,0.07546215428482564,0.04564772967251512,0.013848825006033502,0.059602402283873396,0.017352588541585612,0.01922647791261566,0.02603365033003448,0.016899969099505415,0.03949740859170646,122:45056
-2.2255086662426038e-11,0.14348835359516218,0.14348835359516215,1.0716047585010529,-0.03683628531051602,3.2824190473041366,4.011539562112001,1.267214081346406,5.083479421021951,6.025085981407331,0.020588907617450292,2859.375,2853.350605986148,0.01953385898655004,0.06598355448747949,0.4350105591102195,0.47947202736718103,0.02192720709863886,0.02562936953330287,0.034033581134997805,0.1345648041277692,0.03882642146055925,0.017399975595122207,0.035518600584329395,0.02129170161857571,0.013906982370618196,0.01702626378117536,0.021874660194884578,0.038791716620294826,122:49152
-3.178612928422808e-11,0.14507580725593927,0.14507580725593927,1.1799843907356262,-0.06428342818639082,3.15945081972022,4.383357678403825,1.2558773633258375,5.504959683705806,6.490618949598996,0.021046989850962435,3014.6484375,2867.195791396767,0.018527379666213567,0.06876944593480915,0.40677905619711713,0.5059241181543475,0.04791592695457463,0.04434071820350787,0.07371517761445878,0.06169697935058415,0.03983812292278616,0.02564918578263872,0.036071862193501,0.02675083112727561,0.004487191437740974,0.04296531869820367,0.019341932470534923,0.03861033090117639,122:53248
-1.4431833506023395e-10,1.280943770165798,1.280943770165798,11.396742343902588,0.030564736694287036,6.801306994455786,4.572994632330942,1.5921648536022652,7.280961329314823,10.22773714698081,1.6408169423265684,3445.3125,3246.3266781476173,0.0004144017033995528,0.0013828496410706096,0.23743068822661706,0.7607720604283033,0.007765677531726236,0.01883118691594177,0.022620167969242714,0.5033238156077949,0.0658467559332582,0.03340324297631646,0.003520814835019005,0.03351820252557355,0.0010559403510422933,0.013602633699815838,0.006844160193534718,0.06333752327113036,135:0
6.175771005700881e-10,1.2767513236261279,1.2767513236261279,11.604074001312256,0.025374964565259707,6.817327952973199,4.581373838356298,1.5972778404207446,7.317726910695578,10.303336635300203,1.6300939423810696,3445.3125,3244.8669472859456,0.0002939266396695179,0.0014660789982511924,0.23817819483974806,0.7600617995217177,0.008235384685764654,0.029060967734057634,0.029921752291864296,0.498101051545178,0.0652855760379132,0.030149110667527422,0.004664303296387797,0.03058271479313308,0.0010020218562540105,0.008310555816434282,0.006276211499453393,0.06199862252320438,135:4096
2.8623148295991996e-10,1.2899930295644422,1.2899930295644422,12.311315059661865,0.04024371097338887,6.478483749426367,4.773248914837921,1.5753887608270172,7.5197226930712455,10.477489575477689,1.6640820163248478,3445.3125,3240.366722654008,0.000610499165966809,0.0014519988782302417,0.24312807445874873,0.7548094274964532,0.008312794361453893,0.01777389303458587,0.02086207065989627,0.502674304505868,0.064036757532752,0.03326989011499249,0.004576729136939112,0.03348362840804279,0.0012023836201061771,0.008372051442724834,0.004291504442146632,0.06275621225781901,135:8192
3.132942794081828e-10,1.2767931174727032,1.2767931174727032,11.688061714172363,0.04116085285601769,6.7199942953755825,4.6479287776534735,1.5830965351874742,7.3581199437071305,10.305061256999851,1.630200664825664,3445.3125,3239.210310748716,0.000477401705650271,0.0015379367569409552,0.24338494453939502,0.7545997169974002,0.010743937306082512,0.019612319985864768,0.01951923834655361,0.5047768333846165,0.06499285426198656,0.03204803396624611,0.0032503201066549207,0.03223375321896244,0.001221911390455453,0.010419158142421208,0.0065193034761195584,0.06327248100915246,135:12288
4.013500642940926e-10,1.2633569459158207,1.2633569459158207,11.11014175415039,0.029609788518760664,6.645621012857859,4.427074357484208,1.584049890461341,7.012706651042621,9.852902821877032,1.59607077279375,3445.3125,3246.1562902491364,0.00023792504615394815,0.0014540719098599217,0.23535172881907984,0.7629562742242796,0.006548090462680071,0.012961679200098908,0.017141677029652864,0.5170665256156501,0.0648981827410761,0.033046893657110527,0.005536250392872992,0.033161169167702266,0.0018403309363771373,0.010200239700453811,0.006140933954710738,0.06256854648483808,135:16384
-4.0574121840109e-10,1.235896303584036,1.235896303584036,10.942394733428955,0.02826534880236299,6.735427763917408,4.458687690499606,1.5817731518374576,7.052632481266143,9.87948542794736,1.5274396732126838,3445.3125,3246.81796577986,0.0004976464967485371,0.0015554171777283177,0.23350256952962586,0.7644443667952424,0.007999083786200402,0.014561157783447184,0.01511523714808356,0.5243138682583693,0.06742790188802407,0.03151569384695581,0.004260673346699951,0.031823472246374065,0.0019424205010743294,0.008385052681980115,0.006051120444217776,0.06477878954470816,135:20480
2.460396331116499e-10,1.2122303520237985,1.2122303520237987,10.933827877044678,0.012469439400636355,6.572665342162357,4.62779408255884,1.5807118671401226,7.31520902498763,10.230204450248268,1.4695024263677425,3445.3125,3244.9309186777596,0.0006984571090780149,0.0015947787439022118,0.23173603017389344,0.7659707339724459,0.0064294953712693325,0.015020639597431216,0.020569423859127918,0.5108785107551596,0.06987373600706755,0.034013862648855114,0.004878429062570935,0.03427372877015743,0.0011481180559133218,0.011265325527663052,0.004969547544529402,0.06929167596678833,135:24576
5.544702474935548e-10,1.183914477036118,1.183914477036118,11.033264636993408,0.02232321161171189,6.536088540995796,4.706627676443505,1.5837067329328403,7.453917940597925,10.42947579043419,1.4016534889357046,3445.3125,3242.8029040599904,0.0005031163882993903,0.0014918766426035377,0.2364926823607638,0.7615123246076198,0.0045380423431587965,0.018828905487564225,0.022758417316816545,0.5073310198365911,0.0701272530289969,0.0338922176104839,0.008443292064310071,0.03425843354802569,0.0020689992423603863,0.007975161710402655,0.004635126042246336,0.06894812799326147,135:28672
-1.71032410456462e-10,1.1936478352340147,1.1936478352340147,11.162398338317871,0.04546849381743929,7.046927402268134,4.684926285299076,1.6056794292479724,7.522489763854146,10.623307429659441,1.4247951545588493,3445.3125,3246.795390368412,0.0002734129189771856,0.0015734527358644676,0.23094997305439918,0.7672031612900573,0.007048710028069395,0.02306463198180583,0.027546393834538222,0.4967809789369028,0.06805258563021155,0.03167414679356011,0.0045572654626795306,0.03209839924338406,0.0012058526355977818,0.016276279255541426,0.009675827361971426,0.06460483801583346,135:32768
-6.669695906680317e-10,1.2179452899923613,1.2179452899923613,11.321573257446289,0.02603416022457487,6.641076819855801,4.6714068534921855,1.593560145172661,7.444167783617684,10.467735747317082,1.4833907294145767,3445.3125,3246.4519486946388,0.0003389411636643844,0.00158675520848121,0.23239306635381188,0.7656812372733685,0.007391130368386766,0.023606717297215,0.03309358598342324,0.5013255418310387,0.06620697835959051,0.0321125378215099,0.0030976032770637083,0.03288706203588075,0.001086736271751467,0.019348444938912454,0.009144605654679788,0.06337396833176968,135:36864
5.354294785320235e-11,1.2712370136983557,1.2712370136983555,11.72691297531128,0.03389061561261722,6.824977565264403,4.615569776373528,1.5925595667111245,7.35056980319217,10.343321856545565,1.6160435449967132,3445.3125,3245.5914634003557,0.0005234113064552659,0.0015330854340295914,0.2306374701462808,0.7673060331126155,0.003665104864479664,0.02256945003003785,0.02802438942022439,0.5118718970688284,0.06564356932546857,0.03346192083717933,0.004648612831468602,0.033893864588321526,0.001381345860525727,0.011513505789704719,0.006517883140251638,0.06365652682318353,135:40960
-3.937081771709927e-10,1.2979532209919469,1.2979532209919469,11.809685707092285,0.028109932353181974,6.985589997100794,4.586404181253873,1.6013563065276035,7.344467259941118,10.412246980383214,1.6846825638833696,3445.3125,3243.592298695087,0.00038055250235032744,0.0015985451122092964,0.2353897410535166,0.7626311613313301,0.0088415744179236,0.020314506449441144,0.029371533788698785,0.4928647630486092,0.06670695026415448,0.031913024274216543,0.008554773819488465,0.03232877217195616,0.0015106150805955416,0.01050404880435749,0.005860603141301201,0.06457944292909865,135:45056
5.5294435696851e-10,1.3095746282542913,1.3095746282542913,11.92573070526123,0.02410977796575085,6.9755330995420834,4.630112604647565,1.602048190998435,7.417663522400349,10.491091134030492,1.714985706967365,3445.3125,3242.1113350614382,0.0003209776502601947,0.0016893746462504499,0.23410328699550167,0.7638863607074045,0.006495961241231013,0.020833458693357246,0.023934511254812434,0.5016513222898773,0.06644788549353971,0.03562291252355315,0.00414973137492684,0.036060164293526216,0.001480807474068921,0.011175024361729593,0.0063697035922567905,0.06274400251253738,135:49152
-1.3166499002181808e-09,1.2876930583576363,1.2876930583576363,11.787070274353027,0.03060577944834008,6.569537105764119,4.714762908455295,1.5864999034149472,7.479970898894511,10.491560867331447,1.658153412542443,3433.59375,3243.505321374502,0.0005577859752902318,0.0014482382179753191,0.23341553069012705,0.7645784451160044,0.0046234918487624566,0.015509218047590796,0.026505539896558107,0.5058314430712182,0.07172022799500598,0.033853498093903873,0.00517150295219302,0.034550032144782424,0.001803077035479929,0.013129064311857959,0.006458270018177468,0.06787928895326138,135:53248
2.149791455963168e-11,0.27912954732499606,0.27912954732499606,3.0185818672180176,-0.04621886017465823,7.48562816054755,5.5641975307141,1.4730420090803598,8.196296709592438,10.449497858863197,0.07791330418985724,2581.0546875,2776.012118803903,0.005646227675371812,0.14193271869796242,0.4935607879624707,0.3588602656513602,0.0013766396334145027,0.002197544277499622,0.0021400223875445933,0.03533953924988502,0.012312416894635218,0.10058621539929125,0.3082761798991804,0.10052923317983582,0.03932548195418346,0.0009259901353948411,0.005464397805763069,0.009262915720608804,110:0
-1.5781509432599705e-10,0.27732647881140426,0.27732647881140426,2.947613000869751,-0.08539845089305619,7.77265012484189,5.354850583056998,1.4804201871284794,7.927428902242872,10.11086177593771,0.07690997584993227,2581.0546875,2773.099044654881,0.005903146778787634,0.13976775708507153,0.5022960920953901,0.35203300402774845,0.0006856947975643591,0.0015605919281330113,0.0016222335672778166,0.03583472147999532,0.013796623691311434,0.09338099656588499,0.3176384650087816,0.09293065399381108,0.040818717061877396,0.0006868507827574365,0.004041139455121163,0.011433648505467315,110:4096
-8.341771717823576e-12,0.27903223802749133,0.27903223802749133,3.0423645973205566,-0.0673576502433703,7.360740486333175,5.474252335908439,1.4735495750171068,8.066582203143193,10.287263709253043,0.07785898985863057,2581.0546875,2775.706117601758,0.005587349451164212,0.14256049802254128,0.4977941101195212,0.3540580423939295,0.0012521140706608879,0.0013262598406812963,0.001278355880918746,0.035608779293217575,0.013061668997700664,0.09590972853134895,0.3197012983523911,0.09564777634314858,0.039361854164270675,0.0007739858863685375,0.004585858918133547,0.010127333545958217,110:8192
-2.6076918402395677e-12,0.27873317625822863,0.27873317625822863,2.9748713970184326,-0.13521141700268452,7.97111346029828,5.446337639789966,1.4804558723872678,8.063062541859793,10.252874599598451,0.07769218354700076,2581.0546875,2765.741898527524,0.005599274302356113,0.14306069059889218,0.500015012120936,0.3513250229649444,0.001410005749471647,0.002816013958630869,0.004145055484318905,0.03664058055566058,0.012630996640615517,0.08936766444450128,0.3168760844213308,0.08886811472916853,0.04325718332504441,0.0009337928067718331,0.002371428168388185,0.009178875370638861,110:12288
-5.3246684839081126e-11,0.27679290963109293,0.27679290963109293,2.9143259525299072,-0.10747595815818071,7.737754136319384,5.402764121282309,1.4697465490117017,7.9406939224076,10.086239292359014,0.07661431482204638,2581.0546875,2761.1428478057132,0.005951353652870057,0.14614921132606776,0.4967314032722962,0.35116803173571354,0.0022913497959647085,0.0014283743017627604,0.004482111027225105,0.03868741128152764,0.010127852455291662,0.09015840813339436,0.3175210977780561,0.08988494358669623,0.03687026111745916,0.002109356569535665,0.002606000707884408,0.00737049729321202,110:16384
8.478195923089515e-11,0.2791659153461291,0.2791659153461291,2.7553446292877197,-0.14778788835834622,7.120926043433331,4.948976655241058,1.473031869034595,7.290000332304428,9.34742542514811,0.07793360829104211,2581.0546875,2766.6304195738526,0.0061234744855908265,0.14356681038584396,0.4969510903614814,0.3533586247542524,0.001155849870570947,0.003721571493963302,0.004678302763254976,0.036549759960400045,0.00908838747550237,0.08862584112878011,0.31677465584381403,0.08832611420996782,0.04159796066117187,0.0014574385902731888,0.004396408628590181,0.0071101672327737574,110:20480
2.2432899982050003e-10,0.2768689304160246,0.2768689304160246,2.878880739212036,-0.15415987883312457,7.585666456035156,5.21564335373943,1.4813305012941635,7.7260915837943065,9.91174349297962,0.07665640462971349,2581.0546875,2762.582447376759,0.006816680498513523,0.1442206045915891,0.4973585299420469,0.3516041849548052,0.0010089669804438216,0.0011155864223456947,0.001981503877622471,0.03246268413646107,0.011705543396419509,0.08619706514695524,0.32546453096458633,0.08552046191656276,0.04182348504577807,0.0027314230362267488,0.004535110211128691,0.01085094773327082,110:24576
-1.53884904818824e-10,0.2773539306685979,0.2773539306685979,2.949062466621399,-0.10530922592002956,7.638877948884857,5.406365746496077,1.469650783614532,7.94546965587337,10.089835180145831,0.07692520285732142,2581.0546875,2776.028728911625,0.007300787551870682,0.14334423355470324,0.4843164806133417,0.3650384982670848,0.0009299185489796977,0.0022037720956994003,0.0025274954308206646,0.03629893382357065,0.014021471328898265,0.08912713352533538,0.3156742739555952,0.08905436430307588,0.03943633169306691,0.002384653307416011,0.006791468117184176,0.013095828843261123,110:28672
1.7464696355773413e-10,0.2736017898919611,0.27360178989196104,2.8975541591644287,-0.10593208384449039,8.059983849844803,5.368907282319302,1.4786641575130983,7.938810763405624,10.070589321243768,0.07485793943208482,2581.0546875,2762.9403343117674,0.007304951988482458,0.14485475015806196,0.48901466096548885,0.35882563687460794,0.0012047303172769074,0.002008915484359932,0.0019272392500573013,0.035865669278119676,0.012488636235789316,0.09034822876532082,0.304838329812565,0.08971268133400598,0.044446529435144516,0.0018487274031315512,0.00720737360901378,0.011199818303219158,110:32768
-1.4644996326751425e-10,0.27506105823648747,0.27506105823648747,2.807488799095154,-0.06447079769207625,7.20876148780795,5.12796466533385,1.4713795920619777,7.545182557414586,9.646582338422249,0.07565858575817634,2581.0546875,2757.7883886641334,0.007536061133222694,0.1475540660980586,0.4883832327852822,0.3565266399702191,0.0016996396092012237,0.002201620997127322,0.0025339483695516595,0.035811723014850194,0.014950859314507415,0.0860778378798205,0.30593539096426714,0.08590644984644068,0.04201510600625922,0.00120777470455802,0.011573069713984224,0.011975653900644671,110:36864
-1.0189715737851657e-10,0.277031550775213,0.277031550775213,2.848987340927124,-0.10322770791219164,7.518063023313618,5.227732912781045,1.4806551335364353,7.740469574094577,9.93140102063433,0.07674648012491943,2581.0546875,2761.595559132858,0.00742228655236079,0.14424771055441865,0.49589405068548315,0.35243595219470736,0.0009198019237184441,0.0014676676836957486,0.0023208977986824263,0.0359423324585098,0.011018356403171807,0.09131729076759351,0.31216375656776335,0.09114803825692222,0.04217715884076868,0.0031674656264202078,0.012104686738171125,0.006944988516749643,110:40960
7.641487442811012e-11,0.2778155489361557,0.2778155489361557,2.8259503841400146,-0.10091852424903418,7.583168117773677,5.198017224954975,1.4818247281807373,7.70255046147542,9.854506836697377,0.0771814792306975,2581.0546875,2771.7595793494147,0.006671409022612821,0.13965849537519684,0.5027512616594969,0.35091883392973694,0.0013453786583872056,0.0020459401190073383,0.0029218893679514965,0.03291186435387584,0.011042382521749931,0.09062817769350609,0.32692683940307826,0.09019950573136509,0.04306995797803576,0.002305764221291593,0.011923948894775214,0.006249670811219564,110:45056
-7.894440656741608e-11,0.2800610314954511,0.28006103149545103,2.868353009223938,-0.0945007542008689,7.523989807356705,5.367320391424915,1.48133551236502,7.950802302087036,10.157860984543978,0.07843418136229603,2581.0546875,2749.6593519174903,0.006857330849069295,0.1445126321758423,0.5010613781305098,0.3475686588318289,0.0022882144923395474,0.002212466564514403,0.0022464789660428916,0.034141192724628684,0.009813729468324957,0.09354665641624914,0.3186674419371965,0.09352748220405101,0.0460179730014931,0.00021507419269193087,0.008601452781543402,0.005658486477627513,110:49152
3.303668449916586e-11,0.27816756354674166,0.27816756354674166,2.968057632446289,-0.0727253420617507,7.8245325439563995,5.445529928929992,1.4811671707721912,8.065740158217524,10.25871020603891,0.07737719340953056,2581.0546875,2772.3146274493856,0.006112070938190861,0.1409312394109373,0.49606579301770676,0.3568908966202413,0.0016826478133656977,0.0033918261156146642,0.0036634859753768984,0.031401792262364205,0.011288225538250417,0.08957990526520303,0.315991827565758,0.08920437298750045,0.043768259950826796,0.002283503916158239,0.008225110809314241,0.006739935597285598,110:53248
3.76019215764245e-11,0.2764029637063401,0.2764029637063401,2.949421525001526,-0.07979488974485226,7.514060903515304,5.391560552420885,1.4734507640166727,7.944199015235448,10.13077639218989,0.07639859834564836,2581.0546875,2767.9291884306926,0.005919490020283094,0.14425079339363206,0.49484786300776173,0.3549818535652338,0.0010862977168843051,0.002095549540652457,0.0021597137260242548,0.03454995650572458,0.0108195303518571,0.08831671363875722,0.3216591506383096,0.08784046430488489,0.0421143226421174,0.0010288498229837747,0.009102750784107487,0.009567762101173697,110:57344
-7.597211748588961e-11,0.27649832916815925,0.2764983291681592,2.9215681552886963,-0.11023121101804664,7.323462823494965,5.612075720533712,1.4647325766157895,8.220190130329986,10.458057552571795,0.07645132603278372,2581.0546875,2775.663326445699,0.00607572330020281,0.14120071895102088,0.493747138297639,0.3589764194380571,0.0029084314174184483,0.002536184616009592,0.0017320825401137881,0.030660066405682102,0.011705579124294535,0.08550218613784824,0.30871259142569146,0.0849552974961087,0.04771148773977352,0.003360317035724658,0.011346123383705433,0.010145438819017721,110:61440
2.694422462923285e-11,0.27544673598488467,0.27544673598488467,2.8879724740982056,-0.14578706661771557,7.81196505327459,5.26619476476136,1.4804423623940008,7.79629781839853,9.951522231250022,0.07587090436472678,2581.0546875,2773.9966047419607,0.005385606317938417,0.14496331673679416,0.4910919425439595,0.3585591343881274,0.001429116955852722,0.002117138937421354,0.0019382863367445264,0.03495885541181614,0.010253308535598036,0.08742000679907039,0.31370225036683397,0.08668314114201044,0.041435408961328614,0.0011176072106399784,0.010108317760219641,0.008648931695103989,110:65536
-1.1281042766597693e-10,0.2749117104562884,0.2749117104562884,2.835084915161133,-0.1853982519505338,7.73955301000007,5.361665374900316,1.4822898273927556,7.947542043127613,10.187256311587287,0.07557644854600218,2581.0546875,2768.2698323835702,0.0057438783891402565,0.1470832597453208,0.49099185624168895,0.3561810056106182,0.0024561712445603347,0.0011201375865211045,0.0011739596032920854,0.03373827658369904,0.010811154352709643,0.09384658167359115,0.3160811953652957,0.09346106775053213,0.03921594981129827,0.002620708067120262,0.005734527805440773,0.007215704113837613,110:69632
-5.247591250423511e-11,0.2718939283665175,0.2718939283665175,2.8669904470443726,-0.1135780717171119,7.374036810504096,5.621212684773657,1.4681637837207875,8.25286088440693,10.526108122746754,0.07392630828257697,2581.0546875,2752.0338930491025,0.005979177324017431,0.14866451542957332,0.49653778332728593,0.3488185239055962,0.0008984241108744866,0.0010796221255881305,0.0009990263052022713,0.034564577563828254,0.014140992267082167,0.09110130904880696,0.30171173367079923,0.09095782074001692,0.03525555946460727,0.0034624595729120375,0.00566373852214941,0.006541236326770631,110:73728
9.196654549015193e-11,0.27408208440311144,0.27408208440311144,2.9062551259994507,-0.22337719829736544,7.668270005293757,5.417626514853133,1.4813374258754373,8.025332915896335,10.264440358344263,0.07512098899075431,2581.0546875,2742.9052382977475,0.006010697614688861,0.15161363128439162,0.5003219622090053,0.34205370887860226,0.0009805972320609257,0.0019043986413246042,0.002795123192537078,0.03756673668705822,0.009562287752374572,0.09456332277116626,0.31560676641010477,0.09454017680818688,0.0378205405286049,0.0013666043405488582,0.004578699774168022,0.0038028290226112937,110:77824
-4.3304027030899306e-11,0.27593605368512314,0.2759360536851231,2.8620415925979614,-0.19718490197716862,7.6505364463938035,5.630435408593872,1.4748587026528528,8.304096662119537,10.578743062960037,0.07614070572331916,2581.0546875,2751.846748565402,0.007089537772641603,0.1477211037053215,0.49823916959469877,0.34695018891420437,0.0028901618040434035,0.0016140975266828257,0.002935821790403711,0.037038358633972465,0.012625328333264137,0.08894793776310644,0.3078832101554307,0.08754448958561832,0.041063328379031865,0.001265830120551782,0.0039404253167264,0.008151453130627389,110:81920
-1.524460557789098e-10,0.2769058350054037,0.27690583500540367,2.770747423171997,-0.14058644069043683,7.49555310846414,5.142135241659638,1.4777253205968834,7.598663448561462,9.706967441220423,0.07667684146003984,2581.0546875,2747.8090635949584,0.006881873293681803,0.14642069849395062,0.5038977787836909,0.34279964941563495,0.00323862766332671,0.0035736133167350724,0.00464566275247227,0.03284908293094708,0.012660041744023876,0.09439764342750746,0.32386075557522126,0.0935341985901986,0.04034676809964933,0.0009583308154550662,0.007721120883314291,0.010033564270999676,110:86016
-9.966072411771165e-11,0.27601555824767227,0.27601555824767227,3.061553716659546,-0.12380964064195187,7.689081288024224,5.606065341063147,1.4848764822772405,8.324314583084362,10.67424254749503,0.07618458839477416,2581.0546875,2759.10438682001,0.006662335252762244,0.1446245387769119,0.49857120643674074,0.3501419195204591,0.0012886529930180338,0.0020904820561070164,0.004060348349510995,0.0373454309542289,0.01254790113235696,0.08548197132765506,0.32575552699347327,0.08506993369040361,0.04448111826388692,0.0006051859073970415,0.010812955163805016,0.008215185879420137,110:90112
7.788902856020741e-11,0.2783421531749978,0.2783421531749978,2.8961191177368164,-0.18569807533092247,7.654241840203113,5.697243862906132,1.4805816708353552,8.435234837728338,10.78728149775692,0.07747435423409395,2581.0546875,2763.3102659022534,0.007106047046735056,0.14238237678139154,0.5003800694185944,0.3501315067403714,0.0017926329503769975,0.004330292924039258,0.004753404671288752,0.03619878550157264,0.010635627931995729,0.08303594302995469,0.31842210244396574,0.08264765727474682,0.04462523568782738,0.0014242051253494363,0.011651326445626657,0.004755184465416886,110:94208
7.729616946505757e-11,0.2787668519478432,0.2787668519478431,2.9900903701782227,-0.07045026686719506,7.604795952535037,5.579281831840178,1.4809356422872944,8.262557323167705,10.556113757139514,0.0777109577449107,2581.0546875,2752.4746921315677,0.007925894146624968,0.14449461974451136,0.49971979838261243,0.347859687713383,0.000884240344135054,0.0008606125106338617,0.002179426305421528,0.03743969934053789,0.010558602078285323,0.0905365695077013,0.3185423363776378,0.09045237773287802,0.0463349541275277,0.0017632587954082856,0.0077241629371784925,0.005005709801719592,110:98304
-2.416644662162071e-10,0.27285758424911527,0.27285758424911527,2.767199993133545,-0.08022963677241168,7.184622547470248,5.102864656169958,1.4628735105607096,7.464845533514871,9.496235668428358,0.07445126128226306,2581.0546875,2743.120399578721,0.007872216871375265,0.14835737877156277,0.49799158965531737,0.34577881468831284,0.0018552887939836291,0.001606773804989927,0.0016616347356643603,0.03546347029315636,0.009003801097959039,0.08803227734761435,0.31866461119579964,0.08757864343406073,0.044193055193489345,0.0023670777742928677,0.007662827849278866,0.0037028630863019064,110:102400
-1.4144063698040554e-10,0.2734053606377537,0.2734053606377537,2.789076566696167,-0.09320389614872296,7.556913032754522,5.110769167820849,1.4767671942000953,7.547416244194756,9.641112027044883,0.07475049122546018,2581.0546875,2757.7860605426436,0.007174585384314418,0.14590008186834996,0.4955084850399421,0.35141684769401565,0.0010488922368520255,0.0015332021474851857,0.0013816034001988625,0.03382056981801585,0.010126643612557771,0.08797431257315398,0.32539012952173135,0.0870737457093522,0.046057996813479996,0.0027353442103723734,0.005149381304736143,0.0073075065896814565,110:106496
1.2809309168915206e-10,0.27485657112851153,0.27485657112851153,2.8595322370529175,-0.11895191222208809,7.563338295068078,5.296158431386323,1.4740185543833997,7.806635794845924,9.9151098279325,0.07554613469252253,2581.0546875,2771.4105239562277,0.007408979653730803,0.1434073245648783,0.48435476790670867,0.36482892786144516,0.000986692070265459,0.0013512403569924602,0.0026499511392487915,0.03382138209023274,0.009861917485673086,0.08622706585258026,0.302939863056998,0.08586600035441605,0.04241448974110931,0.0027768320819039384,0.006310384305820535,0.006736415783206987,110:110592
8.170575327426377e-11,0.27448763979507734,0.27448763979507734,2.8371530771255493,-0.15368987815385923,7.116427781050591,5.225921957968103,1.4716071962894757,7.6905043606210635,9.847291452163955,0.07534346440027212,2581.0546875,2766.617486009409,0.006472074227815439,0.14399492900092614,0.49774480610490396,0.3517881906530819,0.0021867228210098537,0.0019453834837983024,0.002034340378397388,0.032222080091465696,0.010566485804843777,0.08561228682428136,0.32957603134048846,0.08522728332351714,0.03788054484764527,0.001462970219154518,0.005964527014370626,0.006958436927925819,110:114688
4.4436010426807115e-11,0.14110077848400804,0.14110077848400804,1.1531417965888977,-0.03253548396031651,3.1107055995731017,4.279696757065562,1.2537307585993522,5.365587461849021,6.322568335987412,0.019909429688793102,2809.5703125,2813.7948056156815,0.01909946750155266,0.058916903937576634,0.532763660365346,0.3892199681452975,0.032655199817254794,0.04587681124362591,0.020519938339919937,0.03755089108606472,0.019286896418614627,0.03010591659336934,0.04494103961392327,0.02920471039711079,0.012290414458054275,0.0438720607375474,0.0370247378111773,0.010855421699996825,123:0
-3.9473313506732666e-11,0.13653289569605165,0.13653289569605165,1.082124650478363,0.019276024639538997,3.1224273863436047,4.237497827733046,1.2557812224929081,5.3213702024606215,6.284177713018232,0.01864123160714892,2827.1484375,2773.0141589914365,0.02195451770659554,0.0656432083378006,0.5245130595108672,0.38788921439109214,0.01806942341230067,0.04388538979555424,0.08437884105503024,0.029927439070741454,0.02971285657365765,0.020120814214064454,0.016836080544885234,0.014260652579329012,0.010412101876044173,0.05481664083329493,0.036236743930863194,0.03431221866924882,123:4096
5.078426568161376e-11,0.13968010781081058,0.13968010781081058,0.9403401613235474,-0.011715589417382995,2.9886421132155028,3.4389440374360607,1.2568791461470887,4.322337045451203,5.103238719615714,0.019510532518039667,2809.5703125,2807.5272235201933,0.022619869977649112,0.05615424905469706,0.507836629136438,0.41338925177996166,0.040470523576156006,0.05310987858765215,0.017349616899342966,0.057081983981198285,0.01360540615599107,0.03185220507968047,0.04074223424671687,0.030230069540882424,0.013718748949513086,0.026304390840888536,0.01852596479695738,0.011501612122791147,123:8192
-1.48849821357544e-11,0.13378272096766108,0.13378272096766108,0.9332852065563202,-0.01457710208565565,2.951460965194439,3.595359867731491,1.2510708060137612,4.498049767665988,5.3164339796952085,0.017897816429511063,2762.6953125,2778.392637007771,0.02163392848367588,0.06726522732236861,0.5329944850692947,0.37810635906878814,0.017889836891840368,0.05160763352670908,0.043766071262599536,0.006080902064692864,0.013342646305791264,0.025267257371222682,0.024201918780125106,0.01625549969687456,0.019109575771546438,0.03499306021829499,0.02077112426696364,0.010536712118700603,123:12288
-1.0762590818558238e-10,0.13643933446605183,0.13643933446605183,1.028697431087494,0.021669410132706474,2.9499806511930466,3.859487724732993,1.251764925836674,4.831171365553358,5.709178143198952,0.018615691989539152,2809.5703125,2788.823340369894,0.021888324570929204,0.06686547452604298,0.5109438791995928,0.4003023216497171,0.016157514294525055,0.03581511309018776,0.037721744095930924,0.07997342208920032,0.02340889748420582,0.0644468339260238,0.024287201171116723,0.0572395544005423,0.005614725660915289,0.01892677234907654,0.014586841744674815,0.022143548650709905,123:16384
-2.6013857734596968e-11,0.14046972296378024,0.14046972296378024,1.0922389030456543,0.04631550916772523,3.1029194784678626,4.132769413082961,1.2514116191194045,5.171795662710117,6.082334440138335,0.019731743069521173,2897.4609375,2809.517054731974,0.020872147104801734,0.05838910429992855,0.5341465286390132,0.38659221990557674,0.028725272856741636,0.05170099524426906,0.08465319811434378,0.017047210515885956,0.02046600124710928,0.018912609852130818,0.0373099993202504,0.01836390750562182,0.016786854963516645,0.03556945128751215,0.020263541309356443,0.019811225418382823,123:20480
2.7416291459303466e-11,0.13656097078750506,0.13656097078750506,0.84907466173172,0.0008177349694343975,2.851592646243598,3.200944391222768,1.2476362619445522,3.9936142949867994,4.702194360346856,0.018648898742425812,2821.2890625,2798.8902093263614,0.020924653091029772,0.06447606926727324,0.5154228388974296,0.399176438690645,0.018829753960984234,0.020297311115359748,0.01758554279487001,0.023685017691139253,0.03161102548571308,0.014804110771471533,0.041919001912854595,0.013241879410972855,0.02371330054214452,0.05989851490379403,0.025117819256037684,0.01953977353828321,123:24576
-7.080558361849398e-12,0.13531251722206,0.13531251722205997,0.8697994351387024,0.058625152432128715,2.913368437251007,3.28064804078926,1.2553966794418374,4.118514656854644,4.8650910898300355,0.01830947731697028,2900.390625,2801.91129731583,0.020666269442729337,0.06229113375589434,0.5218378520148674,0.3952047447318924,0.017349748685283505,0.025998185184715198,0.05549201597576854,0.03543110519231079,0.02774853730001069,0.011120114233033955,0.038675297125953356,0.007509397909834837,0.029944496260333315,0.04774088740065953,0.027746932444439768,0.02225438393897505,123:28672
1.9475976387184346e-11,0.13641817915454882,0.13641817915454882,0.9547634422779083,-0.01784252893122234,3.036042797228214,3.664341006131012,1.2612099080552066,4.621503183459295,5.4951207641543585,0.01860991960384258,2821.2890625,2805.634432175602,0.022546966502949965,0.06187689793663765,0.5129826032836863,0.4025935322229913,0.012489195750052676,0.03566347813027021,0.022918390033861973,0.019529819417980595,0.02621923725486565,0.026700065146705892,0.04537711975663822,0.02527978650822912,0.011931232982245875,0.06194278775727123,0.023231358303078042,0.028923229981370896,123:32768
-6.544320640955448e-11,0.1352076055964735,0.1352076055964735,0.9056094288825989,0.04193066739773464,2.9100017106451896,3.4023245414470997,1.2531447057654972,4.26360498644199,5.035820198591022,0.018281096611131527,2900.390625,2805.1776323060762,0.021673274174418767,0.062472673289681355,0.5176181603775979,0.3982358921036008,0.020220956506702588,0.05231151557757208,0.023980316867155595,0.032493990532746674,0.00976982432708828,0.020996803064001375,0.03037648801352113,0.019321125000071986,0.011879780648813953,0.055067711529012756,0.020476668574312056,0.009897439721147256,123:36864
-1.3784529073745944e-12,0.1323772992638619,0.1323772992638619,1.0071330964565277,0.060131014379539854,3.086757736282716,4.36787272452403,1.2558110770207604,5.485222950515562,6.471601028351263,0.017523749360394053,2900.390625,2788.99456538647,0.02327399240227063,0.06371319712745539,0.5261117832308738,0.3869010271823348,0.028815926287901788,0.05467684661862328,0.07858216807314362,0.01973111174074795,0.027377005931207746,0.025981433688239554,0.009283393855921447,0.020388337670893854,0.01033064724132113,0.03597050684952254,0.03563116769497847,0.02685424533759863,123:40960
6.427391952001926e-11,0.1385091085105719,0.1385091085105719,0.9401701986789703,-0.017790643002197754,3.174220257050073,3.4154453721388944,1.2746843929130673,4.353614910744044,5.202270718271763,0.01918477314039339,2900.390625,2803.9139099215154,0.022247440411319028,0.059091129555693456,0.5065707256350348,0.41209070434582823,0.022268308390457278,0.04844924910646904,0.03809747115206148,0.022517077721019935,0.030857129326256855,0.026743557395174495,0.04860914775683939,0.026405294449373756,0.0182299374782859,0.02624870247154601,0.035776022389955545,0.029575504895586514,123:45056
1.234390367699234e-11,0.13697164495923048,0.13697164495923048,1.033365398645401,-0.042782717479692034,3.00923031308375,4.1020127125269905,1.2481026290406252,5.11973285090038,6.018815922727339,0.01876123152283749,2838.8671875,2805.5999467350575,0.021598006916406294,0.06405233706673717,0.494909311553734,0.419440344409821,0.023713975342994034,0.03498942048874188,0.05323654505507854,0.02579362143414855,0.011792724117558058,0.013082745576576203,0.027564981408873774,0.011971793179216525,0.015835625289722842,0.05579466690609838,0.024577864294228438,0.014605931353743504,123:49152
1.8965273795856774e-11,0.13896137024627905,0.13896137024627905,0.9705033004283905,-0.0167160278097246,2.8407390747795915,3.6335917384227012,1.2448396515801392,4.523239073675138,5.320558247189821,0.019310262420723447,3049.8046875,2802.654065453371,0.02106881240945651,0.05807743068109335,0.5079459705378635,0.41290778631980085,0.016068989157763353,0.014997296895464625,0.040815715840286426,0.008079848581508325,0.027654311690092158,0.027348443830617387,0.024315755413804672,0.020267666546377607,0.013520703919759696,0.04501035741969128,0.038111046039131076,0.030925033566136607,123:53248
-1.9626078540113667e-11,0.14125075379297303,0.14125075379297303,0.9838052988052368,-0.03311915605118257,3.2410578756260593,3.4921419668628277,1.269801978836081,4.434328779930336,5.279920698253273,0.01995177544708308,2821.2890625,2803.561376754068,0.02003801602747699,0.0576664437990512,0.5342536552199253,0.3880418849034257,0.021109855888522523,0.020585113562768775,0.0448668923778889,0.039924551022055145,0.03662716992404826,0.03904169015211429,0.02595331593137699,0.033355063155028154,0.014287139537100514,0.026613875334665783,0.02418182604764403,0.03662998675476821,123:57344
5.5203841498041584e-11,0.1397705058469936,0.1397705058469936,1.0174908936023712,0.004875047258434029,2.827108726041429,3.9853012978265463,1.2388753663079664,4.937291605227801,5.782436420039729,0.01953579430472447,2838.8671875,2797.9874633363715,0.01915406003008176,0.06366451694404328,0.5117971817007222,0.4053842412739648,0.026442646318402322,0.051041981503074554,0.029580764113628814,0.010481734482989858,0.011471610807639131,0.0276767739560988,0.02359015071343289,0.026357111678167424,0.025308340967010803,0.054364029585399085,0.02647037186364326,0.011543529052042065,123:61440
1.1969980562298588e-11,0.14309749454674972,0.14309749454674972,0.9507564008235931,-0.023825516153740428,2.962467494772546,3.4916225005551613,1.2519274500275863,4.371258053609515,5.153000415585183,0.020476892945557067,2821.2890625,2820.9592046308867,0.020284800536702317,0.057862794705053545,0.48046581922901677,0.4413865854803919,0.026078576813898604,0.06347576086104645,0.05769154793217626,0.012637885443990329,0.035586584452383344,0.012779802865442351,0.028207648179989456,0.01025610504892667,0.013347895534940627,0.02930666469662183,0.02807330114586582,0.03535429244039395,123:65536
-2.0376589304760273e-11,0.139697578804802,0.139697578804802,1.2019707560539246,0.03056638272408994,3.2249412917776086,4.618609733244928,1.2615613854777583,5.826659694095241,6.884729931299958,0.01951541352392387,2762.6953125,2786.616754046619,0.02084252897527508,0.062019540650854146,0.5394128172293585,0.3777251130932708,0.05008364564743348,0.04134778967361152,0.021765426522883137,0.023739174506327964,0.01811618688619604,0.020258563501304595,0.05881172214818943,0.017787840187088004,0.027220651426747882,0.030745795734951314,0.033170689895511446,0.02525317288557006,123:69632
3.973643636356883e-11,0.14459198858885455,0.14459198858885455,1.0424880683422089,0.008386669448976548,3.0610393777971776,3.814253186520456,1.257081794814585,4.794828241621545,5.669435651134733,0.02090684316407945,2821.2890625,2812.3777578324225,0.018027313051486454,0.057081318242195894,0.542076079398414,0.3828152892600724,0.02265081088821073,0.04475245654154064,0.047196168279059224,0.01695685329181047,0.03168900942890005,0.020599758104996355,0.053165568790570536,0.017209778368956482,0.0038506737947192914,0.06111541919728867,0.042291465451222664,0.027967105818613697,123:73728
-1.5659473717732908e-11,0.13302907143472742,0.13302907143472742,0.9286897778511047,0.02010819240243332,3.017585186581103,3.60636627719025,1.2563642683281555,4.530909729199522,5.354570488371361,0.017696733846785807,2838.8671875,2790.0083658788394,0.023550282617494686,0.06721369223277149,0.4995005800703461,0.4097354450228804,0.03736788104995494,0.0424726755519861,0.033275690652313304,0.02051164149382008,0.02306104456108373,0.028469839939608332,0.03567261046993593,0.02273836799297055,0.008986660868260452,0.0147338550988808,0.00950169866657653,0.03160433502016365,123:77824
9.368505970996921e-12,0.1434068973117937,0.1434068973117937,1.1817681789398193,-0.016644390987681064,3.20061434369388,4.356727876690643,1.2586951643119246,5.483792310651711,6.491622557384318,0.020565538196595345,2762.6953125,2812.3309640945618,0.02004085114417637,0.05940075064343365,0.5396708052214071,0.38088759294235813,0.03465181609773922,0.039327579148367174,0.0321916090661918,0.032276294530823466,0.030182270835643454,0.015050867534856913,0.044571263617282454,0.013472707829545193,0.012100879363857604,0.04281434438201825,0.01645752244148291,0.033831004226337,123:81920
3.552713678800501e-14,0.13984507032084872,0.13984507032084872,1.028850942850113,0.032892720539844274,3.010033922258875,3.9563062284567825,1.2594001195561313,4.982572537154769,5.9079410767550335,0.01955664369304313,2821.2890625,2826.074581043679,0.019957986271453194,0.059890604984076994,0.49609880432138953,0.4240526043719468,0.04638422970685013,0.04025555192594755,0.04875207421826621,0.0259457588263355,0.017475027703370782,0.0155655921834052,0.019569722024530483,0.013625993997070889,0.015102031355634524,0.061339459364066866,0.025336467910469656,0.015453803239946254,123:86016
8.713207932942169e-11,0.14326434731086693,0.14326434731086693,0.9571158289909363,0.04551286407543051,2.9425062413751384,3.4201651714036223,1.2562565568297914,4.296604922046678,5.09175347212176,0.020524673210408708,2821.2890625,2830.543947715962,0.021453595475717843,0.05166969883567718,0.5250475772040377,0.40182912843584545,0.018783225946912573,0.033140851594331736,0.03400539412489011,0.025923750033945023,0.04509955116059096,0.027369066996574043,0.04670521123625367,0.02252678248502087,0.008757731901649113,0.03988902880517341,0.03637631886355258,0.047431896723970704,123:90112
4.6780357365605596e-11,0.14518765863348546,0.14518765863348546,1.1903908252716064,0.021589450158412633,3.4502148341635555,4.1236290478831465,1.2750920948389937,5.258006801040462,6.25127889262994,0.021079456219473502,2897.4609375,2822.738025432736,0.020014972680268844,0.056403332102830966,0.5310488741041671,0.3925328210652937,0.021019384618443562,0.037296067808109436,0.03960864239870568,0.030387101712197093,0.027381352640776877,0.005269076295972619,0.062421572154859974,0.002759652208738815,0.01626138089727997,0.06670385431452842,0.032209583177458395,0.019773406455233088,123:94208
-2.3598900611432327e-11,0.138750009054898,0.13875000905489798,0.9980784356594086,0.05519087344584515,2.9432599827841557,3.6057753400392847,1.2452531548706618,4.490103117971114,5.277963795329506,0.019251565012734277,2821.2890625,2832.038504766936,0.019975810257963744,0.0597481097244333,0.49203115828667077,0.42824492167898826,0.022029960724863382,0.04891299467181353,0.05628607194988437,0.017232444908819314,0.034764469471459905,0.03728737842622644,0.03815740183614682,0.03649010425372355,0.01202354739985923,0.020611890574278806,0.023681694820743775,0.030671326713170143,123:98304
-6.887646009090531e-11,0.14375944471061802,0.14375944471061802,1.090720146894455,0.028561039739033442,3.181604075781132,4.129089986160086,1.2606400245627192,5.205296101610737,6.155876838728318,0.020666777943505247,2821.2890625,2805.8675879132616,0.021160979296350402,0.05799777522519669,0.5488986420145264,0.37194260341553964,0.02257306759212437,0.03003947446210062,0.057193759476373805,0.06202575860833599,0.020924194485216208,0.015588907862224981,0.043799753120509315,0.006277724010283653,0.023197517514008233,0.029605800696584684,0.015356758299696155,0.02243940797402341,123:102400
1.3016809852217648e-11,0.14425651483250207,0.14425651483250207,1.1667707562446594,-0.0056721398691961565,3.2674850666800945,4.045640082842093,1.2693444249384378,5.135310684498689,6.117559343228198,0.020809942071619892,2838.8671875,2816.4241646606056,0.02089033363373791,0.059629727404723595,0.5070003620019798,0.4124795769115046,0.040952615870794365,0.016389501641818863,0.027667993935167008,0.027329732228519976,0.019708343556227668,0.006048569034818266,0.10588612311650905,0.005686256552851044,0.02355646315193602,0.04011462166746729,0.02634379955998785,0.021134383339642578,123:106496
-3.548517035767418e-11,0.1482729278163714,0.1482729278163714,1.1556977033615112,0.01939251581985904,3.177855181594264,4.016057702536909,1.2676774388232197,5.091065742552589,6.054396368988059,0.02198486112323889,2821.2890625,2824.9611101586115,0.017808059171197745,0.052370888883614575,0.5463798646767607,0.3834411872229412,0.05401717173351612,0.026937096881007958,0.01964611054301367,0.04573388528010707,0.04591149607476944,0.023006902688400305,0.05748786906109212,0.02006110777943097,0.011686956839386094,0.01919276646184301,0.012954372303122571,0.04370765019941427,123:110592
4.062528091708373e-11,0.14282231861959147,0.14282231861959147,1.0044629871845245,-0.006625430198770426,3.115331804572383,3.8277387973618953,1.2597382804802726,4.821949090750063,5.701819106968904,0.020398214695876108,2821.2890625,2830.774090883702,0.0209503477571054,0.054784545374640364,0.5070468728092207,0.41721823401000957,0.03187354745243447,0.03312522521668451,0.036077868385875254,0.020657366095506818,0.05214986084276804,0.021952651928901664,0.036104842471206114,0.012574019239416888,0.027100961556768863,0.038046914528288685,0.03093568289391265,0.05016675347460915,123:114688
2.4151591837551223e-10,1.0699467456842513,1.0699467456842513,9.407378196716309,0.025229589522374123,6.548903365389727,4.488484340146604,1.5709622740051536,7.051239565839822,9.724095050579788,1.1447860386003197,3401.3671875,3203.5678158980627,0.0005781403823396481,0.0019518164820583673,0.3036902327324615,0.6937798104022669,0.005409586322549905,0.031845658837034135,0.03209787794702826,0.43587832310656277,0.08709563959468856,0.04065503508791134,0.0037654666597591985,0.040784030696527106,0.0009554624405656747,0.01533966881539248,0.009692505549798431,0.0875158243889343,136:0
6.554614628839772e-10,1.0463275335765974,1.0463275335765974,10.088489055633545,0.024268633641466874,6.800563639931522,4.833999411907105,1.5679966560328027,7.579694913142121,10.333743637177681,1.0948013075204857,3401.3671875,3202.537374575178,0.0006307528642462008,0.0020453392920094376,0.30600317316170317,0.6913207346811279,0.00452525746969592,0.030994700623941236,0.033231989841985964,0.4355157513858761,0.0864877153266656,0.039139051907265465,0.0031392903994666545,0.03903985789074536,0.0008608914447592017,0.021591840849413537,0.008577349719268185,0.08592973610365906,136:4096
-1.3799450471196906e-10,1.0635194428616475,1.0635194428616475,10.282785415649414,0.029083819375372758,6.787360214721111,4.878114116841485,1.5662019721078217,7.640111949971323,10.443761727703206,1.131073605344749,3401.3671875,3203.448403821313,0.0005484540583192011,0.00192113257506953,0.3041424646524569,0.6933879487132701,0.006105753087187451,0.03098484656726388,0.03299694762233697,0.4320034454652855,0.0838137721610686,0.044066971973162845,0.004108401506659709,0.04435786062951561,0.0010853367176775124,0.020668946758912773,0.008669079033344478,0.08221300864804437,136:8192
9.235208153768326e-10,1.063700722173036,1.063700722173036,10.215117931365967,0.04037343045113702,6.946001804633798,4.90852394598802,1.5620915109307842,7.667563587235571,10.433220863689044,1.1314592263514378,3401.3671875,3204.3816548497566,0.0005885173562299401,0.002093379930123934,0.30250013744645105,0.6948179652663112,0.007211357401538553,0.03105914395394464,0.03135266112517421,0.433917132183863,0.08549841468607577,0.03815885339833766,0.005442783167068431,0.037937296424703414,0.0012421129741471886,0.022239360118761525,0.0103940472607664,0.08439418729527062,136:12288
-1.1077716521867842e-10,1.0354600155508196,1.0354600155508196,10.327240943908691,0.023168621875167942,7.14007247991838,5.03609632611304,1.572075621315678,7.917124260887408,10.820850258136849,1.0721774438045033,3401.3671875,3206.7625366755356,0.0006302378687461071,0.0018818313261578948,0.3004044153910858,0.6970835154130776,0.006976537539957663,0.02935731112414883,0.034180740384437455,0.4265466451938931,0.08515073017737547,0.039243941660323266,0.0054322464587677165,0.03915111593671109,0.0010737980080464948,0.02936979633079835,0.013598710402201092,0.08375741991245213,136:16384
5.030287297813629e-10,1.0518467385756074,1.0518467385756074,10.335525035858154,0.03402159767698279,6.999596042730082,4.931869690214145,1.5669009340429256,7.727751224181886,10.543596860429684,1.1063815614521422,3401.3671875,3207.396099771446,0.00047660405565587384,0.0019068747834107495,0.29900268028150967,0.6986138408785199,0.006588421237865957,0.03173546537527575,0.030093041948152134,0.43351000599694584,0.08497646587938713,0.03923464965472489,0.006078162105072054,0.03911846779929972,0.0010172725410637553,0.02394830116288503,0.010020831686515413,0.0843178001114875,136:20480
1.7001866581267677e-10,1.0612562350775387,1.0612562350775387,10.0987229347229,0.02348632219809139,7.199316277647412,4.887472402917843,1.573025314136202,7.688117811939104,10.531676788067813,1.1262647964909522,3401.3671875,3210.1336689080695,0.0005612770437444045,0.0019530816028084654,0.2947803355639626,0.7027053057885965,0.011415087311341792,0.03926991559993106,0.03687258863895005,0.42600925074451595,0.08202391139302091,0.03953539636074967,0.0029103048058867135,0.03971301268984147,0.0011876628347596498,0.02595819419867198,0.009152900364136818,0.08054598898845004,136:24576
5.102285260960571e-10,1.0236849037796787,1.0236849037796787,9.759830951690674,0.03550055853183963,7.03227447607804,4.776586960513914,1.564702923068905,7.473939579416238,10.179545398194046,1.0479307822264101,3401.3671875,3209.34167133154,0.0005935866052069094,0.0021922454436032954,0.29644590049038116,0.7007682674598541,0.008282845792304603,0.04242975397924971,0.04013979773950696,0.4290872219121226,0.08427781946703124,0.039190979913926074,0.0026101746271987502,0.03876918558109016,0.0012223191450860427,0.019929049825934575,0.010698926345176068,0.08394604992797955,136:28672
-6.398792606887582e-10,1.048725961070228,1.048725961070228,9.2433762550354,0.017321351079822245,6.605022587977322,4.605750988060676,1.5706556134632894,7.234048643618492,9.924775086123763,1.0998261414226733,3401.3671875,3205.320776860964,0.0005603617700351368,0.0020793948941488184,0.2999784463022002,0.6973817970327066,0.005754005735439086,0.03677212471795825,0.03726986442463554,0.4387815980905188,0.08695870491219215,0.03901365360184643,0.0040400586211681,0.038697770974607,0.001378709724798612,0.014525857883937914,0.011066940848042505,0.08665777766226364,136:32768
2.2379931241545137e-10,1.0391342301948105,1.0391342301948105,9.919554233551025,0.03024240830743936,7.1253688428102375,4.904567270032339,1.5681247307837605,7.690973229937707,10.50545715248323,1.0797999483625615,3401.3671875,3206.8470340225813,0.0006169337768322748,0.0019408180014339517,0.29937111870731775,0.6980711295134899,0.006596865103476734,0.034442776022275225,0.03423984100353429,0.4430392544878588,0.08873192336727978,0.040878778373304454,0.0035908254195834394,0.04064558617067377,0.0009193054336901597,0.01659543382216652,0.010270752595499685,0.08792155396879,136:36864
-8.786074090494367e-10,1.0547436300452404,1.0547436300452404,10.217560291290283,0.04234975257214536,6.937280770009827,4.926422840174747,1.5616212205335438,7.693206448545311,10.467352754135046,1.1124841251210114,3401.3671875,3209.548131602627,0.0005597904010108853,0.001888500805943015,0.29405126598041925,0.7035004428117279,0.00611028119097667,0.03292449629513578,0.03438337288994134,0.4520878104406004,0.08510876586870467,0.04121580809670192,0.003053151073111008,0.04110319351011993,0.0009594117582147728,0.010476747693744973,0.01025990200918899,0.08426450545371873,136:40960
5.452100992897613e-10,1.0665764945992302,1.0665764945992302,10.190094947814941,0.032855742408685634,6.9656234685315255,4.812702881059263,1.5678598583561585,7.545643657414926,10.306806393498377,1.1375854188315817,3401.3671875,3210.190177515175,0.0005212229876585183,0.0018553672964726508,0.2940014432665667,0.7036219664484231,0.005701587827769623,0.03477054872281495,0.038308119186423094,0.4467332191780609,0.08526806604673604,0.03968603674741724,0.0033160298517915464,0.03955701478085144,0.0012128335099824369,0.014088296433173502,0.012490665005388696,0.08528053540465194,136:45056
-3.901616807411301e-10,1.03043963029533,1.03043963029533,9.869624137878418,0.0398844429318565,7.0868857541590895,4.8981296501293246,1.5744091265422078,7.711660024158084,10.575271178992992,1.0618058316831767,3401.3671875,3208.9744097787498,0.0005809570888975688,0.0019414625225192322,0.2965769895987672,0.700900590788874,0.008746560110073208,0.04093972778921685,0.039935336888507734,0.44316978026245313,0.0863324054719597,0.03993781308876063,0.0025732609295016236,0.03934082391793576,0.0008404881949544029,0.01621304567080785,0.01129293460357077,0.08596511428742656,136:49152
-3.071889409511641e-10,1.0661038281893855,1.0661038281893855,9.941735744476318,0.02783676070917643,6.787612113320795,4.771835568624674,1.5618643554228702,7.452959884580894,10.172096721113839,1.1365773724800625,3401.3671875,3209.8221876111556,0.0005173618760856481,0.0018283678727817718,0.294088522869613,0.7035657473806396,0.0061927733526485505,0.031027671037516455,0.03573562139876383,0.44417271248213824,0.08379089080897328,0.04151074995838158,0.0030571748517014175,0.041536049618560694,0.001287438495943927,0.0166798097223021,0.009789712690208282,0.08304631250118219,136:53248
1.7504930838185828e-10,1.0630021891111192,1.0630021891111192,10.024963855743408,0.028990063564416937,7.0230826620634765,4.729145014595151,1.5740762922711442,7.444035050193505,10.204816286127887,1.1299736540550316,3401.3671875,3210.256487514592,0.0005502181133007582,0.001903581250312846,0.2940724910099034,0.703473709625598,0.007388228299128714,0.029988397650089142,0.03369873350824779,0.43796257758290885,0.08672731137781405,0.0404497059723361,0.006420664693656646,0.040229886186991526,0.0020372189398957115,0.023268935234788096,0.009128489696912835,0.0858312026637621,136:57344
-8.317613264807733e-11,1.0422230298098232,1.0422230298098232,9.968619346618652,0.027773857099570733,6.889492714345899,4.803155265984393,1.5761454871302976,7.570471496474689,10.402307362221093,1.0862288438659673,3401.3671875,3207.8677129793828,0.0005465001251096963,0.002121407202187501,0.2952279747177257,0.7021041179540564,0.010597322620741118,0.0342053153435143,0.035264305475033265,0.4352044224019603,0.08526492907790885,0.040075519120187135,0.00712588923606955,0.03982343783720798,0.0016938464011163413,0.026886814217407073,0.008686941004579363,0.08443146371007659,136:61440
-3.008771010115652e-11,1.070198115434895,1.070198115434895,10.28708791732788,0.021761029508598165,7.21204715311591,4.822861683120406,1.56835004916847,7.563935357861688,10.284943629275572,1.1453240062804007,3401.3671875,3207.683413458285,0.0006248368607554421,0.002265469472649966,0.29795332601732893,0.6991563676483923,0.007507389542129297,0.03056360219633546,0.030754562409734176,0.4380415658813093,0.08850326846693694,0.04305154920310633,0.003916017010712459,0.043232528865192354,0.0009168320168438109,0.018058383365339124,0.006815239463547193,0.08716040977152809,136:65536
-3.2244074077425466e-10,1.0781903028948605,1.0781903028948605,9.081957340240479,0.04205852089515162,6.455846601531717,4.236550507029695,1.5637124462457168,6.624746756997082,9.04525901591328,1.1624943292565109,3401.3671875,3206.417506840902,0.000693302503038372,0.0020972439311260876,0.29900096696398176,0.6982084866009934,0.01006408389925506,0.03383660757187229,0.03439935640989345,0.4410121287086842,0.08779957435106449,0.03753725862681935,0.002437898878590054,0.037485886776292734,0.0009142380493695534,0.02465442751082174,0.006775490169006724,0.08680249798853198,136:69632
-9.795630973030711e-11,1.0589132828038677,1.0589132828038677,10.05313491821289,0.025718620808503432,6.839543157710078,4.914824890943612,1.560441114845098,7.66929483209973,10.400605722557193,1.1212973404984636,3401.3671875,3206.331727387698,0.00055799227636832,0.0019620572335404167,0.3021282744361127,0.6953516760530868,0.00739170004044395,0.027759963387776136,0.03003623011421931,0.44143946683160973,0.08670217193719496,0.04043060807501497,0.003275939013354643,0.04052507444680972,0.0006598374607486448,0.01633455105134234,0.010318470714339873,0.08632356478772589,136:73728
-9.82048220521392e-10,1.0757013218995193,1.0757013218995193,9.856356143951416,0.04102275699612058,6.874328160339177,4.6178614364003225,1.5637594314612666,7.2212243743589895,9.787687758139919,1.1571333339363732,3401.3671875,3207.68723724112,0.0005184844278778894,0.0017571220319899307,0.3018686120215143,0.6958557815177535,0.008170700089689226,0.02761984188214727,0.027334318816434777,0.4480143467818516,0.08732901677016071,0.038925443102582835,0.003370351937337899,0.03892259284429144,0.0005690526848831107,0.021660918537837703,0.007933431091380963,0.08691122178653359,136:77824
4.894289418189146e-10,1.0547394019151375,1.0547394019151375,10.128954887390137,0.036102855824932965,6.821295827125661,4.920436572781544,1.5605389701213979,7.67853302184345,10.386973688597196,1.112475205952302,3401.3671875,3207.798696983162,0.0005451519407822203,0.001893026762794339,0.3013231684753929,0.6962386528201315,0.00888285317757627,0.026586992393555393,0.02690738895267439,0.4470415221686218,0.08919842849771217,0.04226133417556523,0.0033665614585025212,0.042552201346626906,0.0006310902519603917,0.017726553928511798,0.00789196246041243,0.08857581980946018,136:81920
4.638422979041934e-11,1.0553809927089315,1.0553809927089315,10.165284633636475,0.025569080417021692,6.885271040644845,4.870784111081037,1.557112283494736,7.584357769622459,10.25304411945076,1.1138290397712898,3401.3671875,3211.8894883291755,0.0005468361199575789,0.0018053746304782187,0.29528714201641687,0.7023606472322496,0.005276411004511564,0.030414211954343056,0.03133969570347622,0.45074216597131356,0.09001378318351026,0.03963290816765805,0.0034141048198655416,0.039537044642702496,0.0006924573806369218,0.013752354118494634,0.00930867980941258,0.08973215291819094,136:86016
4.8395065732620424e-11,1.0690530915167138,1.0690530915167138,9.784686088562012,0.03001477420956456,6.75719184147173,4.5939408499964625,1.5729526972124381,7.226051650843097,9.895571757608908,1.1428745124814432,3401.3671875,3207.6149859059256,0.000517898351051948,0.001782908829224243,0.3008691512260786,0.6968300415927702,0.010973996374886942,0.035853377683240296,0.03190185058543568,0.4462810789201504,0.08927819454725103,0.03920376720362458,0.003275568324080857,0.039226102428380386,0.0005404693982577979,0.016517808992582202,0.008228355304120536,0.08928372777801372,136:90112
4.5410963878111943e-10,1.0480605880131133,1.0480605880131133,9.878965377807617,0.017027643225133657,6.848264304519746,4.731606341197294,1.5636781439822718,7.398709421665192,10.051694065553642,1.098430996146393,3401.3671875,3207.5218985853135,0.0005636735676150147,0.002024435987659835,0.29998052930125535,0.6974313611425592,0.009535542829328099,0.02939768857552336,0.03064571829192112,0.4407348902034223,0.08505164789117017,0.04116632781321984,0.0035679486955674726,0.04127866215386626,0.0008085489595693089,0.017041064560833274,0.009345508296695788,0.08555916019448222,136:94208
6.56199539150748e-11,1.0689784719119153,1.0689784719119153,10.175183773040771,0.02160076376717049,6.78900174959992,4.877803801366464,1.5709593064213392,7.6628312766612,10.514047838543004,1.1427149734111335,3401.3671875,3207.775178585594,0.0005068798487386672,0.0019340391237249808,0.30011335334702904,0.6974457276796322,0.006497738760421576,0.02915324980351844,0.031192172570465776,0.44675802136602916,0.08922578025203717,0.041226163814705646,0.0040481445205715,0.04107730693548418,0.0009183907526684715,0.015685390365051195,0.008517902032066304,0.0893376785139623,136:98304
4.75139927402779e-10,1.0776005606548689,1.0776005606548689,9.951842784881592,0.043182846745035725,7.053222223517484,4.7231315445323245,1.5744641695836057,7.436401385103121,10.173563552282488,1.1612229683236874,3401.3671875,3205.6428098312304,0.0005751695833012214,0.001868891326002179,0.30232187178168884,0.6952340673081467,0.011352316991028507,0.027319474654770713,0.02841822858343944,0.43886325876043075,0.08749766206568572,0.03985896591841993,0.003905280923103447,0.03990322283717056,0.0010592890492901676,0.019429923995023354,0.008980651489886141,0.08798243424573901,136:102400
1.575148900201384e-10,1.0611884172614006,1.0611884172614006,9.927067279815674,0.0347775910964958,6.955204808408045,4.78609447513333,1.56835965044147,7.506317458007034,10.245624533698804,1.1261208569297563,3401.3671875,3209.5649267078306,0.0005165724540808718,0.001816924585522653,0.2978582784772477,0.6998082244822605,0.009605852468014901,0.02853973303164209,0.028325630266511508,0.4452742345147555,0.08619902853002988,0.040362068010690325,0.004225848461331527,0.040382909270605255,0.0010677618665129122,0.018305005334482018,0.007791727701024709,0.08708680908592757,136:106496
-7.291536263664966e-10,1.0984276891059777,1.0984276891059777,10.260310173034668,0.033137614039667376,6.561923691352766,4.689186705981511,1.5709048352513486,7.366266069829406,10.134954613699882,1.2065433881946983,3401.3671875,3211.079032018978,0.0005110003052001196,0.0016866450889091392,0.2946635319496068,0.7031388226554549,0.005511006154725757,0.0317100850668043,0.03139999998214966,0.4441343392203597,0.08748429054942593,0.042956029416745964,0.004060310538484535,0.04320851351537022,0.000914633349043264,0.023096537835227093,0.006685377458381391,0.08675590150034715,136:110592
2.909086305180608e-10,1.0794157427884004,1.0794157427884004,9.83932113647461,0.024322391633630213,6.702670542251829,4.685650143578349,1.5664460524319128,7.339818170492132,10.031840042616386,1.1651383457794342,3401.3671875,3212.32924667812,0.0005754062779461103,0.0016716726019799755,0.2934494096807731,0.7043035114384426,0.009999574101797032,0.02521831472291304,0.025686159659089984,0.44531460193844596,0.08755298732914585,0.038059400387945135,0.004788843371039624,0.037650781458375984,0.0008109859829327353,0.021475009432181197,0.007637822210875713,0.08682018788532814,136:114688
1.0015099860538612e-11,0.2788984208891052,0.2788984208891052,2.958812713623047,-0.13958502012905902,7.6210318920487135,5.3608703942192,1.4685061352963364,7.872471064467611,10.011526454725146,0.07778432917443649,2545.8984375,2728.8243009767734,0.005090424169577537,0.16973171878259452,0.4681095076216984,0.35706834941327337,0.0004769677196716591,0.010745773363207176,0.010946419887927928,0.03449201485739811,0.01621081579520629,0.09904296733081784,0.2838206076707074,0.10080410611684593,0.04467864622648382,0.0014057443414159478,0.0022095561577795855,0.009214427083139552,111:0
1.8632917431204987e-10,0.2782908097736482,0.2782908097736481,2.9167425632476807,-0.16794000621943272,7.849924877244216,5.396555294077864,1.469972422001756,7.93278745613054,10.08140528637791,0.07744577480447283,2545.8984375,2728.4456912540873,0.005507179797250064,0.17267232179207384,0.4641826604559047,0.35763783794185894,0.000662157131111398,0.013217030813321418,0.013028805374955387,0.03214264986067644,0.020123680409550856,0.0948457464350673,0.2788261844026771,0.09625355022816917,0.04535048302803111,0.00143014140504342,0.002659386757058756,0.01325459018950521,111:4096
-1.9756729585651556e-10,0.2796390509099225,0.2796390509099226,3.030322790145874,-0.09803937922963138,8.145058859879608,5.6771694236883965,1.4681943521623957,8.335188084158153,10.545669074474556,0.07819799879380225,2545.8984375,2756.5943950825335,0.005623226789632909,0.1680920765041055,0.45617097098403064,0.37011372570944295,0.0009601117245012006,0.007189217270236726,0.008307698356970757,0.03042356247423887,0.016328953487936965,0.09244413336382845,0.2898392734434317,0.0938873777140129,0.051576256127676856,0.001721411486896834,0.003949918055900176,0.008747612150316296,111:8192
2.240794216845643e-10,0.2764704434665481,0.2764704434665481,3.124379515647888,-0.1430470133740675,8.19034013151048,5.949055306887224,1.4649006520661816,8.714774998268393,11.024067829617355,0.07643590611058976,2545.8984375,2744.384356923277,0.005402348496232187,0.16933921544149477,0.4602180419586028,0.36504039409058747,0.002240592155693585,0.012782019591423239,0.013121731634202353,0.02667364584209542,0.01840395765286976,0.1013283699559162,0.2786323053912168,0.10401414196427593,0.052361017802459296,0.0012764671705250048,0.00462580636887994,0.009396501036081289,111:12288
6.551026388024184e-11,0.27789302870054944,0.27789302870054944,3.0135579109191895,-0.1460627757156224,7.885002892971629,5.498354338431664,1.4623379315001312,8.040452109945864,10.120887055892965,0.07722453540036438,2545.8984375,2739.6830911506263,0.006035460498660352,0.16848431015381427,0.4616951315787399,0.36378509775583623,0.001497949499568437,0.009662108447673349,0.009585929817663113,0.03190703946041299,0.0172170777842452,0.10360628445231039,0.2780630710657908,0.10496272030499385,0.05158554107881888,0.0022924433859025438,0.003391783327154437,0.008633091559617048,111:16384
-6.4925842480079154e-12,0.27661633725467555,0.27661633725467555,3.1317235231399536,-0.08503430418460824,8.212115331000739,5.969217670721852,1.4708065134218244,8.779564230162089,11.145952688715113,0.07651659803619242,2545.8984375,2745.090201943635,0.0052118163340020415,0.1670003117622387,0.4642885100359771,0.363499361854713,0.0013406108746880849,0.010302511014575431,0.010759330939625864,0.03004153594312372,0.016859745611242025,0.09339218428647829,0.277010698473546,0.09472915437026802,0.05085806875143626,0.0026230966147342224,0.004173064592699403,0.0072588194210052425,111:20480
1.3516299190996506e-10,0.27814671388027534,0.2781467138802753,2.959912419319153,-0.14952032676884383,8.002923065925355,5.475999446771392,1.4642659481184406,8.018319521851595,10.126357035427718,0.07736559444239573,2545.8984375,2749.4999609233964,0.005680255825418302,0.16668943874544984,0.46245454366164546,0.3651757617545606,0.0010092954044372097,0.009724854607988484,0.01101193129265865,0.031681771036350205,0.016937742911545286,0.09890281077058803,0.27761854242872347,0.10124245856100447,0.05208310215773061,0.001558524108607755,0.004783961436860071,0.010702319551724376,111:24576
-1.3656098474257305e-10,0.27716691387287035,0.27716691387287035,2.9838714599609375,-0.1281862896324673,7.886580599531327,5.532043578634757,1.4724873183279854,8.145864014006834,10.37049126797002,0.07682149814581116,2545.8984375,2731.1811950083425,0.005442175953291838,0.17105120722733833,0.466127685941566,0.3573789308647865,0.001388859553039469,0.009339603501471857,0.009228833504124656,0.03517310381723259,0.01917677993588347,0.10245704008594418,0.2741172800479201,0.10521491758739676,0.047226780739569256,0.001939786684729617,0.004284623456284374,0.012373769849777118,111:28672
1.1799006216506314e-10,0.2747943806525343,0.2747943806525343,2.9894338846206665,-0.1338608757283066,7.83051857158352,5.5018190332320716,1.460794399997796,8.037026433575944,10.159829487723991,0.07551195163820992,2545.8984375,2722.3355605879055,0.00562360384122327,0.17156960986340802,0.4650813426690344,0.3577254436130913,0.0025225483094781878,0.009683786642123287,0.009587663976093569,0.036667293218652836,0.02164744781028892,0.09728590952751293,0.2682420890527356,0.09861633845993871,0.05204834445838442,0.001446415749746181,0.0032832616988159712,0.016168609887574757,111:32768
-1.0437339881264052e-10,0.27794800475882536,0.27794800475882536,2.9053890705108643,-0.14313102828111027,7.691449253272078,5.3866516271875176,1.472837439789013,7.933662191650727,10.127413393979294,0.07725509334941201,2545.8984375,2751.9219906353937,0.0057388161556549255,0.16787155025372505,0.45360350354302786,0.37278613003464783,0.0010642119039678839,0.010368014834357325,0.010862744833560506,0.03391878078433375,0.016581676762148567,0.09040855070859782,0.2685925357447363,0.0929482042319504,0.04580293967053889,0.0015531461443831,0.00456043618048311,0.014190741711535124,111:36864
-2.08560280157144e-10,0.2777468410762275,0.2777468410762275,3.046441674232483,-0.09874916999612762,7.77990022049948,5.579457360208591,1.4546792909785387,8.116321076822443,10.220721798986943,0.07714330772782316,2545.8984375,2735.053345011637,0.00537908050063914,0.16898363044868328,0.46702901847204814,0.3586082705656665,0.0013447609298440914,0.007726673911339972,0.008004425407633397,0.029718080195481913,0.018449742903425322,0.0883600505460097,0.28179088610990344,0.08988495024419915,0.049010766508551906,0.0012270172304561483,0.002735364750564395,0.012203700718157578,111:40960
-3.4642955171193535e-11,0.27744012785632305,0.27744012785632305,3.0875500440597534,-0.05125792087042435,7.373802287737362,5.730771264561968,1.4556313027258365,8.341890041488194,10.562707627378886,0.07697302454493286,2545.8984375,2722.9078947887037,0.005686810407386554,0.17031343752535705,0.4726103583550086,0.3513893936992563,0.0013646988313717086,0.008503049820958017,0.010024881760353158,0.029278900333478932,0.01825824412148103,0.09462828355624874,0.27400421988331275,0.09664982536394506,0.04867405686301475,0.0029182154573465127,0.0033177046302721555,0.01160214356707109,111:45056
-9.315348492577868e-11,0.2759040482727409,0.2759040482727409,2.9484102725982666,-0.12302254058536072,7.763420297761064,5.465390068992,1.4626959200655991,7.994203755510616,10.170396510741385,0.07612304385328694,2545.8984375,2726.67644260949,0.0056873222510442035,0.17038161362308374,0.4630189044353092,0.36091215967742624,0.0030723802181116286,0.008118987786282297,0.0072773623204518325,0.028264592355576316,0.015876013439767613,0.08940739969204574,0.27886417535685776,0.09172362684512245,0.045107130867686265,0.0025279610433303675,0.0032165747704947754,0.008903814494118681,111:49152
-1.471422983456705e-10,0.2765727986719036,0.2765727986719036,2.9073407649993896,-0.11157722113278432,7.815258469847132,5.364806407418461,1.4610901016050384,7.838465538934742,9.902826067140646,0.07649251296520933,2545.8984375,2727.2786254603902,0.005650861487607382,0.17177252817877112,0.4665406665725878,0.3560359437479604,0.0018715650978014516,0.008629153022908691,0.00863623671886901,0.028570054378265874,0.01766975665429,0.09663308828682941,0.2803637363149444,0.09741861332433874,0.04114685610887721,0.0009131683332688292,0.0035681353525552585,0.01061214101668736,111:53248
-1.8976997750996816e-10,0.2782117614351387,0.2782117614351387,2.8714873790740967,-0.12481933339338074,7.5721185823679695,5.186661755746002,1.4546471105222192,7.54476253627914,9.540945370639026,0.07740178420084254,2545.8984375,2724.9338480838032,0.005880768965053778,0.1727066058469059,0.465329739921622,0.3560828852534986,0.0011715329590446168,0.007493794645283783,0.008313098208454961,0.03006482613903262,0.01911143655330453,0.10441183549698664,0.2841670834896326,0.10578485690695232,0.046887569649733854,0.001331610765451342,0.0035705148146787345,0.01148105124671502,111:57344
-2.730971004893945e-11,0.2755136755548994,0.27551367555489936,2.9861515760421753,-0.04239182535849353,7.456273267631114,5.446814862228951,1.4510604538791994,7.903657646210597,9.967306305697107,0.07590778541777038,2545.8984375,2723.379237558055,0.005704625580199159,0.1748591981681892,0.4597778475659647,0.3596583286724728,0.0014319946150908574,0.007707833183495479,0.0077814687806960865,0.032886332062344814,0.018131083673974046,0.10413905729533939,0.27979185799843354,0.10618167484230409,0.04620463920345685,0.0017322730840493292,0.006529873870328198,0.011741692937069326,111:61440
-4.488021065895964e-11,0.2800572950517243,0.2800572950517243,3.10833477973938,-0.21426322166204437,8.05985273128634,5.776401806142075,1.4686386040999013,8.483446685322937,10.761152647828679,0.07843208851168854,2545.8984375,2727.405899377495,0.005501136322726238,0.17395667292597694,0.4608852880888336,0.35965690264971323,0.001792869935517653,0.011097743926799988,0.011146770349908708,0.030693723126819835,0.016954931579047837,0.09715234288297894,0.27886849919195084,0.09883158176516225,0.043159480330991325,0.0006382782966093672,0.0040107750565827206,0.010889971918858562,111:65536
4.721625868064905e-12,0.2777985440353204,0.2777985440353204,2.9954673051834106,-0.13577067864064885,8.0464254248728,5.700668310742,1.4690880981743935,8.374783966981145,10.58963364811028,0.07717203106814385,2545.8984375,2720.5438913941443,0.006250502804788503,0.17313599473861738,0.4675997300949499,0.3530137723486861,0.0017092823943067213,0.007457005584851744,0.007384795948159063,0.026194088095367305,0.017965405565921976,0.11153106821278769,0.2849800772134095,0.11255924270426783,0.041372929385545716,0.00047820560625255575,0.0032751910022804113,0.011205615082645951,111:69632
-1.0600798017179613e-11,0.28022960035178074,0.28022960035178074,2.993232011795044,-0.09768776637082845,7.797317861454786,5.444918759174804,1.4555934305034568,7.925587975508161,9.989523964612154,0.07852862891331876,2859.375,2730.6270065645504,0.005345120625947428,0.16871534374966224,0.4706833850137233,0.35525615059793275,0.002663240093302393,0.010148611766723749,0.010797287404376648,0.030897152488764755,0.019517124277264392,0.10303985044395722,0.2762220889549738,0.10413824038449455,0.042840706060717486,0.0005036353687885697,0.004549732264877828,0.012431804821123894,111:73728
4.1797232341878043e-11,0.277408133423389,0.277408133423389,2.9932726621627808,-0.1116880720409128,7.869190511866192,5.526608813097805,1.4564249633586552,8.049091038142606,10.126779052973182,0.07695527248944878,2545.8984375,2723.199729047027,0.005798045247118347,0.1741484580494456,0.46524037156273707,0.35481312512770435,0.003180066125034333,0.008662680973017743,0.008890461502878757,0.02916917310037388,0.0167912306380636,0.0989617919675276,0.2826242201869458,0.10044943076035447,0.04511962081917339,0.001237908334830068,0.004395082870712175,0.008091960777539231,111:77824
5.806821690157449e-11,0.2791371762192036,0.2791371762192036,2.956284284591675,-0.06138358289924178,7.662495245657944,5.3242813541331335,1.4528281958598026,7.735266074002937,9.756248129693251,0.07791756314763071,2545.8984375,2719.735671703111,0.00582958642826326,0.1743694912871868,0.4684662248782009,0.3513346973935149,0.0018397669770591283,0.009209813247934056,0.008730615650129794,0.02772829425714924,0.01781325767659156,0.10287591754323974,0.2756738461234832,0.10449025595171534,0.04345323212363401,0.003468363644832328,0.0038032300306073824,0.008161150452547476,111:81920
-1.384160147610558e-11,0.27876109270007937,0.2787610927000793,2.997282862663269,-0.14766419714298715,7.780272674046253,5.638649136757287,1.4535612666072502,8.196121981208202,10.36119265314889,0.07770774680334222,2545.8984375,2699.2789735550887,0.005025952671889986,0.17904270835364808,0.4741698401656672,0.34176149879592593,0.002585753778007595,0.00973799835437286,0.008395070121511115,0.031057199448896497,0.018279363889829432,0.10557925288051609,0.2790127640014124,0.10695919491281476,0.039210953938879245,0.003061354448297306,0.006514636905254551,0.006786754107344183,111:86016
1.9630408409909705e-11,0.2791222188994089,0.2791222188994089,2.9681646823883057,-0.07813166169719059,7.5945663947833815,5.492984751606934,1.4631815930163936,8.037234179299785,10.182000401640988,0.07790921308332953,2859.375,2712.0076789943155,0.006117744424223604,0.1759830112020601,0.4628096481188138,0.3550895962420672,0.001816398276462604,0.010267712544888619,0.00924962849480076,0.028799552061650514,0.01771923157961019,0.10632029304665891,0.2887451525837717,0.1083011028485501,0.04243072848911017,0.0015592572464009917,0.005570109454791968,0.010139695615912228,111:90112
1.0800826899526328e-10,0.28047446583635566,0.2804744658363557,3.0062776803970337,-0.10094715566200582,7.680579804678546,5.504584380607993,1.4523140360195805,7.994385158439639,10.077663483935751,0.07866592598618906,2859.375,2706.009103474267,0.005452822520140156,0.17840399505067078,0.4680796720780281,0.3480635103384489,0.0014046909144309473,0.008836416336456548,0.008450283974137785,0.030636946347276952,0.020255395960527604,0.10374026453890026,0.2861370072647854,0.10544887633479343,0.04052208874375291,0.0008985955266330502,0.004771719367380532,0.011827009791445187,111:94208
3.298339379398385e-11,0.27995506201015685,0.27995506201015685,3.084965944290161,-0.13652325572395838,7.651825508509108,5.747177131309797,1.4606106481055179,8.394388114569598,10.624689736390826,0.07837483674511077,2859.375,2711.920942202829,0.0049615106267893155,0.17566777272359316,0.47559437708287366,0.3437763395539846,0.0024639106990836847,0.010363697734049052,0.009856235645594763,0.03182900937643611,0.018298413015423117,0.10493314158545919,0.29222322940122053,0.1066982831261935,0.03979833239157973,0.0012098274325834063,0.004501863516915089,0.011677539956663348,111:98304
1.2704504115390591e-10,0.27882460243580565,0.27882460243580565,3.00361168384552,-0.1119485901088619,7.972732857805382,5.399570076698782,1.4669599995509002,7.920953317317506,10.048700782624394,0.07774315892348509,2545.8984375,2705.0772858015484,0.005706461659372285,0.17779386449812498,0.4713522098246443,0.3451474640049953,0.003132092139862187,0.009266229734918245,0.00866780974950856,0.028593611625650932,0.017893517922403766,0.10348996674962094,0.289760335854671,0.10503451114785006,0.04244030328210203,0.0025252257351233765,0.005328181526088621,0.0113306843672535,111:102400
-1.0623502078033198e-11,0.2817494260484713,0.2817494260484713,2.905087113380432,-0.13529659699306765,7.6422268168597265,5.505588275710799,1.458640973474931,8.030676642063469,10.16416902493115,0.079382739078643,2859.375,2710.4430002289187,0.005428121699495199,0.17533306458227504,0.47511014372729904,0.34412866997833336,0.0014952733953946683,0.009600256813630303,0.00942840055668547,0.029178144863437706,0.018028098035122588,0.10644683000490517,0.2797049268132757,0.10793170070502708,0.03963898578498503,0.0031149002940691083,0.0027762759703024074,0.009698497780531721,111:106496
-7.16227077646181e-11,0.27937767507335687,0.27937767507335687,3.04839026927948,-0.06299676564458623,7.618329787895575,5.634169853083516,1.45708933046647,8.209488778993215,10.365927614577721,0.07805188532939415,2545.8984375,2714.5354700195135,0.005283995224106041,0.1792236929901635,0.4612160152775171,0.3542762964954013,0.0027126145214008634,0.008265677150562898,0.007723968299988253,0.027079682690150774,0.015310804772747495,0.10407609438002689,0.29555757843184594,0.10561123135496699,0.04355818416572007,0.0014815842096789994,0.002394084370402618,0.007199179238335137,111:110592
-1.44507739108235e-11,0.2791053474000673,0.27910534740006726,2.9599016904830933,-0.11118205189864212,7.735774490515783,5.334182916263345,1.465476923815512,7.817121971222872,9.942513641687516,0.07789979494731225,2859.375,2725.601700462626,0.005177609703153285,0.17357133418511703,0.4647642768112456,0.3564867792876469,0.0048923320442134256,0.009190370581681267,0.007803589987276017,0.023338441081939883,0.022550581560649895,0.1098287963457492,0.2880663837665596,0.11197504913993679,0.04476450762290905,0.0008353095558398947,0.003979811162118479,0.016297236455806947,111:114688
-2.8066438062523957e-11,0.14271096817573928,0.14271096817573928,1.126162827014923,-0.009493803409903554,3.128640406910541,4.016244482009529,1.2548238630554216,5.039679415925532,5.93753250109096,0.020366420437656862,2859.375,2764.3100481561,0.019340119883330776,0.07114054558981464,0.5569755210544569,0.3525438134232974,0.025826605053514733,0.0409294967525513,0.05895080302061854,0.02949900438042578,0.013523810624770025,0.04751629467091237,0.015537981857931408,0.04842814915151096,0.010228365607782789,0.08066736464649557,0.010957026780128989,0.01558481388640747,124:0
-5.112354983793921e-12,0.14753791203372515,0.14753791203372518,1.1678550839424133,-0.011600774119410644,3.2104865639447744,3.9764217455768356,1.2646672374892074,5.028850304104753,5.978397582438345,0.021767435487271232,2859.375,2787.999014693077,0.017417926025404845,0.05873131003399614,0.5841345134971749,0.33971625039748377,0.023807394754810297,0.01433951291162826,0.026005403893578357,0.033763551339034796,0.009549794268241466,0.03359292935611682,0.05557444680358548,0.037224184228230366,0.008546426963806744,0.04885584954546678,0.023059168770056874,0.013490257420821333,124:4096
-7.784831113077928e-11,0.14369768216691683,0.14369768216691683,0.9528751373291016,-0.008910728982809457,3.1511125426420388,3.3193544948993527,1.2655643044202836,4.200856562490875,4.978596139414037,0.020649023860144253,2859.375,2788.9927277788447,0.018854867846794184,0.0719165988246628,0.5404241074974401,0.36880442578267447,0.026252648205094754,0.01601056858018058,0.02456515563946109,0.06948977908902586,0.012654106438548363,0.025733838321788643,0.03503071904856914,0.02641065087584835,0.011740885099103837,0.028944692699993446,0.005817748048200574,0.013795605680170969,124:8192
-7.566569593109307e-11,0.1448955632623636,0.14489556326236358,1.0798784494400024,-0.0010468018064009245,3.0290722233565828,3.915360602503987,1.2550339143112013,4.913910342934356,5.805897268429198,0.020994724253117613,2935.546875,2789.0959123857406,0.018234130837536434,0.0655626801087747,0.5554436318919832,0.36075955711407476,0.03978305626023838,0.03270350822902069,0.028222256251538097,0.022713893491641192,0.030480148348558743,0.043547873937499065,0.031245529834288154,0.05851327028366408,0.012580592157187796,0.0493594764155248,0.01763212994059453,0.02044638374939802,124:12288
-4.817479748453479e-11,0.15017050563775733,0.15017050563775733,1.0864399075508118,0.05095200585689729,3.0406869385887965,3.6334558725549346,1.2524534499692777,4.550734342922865,5.371833097456284,0.0225511807634997,2859.375,2795.6067788714327,0.017137539736518992,0.06017183799582686,0.5513352162703764,0.37135540595293426,0.01870921224245578,0.03135444550860014,0.021684872335223707,0.05249315145975293,0.02328972863785991,0.02837255163049877,0.028348120796615896,0.028452629378331658,0.016884984167414827,0.045489739144852506,0.020006923567728496,0.02856822380077018,124:16384
1.3709744450807193e-10,0.1406885653748929,0.14068856537489288,1.0154505968093872,-0.0015745750416801844,3.0600112744543053,3.841972659682266,1.2529493053565461,4.813796975181954,5.669559720881374,0.01979327242724551,2800.78125,2789.624226328315,0.018627072811997533,0.061737169823803034,0.5563424322033943,0.36329332511028295,0.03674291716428484,0.04007239963004441,0.03204836644475056,0.05761148262775534,0.031675400065527486,0.031868690829124684,0.03325846636708512,0.03193884245562642,0.014444094637411389,0.03986229839472359,0.01831866332482525,0.029298921894040635,124:20480
3.4374475488263556e-11,0.14759385815909082,0.14759385815909082,1.0628430843353271,0.04904782600190991,3.146197045526034,3.6275167896984732,1.2541993851977342,4.54962932746511,5.34842560117689,0.021783946966285824,2859.375,2777.8165538439994,0.017840248017031473,0.06907247399374448,0.551069659895895,0.3620176180474238,0.022827941151609393,0.03249468226439213,0.009578470639725424,0.055129257922401385,0.02386109993805126,0.013561442151681976,0.03799701539189003,0.014150437765491708,0.013975233119039565,0.0604924826042707,0.009886405618482906,0.02930923649988035,124:24576
-9.739231643379753e-11,0.14977929222404848,0.14977929222404848,1.0082264244556427,0.030306814847599308,2.9740605266914084,3.41587762972394,1.2547339490151797,4.286017627724747,5.058373816604217,0.022433836379136905,2800.78125,2789.720833361412,0.017373903044811834,0.06407869115920863,0.5736466108617723,0.3449007948896319,0.02361737654062834,0.03450606235568542,0.02061081667048272,0.04787861572230809,0.009804118415406269,0.02802433876031667,0.03317385530438972,0.028399133554387845,0.017878503318385027,0.04829245040089782,0.00836901303605103,0.010096591311292194,124:28672
1.0982148523908108e-10,0.14526674637081308,0.14526674637081308,0.9892938733100891,-0.005471763149500328,3.020508712955582,3.6461113642812615,1.2534898313986247,4.57036351930499,5.38297904678907,0.021102427601162134,2859.375,2798.556511627758,0.01744785321553811,0.06416254077384609,0.5610031319903314,0.3573864739728966,0.010075204776065954,0.03163871216417284,0.028519184458598513,0.04811890775710168,0.02431408262197291,0.014846572244951955,0.02577199257760763,0.014919115599975061,0.015019221760577569,0.08278376426943525,0.0161765912388237,0.024252962943237942,124:32768
2.6847413181485535e-12,0.1431326928074651,0.1431326928074651,0.950540155172348,0.014297408482966368,2.8910218589821715,3.413588689986918,1.247035974518408,4.256867898652593,4.9975446213278465,0.020486967750316172,2932.6171875,2771.027787835632,0.02018524491975786,0.07236793334649047,0.5313056442337649,0.3761411774511753,0.0189592891355909,0.03488744398156531,0.04326323263905663,0.03765153159759107,0.013719509452150334,0.019010222810087032,0.027798113272296133,0.02224264401494452,0.023894267361189506,0.03955214984863106,0.013190518366920782,0.012765860230679863,124:36864
6.041878108931087e-11,0.14757637471420168,0.14757637471420168,1.0965203940868378,0.003816095127544489,2.9331476911386756,4.049575149509518,1.2486234943251797,5.056394673747249,5.951580653414668,0.02177878637378646,2859.375,2806.6004530577966,0.017879321868832284,0.054420795665791194,0.5892846519682962,0.3384152304511641,0.0397662719022861,0.0134138773812582,0.024216444428625947,0.04270776096760389,0.019719561824494546,0.02689067253324757,0.025822204772908638,0.02924113742135369,0.0177811736615073,0.08545642247031174,0.026809673610910415,0.023308057375151247,124:40960
-2.9177993354778664e-11,0.14799902835869128,0.14799902835869128,1.0656761527061462,0.0038848171463585763,2.945041237898833,3.6626400602151774,1.25509569815694,4.596963783504407,5.440447112733654,0.021903712395116702,2859.375,2789.4743578483994,0.01812985909100476,0.06186850861566317,0.5670908805209839,0.3529107517266939,0.03567259154543329,0.01594532612091543,0.026561492128508862,0.05043612828745459,0.02240458532186365,0.019426819118158665,0.024839260025869548,0.023036231281643206,0.026314763759939973,0.0432201100895522,0.01681074152628121,0.022500170022954652,124:45056
1.681810246623172e-11,0.14189951191280895,0.14189951191280895,1.0421294569969177,0.014595839467283224,3.0102438514159213,4.038811600623052,1.2510352703189487,5.052695762588373,5.9486846647476135,0.02013547148109341,2859.375,2763.512783579515,0.01910737128549304,0.07017885675916712,0.5637918230011215,0.34692194890455486,0.02634333916310753,0.016268273315194946,0.02723237142942246,0.03370608873502659,0.01726936088415205,0.039337088566439776,0.038605159365884385,0.046907169774158,0.021996025529163396,0.04364978033805023,0.0131053632728859,0.01514446796156697,124:49152
4.732214620162267e-12,0.1400070939841626,0.1400070939841626,0.9985246956348419,0.039145664306392706,2.924892496611558,3.842958221012517,1.250499159151615,4.805616024065263,5.671506125008362,0.019601986365890146,2859.375,2779.002559780737,0.020257515260340954,0.06530663756916402,0.550394403198474,0.36404144392100585,0.03517514939901651,0.012560121509426932,0.022647910415400277,0.03599002859494607,0.03754163664763184,0.03045248990574797,0.04660516825827937,0.03249126549459813,0.03536999742221608,0.040809596123973425,0.011579978137964918,0.041214765770622365,124:53248
2.786748609651113e-11,0.14438994633344768,0.14438994633344768,0.9659329056739807,0.020910018373404265,2.988674037327992,3.4916115842861832,1.256239973818147,4.3863020452571915,5.19539989454717,0.020848456602175904,2800.78125,2762.8892792277006,0.018664387583984546,0.0708624344140366,0.5682719427791211,0.34220123517489265,0.020931353798068538,0.027952109123948656,0.019709684543832377,0.04019836476083919,0.040070921811990526,0.018931776027516712,0.027990577251490217,0.019850522332749438,0.04983422844152572,0.020492025653917837,0.008017870846858266,0.04424148408501481,124:57344
-3.7545078157563694e-11,0.14151088250982558,0.14151088250982558,1.0078655183315277,-0.02494955641907832,3.0304753574941303,3.6825748896756076,1.2522142750585226,4.6113728458564465,5.431225774929323,0.020025329868709658,2932.6171875,2761.7481385408237,0.018912015390695633,0.06950229532192975,0.5440146108272261,0.3675710784102118,0.017858247298298175,0.028104544307080034,0.03773060436933601,0.05559481427548172,0.04109373514037048,0.022937856549771287,0.01707765250628694,0.024889653194422434,0.023922161284616748,0.02199867176433755,0.018527209426950974,0.03826924565203482,124:61440
1.3863754588783195e-10,0.14317776225830306,0.14317776225830306,1.1772122383117676,0.03416206949635999,3.4392536723487175,4.494093104371729,1.2661547482801332,5.690217323353012,6.725618265916908,0.020499871605295154,2800.78125,2783.7603502995735,0.019198971543289683,0.06312720781088667,0.5571341656810476,0.3605396549159954,0.0277535208707404,0.03508819572197492,0.03547558588609472,0.04363631211214627,0.013441563942266529,0.014537102215564047,0.027214364319649482,0.01543987586764001,0.03569919948229717,0.0301094095005684,0.01677217977179187,0.016847273728715258,124:65536
-5.236699962551938e-12,0.13737971382374015,0.13737971382374015,1.1289150714874268,0.04492804223085395,3.283654447078214,4.16995015551896,1.2598905610723081,5.253680841118584,6.208185756931166,0.01887318577029274,2932.6171875,2740.9407980418114,0.019768174518100208,0.07324575466025385,0.5983617670911597,0.30862430367750104,0.02801618031274419,0.021681748773722597,0.01931215138828258,0.0456449822505548,0.012539491513817598,0.01570456294701946,0.03936975903871762,0.017212297715755383,0.018149734258092305,0.048262076610617176,0.02313496103256585,0.011569716987789903,124:69632
5.602052155495585e-11,0.13385481418908757,0.13385481418908757,1.1075471639633179,-0.0283027700535051,3.2193202221224233,4.683436733273149,1.2635371270988889,5.91769619495357,7.0080432696515285,0.017917111281595153,2932.6171875,2741.117072309301,0.021259798632489522,0.0774652906062629,0.5743931623925383,0.3268817483128969,0.02540628642740386,0.03218796572380857,0.021837373544150322,0.032219617657458455,0.020643268583077877,0.012056564368345539,0.030666592436698642,0.01680093286511921,0.03801463470393321,0.07045685785207323,0.024662667346815118,0.01813443150963057,124:73728
-1.56141766183282e-11,0.1330397002892585,0.1330397002892585,1.003490388393402,0.06295078265521425,3.0511243460208908,3.8346835855829497,1.2550858575032937,4.812857136301358,5.696474009721462,0.01769956185305572,2932.6171875,2745.1476812139103,0.02321947857055774,0.07364700115481182,0.5653180439188317,0.3378154762993003,0.03451369487781786,0.013852348941219296,0.014876942051389924,0.024509384511716865,0.015771026635367922,0.015766940264575993,0.03753383647498524,0.020863117987232317,0.019769635099252905,0.03865064731499317,0.022316604516864097,0.01952819302631259,124:77824
4.973799150320701e-11,0.13649076902802187,0.13649076902802187,0.9575605690479279,0.015282709307521448,3.0610420028510967,3.6798505549174627,1.2585391675901385,4.631236054275863,5.48245697899184,0.018629730029860816,2932.6171875,2755.084830174916,0.02129548061230154,0.07258418103939951,0.5680958857897407,0.33802445250488056,0.026546585202803112,0.022125585624189228,0.033032220100110816,0.05835271038812715,0.018201678116721954,0.010968540375207713,0.04531200574973278,0.014599203762434551,0.017917299954957087,0.03582359719711286,0.010048591907355478,0.0222516060988892,124:81920
3.3075764349632664e-12,0.13586925676861983,0.13586925676861983,1.0315920114517212,-0.030203355168779273,3.087823989594599,3.883241256588028,1.2645120148351576,4.9104052254952775,5.844104192135611,0.018460454934857144,2932.6171875,2754.0872042397395,0.020214933609120824,0.07416786812498768,0.5664904784449996,0.33912671976672226,0.007545384561478477,0.023977784266812133,0.022917817191159002,0.03910844716468749,0.01615785468991446,0.025905982647936747,0.03322062931346535,0.0331050102186537,0.029896534912125437,0.04199735546548805,0.016954372329167036,0.013282519110360444,124:86016
-2.628948447824797e-11,0.1378088676079719,0.1378088676079719,0.9028035700321198,0.004908289082146346,2.9409027325693162,3.3744691536937683,1.2550426313509728,4.23510264609525,5.0113648568026825,0.01899128399139153,2780.2734375,2781.461964166802,0.01956711692496798,0.06601858743719857,0.550763400769898,0.36365089481527973,0.04759188146724123,0.030765000336692005,0.020318591676130256,0.03969678721969624,0.01436270056065084,0.014760470588387328,0.05129546649259906,0.01998538521445083,0.014928043644596496,0.03829347226269057,0.013418943623052793,0.013470688251880959,124:90112
-3.824096594939874e-11,0.14553316385371695,0.14553316385371695,1.0036612749099731,0.012741956239748008,3.01628955829745,3.63790738160112,1.2557418675322611,4.5682726093125785,5.4085573461118255,0.02117990178127283,2859.375,2768.6354906076454,0.017447024177569014,0.06839892800094391,0.5671483423750152,0.3470057053992574,0.03240189727564894,0.0273532530092544,0.04295495690284511,0.07156907153311715,0.01432536575854129,0.04157074243617175,0.031961117527681694,0.04275224833624901,0.010394696375861306,0.014745015078894906,0.02249756694638587,0.010272974967381904,124:94208
-1.813227346048052e-11,0.14287232995980395,0.14287232995980395,1.0538184940814972,-0.02694270810004256,2.8876944109191798,3.9847935913173003,1.2442348799981262,4.9580191759446866,5.826836611671181,0.020412502668143092,2859.375,2779.536655574179,0.01832965108661521,0.0686524826959125,0.5522934867519289,0.3607243794165539,0.029662588570468593,0.011144843264326049,0.04018822812433495,0.04037164780989144,0.013209953486230329,0.01133230756478199,0.030132513100009042,0.014200495536783672,0.014361783485040993,0.04678970213418995,0.0237237999328513,0.01231060424878166,124:98304
6.666918406228461e-11,0.14309822720846047,0.14309822720846047,1.1865630149841309,-0.026062295390084776,3.12902544287329,4.388498195671703,1.2557338602568855,5.510785780019714,6.497386725347792,0.020477102630204174,2800.78125,2779.1443021716454,0.017491467640967817,0.06282449324459843,0.5557239253880158,0.363960113677583,0.03237523134687474,0.014760039767756737,0.019826592311846292,0.0533704454920545,0.019266430807674404,0.03670982793771395,0.03796303876171261,0.0395725094517178,0.013973874046415678,0.024414195384712283,0.03213542731459322,0.01623642670400277,124:102400
2.0979218362526808e-11,0.14505453647580083,0.14505453647580083,1.3657426238059998,-0.04909802877818723,3.4475324297670786,5.0074430739275115,1.262559910236423,6.322196877975503,7.474622146825685,0.02104081855220943,2859.375,2778.0853849400005,0.017075976759231636,0.061177840271937345,0.5927101042541253,0.3290360786671792,0.02462606196773916,0.02765208583844951,0.016814397686717348,0.04310513514965162,0.01642603559140694,0.01909389472982075,0.04511763606041608,0.0197026254338542,0.017397190350132714,0.07128794956484834,0.019561613321746496,0.016593565105080373,124:106496
-1.9376500404177932e-11,0.13949276149918977,0.13949276149918977,1.0165089666843414,0.01475505920529361,2.849159176612757,3.9203192986577085,1.2472995725888798,4.889812585662752,5.769655896064478,0.01945823051066984,2859.375,2763.758687643154,0.018951570681292922,0.07149009815927243,0.5541566682252479,0.3554016628827946,0.012966100923338266,0.026418575621876005,0.023534312112919398,0.06182503996995901,0.015131337615997675,0.016929985374692088,0.01147697689285087,0.017638307586415027,0.021584489846967935,0.03342462690865045,0.015256110414223355,0.02851381682776911,124:110592
-1.0250467141759145e-11,0.1381321943485292,0.1381321943485292,0.9562313854694366,-0.010972842614311005,3.070409066100025,3.4779385565829455,1.2599190838137742,4.381921159802308,5.191468225533504,0.019080503115539844,2859.375,2767.0841042194156,0.020120600604876762,0.06950054240639376,0.5795810354591423,0.33079782147717773,0.011076203833292482,0.04771087020490345,0.06983860509017954,0.07252250764566796,0.013746737250743341,0.016768593646273994,0.044849808975209966,0.01716904493395832,0.025084059627759583,0.029377369447711982,0.04770306539382118,0.017415647165613224,124:114688
1.4303013808059095e-10,1.0323257847604868,1.0323257847604868,9.31016731262207,0.03159203050402039,6.962872512794481,4.604707379243457,1.5812572370467874,7.281226867918518,10.091163208421026,1.0656965258813549,3357.421875,3196.199416055105,0.0006613971526639899,0.0021592129730148876,0.2926991926561911,0.7044801972171917,0.00799763076219918,0.020000743235100045,0.02307286529659035,0.4499721176845475,0.07924473796024904,0.06898279421421562,0.0017915572024212669,0.069021706609266,0.0014737747845895775,0.01885688558177312,0.003593604719367838,0.07865694977195456,137:0
2.345927896385547e-10,1.0258371136405804,1.0258371136405804,9.261548519134521,0.036475471499962185,6.922497515089682,4.62819817968143,1.5861083405105745,7.340823734335731,10.234865333751022,1.0523417837224371,3357.421875,3196.0029994443817,0.0006894690597218081,0.0023116898340518025,0.2941794148709888,0.7028194262342874,0.006792046435991612,0.015939301419436894,0.01731615623209672,0.444370799722152,0.07825916048887441,0.06535131973830496,0.004073186776175748,0.0652745063750129,0.002203913071830167,0.014862409250006961,0.00194057030489206,0.07766757868627604,137:4096
3.270361759177831e-11,1.0203694478506153,1.0203694478506153,9.609370231628418,0.010117346017815883,6.798484143570919,4.780515087743688,1.5829272631471056,7.567207664282979,10.540501327187192,1.0411538101069695,3357.421875,3195.701868806677,0.0006243845994767089,0.0020998254797329674,0.2944931076641601,0.7027826822556698,0.007049479178865024,0.018381952745840292,0.018808249460148516,0.4556772897412601,0.07904979559121603,0.06472706801157918,0.0027330467907261888,0.06421646371123672,0.0015391084539182391,0.015902879894754713,0.0021988499020176877,0.07813744001734432,137:8192
-5.718714390923196e-10,1.0118829667556017,1.0118829667556017,9.583060264587402,0.04800448019067576,6.913011113155718,4.761952542018167,1.582298306285429,7.534829441854385,10.441117736407268,1.0239071384101184,3357.421875,3190.8994254285094,0.0007391551107156625,0.0023492946191369353,0.29996245962087775,0.696949090648293,0.007311134748821834,0.019308835978002353,0.018421522231407784,0.4416527298750151,0.08256458995371851,0.0666760374061969,0.0032251497079939027,0.06666144239880008,0.0017495616850180566,0.01643132688784136,0.002435075546539373,0.08176812050408641,137:12288
-4.1953551743745265e-11,1.0008839604668651,1.0008839604668651,9.478673458099365,0.01511163305620073,7.117785273061411,4.740576706622342,1.5863441752093994,7.5201862456912245,10.470084489014782,1.001768702319837,3357.421875,3191.556057815028,0.0008307909856439573,0.0024224188493616743,0.29769668590756315,0.699050104256433,0.008832877278379973,0.021866259667032654,0.021627370494055494,0.44535064061346835,0.08045778864418929,0.06389557969726263,0.0031155348167769964,0.06365953110847107,0.0013000727158377268,0.016231446700708887,0.003293230821446028,0.07969723647959585,137:16384
9.418954505235888e-11,1.022000498607878,1.022000498607878,9.720104694366455,0.051376557302713684,7.119470915925386,4.7920557333511775,1.5891989305928163,7.6155298467903165,10.574999752459988,1.044485019154751,3357.421875,3190.2108002732325,0.0008861377726449861,0.002244674381443017,0.29970183519540056,0.6971673526495541,0.007268355598691088,0.020839588250828194,0.018732598671905642,0.44271535308183074,0.08149602525494191,0.06378465927487874,0.0037415320520741914,0.06388765959888208,0.0019332358744577848,0.014550527193073683,0.0023853713632569695,0.08095648042039073,137:20480
5.16410025852565e-10,1.0065505380766293,1.0065505380766293,9.26414966583252,0.03218081107886861,7.106987314579026,4.657443755796374,1.5866757999133114,7.389853296786811,10.272371667595467,1.0131439857023519,3357.421875,3188.430948445249,0.0007920491765222026,0.0024734956007567204,0.3030594993544961,0.6936749558672379,0.0067399047571176296,0.021439650460483246,0.021746039022444114,0.4459364052003497,0.08282718390717496,0.06377792422453193,0.0030770371614618013,0.06404956910541836,0.0016411537075434162,0.015645857274125603,0.0031674320970233585,0.0812621391363592,137:24576
3.1305624759170314e-10,1.034425749486518,1.0344257494865179,9.62393045425415,0.04255996717255876,6.753907895960892,4.712977291559097,1.574643405851768,7.421258614089833,10.297891870567664,1.0700366312007443,3357.421875,3189.693881022369,0.0007356362174904141,0.002055087909025541,0.30172725599256134,0.6954820198799881,0.006760229865979415,0.020729847394205782,0.02072433129578342,0.44905863722428097,0.08090659817531028,0.06389136488208957,0.0027140956668972554,0.06374165690046135,0.0010980173271423514,0.014148005536947207,0.003677872552275128,0.07969724583744153,137:28672
-8.042011501174784e-10,1.0106668136104981,1.0106668136104981,9.90791654586792,0.04479253407205331,6.81844089629522,5.049091425314808,1.5799009366403207,7.97706427204537,11.073606059751961,1.0214474081335974,3357.421875,3191.686870666054,0.0007327853338044621,0.002426925718117169,0.2972787106755192,0.6995615782715803,0.00464090431659576,0.019062542033734343,0.017911483664768902,0.4560475180032163,0.08195537039159977,0.06435628339459713,0.0029419597097347493,0.06422287444133834,0.0012213795230048166,0.013645404350515348,0.003982457665497505,0.08054204239991164,137:32768
-1.7124790474554175e-10,1.0283100959835605,1.0283100959835605,9.825934886932373,0.03328182955384108,6.996369268159367,4.844162599520966,1.5851317053102978,7.678635722186502,10.696834908499776,1.0574216535017193,3357.421875,3195.330688464064,0.0005615078202957944,0.0020428401776518513,0.29314273812950914,0.7042529138715974,0.008153630873803618,0.020318117749222844,0.02009828194142465,0.45762154509978226,0.07763666681467586,0.0632555569159815,0.0032573684377895707,0.06285608475522186,0.0011766459522169277,0.01329502541425176,0.005447249558022097,0.07711756487121878,137:36864
-7.06423364249531e-10,1.0170939755915729,1.0170939755915729,9.599799156188965,0.03824279585187827,6.8103760543114555,4.840267126455257,1.5868559894091787,7.680806879963431,10.722368572672277,1.0344801551846712,3357.421875,3190.0344479025193,0.0007522348006236966,0.002343811823349761,0.30055279869776313,0.6963511546772967,0.007606891913234237,0.01520680308572902,0.013227205869003417,0.4522999488314693,0.08290246791340385,0.06519978529795777,0.006168198906987008,0.06470984665253661,0.0017858491893295255,0.010314219874391205,0.0030866480740833245,0.08117870956876577,137:40960
3.992894903603883e-11,1.0175771843259271,1.0175771843259271,9.391889572143555,0.015976469169345767,7.0251346591751425,4.692243289904961,1.5836765096711976,7.430995475892089,10.34064015420869,1.0354633260606818,3345.703125,3195.7162838669688,0.0007028078608405108,0.0020503343733731237,0.2916842243608286,0.7055626334039921,0.011254493086888369,0.020942134715008005,0.01894888747237418,0.4626589407326019,0.08516725284478553,0.06418933050412885,0.0021055489106830425,0.06488400677475525,0.0008844368088762163,0.012522537243147891,0.0036936540905059987,0.08357107690521591,137:45056
3.043432172944449e-10,1.0236694077875148,1.0236694077875148,9.40708875656128,0.05175970290256618,6.995690786040489,4.670839897911869,1.5951482810064037,7.450682234017522,10.453845473968508,1.0478990564400412,3369.140625,3192.1492779217992,0.000827658219169645,0.00215549392812909,0.29638427807035833,0.7006325697813887,0.011949256035546385,0.020186962271088717,0.018386012074253087,0.45002473266504955,0.0805087855504597,0.06022963654496683,0.004696045708128331,0.06027409089505145,0.0017037646291310155,0.011654677772927873,0.003314144870187169,0.07943131341509214,137:49152
-3.7471536984412523e-10,1.0228646905943892,1.0228646905943892,9.597462177276611,0.025871056556908894,6.775838377843316,4.763626398593697,1.575661645359737,7.505863409094561,10.417525505640723,1.0462521752647556,3369.140625,3193.4989829740143,0.0008066257758357005,0.00227389077899892,0.29408652919413614,0.7028329542500735,0.010154324210907721,0.020017602149143495,0.02037770268820992,0.4596925580247039,0.08072284282541686,0.06291219751926466,0.0034263151460750744,0.06398735408425078,0.0014829479248828943,0.012469198122938873,0.004224258609524984,0.07866187530885205,137:53248
2.2715340719514643e-10,1.0237350707071124,1.0237350707071124,9.7554931640625,0.046362620332351466,7.291300874907744,4.783984724215113,1.598907276520282,7.649147986316891,10.698183945529617,1.0480334949956964,3369.140625,3190.930068351249,0.0008177371315879184,0.0022950591370296644,0.300247955050468,0.6966392486799603,0.010331029709619532,0.020972072722521738,0.02033800146402052,0.45096780661125474,0.08281436233864804,0.05895182575850698,0.0045896280715092665,0.059727365213414305,0.0014753119882998501,0.010036677952944283,0.005394374593146504,0.08094213875049634,137:57344
3.3514169217596645e-10,1.0190096365123607,1.0190096365123607,9.339470386505127,0.04541098492985885,6.869609943675154,4.691458164523739,1.587956260772348,7.449830364514332,10.413630920096349,1.0383806393050534,3369.140625,3192.368018094572,0.0007946384210413136,0.002397053788909124,0.29715186948759464,0.6996564383014918,0.008752355105657444,0.01844772503334512,0.01815729865684603,0.4513712281333594,0.08456140782596733,0.06028374416269672,0.003980379766161948,0.06084474654437236,0.0015842538630304267,0.010279847352049934,0.005141748626884201,0.08199326044857082,137:61440
-4.836331335411614e-10,1.0350721582004523,1.0350721582004523,9.679080963134766,0.03229482902314421,6.907902369065562,4.755314718162524,1.5918282935447003,7.569644513087963,10.617984127717103,1.071374372681742,3369.140625,3192.529978166914,0.0006766880894729448,0.001970385299663749,0.2966617245019668,0.7006912021079629,0.007810798789078454,0.019839596767547707,0.020008094346461093,0.45643183705957535,0.08592977273559689,0.06030167999264053,0.0029872553086514255,0.06075000611162134,0.0019323402507510612,0.0115645228218443,0.004025450504239853,0.08410246409912428,137:65536
5.882281328695171e-10,1.003672613406336,1.0036726134063358,9.560519695281982,0.047811773004686954,6.995585799103576,4.82371122285506,1.593944115289069,7.688726117531322,10.778506303133314,1.007358714901904,3369.140625,3195.687169971028,0.0006763958102237709,0.0025669441042864725,0.29654530300133836,0.7002113570831587,0.008987645574637465,0.022057070370361705,0.02249994861385687,0.450402639015766,0.08467072129484582,0.0605893090687539,0.0035008272565182938,0.061320207565696436,0.0013130282286649294,0.01540177921828699,0.003803306651850644,0.08303561005064937,137:69632
6.947082908936864e-10,1.0340009683672817,1.0340009683672817,9.26161241531372,0.0339063881000745,7.021716825358363,4.4924677348123,1.5909344470345286,7.14722167151098,10.004938737323732,1.0691580025844765,3369.140625,3193.8253567901393,0.0006278171353892313,0.0022184959385002532,0.296661019727683,0.700492667197492,0.009349940087165325,0.02261493424608383,0.023394368668018955,0.4540912695420823,0.08379542210824129,0.0598975883080706,0.002658653024294517,0.060314099939984364,0.0010872636612331609,0.01382226492373762,0.0047036954787496536,0.08229413340987804,137:73728
-1.7094015092311565e-10,1.0098547949044518,1.0098547949044518,9.630455017089844,0.03650546822703643,6.848796973337148,4.865099418862554,1.5936313696161528,7.75317505020836,10.924630175277896,1.0198067067915126,3369.140625,3193.702209799051,0.0007636453577437321,0.0022040085585077404,0.2990661059317097,0.697966240151058,0.01009790325813475,0.01919250259630667,0.019084933088943063,0.4497566088397714,0.08553647857739259,0.06169569480997822,0.004251787114313512,0.06192440391539938,0.0013380266257025106,0.013733880825396243,0.0037106245229963537,0.08411873484822584,137:77824
1.9158719055667461e-10,1.0299974494540571,1.0299974494540571,9.712564468383789,0.024829791063594772,7.131708926489593,4.790562390885497,1.5903289287670492,7.618569955296044,10.643799697182457,1.0608947458818632,3357.421875,3194.1348193097892,0.0006633000617291857,0.0020313240894980684,0.2987991475159614,0.6985062283318687,0.010232126965420776,0.023174526345441884,0.023495774449339278,0.44724894049994246,0.08371343448551041,0.06081021411767772,0.004578135116957897,0.060661444535975856,0.0009087817799016372,0.01458069616465648,0.005012713960617533,0.08227393173450837,137:81920
-9.626255348393897e-11,1.0174971100099002,1.0174971100099002,9.474755764007568,0.035632812251467125,6.930933752099323,4.754253366045786,1.586326537695309,7.541798281493093,10.496186774458957,1.0353003688784987,3357.421875,3192.5714426470395,0.0008768331397401406,0.002343942546019081,0.3002154061742076,0.6965638181390672,0.009776189013399767,0.02510898845595529,0.02551583020667555,0.4363197883824165,0.08217074259851338,0.06302329526705629,0.004697502468922529,0.06311701511041483,0.001263185840652094,0.017821371000223848,0.0033648641253635103,0.08062154878251111,137:86016
-4.987725787941599e-10,1.0053080227225635,1.0053080227225635,9.45822811126709,0.03772669221419005,6.917137019443683,4.749653405409537,1.5713284240278111,7.463265400207918,10.306243538143713,1.01064422055035,3357.421875,3195.9888159999687,0.0007878412431546225,0.0023807642226634966,0.2976695356527056,0.6991618588804868,0.00897797543274416,0.02625363691500676,0.024908171226651316,0.4465862426045525,0.08362031285658098,0.06667693377478984,0.0024850652914429655,0.06676735565239085,0.0009526081440176389,0.016129555933448923,0.002869743962815208,0.0822898721725728,137:90112
-2.2705792801502866e-10,1.0225475483052353,1.0225475483052353,9.337805271148682,0.038075322959246954,6.937722897476214,4.589630789283014,1.5857088615632497,7.277818213876726,10.125178837867862,1.0456034885450476,3357.421875,3188.705896974114,0.0008580411903871739,0.0023427173890050693,0.3058094682096566,0.6909897732099946,0.00853938842604882,0.024690534991735912,0.02318467405920543,0.43629851855949714,0.0840464612123821,0.06397148063626348,0.0032976871034454324,0.06370182363332552,0.0014264475283370535,0.016585035880676224,0.0027144579810609378,0.08321307946787654,137:94208
-4.748841320179054e-10,1.0121509559708801,1.0121509559708801,9.35154914855957,0.04971070374274104,6.760456246427141,4.727479679189845,1.5690481744950697,7.417643360602693,10.218521985794844,1.0244495576727661,3357.421875,3191.7244659365,0.000857063252788012,0.002312101690148287,0.3026047520214426,0.6942260830346451,0.00833022999100065,0.020329843740412495,0.018622142196425464,0.4418429905201023,0.08342045453415173,0.06547864656249888,0.003363978150835605,0.06505651719820643,0.0013748698615628598,0.014428951112619213,0.0033067242686947683,0.08236356102929165,137:98304
-1.283275707919529e-10,1.0317599312175858,1.0317599312175858,9.297861099243164,0.02938269810604024,6.954761105396771,4.570928785745839,1.5852848848165326,7.24622431362269,10.058409804019064,1.0645285556661175,3369.140625,3193.279539758153,0.000722947335151437,0.0023353159009943747,0.2986254718772752,0.6983162648856397,0.0065829890287126295,0.02576437386555123,0.02533364207725456,0.44548612068127963,0.08123322766013134,0.06262362477521491,0.0031501363231274154,0.06227616535156329,0.0011416327746733672,0.01736408501957091,0.0037194470841931814,0.08040056948247028,137:102400
1.050004527769488e-10,1.0195040499242978,1.019504049924298,9.163922786712646,0.03584651565143787,6.670414884004981,4.500005936287901,1.5764681738658313,7.094116140772147,9.824022598866337,1.039388507812045,3369.140625,3196.020728277712,0.0007670516762978012,0.002248514875843603,0.29534708942621407,0.7016373440206823,0.0044948604862321325,0.02573786422547989,0.02405950994372489,0.44400663896535186,0.08398883244992197,0.06227310057765671,0.0026110121537916945,0.061867063762315246,0.001176376818256416,0.017440586333282562,0.0038528720713128647,0.08231353976371923,137:106496
4.6276227294583805e-10,1.042775887761119,1.042775887761119,9.492936134338379,0.02153431923345676,6.7843863007188405,4.626689012960765,1.5781437476895246,7.301580338314851,10.13256421063138,1.08738155209599,3369.140625,3194.74416032489,0.0006579985799564915,0.002206961589628989,0.2963103367726111,0.7008247030568836,0.00470263242245718,0.02333360110492478,0.021532284738885795,0.45074819548442874,0.0850639782591281,0.06231747494465022,0.0022598276084936134,0.062327172542575054,0.0015014327224967257,0.015613086050299572,0.0031600887589993626,0.08418143385636327,137:110592
-3.050910635238324e-10,1.0203628618830736,1.0203628618830736,9.590107917785645,0.03134167430203208,6.629092104927702,4.704502976954436,1.5690987425566028,7.381829705500236,10.215566633231221,1.0411403699102162,3369.140625,3195.7775721023754,0.000801311838344082,0.0022023932268891554,0.2954327590442002,0.701563535889606,0.004777928414047922,0.020187254260124392,0.019010808710547302,0.44530205213004653,0.08406246557850376,0.06417674606511797,0.0031514189889227805,0.06345296704127547,0.001424679761639011,0.015614115858006223,0.00409261960370473,0.08351947497657104,137:114688
8.624745362340036e-11,0.28007409123261523,0.28007409123261523,2.8948951959609985,-0.26283996899124035,7.513812303335127,5.436358784651248,1.4585169334334624,7.929021343661913,10.02859427860381,0.0784414965797753,2815.4296875,2785.9081715259777,0.006126078770205536,0.19831478909808972,0.34666486380693917,0.4488942683120171,0.0019389761489598586,0.01261948573742621,0.012644254242527936,0.016985383919015534,0.008293699524079054,0.15530664930460855,0.2583132204184396,0.15339596266254507,0.0662140565721538,0.0014921880566282886,0.0014922972795302588,0.003952301632461877,112:0
-2.417550604150165e-10,0.27970055944439753,0.27970055944439753,2.8879040479660034,-0.23450599592690008,7.097608394454306,5.402834211996292,1.4332240462069659,7.743471910330433,9.705493860149286,0.07823240295350896,2504.8828125,2751.5049296937846,0.006108916465213729,0.21171276094068636,0.35138849361466146,0.4307898289666559,0.0008721238408563859,0.006887765606805887,0.007893971934962267,0.01976244082940661,0.0046408147218759445,0.15536705298533238,0.2712355627246864,0.15243977943927722,0.07324479787499354,0.00442519254947275,0.003692166027895505,0.002450188397545722,112:4096
-5.562128535530064e-11,0.27696478407044267,0.27696478407044267,2.813313364982605,-0.21680062985361165,6.891793608171395,5.193695386463864,1.4245229386064853,7.398538214179162,9.244491812655147,0.07670949161518693,2504.8828125,2727.111315307035,0.005945083427172343,0.22177958689033073,0.34853079776920237,0.4237445319002583,0.0007605165797550346,0.004302698933633123,0.004879302758323332,0.02218697901171064,0.004798985181262336,0.15800077652120909,0.2591811978809073,0.15650199980792612,0.06583970084192692,0.0033086044580525878,0.002551916168318594,0.0031386046747914685,112:8192
-2.2220447704057733e-11,0.2777574424245619,0.2777574424245619,2.704921245574951,-0.17255191152006286,6.841956168486353,4.8795267286158674,1.4365961939114003,7.009909526443739,8.791763159900025,0.07714919682223381,2504.8828125,2769.474417973698,0.005655243397755887,0.20296167836376253,0.35632102946793776,0.43506204875758175,0.0019018883744694691,0.004817241126018544,0.004036061791736217,0.018184870572466177,0.006606981031519704,0.15480905231469944,0.2753153413899843,0.15434547101526272,0.06945408130922101,0.0023601335731528515,0.0004846936278883989,0.0027965663773324733,112:12288
-1.2716538932977528e-10,0.2766729895061728,0.2766729895061728,2.7230658531188965,-0.053913783227231865,6.740300170079636,5.22564412573227,1.4317490475157764,7.481810999700631,9.373335357538119,0.0765479431222828,2504.8828125,2755.5618673326817,0.005925877903552578,0.20768725410491,0.35367452427526525,0.43271234370320844,0.002284872688699335,0.003769846433018561,0.0027857698954637275,0.019296765399899996,0.007056238913105492,0.15979794830917954,0.26086898542137005,0.15764368915040022,0.07133538917205866,0.004283163521325351,0.0016138777614561769,0.002939059699138543,112:16384
4.1380232573828835e-11,0.27568726000196897,0.2756872600019689,2.9073203802108765,-0.12858644037441186,7.139859521550374,5.601692362965359,1.4260737254964824,7.9884262971681785,9.954852049519642,0.07600346532739322,2504.8828125,2737.1304719221002,0.0057388473307329185,0.2163915940134037,0.3557928915811484,0.4220766670615577,0.0013750785241311333,0.004137251508397095,0.0043118644412692714,0.023348594464685853,0.008507052255133173,0.16519853280601976,0.25730326057759567,0.16439257402947574,0.06807529428116976,0.006089939530016552,0.0010982126052036377,0.003225780363044368,112:20480
2.6502355865432037e-11,0.27873048394371874,0.2787304839437187,2.834862232208252,-0.2239503095343188,6.948348860698191,5.185900460197621,1.4325137445402798,7.428873687077505,9.289037550032374,0.07769068267949963,2504.8828125,2756.859158814685,0.005556240260795264,0.2104047176020712,0.3514313764192529,0.43260766570500914,0.0010622473721762814,0.005816957767475106,0.00713217903944945,0.019074343352422276,0.005135655918154696,0.1621223024808754,0.26102582865084345,0.16069826789345942,0.06762789334985013,0.005266189836498925,0.0014898845980166869,0.0011838956046368667,112:24576
1.1526068988132465e-10,0.27794920483708074,0.2779492048370807,2.798461437225342,-0.16655204699689719,6.7318738205314155,5.2893135102523745,1.4438098071125867,7.636762719022955,9.655832526784549,0.07725576046956546,2504.8828125,2758.252642223049,0.006148076736933141,0.20596272571035235,0.35405238875274886,0.43383680878702147,0.0007439890601303072,0.004746900524411295,0.0057100311668567315,0.02153560267615398,0.006028110991053599,0.15453926625150424,0.2671647129040724,0.15346230376193917,0.06807200545538078,0.004833583361914001,0.0007682135990103975,0.0025786233284019076,112:28672
-1.8278090152534787e-10,0.2775633100879875,0.2775633100879875,2.8001898527145386,-0.08489504991211543,7.082908755235293,5.1326825240295975,1.436790436269061,7.3745891629576406,9.233031882893076,0.07704139110700031,2504.8828125,2748.5679212297973,0.006556297671711426,0.2115794466211465,0.34956916671264576,0.43229508898151625,0.001492616311973445,0.0034606070070326337,0.003676737547828728,0.0194322503914644,0.00630180167788075,0.1525290392382415,0.268591013569317,0.15103839350140771,0.07085607270728123,0.0067041587241507975,0.0016856161659024327,0.003082242768325485,112:32768
2.651763253425088e-10,0.2791035560809702,0.2791035560809702,2.8759191036224365,-0.12729545272061144,6.926726620837743,5.268027581562962,1.423953007940511,7.501423720707032,9.372091375058387,0.07789879501704328,2504.8828125,2731.4070071075494,0.00588796436611819,0.2203859652366296,0.34880100127135316,0.42492506911306177,0.0012487549128468761,0.004613600747755835,0.0048107418568536595,0.021387740172745525,0.005099077050629507,0.1562774319062161,0.2672206234797547,0.15475819454341727,0.07113967573494953,0.005297414152334475,0.0019984996989526956,0.0003199045908732432,112:36864
-2.8381741401517502e-11,0.2759267557232757,0.2759267557232757,2.9586681127548218,-0.16705256709401978,7.50287240343417,5.391660691506696,1.4433385885263652,7.7819919323205635,9.783512627035982,0.07613557452397224,2504.8828125,2745.168415492746,0.006416174076887154,0.2112939604710904,0.35584427500012566,0.42644559043876223,0.0007778320866301549,0.005119047278202578,0.00531467718239523,0.02069732441287498,0.008856071193956436,0.1626682682858391,0.2551581719441045,0.16056290306866097,0.06438989541668863,0.0038530240780570387,0.0008072817574476924,0.0024471172232506024,112:40960
1.171423513746106e-10,0.27645525542203214,0.27645525542203214,2.776039719581604,-0.19120262908357633,6.952360422564095,5.025247639449817,1.4299201179588357,7.185702697400434,8.992649521341711,0.07642750825046102,2504.8828125,2749.8677365053463,0.005899358627812732,0.21264723105931527,0.35148718130284007,0.42996622899694753,0.0013250717447667651,0.005711863099481813,0.007044551006372312,0.019592394359523726,0.006987963337421412,0.16328786004161927,0.256984866756496,0.16087772362226294,0.07041318939902681,0.0031251053873945192,0.003952462995756983,0.002507941415861865,112:45056
-3.1089797403183184e-11,0.27866753576569003,0.27866753576569003,3.011553645133972,-0.1944274996341079,7.192984773557731,5.4591501442941475,1.4298962026357291,7.806018060972506,9.770800582273997,0.07765559548972213,2504.8828125,2745.332361706391,0.005799722344844548,0.21249643235738258,0.3562666625756504,0.42543718270924513,0.0014202530140436595,0.0045549574816009086,0.005307016437266155,0.019013850206138782,0.006826011486445154,0.1631758825689794,0.25301007661292674,0.16244538301090902,0.07056356747403046,0.0034321647038299467,0.0010184901474578918,0.002844405066458105,112:49152
-6.576073019459727e-12,0.27654601507748844,0.27654601507748844,2.8696078062057495,-0.12346400535206635,6.723102340834391,5.306924882876681,1.421666098039021,7.54467519085276,9.412557095964171,0.07647769845523845,2504.8828125,2735.6745922355076,0.0059329035717358685,0.21414779146411897,0.35912600671650685,0.4207932982345626,0.0016829355364307295,0.005481299807925878,0.005675268443842887,0.01877066530485112,0.006248560955912344,0.16195185694710115,0.25410483964919944,0.15865467751910117,0.069513970745872,0.003037385291303317,0.00040485674259813017,0.0017704798343545045,112:53248
-1.623803314032557e-10,0.2770933476218146,0.2770933476218146,2.821284294128418,-0.17344700781011238,6.986911765010215,5.280785976164695,1.4299867787812768,7.551454127516344,9.416236169577793,0.07678072329626377,2504.8828125,2754.1087802288193,0.005843810548788364,0.21152461994407726,0.3489602884487581,0.4336712810453522,0.0007134202473378517,0.006680973153564994,0.00845058293982163,0.021496247575358802,0.011256289345961458,0.15926840099527378,0.2579832863521002,0.15723959620526487,0.06314985540297795,0.0016636623413369912,0.0009159508597348455,0.0037679594616194913,112:57344
2.0587087590229203e-11,0.27463170625301303,0.27463170625301303,2.901582956314087,-0.17569607981468321,7.057338191774606,5.329552781957809,1.4253704209281497,7.5965868922056545,9.480424534628865,0.07542257407944122,2504.8828125,2742.223793193869,0.00566644033253666,0.21194161874990475,0.36480792896619685,0.41758401193810313,0.001027915775592616,0.006285628330702883,0.007009967228789341,0.021344863526087384,0.005356795953423455,0.1608404794814869,0.2574578731552649,0.16042676356797905,0.07079528721265915,0.003142028103853503,0.0011631583146053822,0.001858550831658331,112:61440
-5.089717536321814e-11,0.2769643913512131,0.27696439135121315,2.8495017290115356,-0.08950846764597765,6.714761131233172,5.410890403109361,1.4189171747309934,7.677605323586701,9.574414458615218,0.07670927407654794,2504.8828125,2752.1289065194283,0.005722260359293305,0.21047810622747418,0.3563763604115206,0.4274232729886755,0.0003276115836015228,0.004702353329470786,0.004718378402368896,0.020311931695465243,0.0050054335365237726,0.15688708734804857,0.25537193398529884,0.15501337605525323,0.07215093499096484,0.0038271698529079076,0.002140867900905892,0.0010123291898355878,112:65536
-1.5436540934388177e-12,0.27479350204296554,0.27479350204296554,2.8323253393173218,-0.1967283457689231,7.12196551046301,5.188843238149538,1.4303948906848996,7.422094856440998,9.261276332761637,0.07551146876503731,2504.8828125,2749.7558528819113,0.0056032332783383905,0.2102799507307005,0.3556133686277986,0.4285034473499194,0.000646556354515335,0.0038827180143964765,0.004732532254275263,0.019573625733868217,0.007742726425363342,0.15151486081437068,0.2669162909539647,0.15055879649599122,0.06672017936504657,0.004377294191095471,0.0010669212708518047,0.0018774041703039325,112:69632
6.784084405353497e-11,0.273010676680491,0.273010676680491,2.7132620811462402,-0.17707462912409547,7.044875641439603,5.198201170827719,1.4339567499835544,7.453995656708126,9.358899023387494,0.0745348295815396,2504.8828125,2743.9426015059016,0.006659298715682389,0.2073350288276781,0.3639325345498345,0.4220731378933883,0.0015607204863930327,0.003930201584173991,0.004176722679602554,0.0186348659226719,0.004730299028798931,0.16128960659911518,0.2606507796373358,0.1605433954041208,0.07149478112070697,0.003210984634952166,0.003972807488961638,0.0014832217180396256,112:73728
1.72997616232351e-10,0.2771904092530692,0.2771904092530692,2.7735402584075928,-0.24968854122091205,6.988766764753633,5.219198107627959,1.4285961839887196,7.456126500065348,9.314825594987328,0.07683452298188401,2504.8828125,2734.1961254269618,0.00640026398943257,0.21947976842705116,0.35097882982876816,0.42314113774173295,0.0011347722238850672,0.0049699995747082585,0.006636524028462644,0.019484288906592068,0.0068007172837233985,0.15973146261303356,0.24882416790652678,0.15838631021559219,0.06952178435247315,0.005598316114881973,0.0014607572495680071,0.0017202494719225907,112:77824
-8.522338390548612e-11,0.2737770421024863,0.27377704210248627,2.9191187620162964,-0.13282386038660293,6.964959244217515,5.510234409287944,1.4274694896566142,7.865691500143306,9.83109722018949,0.07495386878238657,2504.8828125,2747.2152900665037,0.005765523724427015,0.21073088997849296,0.35922017364431313,0.42428341263942526,0.0012222371001736042,0.0035745005804360525,0.002995783463544374,0.02225667492049025,0.005580704311663294,0.1603312573975565,0.2520118559065694,0.1588827397477745,0.07368748919171651,0.005413749578512397,0.002217651661822026,0.0026610081523428582,112:81920
-5.537614811146341e-11,0.27753308783255515,0.27753308783255515,2.987658381462097,-0.23816623272283835,7.064935611050154,5.405945615105803,1.4324577107605614,7.743788480338456,9.691141271057004,0.07702461484187278,2815.4296875,2754.2543857710602,0.005903541117848746,0.20525116631476475,0.362958423919687,0.42588686863471653,0.0023597813647291493,0.006014292392719579,0.006675939888224035,0.017879242096986103,0.00553919637445723,0.1451463922144085,0.2746475798388342,0.14393167724885958,0.07032708701626293,0.00435772279553201,0.0014391997478967813,0.002425852189774953,112:86016
-2.703082202515361e-11,0.2821305386800191,0.2821305386800191,2.7657358646392822,-0.19201727528552215,6.801756659981859,4.927371132558722,1.4343292096745137,7.0674723423610155,8.86677026418152,0.07959764085587775,2504.8828125,2742.766426754293,0.005832440096339685,0.21478094424053296,0.35394781792128266,0.4254387977292815,0.0036927951407528417,0.009823805733216695,0.008299470000215999,0.017821789844195447,0.005561834271086547,0.1479904991410726,0.2681869111331477,0.14614796513398606,0.07115316779921776,0.0034300209448615377,0.0010123915919177135,0.0020042035745510174,112:90112
2.170263968537256e-11,0.278498788479154,0.278498788479154,2.970745086669922,-0.22414065876352654,7.375630821104897,5.697185689413857,1.4434327827469022,8.223504593526,10.312378701886004,0.07756157518435657,591.796875,2760.902055511165,0.005966975668271877,0.2071268488459336,0.3518571500315296,0.4350490254413718,0.003123565548294656,0.008557682462069947,0.0072961723426179384,0.02189913171177057,0.005833049939594931,0.14525629167748108,0.2742480682186594,0.14302064280791726,0.07635079455775616,0.003360922238872079,0.0014982524827136029,0.0013913771000572872,112:94208
1.3577583501955814e-10,0.27732065620886076,0.27732065620886076,2.917694926261902,-0.18577353014655432,6.969489118553976,5.404359181641499,1.4329602029122817,7.74423162956378,9.695846018657848,0.07690674636011315,2504.8828125,2754.389649191793,0.006370551431469073,0.2080940592297286,0.3546112211695249,0.4309241681562746,0.001935781833030954,0.009303530745735273,0.009294047170102447,0.02053051619725018,0.006420622503607869,0.15441732059775343,0.2612802064223307,0.15127121578767058,0.06926654110907457,0.002714000954438058,0.0029812088091067867,0.0020846974596567622,112:98304
-1.2631073964541883e-10,0.2784427196001839,0.2784427196001839,3.127312660217285,-0.2127664953910886,7.223869846929241,5.621178142430666,1.440767139385475,8.098808752275074,10.183747375457745,0.07753034809834662,2504.8828125,2751.5647982331006,0.006056746572703386,0.20643749392201008,0.3600719433064392,0.42743381618594917,0.002442073561126547,0.009414402047865603,0.010997723310980222,0.022031197017837515,0.006228391939433482,0.14479849957164947,0.28178438285212914,0.1431013347005375,0.06966483440988376,0.004556357590990948,0.004757861939410555,0.0018777393443966354,112:102400
-1.113029668431409e-10,0.2822381276791098,0.2822381276791098,2.828054428100586,-0.17441079361177322,6.933690592322927,5.114411486550494,1.4383400414388896,7.356262829526633,9.257233489319107,0.07965836071580946,591.796875,2752.268362398215,0.005602107760172752,0.2157909298449365,0.34163950511209623,0.43696745727024083,0.0018576259890320749,0.00991172951818352,0.00856859003980695,0.019502338460386667,0.005242902194409385,0.13602762332192989,0.2778718257052251,0.13483955352901006,0.07133051414287285,0.0049387619950414735,0.002742637946983432,0.0028431515667134448,112:106496
-4.361311312095495e-11,0.27422812825846976,0.27422812825846976,2.8713436126708984,-0.18460927246414582,7.1226912595598515,5.283529316125784,1.4327833797599026,7.570152990646832,9.485856246283074,0.07520106632814373,2504.8828125,2759.514575797309,0.005946788780579162,0.2055957345982087,0.3535114529283048,0.43494602367960944,0.0016685279844681413,0.005015831375571201,0.005753135699889404,0.021853109429671204,0.00565350188086178,0.15297769161203284,0.27072888562474107,0.15198307402415526,0.0715309175460154,0.002379094672961328,0.0021913245432118246,0.0010504855627032354,112:110592
-8.891243297171059e-11,0.27592905747544516,0.27592905747544516,2.9979952573776245,-0.1507666700687187,6.987537678708768,5.707655556525161,1.4354730398774462,8.193185672328262,10.277486646360881,0.07613684475928752,2504.8828125,2759.7118639723685,0.005880878132167067,0.20328083440742523,0.3606606936882923,0.43017759375898124,0.002229974704975543,0.0077046940776985305,0.008876960785416783,0.018757555708206378,0.008568684358220252,0.15352233182490485,0.2718535638378291,0.15079766481442644,0.06823275112076256,0.0022839908814974567,0.0014264274443252139,0.0037626659697557545,112:114688
-4.0823344704676856e-11,0.14426994999589804,0.14426994999589804,1.132258653640747,0.01700652798082574,3.1376738845410945,4.130578112631578,1.2581859441835332,5.197035322701221,6.135641590608292,0.020813818471818922,2888.671875,2716.233940226947,0.014351717656364404,0.11793998824298779,0.5519528175857494,0.3157554764668533,0.032585839534726393,0.02189570666176932,0.017408406630960143,0.04894531224486723,0.02002630423330447,0.024150672176790414,0.02339725977693628,0.015897268667602004,0.01458970315301835,0.021711929634650406,0.016408768223703782,0.027983482379124427,125:0
6.601830193631031e-12,0.14118179640703887,0.14118179640703887,1.0847793519496918,-0.0004038961344476154,2.9545035756809557,4.26478092459075,1.2551686453840594,5.353019296016263,6.33565579043876,0.01993229963671857,2888.671875,2690.9505325985165,0.018178670054520094,0.12026676653154403,0.5595762705472046,0.3019782928165616,0.020567840136137567,0.019026693345158604,0.028196166020944824,0.030844430616776938,0.05533229386632643,0.029101694261218,0.024641343899935164,0.023846075758251678,0.008633285716569907,0.017878853685660466,0.026336460622482807,0.05737275300503979,125:4096
3.2876812383619836e-11,0.14517967210771401,0.14517967210771401,1.0681633353233337,0.03678517503895947,3.028843862952597,3.8328291335516678,1.2550113697669183,4.810244141014362,5.680597600365722,0.02107713719330336,2888.671875,2705.8142221783487,0.013715482812996421,0.11943313474882887,0.5493385362818981,0.31751284610883174,0.020650187621584257,0.0185579696315229,0.023995139558407732,0.08357976169874717,0.018717566578073892,0.04235541678304529,0.03323907444140221,0.03943756007845179,0.02026376505396132,0.042250524228755915,0.030451735924682918,0.02066865917801587,125:8192
-5.841016559315904e-11,0.13788581564762775,0.13788581564762775,1.0928621888160706,-0.02433355162815699,3.3416615142450743,4.103850077561801,1.2667144143816964,5.198406047746677,6.158190610484341,0.019012498156811584,1382.8125,2706.2806585621374,0.018639413309832945,0.11513766542549762,0.5397607437802809,0.32646217743179173,0.03611213713094212,0.017766473484815058,0.051310246944819796,0.038398317761012296,0.022017731639728,0.023811381222336843,0.028458605964436685,0.023264130753557467,0.02476555562965149,0.0283649407768651,0.027422691530463107,0.024911549821225287,125:12288
1.3554490863043611e-11,0.1455546843307183,0.1455546843307183,1.0534400343894958,0.02126998675309385,3.0390600733800217,3.7364181456347976,1.2644798342592853,4.7246253975481345,5.6233207374390215,0.021186166130615053,2994.140625,2707.3830594787423,0.015304785213962332,0.11861766487692094,0.5658307215012035,0.3002468283607127,0.018517902130041584,0.01025460853338581,0.013421737527477228,0.10575655456951123,0.030736915356938392,0.019529964553804183,0.012802024629677175,0.0177350367590758,0.020909071524962908,0.027685223922814146,0.011660952684493759,0.030998441973202454,125:16384
-6.930722662445987e-11,0.14325646346219414,0.14325646346219414,0.9908531010150909,0.026971164743072002,3.000030735505976,3.5557523939028317,1.2552079087996535,4.46320852659129,5.278403171606019,0.02052241432369497,2891.6015625,2698.8455371549667,0.015894523013565927,0.11857378644450647,0.5570965756364971,0.30843511485670344,0.023543926887407904,0.02912079911230614,0.03926153828948109,0.09568918133420917,0.03645697783044172,0.02409848241692098,0.022159641608240733,0.023754277057902982,0.019544600923390134,0.014135002266324314,0.02810508815321888,0.03248638142102499,125:20480
2.5698720929057117e-11,0.1425620144925859,0.1425620144925859,1.050098955631256,0.04671273782881379,3.039021462729765,3.720761519160705,1.2564689831899627,4.675021442704985,5.539291990649871,0.020323927976184274,3377.9296875,2701.694241797087,0.016156395162121653,0.11469641936536791,0.5478323623705069,0.3213148230528005,0.01854036152608816,0.03630028335219991,0.04453533428580604,0.09001813398987372,0.036004937762842526,0.0038511714082318494,0.023034273694698217,0.0031605010922578724,0.014494385820785338,0.030083482858434485,0.011533170336746463,0.03681166299971887,125:24576
-1.0704104269620984e-10,0.1398761153282184,0.1398761153282184,1.0908751487731934,0.02496594678483677,3.097748415394639,4.139420192587218,1.2586194949041567,5.209954952027438,6.149104382335625,0.01956532763931305,2891.6015625,2677.490838398931,0.016648506816885626,0.12700872738619234,0.5554921911080432,0.3008505746377681,0.032102491547482036,0.050446643613669864,0.04579648535987735,0.046798576333689765,0.05459986291547066,0.05421841625176484,0.03269151527409561,0.043132022628945256,0.02254313495560789,0.039109094650512315,0.012981319562168818,0.05286942448850177,125:28672
1.0573053543794231e-10,0.14413376066961506,0.14413376066961506,0.9677302837371826,0.00431994693567398,2.85011485440548,3.422622541745024,1.248131057789056,4.271881493470523,5.04036844884206,0.020774540964765872,2891.6015625,2717.942743180008,0.01589281359350648,0.10898199678488917,0.5548309977858357,0.3202941917876329,0.031163404515989805,0.030761696974380325,0.020613420264540886,0.03793180383970795,0.03807286490843566,0.02283052587724936,0.014763500501353825,0.02264297833835692,0.02752795834954645,0.021826700213330275,0.022959751246200855,0.03575120420753818,125:32768
-7.659783918256835e-11,0.1409727658505507,0.1409727658505507,0.8981006741523743,0.016402055545884583,2.815010733259624,3.243773593523762,1.2399643212755014,4.022163522293617,4.712625770225436,0.019873320711554197,3377.9296875,2694.4064993858137,0.016010027004515613,0.12342491168706907,0.5441297860864694,0.31643527517162734,0.019531027337774415,0.014644342648176172,0.030751397511630335,0.02358422547604258,0.028415696524505072,0.030945126145181526,0.04054551187773102,0.024387062448615233,0.040161415376374014,0.03767080148016537,0.0228874692611721,0.03435369831011111,125:36864
8.925971073381334e-12,0.13950490964114015,0.13950490964114012,1.0415906310081482,0.0571059054181689,3.135172454797032,3.8411248140704757,1.2568996293337233,4.827908355064356,5.6894622937216806,0.019461619813982676,2888.671875,2680.7769658190223,0.018189613078138208,0.12702017682293512,0.5329233821126558,0.32186682793488774,0.02653331104924981,0.04966232647368191,0.03787651967034131,0.033588729533974925,0.013843353399804428,0.028281210712056828,0.03753665457590991,0.02364845244295462,0.03404642194338318,0.0737791465812365,0.007122891248003174,0.016289771687846684,125:40960
-9.402412182168973e-11,0.13621623992050946,0.13621623992050946,1.116120457649231,0.001778529079578822,3.2429223640226903,4.438090864775762,1.2645953541503376,5.612389088933686,6.6500581924352655,0.018554864018081797,2786.1328125,2694.1390960577023,0.017170584814875305,0.12358345773522178,0.5285712409827279,0.3306747164132809,0.05595145940493836,0.059279535270266775,0.031606850006913566,0.018738615193597277,0.05771221775459445,0.025549681250162964,0.025885043187465807,0.024165894081595037,0.025684056641970165,0.030934855902396984,0.017887159502500947,0.055336472532772366,125:45056
-1.2719070241473673e-10,0.1361490409437931,0.1361490409437931,0.9466656148433685,-0.0001424469773673205,2.984723032161117,3.7873075583754603,1.254627300689661,4.751659458881055,5.612463206890957,0.018536561349914653,1382.8125,2673.1096671335886,0.018589480449504148,0.1276620259217188,0.5344074497481887,0.31934104382664114,0.01762743171073888,0.022424590912799653,0.06304970643820779,0.023961992371639807,0.03940479451026366,0.016795283212820422,0.020568646745931923,0.016019910095796053,0.03993271656771158,0.035485072712058294,0.02046617456397007,0.03795338899564558,125:49152
2.0076218465447937e-11,0.1364092745031443,0.1364092745031443,0.9296251535415649,-0.014237908918006754,2.985527733512104,3.502399963938911,1.2564008326080844,4.400418230851632,5.198030920814011,0.01860749017047417,2915.0390625,2686.851149183014,0.017984686481443947,0.12225357474813478,0.5344848260739633,0.3252769126427163,0.03909879374455725,0.03965901083304184,0.044040066682500704,0.017943450658931697,0.0556924735616981,0.034636278190687056,0.015513474156770415,0.031601174774908716,0.01713693597755295,0.045883712573908025,0.016265912729489913,0.048029338960921195,125:53248
-1.2452261444195756e-11,0.13892775663668314,0.1389277566366831,1.1754533648490906,-0.00128981983568876,3.110527873515741,4.612556727996421,1.258777959675132,5.806184746994932,6.869795631775813,0.019300921564101448,3377.9296875,2683.400736650425,0.016918272590041604,0.13018419738110004,0.5234444448430912,0.3294530851339563,0.05177960361276406,0.050331590777529765,0.0495449872405683,0.02559503229008581,0.019779572507415664,0.01934307234088092,0.03630288262841604,0.017473659084440585,0.014752002269901828,0.021347289622360457,0.03680235383082382,0.01812595335891755,125:57344
-1.5615952975167602e-11,0.1417528812599308,0.1417528812599308,0.9625306129455566,-0.014347486585346373,2.8829784985858313,3.6334122562466664,1.2468648150120116,4.530373900779335,5.337116334872154,0.020093879345492043,2915.0390625,2688.782760549636,0.015960924646842456,0.12099644303969917,0.5538153664073311,0.309227265856361,0.031474374969652774,0.034436880068228204,0.04359882035988013,0.04114105785783415,0.028772583648743792,0.013143409112927024,0.017143791814296264,0.012867582023233369,0.0164439073845302,0.05777693431110811,0.02477467045703108,0.025182170716831265,125:61440
4.986944190932263e-11,0.1459769048751954,0.1459769048751954,1.0833390057086945,-0.013669946742604236,3.167874268958565,4.105807528497632,1.2608883271587137,5.1769647862784955,6.120653854740919,0.02130925675694185,3377.9296875,2709.2257820118157,0.01516701607144151,0.11321707280405467,0.5580581818602023,0.3135577292173737,0.051374369309434245,0.07429582578365651,0.07626866279861373,0.04104656915470407,0.015392950046586966,0.029262635982461024,0.050099099799921505,0.027834578920730265,0.015954514430104032,0.02627891056237963,0.03896163776655561,0.01200358815177731,125:65536
-4.32720526077901e-11,0.14596110120375558,0.14596110120375558,1.02790766954422,0.024969341987057705,2.9331283894163938,3.5772946561649066,1.2525123894141181,4.48060587746216,5.291293344486076,0.02130464306461298,3377.9296875,2713.0625512024935,0.015006190748855735,0.10923044591497505,0.5751418901362324,0.3006214731529989,0.04471728617636922,0.05231893024680502,0.03677045562896904,0.0633629272321042,0.02356729483947385,0.022375556638302832,0.027316172665118373,0.019594359343000328,0.009971142280381437,0.02007460985735639,0.007671400637203105,0.025657316286414263,125:69632
-3.741529308598501e-11,0.1440022315926808,0.1440022315926808,1.0122241973876953,0.009316937170810596,3.249284485555923,3.573503431464444,1.2684366559617837,4.532762742706195,5.381046954338909,0.02073664270367208,2888.671875,2706.5342069279995,0.015578525825510576,0.11261612945408209,0.5656400150707082,0.30616532960147536,0.049355534143098116,0.055553149408568196,0.02847956122740662,0.046062216171944934,0.020924435086156056,0.028081969185696307,0.027789022214157234,0.02777045866129236,0.011613811019774555,0.024829451785830306,0.045145125650054976,0.023981492547238345,125:73728
-5.5431215173484816e-11,0.1409069054170866,0.1409069054170866,1.1158051490783691,-0.010298681293629632,3.3067147117201285,4.194043012879242,1.264292391918191,5.302496672598505,6.281646270168142,0.019854755994219785,3377.9296875,2681.632812724387,0.016938476477959104,0.12253822912099252,0.5451561097083522,0.3153671846423305,0.06669594087986022,0.043267990313608014,0.04228853071456105,0.05312615354919423,0.015624574007122527,0.02435471255683094,0.03602840170595227,0.019464854345201402,0.012471155484037565,0.048651460347159926,0.015213963009726798,0.012843188032790831,125:77824
-4.243272400117348e-12,0.13965912366722436,0.13965912366722433,1.039557009935379,-0.01115072109679762,2.9559119149232034,3.990149279814168,1.2519435972238588,4.995441842866509,5.916633253995909,0.01950467082349706,2888.671875,2693.5648972175977,0.016903547579125187,0.12156941225039998,0.5322206218580232,0.3293064182611819,0.03951836091928877,0.0491234517986881,0.028174689043007878,0.016929662074411864,0.04118189958632936,0.03466168898387857,0.028820590314693726,0.030793107058420772,0.02761938275656455,0.029875612915775306,0.01842527808091789,0.044394848434968714,125:81920
-3.1393998511930477e-11,0.13790651664042536,0.13790651664042536,0.9446293115615845,0.011492516858785117,3.004596053333501,3.5253344675274065,1.2585002190091852,4.436634199496042,5.25921587992529,0.019018207331895916,3436.5234375,2666.436535545603,0.016483953678187304,0.12709841190575696,0.5361099247282634,0.32030770963521127,0.058203763902369005,0.07973412391478148,0.02119050237780141,0.023432676885371876,0.04091074443794136,0.04097079601141484,0.034053803264345935,0.03921929967989462,0.01658263435438637,0.03650183842216271,0.014949438680140268,0.044985782378104064,125:86016
1.1526224419355913e-11,0.1464943425603367,0.14649434256033667,1.0173883140087128,0.006899815457728574,2.976358947386026,3.761208911466949,1.2534084515203492,4.714331037598507,5.564090427011437,0.02146059240218527,3377.9296875,2746.724057002319,0.015075218423916827,0.1047931393803621,0.5424608810626576,0.3376707610864667,0.03918985507101473,0.05699139399953275,0.05747081635583715,0.012337972144611064,0.040612650213577385,0.03073705078847541,0.013156484190836903,0.03006056305596973,0.012588309272817766,0.027093263639996947,0.018440357455675387,0.043807527972346584,125:90112
3.9033665188981104e-11,0.1453972983275197,0.1453972983275197,1.0455573797225952,0.0012516136258872938,2.9753195109914685,3.6552682377985315,1.2421509998019271,4.540395096156902,5.311871790158519,0.021140374360941763,3377.9296875,2733.5688563700164,0.016063526725107607,0.1094531802348598,0.5455859792293487,0.328897313763381,0.03540235624232003,0.013801734531360452,0.03603029158760416,0.05297939258728554,0.00860949366235883,0.012440662713314544,0.028812619406666608,0.010974366746177838,0.03125537149590292,0.03570089318678413,0.025359713630608745,0.009530481664937708,125:94208
-2.4390545139141295e-11,0.1425708975079334,0.14257089750793336,1.072051763534546,-0.0008195300727319434,3.1231984247342,3.7976728444953762,1.2613505867413475,4.790196870689524,5.672025256552802,0.020326460816217647,2915.0390625,2703.5009815875114,0.016030929996531936,0.11545433207182652,0.5411346278876488,0.3273801099947958,0.07075629790088962,0.06306812624931896,0.015576196678012043,0.06338354623661248,0.01611171140360793,0.034191167817590726,0.0698148076742386,0.02411598261047261,0.019915274919482924,0.01772944897817499,0.020054425784802193,0.007119711586811036,125:98304
1.513424940924324e-10,0.14374032175665102,0.14374032175665102,1.031731367111206,0.0059667826768436145,2.9885947259368266,3.645044766451717,1.2561404458305288,4.578688158034749,5.4185412713764025,0.02066128009870556,2888.671875,2696.181339397494,0.016514338856445484,0.118286718356047,0.5459542092916543,0.3192447334474536,0.036263196396098096,0.03868970739905863,0.054271441765221674,0.026043770459235407,0.02296551240293455,0.019340365263600855,0.019806417219202344,0.009947988110198033,0.04043217475758217,0.03643436372357699,0.02541737815384892,0.02512710227258726,125:102400
6.405098673667453e-11,0.1465528108951008,0.1465528108951008,1.144470751285553,-0.008070871133422985,3.0598630441801857,4.042949638482767,1.259481987581747,5.092022246403927,6.039525505239901,0.021477726381255176,2888.671875,2706.639924152708,0.015338464833691728,0.11510509992963683,0.5453339016357746,0.32422253355433694,0.05824608956713761,0.06293344465136125,0.047901723664968185,0.046374929089944145,0.028070233502293044,0.020768524608528956,0.009642325999813333,0.01602005459098169,0.021259421930513476,0.02415255918220668,0.017183224924557667,0.0344977142824502,125:106496
8.22453216642316e-11,0.14015672486128058,0.14015672486128056,0.960557758808136,-0.012822253633853812,2.9667373475726255,3.5015412838556794,1.2518836658881303,4.3835223387231546,5.163463458017339,0.019643907523840702,3377.9296875,2718.4787766041422,0.017374863337437547,0.11392846012832387,0.5164684489102848,0.35222822757304756,0.03433901527814156,0.03283399461913538,0.026381736174933664,0.019698888810676426,0.018940507193653353,0.02225435568011207,0.012849407022644045,0.01741363153738523,0.024001277251050522,0.06577835886361341,0.021660113137504752,0.015009647952418454,125:110592
9.333867012628616e-12,0.1425130035587713,0.1425130035587713,0.9522745907306671,-0.0036358156435537105,2.874157986107285,3.5736792353241795,1.248100117294078,4.460309472810817,5.254253827682752,0.020309956183342366,3377.9296875,2713.4128714928534,0.01582737533484706,0.1146080008452666,0.5134599906224115,0.35610463314823787,0.02762469605529675,0.037922779974494156,0.047347627546976696,0.03188550481429617,0.052021079211011234,0.024494233051450334,0.033897287728715794,0.02242905219231072,0.018249767924059274,0.015602970059769752,0.006952260023703706,0.048992535521392995,125:114688
4.787814589235495e-11,0.9987693468575943,0.9987693468575943,9.542325496673584,0.04885773254779934,7.323633066431385,4.807056604528563,1.5895758206907018,7.6411809472578005,10.523094327583987,0.9975402082223456,3413.0859375,3175.9849795806426,0.0006067231803895532,0.0033857563758965124,0.31186157249376706,0.6841459479489445,0.007867366878606103,0.01974791194325192,0.021340104351308356,0.4164179908581482,0.08755554223755391,0.07281102458223308,0.0038576036796653243,0.07281959967746009,0.0017947432447333479,0.0105336918081615,0.004902652932400834,0.08717036366437157,138:0
4.0813574742060155e-10,1.0021443224655426,1.0021443224655426,9.506937026977539,0.020019820380558,7.218811464062543,4.814471466793494,1.5907604191886453,7.658670648695832,10.610291605520265,1.0042932430499212,3413.0859375,3172.084514642162,0.0006299865715271548,0.003744241789601806,0.3200597062019617,0.6755660654359136,0.0073190719626676035,0.027942851127665175,0.03053767455376622,0.41039552271140106,0.08451284536638067,0.07325143753628424,0.004132393492971567,0.07318289318620216,0.0020480440995873667,0.01805991563040814,0.0034996249215349575,0.08329371655024631,138:4096
7.01989577578388e-11,0.9945919403296005,0.9945919403296004,9.98172378540039,0.04570624957066182,7.680375344205392,5.074629798577972,1.5937193867392347,8.087535890526462,11.139965657711572,0.9892131277685994,3413.0859375,3174.7378301453045,0.000633964625935902,0.0034463738510863624,0.3162467782143715,0.6796728833075955,0.010184769247799852,0.026579916900410554,0.024031204399629733,0.40614183689406147,0.0843339272061108,0.07223799210402694,0.006243468167721633,0.07214152250673538,0.0026650420860110037,0.015155582996743194,0.0048336502938160185,0.08433329720730465,138:8192
-1.184918829721937e-10,0.9977489554845012,0.9977489554845012,9.756431579589844,0.04692184727624069,7.499961935213436,4.908210083148328,1.5990120374693293,7.848287005390379,10.859736353458315,0.9955029781704131,3413.0859375,3179.6271004020423,0.0006730240949291103,0.0036313287133053584,0.3045556201266484,0.6911400270641127,0.012062539414943941,0.023344555716132732,0.023064342639623907,0.41263632667465183,0.08506695138167698,0.07148639771901638,0.0030583776761186846,0.07140170178266551,0.0016133974327472084,0.006729583156181426,0.007745283829358736,0.08565691228260391,138:12288
-5.018812032631104e-10,1.0130657525272697,1.0130657525272697,9.745392799377441,0.024751267664827516,7.133399944740952,4.937788629712863,1.5861779461549785,7.832211427233087,10.843234157790816,1.026302218943643,3413.0859375,3175.909106789941,0.0006360328699176592,0.0034436047854100775,0.31081182290229364,0.6851085394414043,0.004532465930540374,0.017598534978254754,0.01925365533385896,0.4212716197117499,0.089716513095721,0.07385556988833888,0.003013413805305441,0.07420042902980312,0.00183733319867972,0.0038959485848313563,0.007299055920034187,0.08944023312859714,138:16384
5.767901711806189e-10,1.0060724567514578,1.0060724567514578,9.70939016342163,0.04483753822672267,7.154243551456511,4.878742159884447,1.5901471145415857,7.757917768140348,10.722003151863946,1.0121817882339141,3413.0859375,3176.4790099830307,0.0006011618748883063,0.003425582090974269,0.3139211522588087,0.6820521037743407,0.0051937934471165395,0.023187089680235726,0.023504329325612413,0.4159852415689733,0.08629434836036101,0.0732437798394629,0.003921679569967296,0.07331458077842752,0.0019092584891442698,0.006699713640734753,0.0066017498762583615,0.08622355753287693,138:20480
5.46318545957547e-11,0.978253526255407,0.978253526255407,9.775399684906006,0.023502515499739928,7.265086977190422,5.024309616395797,1.5965079975708607,8.021350484856272,11.131308412414743,0.9569799616311383,3413.0859375,3178.260905542479,0.0006144556541789477,0.0038066756414597324,0.3122346540397144,0.683344214663602,0.011231343607964019,0.02557877774302052,0.0254834434348221,0.42030040271909747,0.08519094614741507,0.07202465283960402,0.0023827700004575,0.07173227234488647,0.0015980340833758415,0.009304163707059747,0.006201074720275801,0.08570029485780004,138:24576
5.326761254309531e-11,0.9967091208944957,0.9967091208944957,9.69503402709961,0.020500654278674667,7.2242725894808695,5.050764426150611,1.5961799650588935,8.061928985261874,11.220041621334868,0.9934290716742785,3413.0859375,3177.2415253421714,0.0006206243711482953,0.0037446493993579916,0.3147119041988037,0.6809228220296834,0.009498347305327361,0.024001729025765174,0.025945014626169657,0.4158816026463068,0.08920985572900655,0.0717215675518568,0.0052605583830170255,0.07160907553457037,0.002056547136944514,0.012638262795412095,0.005115776296275317,0.08921936161356925,138:28672
4.419575816427823e-12,1.0099061524210566,1.0099061524210566,9.653512001037598,0.025853165971345415,7.153474577497972,4.850359535238344,1.5882159571299634,7.703418411690641,10.674987033804065,1.0199104366979026,3413.0859375,3174.4798725886862,0.0008767713120552484,0.004022160575846382,0.3199342441754197,0.675166823935698,0.008393895313940379,0.025275233025724504,0.028679986053439868,0.413753192420351,0.08797670496221327,0.07142254249889528,0.0033455592169869975,0.07148083605644191,0.002101700134162351,0.014981529554320479,0.004931163866768173,0.0879155519413989,138:32768
2.4503066242687055e-11,0.9860501882283781,0.9860501882283781,9.785169124603271,0.036077089863258464,7.377084819884938,5.017603089555742,1.5936226149938724,7.9961657565872635,11.05120647991494,0.9722949737052199,3413.0859375,3180.0814913663557,0.000692036477685403,0.0033144134061296377,0.3091338797762191,0.6868596703389375,0.006189569291519568,0.02286865015833936,0.027297747525865685,0.41614025434653124,0.0888683197372618,0.07276639791105492,0.0038092025330838043,0.07268103438600776,0.001908668886430739,0.007794256628712507,0.009242053821161667,0.08881934801090303,138:36864
-2.4348878469027113e-10,0.9938534489760554,0.9938534489760554,9.739210605621338,0.05679140310882071,7.568756040392217,4.925333878397052,1.6064249140366726,7.912179052213857,11.06415648280094,0.9877446780416007,3413.0859375,3173.2106728348854,0.0006332239623416513,0.003651078473319061,0.3189487645292162,0.6767669330341106,0.008850905523844509,0.02490133984149996,0.02631204615160688,0.41729844431131136,0.08922046474355856,0.07069338369131128,0.00442827775563819,0.07061017419580255,0.0013475765107948308,0.007737071229397325,0.006897636574748363,0.08880232055237959,138:40960
-3.020019789801154e-10,0.998324013191024,0.9983240131910239,9.748163223266602,0.03966784191770702,7.731763183975836,4.901563649863283,1.6069435761005084,7.876536220003453,10.973707618789616,0.9966508353138319,3413.0859375,3176.1578813355936,0.000698959801191165,0.0035901659830770193,0.31425670288185603,0.6814541713328726,0.007041235870984389,0.027163320888702047,0.03304687771376231,0.41137639632907996,0.09073255713584749,0.0743158361576673,0.003120246744632348,0.07450531013972515,0.0021295176049856866,0.011580336309917096,0.005423318524935237,0.08941094219374601,138:45056
3.5640113082990865e-10,0.9912914602086003,0.9912914602086003,9.838088512420654,0.04798422423673559,7.5194569729562355,4.990194116617939,1.601437213263889,7.991482559770548,11.087052843799997,0.9826587590824988,3413.0859375,3175.6051520161373,0.0007315415202196685,0.003919805720397401,0.31041800749792375,0.6849306452604417,0.009039410357482697,0.025012037762111465,0.029028738533043157,0.3952107975482623,0.09284782921424645,0.06914535883360183,0.005194899429079075,0.06914458577218441,0.0018196439595602816,0.013317731694293178,0.008670837127403063,0.09157960457657349,138:49152
3.110953716856102e-10,0.996210786405201,0.9962107864052009,9.76665449142456,0.03360882082930608,7.251441700310993,5.043272328545022,1.5986494555126374,8.062424562038544,11.217308019331798,0.992435930950069,3413.0859375,3178.983851433389,0.0006186348713829141,0.003370297512086361,0.3092057402569077,0.6868053273586154,0.005510908153620902,0.02473325842513368,0.0258002021587367,0.4101583196255431,0.08719702346154076,0.07285484121333036,0.005814126581524277,0.07273670105985465,0.0018834831019076156,0.014613177805710604,0.00675991150718056,0.08592999010244982,138:53248
6.468425794992072e-10,1.007818274809171,1.007818274809171,9.81102180480957,0.038500117582583405,7.375352247407597,4.870485771346503,1.5964454491693654,7.775464844917987,10.780637674944167,1.0156976750393338,3413.0859375,3179.3775154888262,0.0006239460854121032,0.00340617910869356,0.30954103043491465,0.6864288443699951,0.007611113704071524,0.02362731930626363,0.026678494456676752,0.40509402991841564,0.08963789010142205,0.07350911258189861,0.003805162043205419,0.07386550374026185,0.002284128529331799,0.008315456550371516,0.008629333902048416,0.08698256378683575,138:57344
-4.4020609379913367e-10,0.9976889576254078,0.9976889576254078,9.79048204421997,0.03894213531324604,7.440923373155598,4.966141193077123,1.5955607108703698,7.923779772316703,10.976981990703461,0.9953832561676726,3413.0859375,3178.6028992835295,0.0006439878793032852,0.0037351830416255936,0.3095834580288435,0.686037371049223,0.006367787366520136,0.028230210087620333,0.028976762408811023,0.404266398593827,0.08875229152606173,0.06888073428389238,0.004967742686891137,0.06867961426467814,0.0016769275615868323,0.00607908350668595,0.009018723505894385,0.08677566376596495,138:61440
-1.8730750284134956e-10,0.9871771356088275,0.9871771356088275,9.622180461883545,0.020424190014548885,7.185998635402852,4.909365260505855,1.5987291777634929,7.848745486277132,10.90125505231232,0.9745186970688494,3413.0859375,3177.7784400540813,0.0006016478657070423,0.003798954945415913,0.3168683635924791,0.6787310335953718,0.004355573518393493,0.02235364926483231,0.024815022266543425,0.411985049444552,0.08912627711300594,0.06915614639700489,0.004441383571951134,0.06888419204121232,0.0014821511684885952,0.010828925096405557,0.008342257041215523,0.08890566060666855,138:65536
7.511502531087899e-11,0.9855579160648265,0.9855579160648263,9.580907344818115,0.02753407754664434,7.278391608922873,4.90786829495022,1.6010989399037798,7.857982724240142,10.927544586302467,0.9713244059180431,3413.0859375,3176.7739149500044,0.0006238751850837669,0.0036910050186152337,0.3187260178021042,0.6769591019931673,0.008873796947835029,0.02392782143675857,0.02106447335541754,0.41069035426529316,0.09182961093635117,0.07205425490978377,0.00592253045373328,0.07194413366602186,0.00223724443284127,0.013704790467291011,0.004442092105917238,0.09198924069142381,138:69632
2.9269386914165807e-10,1.0135976110460787,1.0135976110460787,9.709590911865234,0.03164507099951421,7.135821190776516,4.85708151543232,1.586545370239769,7.7059801911939125,10.672825799036566,1.0273801171183177,3413.0859375,3174.870627865844,0.000730623704429957,0.0038125054611014347,0.3223526519798092,0.6731042188536859,0.005344772050068289,0.021664870935808996,0.02734103475835531,0.4104516423271348,0.0875171847305838,0.07270278110574521,0.0024600419484847426,0.0727343800957057,0.0008977545006663654,0.014098669444238088,0.004006530155387951,0.08758142965989156,138:73728
-3.625046929300879e-10,1.0055729679490186,1.0055729679490186,10.13451862335205,0.03699322393991625,7.399793472242621,5.112442512211647,1.5972166677692436,8.165678393524628,11.301825948942017,1.0111769938697976,3307.6171875,3179.069241673134,0.000701271114455224,0.003703614187110087,0.31686909368556976,0.6787260210118761,0.005301130782249073,0.02176884175361119,0.020717757832932705,0.4183119609953424,0.09219322346645724,0.07024128650908706,0.0033583900860470863,0.07029686020002893,0.0014666833945708902,0.008245159156537358,0.009151247732026784,0.09269757714729678,138:77824
2.7866642327012414e-10,1.0167034277422635,1.0167034277422637,10.1852707862854,0.05688403812255296,7.4668280176921344,5.137989588595578,1.5942314281423153,8.191144479615133,11.330613229826087,1.0336858599828682,3307.6171875,3177.3171896878357,0.0006288168536355827,0.003579940862660727,0.32134434986082233,0.674446892421914,0.005215516312662025,0.018960283815163327,0.02149644101792245,0.4159194306251147,0.09133217898290248,0.07260987432803172,0.0037455440313908087,0.07216711576985148,0.0012329772047786707,0.004364676226355793,0.007746990243762472,0.09188256551059604,138:81920
1.2408252203499615e-10,1.0176780000306482,1.0176780000306482,10.019271850585938,0.04210435372019736,7.526402478144186,4.96786503248215,1.5999983924261036,7.948576065769104,11.046246833184252,1.0356685117463802,3413.0859375,3177.8181005155084,0.0006992603667271625,0.003351977034195134,0.31613861965174916,0.6798101429463629,0.005765985843607685,0.019162629108138585,0.021378700067986943,0.41347482516082296,0.09082602389725555,0.07681556192919081,0.0026223276067097673,0.07712191162708984,0.0011283562944821262,0.006079778085893523,0.007198064798417965,0.08992479808266465,138:86016
5.312550399594329e-11,1.0247054767466117,1.0247054767466117,10.482988834381104,0.02913122474781996,7.351716890450832,5.17034554633808,1.5928965485773434,8.235825575722206,11.444988243730759,1.0500213140745007,3307.6171875,3179.6758927785654,0.0005658561942691841,0.0030939712885098215,0.31589308864872406,0.6804470838675445,0.008024652095373735,0.023057016659371852,0.025764283686859048,0.4136821164249127,0.09163011172711788,0.06772423899632603,0.0033677831604783737,0.06729453602874909,0.001711165870246875,0.013867655367392272,0.004358895836232442,0.09112347342729238,138:90112
1.9255708139098715e-10,1.0027683351570023,1.0027683351570023,10.150847434997559,0.023635968457549974,7.50352972993166,5.137413564229015,1.5955177980663215,8.196834777762906,11.326890043825557,1.0055443339935464,3413.0859375,3180.048750198496,0.0005996949692451005,0.003460997189941014,0.31056255318325915,0.6853767546565601,0.009783408896125575,0.0242914488976533,0.02833480222222595,0.410025187604462,0.08849055065696153,0.06879063565507533,0.005390123480787901,0.06874153327171177,0.001490293915626458,0.018590802484242722,0.006423461160949057,0.08811458872806484,138:94208
6.505125327294081e-10,1.0082252830557354,1.0082252830557354,10.072076797485352,0.02491814365101573,7.47481570136336,5.034050132005156,1.5922611699706557,8.015522552885415,11.053946169972038,1.0165182213928177,3413.0859375,3180.8222002832767,0.000772830264183131,0.0034284841343474636,0.30702629447800855,0.6887723911224771,0.004169138496072335,0.02470569883145379,0.028349916816754833,0.4084164282566247,0.09187481109889209,0.0731367415570211,0.002577335718397676,0.07310683586011209,0.0011678298323042466,0.011318627618533932,0.007945309374870726,0.09091452169766633,138:98304
-1.7471135649316238e-10,1.0436518404826278,1.0436518404826276,9.80768346786499,0.039903017558362196,6.932980574134857,4.755388327268626,1.5735343738321868,7.482766993884699,10.287501432775588,1.0892091641427764,3413.0859375,3181.750608958272,0.0006126823496036711,0.0033359250130252805,0.3049965798738199,0.6910548127626329,0.0043809058190777414,0.017808198951456196,0.018460295444221116,0.4220990412168374,0.0900804019638551,0.077287984502233,0.0031430448668106543,0.07757603111579117,0.0012191717871628202,0.005938672461098214,0.007539102614267744,0.08809520144099539,138:102400
-2.8668623031080642e-11,1.0178606285915446,1.0178606285915448,9.160608768463135,0.018821137653794853,7.084045535262847,4.564729885906701,1.582306093710258,7.222799914618599,9.923824373511682,1.0360402592367746,3413.0859375,3179.645066203328,0.0006517760577524223,0.003330454388468524,0.3101250603624138,0.6858927091903999,0.005641896875657816,0.02293342995958997,0.025910125401963836,0.40923355227117697,0.08727714443577306,0.07597885378330882,0.004893594805012707,0.075943592765412,0.0012686911103611939,0.007373921415778535,0.00763768972768979,0.08661086598666218,138:106496
-4.478901693971693e-10,1.0115600009324088,1.0115600009324088,9.397382736206055,0.04543401157445925,7.045852865597791,4.6466516761632795,1.5813583093137773,7.348021238594858,10.084531818300487,1.023253635486375,3413.0859375,3178.572758897655,0.0007197055252729442,0.0034801757691922098,0.3129957474540467,0.6828043712505107,0.005541293904978611,0.022445791802843215,0.02588999339410146,0.41011212615576964,0.08631158623423567,0.07833686843254724,0.0021820524606094927,0.07844139633469324,0.000935635681182323,0.010535145310308391,0.007133639402736095,0.08574553164362003,138:110592
3.5338132420292823e-10,1.02457678791742,1.02457678791742,9.533937931060791,0.02226891917138851,7.025015763992061,4.830927798556898,1.5769876300454517,7.61831337997437,10.441284919282237,1.0497575943391775,3413.0859375,3179.5148573837464,0.0006312537440046549,0.003568842558345704,0.3122188478502766,0.6835810558464203,0.007320542534029889,0.023319191301396012,0.027960402482308983,0.40043002794308447,0.08756247458594436,0.07952490527622105,0.00496139635975801,0.07990809653934071,0.0019502599442845943,0.017253488275419098,0.004583123303047981,0.08597229004179141,138:114688
6.071232405702176e-11,0.18745264532722414,0.1874526453272241,2.6826977729797363,-0.07804758672563748,12.081146423410626,7.342536129904332,1.5489055594929702,11.372895032447488,14.688724942957219,0.035138494240174074,2592.7734375,2659.083167899938,0.011163281441085355,0.030305927085115092,0.8052806933517218,0.15325009809361903,0.06991337697210961,0.12349853204954105,0.044734503210283966,0.023513712631662746,0.0316086206546193,0.005838926156013933,0.03615873254465945,0.007518684372523026,0.0010054530650731833,0.11799039676970632,0.03489586875676246,0.01070269695914325,174:0
1.0252776405650366e-10,0.1837119168088582,0.1837119168088582,2.5246334075927734,-0.10353485179636075,13.122104737841234,7.066104767488554,1.568386344828543,11.08238222851724,14.321921617527877,0.03375006837758484,2496.09375,2692.28027481689,0.014272206284164415,0.02637150664592661,0.754307104910283,0.20504918212999645,0.06074511715538499,0.07260330611619513,0.03048833992216531,0.024705758725937475,0.03881596282683033,0.007427357934846316,0.030207719109156334,0.009175269761863263,0.0026926658562855792,0.11415052651071629,0.10060230220248767,0.039315286506491944,174:4096
9.247713705917704e-11,0.1684227991595453,0.1684227991595453,2.280300498008728,-0.14609077128546966,8.37076615347003,7.0797441238856385,1.472673592865132,10.426152215550374,13.299551239145313,0.028366239276736538,2865.234375,2767.090972311271,0.012019137339733364,0.02501244548326726,0.7041795111204237,0.2587889060213225,0.0604641867833451,0.04749800340268501,0.017251419858572533,0.013579798238122037,0.025222784376384113,0.007272067331941136,0.007887373736245706,0.008479551648359167,0.011871600270860544,0.061479227766656395,0.11576982486385354,0.023767097990368913,174:8192
-4.6713743984128087e-11,0.1178938359414829,0.1178938359414829,1.3881946802139282,0.045572585660623645,6.335167914287078,5.958656226683784,1.3684052929790271,8.153856719705692,9.982153855072314,0.013898956552997284,1435.546875,2524.323058728037,0.04538830543127678,0.1364730111400949,0.5243246255807936,0.29381405777588687,0.17736962777966603,0.0833514777973232,0.021003575902353067,0.027067911618449743,0.025815975045047727,0.011315971876654831,0.026528095727639853,0.01185082836660455,0.007760291103743855,0.025895594333543246,0.05405521366460388,0.03749075599736411,189:0
-2.983568947456661e-11,0.1051343531328495,0.1051343531328495,1.2018701434135437,-0.014430342049205978,5.187825466130173,5.942308681963324,1.3205584073349217,7.847165689020604,9.463515533319269,0.011053232208662701,1435.546875,2349.4059213138125,0.06538930419380275,0.187346902111011,0.497137243712391,0.25012654989232397,0.11123982644923552,0.07388489491771012,0.04740785876123212,0.02530057966188685,0.025118728549829956,0.019123412103190924,0.026810193458307853,0.02047932660794642,0.011197688526970395,0.032895836128102623,0.07501064659673809,0.03383654357525516,189:4096
3.163291850682981e-11,0.10600620451393049,0.10600620451393049,0.8384042382240295,-0.052113276625961734,3.9475374506903274,4.062474684209829,1.2950358809727343,5.2610504816447365,6.274185083253169,0.01123731539544926,1435.546875,2270.1427824161096,0.10529039171059806,0.1726780609743234,0.47604222950438296,0.24598931772170635,0.07294117989834797,0.048318953364868016,0.05357141031752258,0.044547477859766586,0.024627972516205122,0.017054102262332196,0.05490096644112151,0.017567506685715918,0.007383210163063518,0.030212348876045403,0.09860805950561265,0.02051344306292071,189:8192
-8.093947734266749e-11,0.11439683034149431,0.11439683034149431,1.4214084148406982,0.0015177830723965841,6.937689529061191,6.72420608206618,1.3596365928308174,9.14247664699264,11.123191932408062,0.013086634792180633,360.3515625,2484.2308082223503,0.06370641630491108,0.1170160949731503,0.5561269188850066,0.2631505697605181,0.11532337200756426,0.07916733725539628,0.07455690987328498,0.02367050943866506,0.018692446519571956,0.010692342344022256,0.0393609543540463,0.011365590082808364,0.010169033699364553,0.017853640265659568,0.12247692400497923,0.021091037987944573,189:12288
2.0161650127192843e-13,0.12755746917974956,0.12755746917974953,1.651159405708313,0.013457867257162727,7.808875598722774,6.522935401096858,1.4016944356768373,9.143162256068605,11.31826116480864,0.016270907943542755,2753.90625,2606.1851901269465,0.04053176878315107,0.08945583373134874,0.5664221449353596,0.30359025248868127,0.11610756769049693,0.06362201859087815,0.052853599724176345,0.049410727418916583,0.024178640030319228,0.012014712483654714,0.030418041912421572,0.013538786504737384,0.009182839287936246,0.035664281380140626,0.10213802892964466,0.023705757522792012,189:16384
-2.910227614449923e-11,0.14937148418291274,0.14937148418291274,1.989753782749176,-0.15805114654607008,9.825607005827925,6.935203854389859,1.4710746578931675,10.202202637584241,12.879199885700741,0.02231184028700615,2815.4296875,2712.008765722663,0.030576374909290053,0.0674367561753001,0.5274215063112886,0.3745653625593021,0.13906175366035284,0.07693266242856138,0.03608975322454255,0.035955384461478744,0.02554336649259563,0.008359285948386657,0.07834051971956618,0.010865865254724823,0.006619242069094207,0.009585896527442276,0.09686689593167269,0.027952701951124318,189:20480
4.1284531349106146e-11,0.17244375257111952,0.17244375257111952,2.549387574195862,-0.029673155233063804,11.649936614906935,7.400826432294245,1.529478906967443,11.319407922386805,14.610767298527726,0.029736847800809492,3125.9765625,2782.063570920714,0.02120367373620156,0.04605839732972759,0.5589210357599587,0.37381689314048394,0.18388900436247183,0.13323452355249907,0.036086658482095475,0.0250888424174299,0.007764142023161418,0.006244130845976226,0.035118626434052995,0.006769790706225898,0.006822222122479079,0.025524581571408297,0.09641533085673083,0.015651196014518337,189:24576
-7.980283101005625e-12,0.137102787264267,0.137102787264267,2.2092583179473877,0.017627514921946495,11.87914895539894,8.443812723047294,1.4387650655633766,12.148662766168622,15.022927203241341,0.01879717427563085,2718.75,2681.69038308322,0.0345812009805488,0.07367263415975116,0.5244538427594978,0.3672923220470029,0.09124838979942851,0.04969954953834377,0.06898006018262763,0.04102062687426947,0.01341219893636226,0.015397860469949502,0.05918568284114619,0.017073802669912555,0.002597675819805089,0.036542354874494844,0.07289001540234903,0.01883096702766447,189:28672
4.82058837292243e-11,0.0914838341861356,0.0914838341861356,1.4677358865737915,0.019843618825353054,6.3902879846639795,8.215694635160562,1.3176075758725803,10.8250614924616,12.99808049409019,0.008369291917396354,2879.8828125,2259.516083806987,0.07402249054859354,0.1975039568627513,0.5157321037239779,0.21274144874519285,0.07223202069911572,0.06641596758211651,0.06660570486395827,0.038367843846974496,0.02198714503582952,0.01397769480693116,0.02801108319137522,0.01640071142440136,0.010130688329340574,0.022342348830634875,0.032922890848480796,0.020158171566906136,189:32768
3.63395979974257e-11,0.13737586114117878,0.13737586114117875,1.8736329078674316,0.011746560390463248,8.904328396759398,6.993710271391424,1.415197631004285,9.897482208075527,12.19888823005097,0.018872127224280427,2815.4296875,2643.2233304346396,0.03414075231996153,0.09336161058397836,0.5402408803989212,0.3322567566441508,0.1328860562509217,0.0336106838158072,0.04004899874828294,0.01735078024268883,0.021927816217104462,0.007008007070800647,0.046753200627874726,0.008869255789900646,0.005417487548918056,0.03651694894532644,0.08924851869148753,0.02038356559652607,189:36864
6.523714901618405e-11,0.1376286714796294,0.1376286714796294,2.2274619340896606,0.10690037061937735,11.265436184267282,8.221861692972219,1.4421127239762188,11.856851362294044,14.777118630098075,0.018941651213247757,3143.5546875,2642.8994139472884,0.03827248251001931,0.08974920470138592,0.5319296852161638,0.3400486275196374,0.12938907024289345,0.0926586242907525,0.05256146312034672,0.039614911858299816,0.007880252740662947,0.007218124427956581,0.04604719115067106,0.008486990171192681,0.005227709309392215,0.00833930354762173,0.05799571778230502,0.010779374615358429,189:40960
9.903189379656396e-13,0.1369578529437673,0.1369578529437673,1.6912488341331482,0.03297053863264757,8.343587879184106,6.275051768426907,1.4447413715464008,9.065826898507952,11.379722961172794,0.018757453482966594,1435.546875,2613.6980236187683,0.03117481139386387,0.10738441114309352,0.5493452524860016,0.3120955249237289,0.12302998968985311,0.08710212481007551,0.02833106690357716,0.05338805886178783,0.01294914600535547,0.015320864805259795,0.024511827329353725,0.01633219125083921,0.0016494317210306367,0.017000749422448832,0.10147722655256215,0.013498821041842905,189:45056
1.8312906746587032e-11,0.1417718852330294,0.1417718852330294,1.7278979420661926,-0.0077377926364739814,9.309585011002675,6.129261677341876,1.430535554279391,8.768126750981537,10.868449400213864,0.02009926744252726,2803.7109375,2617.578645489816,0.0334859728215292,0.10863792513314284,0.545693718574877,0.3121823834206979,0.12401301809340391,0.0924757066873985,0.0519288303590693,0.032273375174635195,0.006132200786275144,0.014987101204359875,0.03446463373341155,0.016086178312080035,0.005473210700374407,0.014316820068816353,0.10359170818590953,0.006854137751348609,189:49152
-2.518518726901675e-11,0.17267262144402687,0.17267262144402687,2.098292112350464,-0.03851066468492213,9.589584239790625,6.16642474177224,1.4891448199038069,9.182699461589982,11.685897909600346,0.029815834196352208,2800.78125,2679.3735389278995,0.03861336328151406,0.059838655326641114,0.602835278183108,0.29871270317519755,0.18142265175476102,0.08924536630146705,0.02172530694625529,0.04888804894827583,0.003955945258258425,0.012768685791607955,0.023196130399165286,0.017168509347302578,0.007350151100743652,0.008607477748404981,0.0762468425564513,0.005514043692241103,189:53248
-1.2752465750054398e-11,0.11804200735787583,0.1180420073578758,1.2673532962799072,0.06463037261380135,5.639971402282873,5.7464984817957045,1.3594527513026695,7.812093171499964,9.562748038110772,0.013933915501076808,360.3515625,2498.3999461607227,0.05669819620903256,0.12276869933063923,0.5209113029501675,0.29962180143839323,0.13092712490632855,0.059855988463521866,0.03733418944466282,0.024085230872758868,0.013545828476293495,0.01328846019731247,0.019143937633882353,0.015186578843564964,0.0056203826212603905,0.03131778072453025,0.08734490000642778,0.012188194103347972,189:57344
4.806732789575108e-11,0.1361547846720409,0.1361547846720409,1.056263267993927,0.031223309528731483,3.1926271546557987,4.130276803734593,1.2698498372559894,5.244831327083081,6.244857866174274,0.018538125389089825,2654.296875,2645.977208422814,0.02466308682256442,0.07064357504158308,0.7274046906200191,0.17728864746189044,0.024560075104240964,0.028641766475209086,0.057368132345614574,0.058317536495448366,0.030813452664153446,0.014364696695649406,0.090202593490505,0.015070301818666683,0.015838179499014247,0.02940255174190806,0.00806192640535059,0.034376506463919605,201:0
1.0591527654923993e-11,0.13600571899186847,0.13600571899186847,0.9324459433555603,-0.015886661723131936,3.0128600021078533,3.5573378546174745,1.2553048827185447,4.465543578413661,5.27769153095183,0.018497555598495093,2654.296875,2632.0184896321534,0.026222884802878915,0.07695661488532317,0.7052801979006083,0.19154030235712866,0.02543433141171821,0.027123276343134495,0.026290794185706373,0.06285640759021724,0.012454148444551155,0.006506956597490874,0.06264143547850513,0.006564716762601221,0.012335621521515398,0.04287595805026022,0.026639931121295028,0.02970297307745975,201:4096
4.061861957893598e-11,0.1423738229986973,0.1423738229986973,1.085452377796173,-0.0023096305337207733,3.371707722430795,3.887582920967425,1.2799478645426012,4.975903457959494,5.956081176489999,0.020270305475264396,2654.296875,2658.256724111275,0.022059441561075074,0.06998712388481386,0.717068040843619,0.19088539366115892,0.03477103904431934,0.027968475662720173,0.01787297100785595,0.06790469159781826,0.03414888707053037,0.008326180039756052,0.10337694606426134,0.00966490141109146,0.01252320802896581,0.011690160402185623,0.023486335753699794,0.03131304603760825,201:8192
-6.2565730374331e-11,0.136178186853819,0.136178186853819,0.9512519836425781,-0.03204429496360572,3.13762625979176,3.5648785834293446,1.2636575299195065,4.5047856652323555,5.340358592621752,0.01854449857479364,2762.6953125,2637.816585560621,0.028103316289768605,0.07528461804727121,0.6887323145589709,0.20787975105006487,0.02496757922977565,0.013192036683827905,0.01758246365529055,0.08372390368170503,0.06425743713689824,0.015899525114827232,0.06551981424067316,0.017417145737372037,0.0075872348594979875,0.044175030174574165,0.032724590812235645,0.06951201894106669,201:12288
-4.744205028828219e-12,0.1328409853330228,0.1328409853330228,1.0822203159332275,-0.01273117609384201,3.2627356326177956,4.30166545835712,1.2627919932235299,5.43210869838049,6.444942476210557,0.017646727384248377,2762.6953125,2660.5371673561217,0.02622432263493442,0.07282344056856467,0.6850939513638531,0.21585828537598004,0.045321532932736684,0.02553931327001615,0.03868464888751453,0.08829918271435325,0.027142454812751054,0.0034111693447408213,0.031587073394091024,0.0036110239883762043,0.019032088455061352,0.05203063036052478,0.02261413842787758,0.0408130504418376,201:16384
-1.642219693565039e-11,0.134772776880757,0.134772776880757,0.9581297039985657,-0.019331416914590883,3.0049667797688526,3.55976773390695,1.2503078366268026,4.450805494308118,5.248379621220876,0.018163701388150308,2762.6953125,2690.667034614656,0.022353931301451305,0.06576256715148561,0.6986714775565549,0.21321202393545347,0.023572603931852704,0.021530295165020055,0.04142654361110644,0.05515196339883528,0.04317492702935891,0.013896049139761968,0.03500554461563481,0.017074517219212836,0.020952214081019105,0.05119449553834556,0.023691172727117682,0.03575285374346033,201:20480
1.1040279801477482e-10,0.140301439423822,0.140301439423822,1.0847402215003967,-0.01045390524653636,3.0478717699615934,4.162641174066625,1.2545764994382604,5.222351792615299,6.1665050460094815,0.019684493904396402,2771.484375,2697.6886642138106,0.02270038171685406,0.05913089460657942,0.7185946895619633,0.19957403406380186,0.0834461027001642,0.05528140219852722,0.017357432928888996,0.03273178090095829,0.039386037245849,0.023262620095763707,0.0302775675463807,0.02584130194441363,0.014881823006592892,0.01838703620905294,0.010953512198244694,0.04861847537849065,201:24576
1.5091039529124828e-11,0.1691302811248973,0.1691302811248973,2.1619303226470947,0.06208664490589104,6.3005821494285446,6.59538095371549,1.334711682532847,8.802932009730744,10.669970864228418,0.028605051993386792,2771.484375,2744.440215825101,0.01380585549015979,0.04590647836449883,0.751060767773007,0.1892268983373757,0.10067668634432823,0.06026750960808007,0.05356582178282609,0.021216511756356093,0.007634435933493864,0.013731044432884055,0.05082684105357492,0.014665763608617162,0.011047905219724938,0.06354112050705533,0.07235417569209063,0.007597992505900195,201:28672
-2.9830360404048406e-11,0.16013990018306917,0.16013990018306914,2.040327727794647,0.02142538067366891,6.8497664482316685,6.507194315092336,1.3552657196851627,8.818977386629886,10.721574144789813,0.025644787630643356,2915.0390625,2724.006335782126,0.01478599095008489,0.04628028465026259,0.7715286007700701,0.16740512359058823,0.22379102305818616,0.07676799822156803,0.027056674589838372,0.08850306028438416,0.024592226339093103,0.006291519618741102,0.02801931742880979,0.006353350593835036,0.003960734016265859,0.0341885759250087,0.028157553264075628,0.03282765638408662,201:32768
1.5305090528272558e-11,0.13822751270741374,0.13822751270741374,1.0175219774246216,-0.008237745849273089,3.132730553588668,3.9447096489103877,1.2616218051840005,4.976731708221072,5.895919718362865,0.019106845269278222,2654.296875,2657.279799989662,0.0228972914563193,0.06413828153031877,0.7121809525954146,0.20078347436561017,0.024034615869174783,0.02603030504278777,0.039744082218812225,0.07243716239788084,0.03110877130416701,0.01461556376907982,0.07061395138696322,0.016446128128584373,0.011707088578901915,0.04337213834477089,0.013703521885415855,0.03707805770356053,201:36864
8.706302345729e-11,0.13573287121930055,0.13573287121930053,0.9174978733062744,0.008313970631812431,2.90593823142574,3.561703556492699,1.2487794683540459,4.447782273744436,5.242835745739071,0.018423412329435222,2654.296875,2667.0972948830745,0.023865004581643017,0.06783299681521317,0.6853525693057931,0.22294942924307212,0.0181571028798553,0.03134017972284704,0.03372958327359549,0.060510700312833975,0.0067407007310737975,0.025980579225556976,0.04139282554768486,0.027112856150273697,0.01853666657217328,0.021144269074016588,0.029041454118629177,0.014731178445570224,201:40960
2.496802764540007e-11,0.14270704523525712,0.14270704523525712,1.4677842259407043,0.012938978881424411,4.112311219818848,5.427769137945342,1.2773985673047874,6.933424520521107,8.217847519501513,0.020365300759777723,2871.09375,2687.746001620219,0.022185716881976028,0.06440677160482676,0.701094276639017,0.21231323482507705,0.04427463016304897,0.04714539149146701,0.08631526531949602,0.06172847932840631,0.010860651291892493,0.018210717126031263,0.03729895490064643,0.019410506682389653,0.02357475321353606,0.018987480547947907,0.03981177761276401,0.015080066380595178,201:45056
3.7919889450677147e-11,0.1354491255805927,0.1354491255805927,0.9490867257118225,0.029669239947714428,3.062752677758476,3.683086307608089,1.2575592405808564,4.631699220023575,5.475368298953372,0.018346465620547172,2871.09375,2665.1739736247523,0.02316223826401235,0.07208212685133261,0.7110274147462603,0.19372822008388835,0.04442489066646152,0.022847696339686,0.026483489780748753,0.07268146159620512,0.021229862604751015,0.01990148265507188,0.03294584408194082,0.020297253819797016,0.009457461020651878,0.033626401348720025,0.04575771393686862,0.02100100833566629,201:49152
-6.235723049030639e-11,0.13115829323485606,0.13115829323485606,0.9490578770637512,-0.0011151827792348819,2.9138177495271385,3.676680784193141,1.2502362743102513,4.596719685492773,5.421916431156632,0.017202497884280483,2762.6953125,2659.723024071242,0.029382176107641593,0.07532703545913567,0.6676195982223649,0.2276711901527268,0.01728117064096972,0.04297797488035633,0.04785846907635317,0.04595482446535229,0.035477635347979423,0.01466674477404036,0.02575767341920839,0.02152636634084148,0.01022510403778213,0.029387387212423424,0.03544149775440841,0.03943912288072839,201:53248
1.0507950065630212e-10,0.2868806477490008,0.2868806477490008,4.383928298950195,0.14262871611183364,19.280793644459518,7.988649058158787,1.7886231049389947,14.28868228272175,19.637697883124016,0.08230050605288629,2586.9140625,2581.8969112119526,0.0077356396810152606,0.016097105545721305,0.9362001981503718,0.03996705661074078,0.06965345410309212,0.17583909732249445,0.1723473530036868,0.08316636751177606,0.011705293701996248,0.021757171400340114,0.08388340871670151,0.02171309772997288,0.0007844121023038962,0.11284274699443958,0.04297832855258088,0.010792595099805511,175:0
-1.797073601039756e-11,0.2347661590759095,0.23476615907590948,3.7159591913223267,0.16936127435624163,15.907208655973273,8.301936858764915,1.648931031253268,13.689321305981057,18.130769436371704,0.05511514944725523,2586.9140625,2595.037740716934,0.012344404729685694,0.02053976798282965,0.9188204527534722,0.048295374515868565,0.06505817549833418,0.21147881008602695,0.18867649242128867,0.05414975128051076,0.01761289484008883,0.025471073354009516,0.08660514514421681,0.02540819151660393,0.0007481451269155664,0.10355858671353957,0.03970968888952892,0.011952710606895843,175:4096
-2.0579804527187662e-10,0.27981103244779654,0.27981103244779654,4.391582250595093,0.18192632270278,19.096058712983567,7.895689371280718,1.793621396358651,14.16187739538129,19.390469211953217,0.07829421387950185,2499.0234375,2569.294471414939,0.008003839062665991,0.016622313599050656,0.9275548492653665,0.047818998060144516,0.09661261127196152,0.1900314039006456,0.18808798016428774,0.06396738291216843,0.013465940308290902,0.01934156839370995,0.0728096567364694,0.019266537496128965,0.0010339268320992976,0.12229713865510583,0.0372165937078743,0.00585016705427921,175:8192
1.3387069230930138e-11,0.2496555873158137,0.24965558731581367,3.939928889274597,0.11513668542288442,17.35533285672945,7.918531785294745,1.7062899341810138,13.511311078794957,18.11716954177258,0.062327912278003855,2586.9140625,2578.4236461955543,0.008936776432279735,0.021178729196336926,0.9225200949739588,0.047364399381380554,0.06915102197942166,0.1950171241641588,0.19294809047083888,0.04547213443931366,0.016864428185612148,0.020583492414063813,0.07673411865644725,0.02046245757205355,0.0008549501687067834,0.08770777162020506,0.042671891042011204,0.018579938022860103,175:12288
7.482725550289615e-11,0.2539340113683392,0.2539340113683392,3.8571908473968506,0.08013714731387653,15.77382999519876,7.875171854306677,1.7098978607417736,13.465739506705841,18.190517423190787,0.06448248212961583,2586.9140625,2584.8178361794326,0.009171148368253198,0.020117892649539146,0.9155793507991858,0.05513160816751376,0.05834599308396898,0.1598533341875576,0.16960858387254124,0.06071515115629611,0.01278573642282598,0.01721954956570443,0.07677094751500066,0.01707644665353228,0.0007836875150470627,0.11175005721624691,0.04911540937035542,0.010668888507288367,175:16384
1.2233769552949525e-11,0.2775602040260626,0.2775602040260626,5.044777154922485,0.08820668585065727,22.164105646261564,9.176961957833537,1.7982940023427605,16.502875648559183,22.55058932666448,0.0770396668589895,2586.9140625,2599.4528892656717,0.008031923268612715,0.01675213112340108,0.9296446932833792,0.0455712523116267,0.08293895441842923,0.17074204419379885,0.17181783121043087,0.060944472410084584,0.016297710668342926,0.022049056929744258,0.07271547566589517,0.02165362189567043,0.0006455764214664011,0.10935825792767549,0.04141737573598985,0.011218659375163144,175:20480
2.6809110487135968e-11,0.22950915837322666,0.22950915837322666,3.8679473400115967,-0.007197279575868357,16.548769345013792,8.59393728692383,1.6431164218359835,14.120839484434653,18.609979559420317,0.05267445377718684,2586.9140625,2607.8972451006357,0.011616308654203471,0.02202292803887675,0.9026034447375019,0.06375731855043344,0.06157677233415846,0.16777403856739564,0.1606271150661377,0.05504291035450607,0.019489852756206526,0.02342083111353966,0.08323542496401383,0.023358782889373323,0.0007685994794712111,0.12832099020573223,0.022873421182352836,0.02050232582530771,175:24576
1.2336753840713754e-10,0.26569446260811225,0.2656944626081122,4.409781455993652,0.07908855337650175,20.211642359521125,8.82760539425977,1.8035797466960142,15.921290300971325,21.74412978313276,0.07059354746061355,2586.9140625,2576.0729308824975,0.00850073638454416,0.01861223205193558,0.9382847650692053,0.03460226648014913,0.08804310901691736,0.1729886544035924,0.1770013799753901,0.0819400452760577,0.011332633587396277,0.021425344169087788,0.0746295107510468,0.02092977071969948,0.000507476726606746,0.1302393897807038,0.033561475413758,0.008871229020048051,175:28672
8.337508461409016e-11,0.22813418864071422,0.22813418864071422,3.5800559520721436,0.10080408699946072,14.978772748200898,7.856261078338878,1.6432938497858616,12.910145512402911,17.085399691110556,0.052045208026756974,2586.9140625,2602.7985676868657,0.012313496390303928,0.024655050489040917,0.9034337771602274,0.05959767594121377,0.04900394359656164,0.19324513364036386,0.19219890593861805,0.05546040805323561,0.016744519132096444,0.022767489413522145,0.09010963623235631,0.022319620426555095,0.000502821284120618,0.09385721826287266,0.05841927408085688,0.012556174395579175,175:32768
1.4737500109163193e-10,0.27565003558412243,0.27565003558412243,4.269676566123962,0.19941818137197415,19.59869817286032,8.249712508183292,1.7948019380793527,14.806599998338564,20.207019649565353,0.07598294211752797,2586.9140625,2582.033320769471,0.008390861766904727,0.016689822918562615,0.934464509771327,0.04045480553004472,0.11463101467182561,0.19097964892661698,0.17712139931340562,0.07523056523864786,0.009847610020455842,0.012695134927714619,0.07085583290104014,0.012414122334625353,0.0007232608771255918,0.10099182675764841,0.0519209945210861,0.008359988307780853,175:36864
3.510081114654895e-11,0.2607958376806305,0.2607958376806305,4.056079983711243,0.20221459117264837,19.06921874641657,8.213660280320518,1.7382484781106378,14.277382482039679,19.206654319963764,0.06801446895154178,2586.9140625,2574.5579256782194,0.009333643749737983,0.018800129674732623,0.9313322506851405,0.040533975875686155,0.07427794383287173,0.1939085224792529,0.1615855307368576,0.06755647963873973,0.015261825924833232,0.015900901680721776,0.06130685535223205,0.015885447652099243,0.0007270823310783177,0.10063639234752077,0.03841122667355549,0.012025672066678227,175:40960
-2.403943710760359e-11,0.2556183635607293,0.2556183635607293,3.897697687149048,0.1770730816526314,15.256858028649559,7.685005555440482,1.7083350290134522,13.128564188573318,17.743273668905076,0.06534074778946518,2516.6015625,2587.431106006311,0.010270336841039314,0.01925483704869191,0.9178494827758442,0.05262534331912005,0.046307827994203035,0.17398867615778318,0.19229480695025875,0.06566023060529032,0.012569730029819282,0.02784071976353543,0.07373859476002965,0.02764794825763158,0.0007092029884988562,0.11167459832925979,0.03458050460207351,0.012458148447407167,175:45056
-3.3395697318638895e-10,0.29038357323584785,0.29038357323584785,5.051103830337524,0.15476975447120198,19.409350309124754,9.421111059261406,1.798129143169013,16.940374356748162,23.451955633248826,0.08432261960521899,2516.6015625,2579.40680601196,0.007184627335971294,0.014388494654048874,0.9375641842624708,0.04086269373564984,0.08930455254930308,0.20274479215845156,0.19887786008682537,0.07880405645374562,0.016793647877391932,0.01729843413670911,0.06604173608474613,0.01714643710941797,0.0005496184927069614,0.11383234102608414,0.030653420594527317,0.01392327943263742,175:49152
-2.318856218153087e-11,0.2397345995154013,0.2397345995154013,4.301522731781006,0.08706599368237589,19.098573315015756,9.24960810852565,1.6875265734565146,15.608959477260992,20.675318026001065,0.057472678204809856,2586.9140625,2591.1301888372145,0.010904768263226186,0.022952638619676433,0.9241940922113704,0.04194850088832737,0.07721611221289675,0.20845765181217868,0.17168545614244718,0.055503016141546756,0.016377056184749883,0.026448356935462568,0.10630724866431245,0.02636987730145256,0.00035077736546514613,0.1055458570270892,0.04070036225645415,0.011593623239386997,175:53248
3.8610892261203844e-11,0.2918487890317592,0.2918487890317592,5.029913663864136,0.061172998260055234,18.690954194053877,9.030247556536253,1.7864764691055142,16.132324770004857,22.295906620583242,0.08517571565930429,2586.9140625,2580.3700792964555,0.006558338314579035,0.016090062796052657,0.9331773683445034,0.044174230533124276,0.08159541749318124,0.201041384225778,0.21347027535286303,0.06689036338065334,0.014092912927272742,0.016346731891476517,0.07350881695773515,0.015965020857059205,0.0008789624614394128,0.12777930194146186,0.033718675618869556,0.01290469291110967,175:57344
1.6969892158158473e-10,0.26583774148801464,0.26583774148801464,4.477289915084839,0.061637902343923044,19.245729132616198,8.461716227488083,1.7572660992977314,14.86948706849823,20.074674874262723,0.0706697047994485,2586.9140625,2592.8419991892247,0.00797756804598261,0.019951568542108004,0.9177946789445128,0.0542761844532462,0.08660850701540249,0.21232321764701206,0.19775455928569335,0.054048823770045,0.016774200614465128,0.020171409023441274,0.06631369097561975,0.020067797708093346,0.0007105606201880453,0.08696832689476887,0.04370113540469356,0.012823290509563866,175:61440
6.778466676848893e-11,0.24088700869001967,0.24088700869001967,3.8855056762695312,0.13337244332327344,16.25882870350099,8.364814200245776,1.673195268427454,13.995967541184115,18.595320442597842,0.05802655095562562,2586.9140625,2585.9745146657115,0.009989758170892206,0.02244220038685513,0.916490855431872,0.051077185993147076,0.06374109869147457,0.18827520978192241,0.20151590167791045,0.04714877530714614,0.01734846753368823,0.019903557164643707,0.08348199153898124,0.01987823150708024,0.0010986745778341182,0.1196797489561157,0.029957331094929086,0.011578054837336711,175:65536
1.9836132736372747e-10,0.2806704933205162,0.2806704933205162,4.87776255607605,0.1728842701755837,21.838388727852053,9.004446625353296,1.8258012232709953,16.440329663507008,22.714641384716046,0.07877592582078194,2586.9140625,2577.885116593853,0.008783928896315973,0.015475596361650407,0.9317371339089744,0.044003340820364896,0.07810259782066947,0.18307007615691806,0.19353703839871195,0.07180047926237407,0.01909439282506602,0.01327013385770624,0.05258691392387131,0.013261218674818059,0.00039423928350127346,0.095597938240532,0.0344789025434715,0.008324450557449532,175:69632
2.0270007894396258e-11,0.23435880624863034,0.23435880624863034,3.674630045890808,0.19292011745712007,17.52590449116497,8.269205888841348,1.6557949125229778,13.692109041406978,18.077971775689758,0.05492405006628305,2586.9140625,2592.0840504381067,0.012120684948487219,0.023843324802340932,0.9035161792562538,0.06051981097471105,0.0677354096204801,0.15581966394517408,0.15971164006582478,0.05259861588968464,0.014260889296043675,0.02697927886272392,0.08471044588288401,0.026812397944535504,0.0013968236262612039,0.12212754818441239,0.03749457438678156,0.00760171328448208,175:73728
-4.574651768507465e-11,0.2771650761696502,0.2771650761696502,4.304600715637207,0.19915690668954597,20.216752077219514,7.765827711723706,1.8005750939172822,13.982955961432793,19.181071212258097,0.07682047944812799,2586.9140625,2565.4211694167075,0.007604981085001249,0.018786151480644348,0.933218084196761,0.04039078322457595,0.08425077730920691,0.185518698208103,0.17845555429728757,0.07291313918675071,0.014933026783442903,0.014788862268004405,0.07033575420771634,0.014772300579386959,0.0007213597116774345,0.12816595589426244,0.035387182180148226,0.008887987582953925,175:77824
8.119194205846725e-11,0.23929736998955492,0.23929736998955492,4.0966808795928955,0.11055316559932149,17.117862190857554,9.197874406264306,1.6994041679609369,15.630906102452109,21.003280061164116,0.05726323128391793,2586.9140625,2591.7855130743224,0.011219140182545485,0.022005092683980085,0.9178443939229068,0.048931373193104415,0.06445180913051661,0.20300923236029053,0.18590993091408803,0.04820879494696939,0.011290800304794981,0.023023810134211925,0.09195448888701188,0.022906277390505644,0.0008048867766553039,0.08911470535813983,0.048880668548985574,0.012576180553665713,175:81920
-8.314282595733857e-11,0.26644169406388507,0.26644169406388507,4.249923586845398,0.10700206620568943,17.970383531870347,8.576997475054085,1.7514636665239849,15.02229944548157,20.389061534471264,0.07099117633563294,2499.0234375,2570.364883817704,0.007766950541309883,0.01902321549880589,0.9331184707707324,0.0400913631750654,0.07447659607477314,0.19953028704332884,0.19389319270533667,0.05759745786367758,0.01311941036549306,0.01365028170525114,0.07441923705553288,0.013633247599740257,0.0006642116102705888,0.11095535368537796,0.0470826871283581,0.01372354299981683,175:86016
-1.694466789103899e-11,0.26514944673610097,0.26514944673610097,4.677814960479736,0.05602294230381912,21.1202178729648,8.996218505814738,1.7922071971459645,16.123087553279696,21.95366097861169,0.07030422910446044,2586.9140625,2588.62849957404,0.007109408769913352,0.017892575653851484,0.9282170917681376,0.04678092379387351,0.08901339156695769,0.19372906111852561,0.18014605279180482,0.060194936072294356,0.017870277650221148,0.01370256202724625,0.0685411199284843,0.013356151096343324,0.001022994646480599,0.08645438306484841,0.03772040549492422,0.012351945945453307,175:90112
-5.2168824815623793e-11,0.1652280038558664,0.1652280038558664,3.820809841156006,0.3549422567679928,27.89090324479776,12.60877523671915,1.5770820467332562,19.885073057244984,25.302111440066387,0.027300293258194195,360.3515625,2468.378081211871,0.09747054402251386,0.04710911466701606,0.7095118445348475,0.14590849673899306,0.15454577762015353,0.08053869289150252,0.049587666835932166,0.03380438406877,0.03618482249897659,0.009663633232913164,0.03099574105872494,0.008853267311155374,0.00412875966204396,0.07002805230950722,0.10702287902330057,0.03920039857374757,190:0
-4.5422332561884105e-11,0.15853491028032468,0.15853491028032468,2.5775169134140015,0.03662078757774994,13.943213127351177,9.160583579823175,1.536755186034225,14.07757432348203,17.955722672359638,0.025133317777590595,360.3515625,2535.3020865693807,0.1011699114603904,0.0534291955588274,0.5518603028720066,0.29354059006898786,0.17090040641383952,0.1187950662593819,0.0976111381699859,0.030384677100288283,0.016034852679459123,0.005552227481399218,0.05030884415731281,0.004570089907711261,0.002050636917025155,0.016837638631858522,0.0982822306318157,0.02146315431422979,190:4096
-7.537170887417233e-11,0.19615462778693063,0.19615462778693063,4.281641721725464,-0.01224643334556027,33.961361634340165,11.979056756681217,1.7538732851051062,21.009747626408114,27.761861668781496,0.038476638002229294,360.3515625,2496.9466355245127,0.08858468092498718,0.05071165162487912,0.686012444284697,0.1746912231394471,0.1452594262108445,0.04564435704384792,0.09715557563437802,0.05281100500754058,0.024525814742482166,0.004009286901397856,0.025650376863711435,0.003262996763813894,0.001617989108352803,0.10078647492807104,0.08102386026308797,0.028609062520033767,190:8192
-4.759798111209079e-11,0.12076237324607915,0.12076237324607914,1.4490982294082642,0.01815542167704843,5.407225147286664,6.070676450422658,1.3356084050203432,8.108046491410706,9.812712312044374,0.014583550792025333,360.3515625,2249.129602101962,0.17051982982973615,0.09412899633777856,0.5024976669782539,0.23285350678566077,0.11501617151742681,0.08893288671713931,0.09177873021182725,0.020522323659024636,0.011838417662643942,0.003641305676096519,0.023081654866914453,0.0033690527402393724,0.005909449947742919,0.04931569446445995,0.08074580034760999,0.02032684345778837,190:12288
-8.048584021480565e-11,0.10239217568033675,0.10239217568033673,1.0561375617980957,-0.0998850399056821,4.894910993322544,5.322301678856797,1.3096188090891863,6.9701863863458895,8.362796062304076,0.010484157640552943,360.3515625,2132.9334464515314,0.21250751035507282,0.08556876564113305,0.5359661381145124,0.16595758579389966,0.059349936726142756,0.022200823962608557,0.04954078225554022,0.021772681457794905,0.010193369146272738,0.01439263002753267,0.055566766755811056,0.011761139821584473,0.006598569683257718,0.012455856990518745,0.051548318454401255,0.008361811650864285,190:16384
6.603162461260581e-11,0.12530734889707695,0.12530734889707695,1.7574646472930908,0.09557360151305477,7.153719571202752,7.292070264695111,1.3819983093263868,10.077628777378283,12.428454494220043,0.01570193168761377,360.3515625,2360.4630855799046,0.13956048777106175,0.0627248967155547,0.6154298640114713,0.18228475143822598,0.08025832605769462,0.10914343776133821,0.07215703375162787,0.0334404887176722,0.02023169073249334,0.018128267757485772,0.04137595156645261,0.013798360328928002,0.007816271254376993,0.027000187080995212,0.05112454679467993,0.020381450450464272,190:20480
-5.878142417259369e-11,0.13545907525919976,0.13545907525919976,1.5609182715415955,0.09163800706018153,6.661791974274866,6.162826168653522,1.3899491327093922,8.566014888221947,10.5648111970375,0.018349161070077547,360.3515625,2484.5640167539013,0.11525121792720962,0.0487392944772213,0.6166256741666696,0.21938381337440105,0.06446590640727924,0.08359675848059574,0.05292715437294964,0.04522749092144651,0.028905149365636422,0.017290906187035757,0.042875422483861676,0.01510443184448671,0.009182654208665925,0.035226709782898616,0.11575537305844609,0.028393253211132116,190:24576
-7.869127571780155e-11,0.11504173047890529,0.11504173047890529,1.4591652750968933,-0.016542728228132988,6.674187582589203,6.487208432404948,1.364072298221584,8.84902131550998,10.798106303539182,0.013234599751581085,360.3515625,2288.976433180642,0.16849843932797012,0.06675039227315285,0.5848665508623782,0.17988461746093945,0.10005897632587789,0.027994557398224523,0.06618569809031795,0.039933903897116,0.009606015730666289,0.010892741089924187,0.040573525351715586,0.008204701439877664,0.005858647884259066,0.010765700148756031,0.07372892418237066,0.016576605163607955,190:28672
-4.013228638299893e-11,0.11797149300620352,0.11797149300620352,1.476531982421875,0.10197642776326536,7.988388030387781,6.430222002763004,1.4047485872028063,9.032845273858298,11.172053617072155,0.013917273162112727,360.3515625,2314.223968230804,0.1546338505778151,0.07014253314285267,0.5935084757195429,0.18171514048793613,0.08613259479016774,0.05505848968705868,0.0546787355699372,0.04751724673860741,0.022551882196485306,0.033791229903058655,0.028977263654367272,0.02303572017341761,0.0038564810598555213,0.04512550445732806,0.07246242392586003,0.01952267655963583,190:32768
-1.493627443949208e-11,0.119851176807643,0.119851176807643,1.6994752287864685,0.027900308488015273,7.075728398591612,7.099107069855186,1.3806957120842123,9.801706691057554,12.04393077981714,0.014364304582176902,360.3515625,2346.1519329042044,0.1463354042579942,0.061175859034991925,0.618773929552148,0.17371480708524886,0.1277610318106566,0.0877801642987603,0.056341766228992396,0.040089626076561136,0.017321090685134984,0.012535706722468428,0.0334936284567662,0.01091729699945407,0.003840342748636116,0.008998371848222542,0.09017769342616475,0.016614414490122253,190:36864
-2.8905378091081957e-11,0.1361670207775411,0.1361670207775411,1.6282475590705872,-0.07646321839311851,8.612394506168588,6.284595263842355,1.4326088830978965,9.003367001721644,11.177350817018544,0.018541457547431302,360.3515625,2430.7902355686438,0.11906622101194146,0.05327875657399726,0.6551031126789032,0.1725519096812251,0.09110811493849764,0.06584129163430599,0.08075136999150055,0.04412613275923611,0.025336131390845076,0.01622094481843722,0.028977571153309824,0.010250166247539811,0.006219493850449404,0.04773315545326162,0.08286404266487553,0.02212179972822965,190:40960
5.533395963652765e-11,0.12446530512445494,0.12446530512445494,1.8735570311546326,0.005276983100824684,9.335121606957166,7.855706270559449,1.4013294202944995,11.008432314215383,13.538744971734257,0.015491612179723672,360.3515625,2362.2687163340433,0.1376400043551677,0.06183288915237295,0.6289413966746582,0.1715857097532502,0.07802257014452567,0.0388872715660691,0.07363066476909153,0.04479481426418373,0.015129346034839695,0.01341377606780794,0.03104275006368527,0.012110842554895352,0.006469428095078354,0.057334018663053134,0.04450983338472946,0.030522379900497842,190:45056
-5.950040460334094e-11,0.1158901970684679,0.11589019706846788,1.2465794682502747,0.03996307258673984,5.518559524110028,5.702060494170878,1.3470586872430805,7.681010123924732,9.329773457968994,0.013430537776568325,360.3515625,2331.487910243643,0.15201097491292168,0.06996877621839309,0.581933854685829,0.19608639410839893,0.08005339074923798,0.05944976614791746,0.03840867527995285,0.03307145321782793,0.03487215172616794,0.019225877816883133,0.03821610273623639,0.01771084341625877,0.00794657027037993,0.06692748657596727,0.05249846014887908,0.030385641642989313,190:49152
-9.541878398522385e-11,0.13766220451367078,0.13766220451367078,2.150584638118744,0.016700561986657137,8.691166747283777,8.38561053758112,1.3845784551172635,11.610535683423455,14.22484586087449,0.018950882551563717,360.3515625,2338.170781974948,0.14325844342236027,0.06706487317819645,0.6109113489993707,0.17876533434730474,0.16438624127211068,0.0703745066582255,0.07704719209184481,0.04064305963494241,0.013772033713071338,0.019083656299283415,0.022124369248901668,0.017038471165181614,0.0058325000839265905,0.017609548837898694,0.05985171087898388,0.011494863875329957,190:53248
3.1668889732827665e-11,0.1331741892496261,0.1331741892496261,1.7244876623153687,-0.033595208268748136,7.372919095612466,6.592241786557244,1.3916435706745125,9.174050898663138,11.292501811330617,0.017735364682295224,360.3515625,2299.5224721745326,0.1392334721643891,0.07701596161030332,0.6302000988575824,0.1535504673113407,0.17565975513461643,0.10450335283289584,0.07907862705135202,0.013728835111713494,0.016097582638515576,0.011216094671376554,0.0401476042705886,0.00963383190564353,0.004594764256121798,0.03826409163588467,0.060137744080487644,0.01659017540350561,190:57344
2.5192958830189127e-11,0.2096707806483084,0.2096707806483084,3.583225965499878,0.29456101095293646,14.935683816551414,9.485077780868782,1.5416703023761713,14.622862730563222,18.829758505771807,0.04396183625767106,360.3515625,2558.669256059079,0.0661594813848404,0.04454393518126246,0.7102797587349146,0.17901682467623556,0.12471808992831192,0.08487826921466984,0.18598180818675575,0.04154216090125573,0.0206129502702833,0.012084337835071202,0.030903438225155563,0.007399928631226611,0.004037460619396144,0.029913479315415107,0.06665648780645907,0.020111709653700367,190:61440
-8.621192648661236e-11,0.14660412570360462,0.14660412570360465,1.5031269192695618,0.01990141929071077,5.42374420535375,5.30646316436597,1.3713705452885856,7.277127283319991,8.995897817372557,0.02149276967331831,360.3515625,2393.2724567987834,0.11830854170169143,0.06121086413713784,0.6526738561664162,0.16780673794822737,0.1475280910118361,0.08891218533004179,0.07748939620147316,0.06067015642992898,0.022623106046434843,0.015370740243563642,0.037023324976163244,0.01341950840078327,0.003865881512765293,0.0344131971049841,0.027694479064314013,0.023158375699306864,190:65536
4.852740431715574e-11,0.16563012646865877,0.16563012646865877,3.3904666900634766,-0.0832667753070896,21.15425075888104,11.113895962291261,1.5282091555602315,16.98435756361994,21.410312992649025,0.027433338794023897,360.3515625,2453.781415388927,0.10279324704802272,0.04939848816789521,0.6766736605745504,0.17113460417307982,0.10808983855725453,0.10657011394408648,0.12982397488347402,0.0075228522332148945,0.043801689897165194,0.0070874336434521915,0.0039628477115733534,0.0048732546450362384,0.008899345607530603,0.02620584732550209,0.03673446188976809,0.04758104982607942,190:69632
-2.4927615527303715e-11,0.11124055261261696,0.11124055261261695,1.5055285692214966,-0.14006493156868063,7.222344856684333,7.264073705029476,1.3494875628948064,9.802777120976598,11.869269802811859,0.012374460545560401,360.3515625,2159.836975165463,0.18883210545235923,0.10562824422644816,0.5207388176149279,0.18480083262545308,0.06875310132370972,0.10677219333178627,0.08304787120222797,0.033136043660681874,0.01841334003172333,0.01611802650895507,0.053693078331199975,0.012060044678718053,0.005896192942697004,0.037145414771337995,0.07258334414382034,0.019643552762957168,190:73728
6.565281651660371e-11,0.1211973248693932,0.12119732486939319,1.9862922430038452,0.1548080222284763,10.03984569544727,8.672283635444641,1.4129431244417578,12.253443536011382,15.14999796849972,0.01468879155549724,360.3515625,2346.2100045572583,0.1515781817754261,0.06016679847276519,0.5911730224985631,0.19708199718516645,0.14541492554121524,0.04376061022040859,0.03625401709872186,0.04498324636995293,0.015406935601530697,0.01775572823423922,0.05524122467931674,0.01717271242860064,0.004678597691990244,0.03577833042943787,0.0898240006393823,0.013692782987440954,190:77824
-1.3140155630253503e-11,0.1516922061172307,0.15169220611723067,2.125793755054474,0.04906516545973519,9.47952919318456,7.599409778600265,1.4607582971395219,11.100900887526734,13.951254571140836,0.023010525396712396,360.3515625,2555.8786539484654,0.08700394416834464,0.040788967852968,0.6521012050374128,0.22010588289781644,0.09217416896286247,0.052607016001016166,0.06849608436960296,0.049331324956392114,0.01582832224163835,0.011834515535984783,0.03224098161674956,0.01008343566194762,0.00172472898614381,0.031104059849468485,0.11758146260182624,0.015311566587864374,190:81920
7.760764253461616e-11,0.12976117401198956,0.12976117401198956,1.8237760066986084,-0.04601884219113405,7.566424233783815,7.321226113706134,1.3835976510126198,10.129631253534123,12.508530120543258,0.016837962280969836,360.3515625,2418.63512953622,0.12664436031113327,0.05559187290266006,0.6038714983072235,0.2138922684195937,0.08368707643704502,0.07403493552583204,0.04802689897089716,0.028819240967459244,0.021086787642694553,0.007000051977788858,0.03617569537613023,0.0030656949176084947,0.0043323075607740276,0.054911427875343505,0.09946279009686479,0.02509093985783259,190:86016
-2.0356383245712095e-10,0.13214989306487024,0.13214989306487024,1.2452815771102905,0.13297731095246484,4.684166184880898,5.199678427028079,1.338937434702839,6.962044094417354,8.497867008641972,0.017463594237056634,360.3515625,2392.7416882563516,0.13548101672800736,0.054610358203466075,0.5974567947580383,0.2124518302532265,0.058645336402346745,0.03466490363517029,0.0627226745185774,0.05246153538385856,0.011897866233062092,0.012381666550014256,0.04183525424468449,0.011699803206490125,0.0025433933054040637,0.057923644604249105,0.08547744739583935,0.01357808868339115,190:90112
-4.9698356541227895e-11,0.16670333001690665,0.16670333001690665,1.9624899625778198,0.2403194828735725,6.3868653665540736,6.683148313368966,1.3870339023700091,9.269753285265308,11.455485127324865,0.02779000023872569,360.3515625,2476.8944157472124,0.09341566494554528,0.06058805768211829,0.6232790103831681,0.22271726695318428,0.16265283779786413,0.08505657005949929,0.0984742028622916,0.023988736550336325,0.01417250304346651,0.017328382902746724,0.019532927067958044,0.01722628245676808,0.004220048678211386,0.028022066766891,0.06855087202228764,0.012944226087842533,190:94208
-1.382529646321018e-10,0.1575037723246663,0.1575037723246663,3.0167781114578247,0.45283034684553375,18.54419084271584,11.171119549783851,1.4827285704486135,16.56373812046673,20.73527375445444,0.024807438296500322,360.3515625,2383.929099473421,0.14024517728187536,0.06783547263772097,0.5262769058661144,0.2656424441739787,0.1538520846316828,0.11663142590794663,0.08249419733748586,0.027941925642634435,0.016802022864780244,0.0073581359790621794,0.04082588965571152,0.005370489715544072,0.0018411349640628765,0.04512227484232669,0.07058524180909069,0.02152347561581966,190:98304
5.388689494623122e-12,0.12419805379096145,0.12419805379096145,1.993913173675537,-0.053598513197401325,9.33640008972309,8.135560650152225,1.3900763497963375,11.309050452201381,13.877580910780615,0.015425156565462556,360.3515625,2368.1073480405503,0.14011514773681427,0.06282493984546496,0.6078548375973577,0.18920507475553383,0.11301621438962768,0.09484601344028527,0.06693963921493691,0.04297136886085889,0.03963569229639284,0.015124095668269994,0.01712595060039193,0.008944684185656363,0.013801819419039544,0.048086707353506966,0.047881702864379705,0.04510658535828463,190:102400
3.389999392311438e-11,0.136234608318488,0.136234608318488,1.5649470090866089,0.1972960070411559,6.702099799113548,6.095290833307049,1.39362106611984,8.49452570948621,10.464000139506732,0.01855986850369184,360.3515625,2342.2675076044907,0.14038487864695864,0.06569938552140472,0.6006670979837367,0.1932486377940203,0.077273111683175,0.09652648330701488,0.1223383893103887,0.06308601750006283,0.04525008956086966,0.01993548652961828,0.025450250633734253,0.012014469279746722,0.0026643657565356576,0.04319135530468121,0.04291353169834605,0.04357743564028413,190:106496
-1.3807621712658147e-11,0.21898355613891712,0.21898355613891712,4.770084619522095,0.2590098171019119,21.9618480371025,11.745500884245457,1.620095984691949,19.028838820848698,24.90451755990176,0.04795379785924627,360.3515625,2571.7130698805404,0.06627144190259768,0.037666607283023845,0.7252743359707452,0.17078761482277982,0.14899033713503385,0.11007643804498149,0.13148807734895335,0.02836039469197601,0.01575420144731641,0.019886447924144526,0.020979280002403435,0.01895541818081592,0.00289876311481764,0.055295149476303054,0.06525335203862298,0.014769416221988902,190:110592
4.7559733928892456e-12,0.17969888430013342,0.17969888430013342,2.080817699432373,0.12054318497177273,8.124551767780051,5.909592764887606,1.4618663995525936,8.639035098076375,10.931841141000492,0.03229168901871274,360.3515625,2479.2075964421856,0.08611137840440558,0.0635454394243978,0.6621274654490751,0.188215716691154,0.19907406295218283,0.03501391199113447,0.08081760229923314,0.012869670740959587,0.0212219501695642,0.017302038677663126,0.038859401585002215,0.015324247675751319,0.005874987296224955,0.019559820469793415,0.03240602599107225,0.023271831532420045,190:114688
-4.734879155421368e-12,0.1355399852872216,0.13553998528722158,1.0703768134117126,0.008082996328105396,3.0971179385806322,3.972778414496032,1.2617375104126185,5.012603546164196,5.944842058450052,0.018371087611660245,3035.15625,2783.483090653492,0.025844877451347805,0.039958470033697416,0.6019758741769025,0.3322207782836191,0.04523280535368357,0.03783073937617105,0.032335369277551713,0.04426741965021455,0.020433102413005774,0.029271664955164405,0.025324883975636318,0.018511663120342622,0.012499612041818448,0.01632147161888764,0.018262537318240315,0.02248163419248665,202:0
5.375611067393038e-11,0.14166642930857296,0.14166642930857296,1.0075015425682068,0.008014846062197524,3.1125868419025324,3.557007662556334,1.2575525482220529,4.473124050124661,5.28156467612208,0.020069377193040895,3369.140625,2811.722086406431,0.021245253865794365,0.03394257458546248,0.6175647928758085,0.32724737862310754,0.0730781063337484,0.04101798754253282,0.035741590273619846,0.0202024590070181,0.02335663336452214,0.026305853784960063,0.038507115978170026,0.023772596936180418,0.014717352248361156,0.055672627377733125,0.025988954577974944,0.024892166500846195,202:4096
3.384925673088901e-11,0.17841788445918108,0.17841788445918108,2.09954571723938,-0.04375193185161735,6.966723532106211,5.928134054470844,1.374362499357789,8.147405135676237,9.95796176105275,0.03183294149488969,2850.5859375,2864.522239320422,0.01447166928634757,0.02248145806365974,0.6586449829268082,0.30440188969177057,0.0397305455867628,0.17015198464382034,0.0637871697182119,0.029165936989650795,0.02781628944456752,0.017681531841253047,0.03621169995310733,0.01754056834970456,0.007700968761929906,0.0198121230261687,0.05978139552122325,0.02038379852724108,202:8192
-2.8169466759209172e-11,0.13181987048779364,0.13181987048779362,1.1036296486854553,0.017990297143249404,3.3801749858555126,4.235776003048461,1.261490929378311,5.343393006764486,6.3111060237063015,0.017376478255418687,3369.140625,2794.2420910404257,0.026503145849560067,0.042451362924367915,0.5892012584177927,0.34184423275073017,0.029026654321719404,0.04126535589705303,0.04076396568571682,0.04455360042012146,0.027854527284902047,0.03580684419790719,0.0472891559478315,0.02411712068181578,0.029890639549343567,0.013236351033969161,0.05004194116619605,0.02252230044401144,202:12288
3.8609115904364444e-11,0.13056007623930838,0.13056007623930838,0.8418660461902618,0.032309035428965335,2.9220011886333626,3.386051334194787,1.252193351617279,4.239990968946006,5.008818344852725,0.017045933507614016,3035.15625,2789.0802736838405,0.02596983269847091,0.04126485374052876,0.5907754608602652,0.3419898526420702,0.05504468157707695,0.03189131099481637,0.020370106859340438,0.027588442915317424,0.0173730265223459,0.033541107560050853,0.02302710811354255,0.023422091061676267,0.03822328782206823,0.022985435031622245,0.024624008286302332,0.018663999510347855,202:16384
-8.15374434637306e-11,0.1472678160098384,0.1472678160098384,1.9707130789756775,-0.012697851052691264,5.349920817585015,6.720586703894351,1.2807208168204265,8.607195292982517,10.187424455344615,0.021687809632307615,3369.140625,2810.6168157445604,0.0213485546491047,0.02992811503038912,0.645554107934932,0.30316922233946547,0.06673267081101156,0.07119172134958268,0.06449899833948929,0.03629556288421964,0.023607702252594547,0.016486128168415597,0.05137626224218093,0.01616043131631696,0.013049506720668597,0.0310915172299891,0.025367084989580315,0.019699742737985516,202:20480
-3.162270445500326e-11,0.13284161212764303,0.13284161212764303,0.9372228384017944,-0.05634728775311788,3.0216909931158855,3.543861436520707,1.255290315613565,4.448574941174308,5.252908820159981,0.017646893912671158,3035.15625,2777.468886356913,0.02637493819808504,0.04480360042452345,0.5962879692849933,0.33253349203573096,0.05020933516862532,0.060321591515326935,0.03779321617787036,0.02605178797312748,0.021233326446399352,0.026851797463549747,0.04024189948018345,0.020537774707933408,0.028520528904304766,0.011891626410711547,0.04123517468591208,0.02176628140917278,202:24576
5.263789404352792e-12,0.13717729266916276,0.13717729266916276,1.1333313584327698,-0.03587226717903968,3.29842850619607,4.225350987687088,1.2684876511256438,5.3598055495916865,6.371153870806237,0.018817609624041134,2876.953125,2794.3362435374806,0.02355928234726136,0.03455400104683598,0.6316057303587909,0.3102809861939701,0.04193551553147986,0.03416959881493782,0.03483871246958401,0.02451247206077045,0.0362535094054283,0.021533401133594806,0.03396105416915308,0.013012364496304886,0.020787760984721695,0.016739466149616532,0.0147698444551493,0.0340630526988511,202:28672
5.183231621685991e-11,0.13243755654632872,0.13243755654632872,0.911614179611206,0.04111991820112307,2.9241912858558714,3.4850640333823897,1.252334263316256,4.36446509888887,5.148212967336504,0.017539706383962017,2876.953125,2789.783855003526,0.026192728891397763,0.03479253908652717,0.6244646931022236,0.3145500388628382,0.03946122943245409,0.025603176181679236,0.04314537365236208,0.0163979247463286,0.0341563528847226,0.018214168092975196,0.03916351453029167,0.010082096087816786,0.03366127488150442,0.020723145012330798,0.007807786429453962,0.021190944190723097,202:32768
-5.24789101064016e-11,0.13093446224908728,0.13093446224908728,0.9010774195194244,0.02870394985336605,2.946805677309015,3.5523961086862728,1.2559370398536054,4.461585853164979,5.281951302751066,0.01714383340445766,2876.953125,2778.440049522171,0.027108322465440194,0.036895651684411106,0.6179007684246753,0.3180952573671434,0.06795872156852309,0.012970104019393053,0.04906250840610047,0.00804515329985817,0.02481929514738608,0.03979548028131732,0.034225433392496375,0.03198309683779288,0.016880695119498464,0.018273997408926795,0.007140100738371001,0.025070818379014398,202:36864
7.593392581384251e-11,0.13426392009209895,0.13426392009209892,1.1044620871543884,-0.024198358409078528,3.123881056673394,4.369597427197306,1.2578099983257365,5.496123332628121,6.498365865563517,0.01802680023849753,2876.953125,2766.901029330386,0.02527709578619427,0.04073684338306995,0.6266977795151514,0.30728828126011143,0.05509935309902804,0.02053246555969912,0.037650205223957005,0.01402527155463346,0.017753106481086477,0.021224399728580184,0.02494580007715316,0.01415556000422097,0.019196971592147206,0.011482362737692578,0.019591656454451455,0.0170739137430606,202:40960
-2.0811796730413334e-11,0.1353194082190919,0.1353194082190919,1.1932910680770874,-0.010593921094824897,3.3088890987327675,4.539914305491401,1.2668315693682435,5.751306764465512,6.826467551572402,0.01831134224076524,2876.953125,2788.167485584232,0.026090777573003855,0.03504596596904154,0.6056788092568259,0.33318444714651774,0.025420867538817907,0.02912667361306493,0.03289087193429254,0.03596601310715737,0.016907260294961684,0.03243567335036941,0.026494864540175033,0.02904800831725274,0.015628402203018317,0.01798088906605117,0.04911488218626335,0.014004497413816378,202:45056
1.7761792037163104e-11,0.1345490045637611,0.1345490045637611,1.0611908435821533,-0.04768824343685578,3.213875009245447,4.00355820935458,1.2659068378276708,5.068131712900735,6.0267482444860265,0.018103434629099,2876.953125,2798.2248832931195,0.0237485980214378,0.03706705584613847,0.6011802138320251,0.3380041322451605,0.0539116413765857,0.04622582929187199,0.050806372921611075,0.0222396121327123,0.02331275431693731,0.023808851569683133,0.048023489964906664,0.022700241526237445,0.009148302804244918,0.03453100252507063,0.023800347948579534,0.02458326440504288,202:49152
3.150013583308464e-11,0.12857126850040126,0.12857126850040126,0.9082842767238617,-0.00076521519268276,3.026496233280228,3.5912484931167272,1.2538775878769661,4.502985998051015,5.311886276543801,0.016530571083802275,2876.953125,2784.1770892470117,0.026984378178432532,0.04358369504869488,0.5995002727972335,0.329931653915145,0.03211132067719953,0.024278068912057485,0.014722991689415463,0.035369911900105244,0.01659336276454081,0.020844683599205896,0.026978442515359784,0.015603484066448126,0.02700338761441645,0.023401392078529048,0.018688502868213473,0.01876225919137528,202:53248
-7.158718062783009e-12,0.1375479220372137,0.1375479220372137,1.1975806951522827,-0.01919619504239501,3.2349669891623667,4.584338101284914,1.2621248526278452,5.786007050522503,6.854149179295181,0.018919430856755418,2724.609375,2809.8092681372163,0.023797852791428372,0.03613000700381317,0.6139534184118807,0.3261187217400222,0.03438022901662703,0.025353973183236442,0.04625746379789036,0.014563755280982004,0.01735540814993088,0.026330929877061537,0.03133107122338537,0.019403954152077768,0.02878077853997187,0.03579081175068597,0.03588302016994379,0.024857107373061044,202:57344
-1.724131948321883e-11,0.13614451621930979,0.13614451621930979,0.9920018017292023,0.016523554634591257,2.9451786124948063,3.8739558023768317,1.2493940024927321,4.840097145447086,5.70823905509343,0.018535329296589898,3035.15625,2807.28525528607,0.02383168269408781,0.03536583439267324,0.623511400175947,0.3172910826833412,0.043966801237190614,0.03767719899263946,0.03481279834147337,0.02508748957359998,0.02278005698130641,0.024190071077657086,0.028611474924874588,0.021335087080956047,0.026065853198413008,0.04074411957481687,0.022040846486072272,0.02906583207082051,202:61440
5.570410799293768e-11,0.13913001583213355,0.13913001583213358,1.0932433009147644,0.01582028277355677,3.0834659459925158,3.960491926654461,1.2566764559616384,4.977056958288582,5.877834206874939,0.019357161305449736,2874.0234375,2807.9097802864912,0.022545392360561346,0.036740188827375085,0.6161139729487083,0.32460044581169495,0.033540547905300595,0.008863124428848252,0.050439568257668474,0.024102890576714435,0.022313614113948995,0.03314484151416535,0.02642387743859667,0.027910634479520594,0.02251964083463293,0.01818432333839029,0.010207288405402385,0.01650381646965767,202:65536
-1.9744206269933784e-11,0.14022169443002264,0.14022169443002264,0.9412035346031189,0.028522651187383397,3.0076711716580515,3.4925625618773415,1.2543180427139105,4.38078423670111,5.17263404976304,0.01966212358882664,3035.15625,2803.4835317011066,0.022446130707588968,0.03721524322835921,0.5858133227258471,0.3545253032873456,0.04267361229812739,0.016055907323320195,0.04127416024932605,0.017761845603404453,0.02232894957791373,0.02788963768731861,0.019501642720100982,0.011877536705892843,0.024070002477253213,0.010382588845791123,0.020313125873851482,0.02034002594369469,202:69632
1.2254286474444598e-10,0.13864549042580995,0.13864549042580995,1.0497378706932068,-0.019044335055286226,3.1650910682862694,3.868316370015723,1.2589300356389854,4.8699396656018905,5.741811348654108,0.019222572015413355,3035.15625,2821.022987949172,0.023274454556518744,0.03672485306174525,0.5596200568700397,0.3803806354596743,0.05909945395094578,0.0599168526166,0.03597154647706014,0.025077399374894928,0.024076917157417187,0.01786110008147366,0.04505614851708971,0.0149368708187949,0.03477464202660676,0.007839093131781338,0.04583088722399073,0.023899043330168342,202:73728
-1.0999068322803396e-10,0.12800269080397328,0.12800269080397328,1.0558857321739197,-0.013204564238340277,3.270083771810621,4.660364059506492,1.2649147291717622,5.894963142218523,6.9907571046694486,0.016384688853057588,3035.15625,2775.9372952878625,0.029861496102991228,0.04235020249391593,0.5860440326875583,0.34174426865450197,0.032966514441114786,0.055582097736097534,0.04733432664920027,0.019934422000457714,0.032729821999870345,0.04311188596117175,0.02643862985442708,0.03277836961257994,0.043338187485257015,0.011346692693776748,0.03191394728366043,0.033957785025118904,202:77824
-7.948597335882823e-11,0.12852283167098916,0.12852283167098916,0.7865772545337677,-0.018852418876543774,2.842699600901927,3.0990038496558325,1.245760308020362,3.860615990333576,4.542722894630847,0.016518118260729416,2874.0234375,2771.4903918102827,0.02816574034250119,0.04507152087561877,0.6072621357870982,0.3195006029342424,0.02579245170049895,0.023969652933574604,0.060916585554120634,0.01907658659710935,0.02462477206431446,0.03394932632572166,0.02986355278135044,0.026584488308401984,0.02674244821321973,0.03157044303109502,0.01581111797123258,0.02802563618252895,202:81920
7.628564446804376e-12,0.1362650727214395,0.1362650727214395,1.0285280346870422,-0.04684821500997109,3.1718153442074293,4.091006669694545,1.2649527630916897,5.174930190694624,6.144882746963763,0.018568170043779197,3035.15625,2812.707845311365,0.02388372160003428,0.03688991674681273,0.5950524823215003,0.3441738792777971,0.047694467861563374,0.04961293096921976,0.03457008441456198,0.023206435665031284,0.023900887344479614,0.02489190656776556,0.03859419439307074,0.021660469466682344,0.027773369448672657,0.026870434265209096,0.029374073020127622,0.027684866489327827,202:86016
-3.6569858252732956e-11,0.13420195197982215,0.13420195197982215,0.9875338971614838,0.0013995997064455425,3.09760109942709,3.80195710167467,1.2599899745755516,4.790427831912101,5.663259568752334,0.018010163915194492,2874.0234375,2803.2672398298155,0.0257743419118877,0.03534213384758344,0.6221773379539918,0.316706186231013,0.032107721601882404,0.039023300950527216,0.050415830822961034,0.02100362897693452,0.03313838779855901,0.034448646873187855,0.049482832872153514,0.029081262998873016,0.015378090894148464,0.015180309290034631,0.022336736703844284,0.048823184975732924,202:90112
-7.464162621317882e-11,0.1354337157289736,0.1354337157289736,0.9085652530193329,0.029961233461452536,3.114067374585747,3.418710984248299,1.2671758876119077,4.332108125985404,5.154734981740662,0.018342291356156434,3035.15625,2799.0902255452183,0.0233470414845226,0.03701728477195066,0.6048379867614531,0.3347976869275548,0.022025418929214634,0.034867682719406226,0.08718711745381878,0.015040167578776846,0.02152484132012784,0.01547537514280598,0.02868014358068579,0.007542357335769796,0.018794286022241112,0.025738269040280298,0.026399105254266177,0.0181196109426581,202:94208
5.24797982848213e-11,0.13869639028514316,0.13869639028514316,1.0651941895484924,0.028388023296095726,3.3075414715673466,4.037608547443449,1.2754306435288891,5.149689668020671,6.136085620551682,0.019236688678128756,2876.953125,2806.639336125837,0.022611529494232847,0.038717396107180994,0.5764094391055108,0.36226163524109145,0.03130373113621934,0.03915328112971083,0.0608434263293712,0.01812642638133265,0.031547802826368154,0.021459719622004277,0.06170627040988328,0.01665482347486359,0.04172317579624979,0.017755073034888807,0.02919290278799216,0.031984864494456075,202:98304
3.9968917064925336e-11,0.13451294062631647,0.13451294062631647,0.9584690630435944,-0.03511580738608705,3.145635791809683,3.6292909481227804,1.2684712052835365,4.603651063324158,5.488667345809902,0.018093731195938937,3035.15625,2794.2159855936593,0.025673312276305957,0.03839117825081663,0.5981269122443769,0.33780859717323275,0.05127716927909463,0.026815334787248506,0.043611659946145076,0.015721309820398856,0.02287116467676066,0.023847855524931863,0.03412324435293989,0.013523987195009217,0.03142144293205595,0.012154184340062532,0.035277536747918704,0.022958027363435187,202:102400
7.971934223860444e-11,0.13193020438713907,0.13193020438713907,0.9776511788368225,-0.020842795540234528,3.085657472113382,3.8291192447377522,1.2609388941342512,4.828285386004398,5.7099238609356,0.017405578829632295,2876.953125,2799.2264328187994,0.025014265516034043,0.03971180994511132,0.592513179077853,0.3427607454035487,0.04480302697118167,0.03864134560636725,0.017594877817402082,0.0283511403586975,0.022977916044024126,0.021152987687588855,0.03227994420935645,0.019410207975097533,0.024374811416220613,0.007920786980194251,0.028737048016953294,0.01787863241182639,202:106496
1.7499779403351567e-11,0.1310721701881856,0.13107217018818557,0.8905450701713562,0.04564671541796769,2.961784168935051,3.427415419400068,1.2560292356409721,4.304933969485993,5.088513514147193,0.017179913797840684,3369.140625,2790.7847312246136,0.025895996466517766,0.04220520953179374,0.590287216716384,0.34161157722709706,0.03605829079761594,0.030102126649239017,0.018413184769947202,0.018913607102086335,0.019186332530077243,0.027242109333066533,0.037212486494960666,0.011703574035724952,0.019943619635927466,0.03464792858212264,0.0221542377463564,0.017814195803306284,202:110592
-6.38056829593836e-11,0.12997455326762666,0.12997455326762664,0.8835770487785339,0.015078262627869736,2.9553290617191075,3.433889615711975,1.2539272651842077,4.305847814807295,5.084623032687623,0.016893384497119114,3369.140625,2780.1646294803877,0.027983138843336624,0.04317016899040644,0.5947031018787293,0.334143590228333,0.06524112338828669,0.030888898485899863,0.021774638034776236,0.02193009780367229,0.026691673490333686,0.04906104646784261,0.03137327667977091,0.04048743504970515,0.03712931486217426,0.016424362359104112,0.01862284535356205,0.022875714428764793,202:114688
1.291278195481027e-10,0.2398816241872379,0.2398816241872379,4.487446546554565,0.22748248620998543,22.71162379920155,9.8773769125711,1.7518716462768553,17.30389655279507,23.20386882511578,0.057543193622707246,2572.265625,2582.495940461701,0.009870924186536303,0.029783250223913118,0.9058345593100551,0.0545112662621173,0.10955684668560045,0.1693239949423953,0.15017869020517613,0.058020131928616284,0.010564874236405135,0.015027528984390888,0.09351888646974887,0.015259983707452813,0.0006905733627545545,0.10529145918921039,0.018107992124481942,0.010151434506370535,176:0
1.0139483697102492e-10,0.24324287314100854,0.2432428731410085,4.799120187759399,0.212238589854644,23.68358276674797,10.872905585323295,1.756910735963334,19.102724554048727,25.647548902402562,0.05916709533389278,2554.6875,2588.413242954357,0.009506990753155068,0.03154642193202476,0.8941751135035533,0.06477147379436553,0.07983686979418014,0.1884905822211305,0.1909197183553602,0.07184464257649309,0.01366157384847153,0.01270028790427853,0.09312117725845577,0.014001728487730748,0.0006869568511123536,0.09510008141268936,0.012237161966722542,0.0050536485582149005,176:4096
6.321698720057611e-11,0.22737656826183364,0.22737656826183364,3.7945024967193604,0.09528366469245218,19.825888991298154,8.619029348663915,1.7494128993241578,15.07824112227246,20.368422218256807,0.05170010379452828,2554.6875,2580.9386408478867,0.010154802470992598,0.03630130784808784,0.8936062691714722,0.0599376204901052,0.0718324708796088,0.17770890821247692,0.19251902223556905,0.06361275701929124,0.017434188409736873,0.011355366846652863,0.08858865910823938,0.011220604963843923,0.0010282672884067941,0.09851056264247135,0.006989265104336283,0.006964609529174477,176:8192
-2.206279603456096e-11,0.23350888979621393,0.23350888979621393,4.441006898880005,0.030893792794563908,20.776296998146748,9.98606738429356,1.7551723856719705,17.527269714446646,23.725327213632834,0.05452640161386039,2554.6875,2585.597263325818,0.009285847924818827,0.03422758502549154,0.9063157104752081,0.05017085655614173,0.04509490721470296,0.1763458771778811,0.2121887013039459,0.07113490191455799,0.016007570115758422,0.017537539997365847,0.08655641391744912,0.01798624104164781,0.000934377104128245,0.10654364306040716,0.007368104551392251,0.012351256115158481,176:12288
-7.860023742978228e-11,0.24272039174498816,0.2427203917449882,3.589081883430481,0.04410569529809045,18.89492421697137,7.462466398044849,1.7591746228159286,13.127781511111175,17.743324578163477,0.05891318856884052,2554.6875,2584.007535464861,0.008585479366293834,0.03123016575694499,0.912108166233757,0.0480761886260302,0.0666046291440777,0.1911829741525797,0.21721169696274167,0.07777532238660584,0.01622004402621187,0.01199657827531632,0.0706444257818117,0.012035031688666058,0.0009491877717133587,0.11920640730105385,0.025710578990642313,0.016044423877178807,176:16384
2.6899371619037993e-11,0.24178276910210433,0.2417827691021043,4.333364009857178,0.08009215163321896,20.391291827995932,9.6260808068844,1.7779762805266381,17.11494334914397,23.283792456720498,0.05845890743468148,2554.6875,2589.5215576812448,0.00934071988062932,0.031213092190209905,0.9033587208508317,0.05608746706122314,0.08214742204406199,0.17570460009702987,0.19590822919830064,0.07913772027910705,0.01494327031516399,0.01347400884667714,0.07410720899315201,0.01326392767653207,0.0008187672115611257,0.10965619056771791,0.013040974327661017,0.013941669585371253,176:20480
9.410339174564797e-11,0.23435953253226624,0.23435953253226624,3.761629819869995,0.10873860236545028,18.276032051091992,8.571171119114391,1.7330514231170802,14.854280305824595,19.973860985262508,0.054924390488742356,2572.265625,2589.78338813734,0.010249156848973623,0.03317974818040006,0.8942810997932297,0.06228999515918983,0.06997197156973653,0.17219102553601157,0.1811214334180504,0.07012186036660527,0.01233962819988946,0.012830822162971711,0.0765990585134693,0.013396262338134944,0.000691076907467203,0.10485231016079066,0.0096382027077502,0.012021209053050212,176:24576
-4.962297239785585e-11,0.23673358738301825,0.23673358738301825,3.986605644226074,0.15148958734130866,18.5265141630872,8.98173320938543,1.7193140595090144,15.442420185720623,20.705413858045524,0.056042791395233126,2572.265625,2594.5656337813607,0.01043942521435651,0.031222024025164552,0.8992530203118931,0.05908553043074222,0.0825911131173803,0.17420113446835636,0.16245116739598356,0.06852072067247486,0.012432790012555534,0.016929382364642667,0.08897264463218368,0.017547659010099328,0.001213777263366378,0.09984500348691033,0.017488998748208907,0.007999162373151587,176:28672
-1.6531331858971043e-11,0.2482876399259253,0.24828763992592529,4.989398002624512,0.21184228862446483,24.891835569615083,10.586397348268708,1.7943324241214902,18.995516016708812,25.72261309497741,0.06164675213998594,2554.6875,2596.833849937729,0.00838505011857648,0.028803980314492966,0.909428808393595,0.05338216115711413,0.0846873861638287,0.17448935798962917,0.15611221600527522,0.06980069639902883,0.016001042174802246,0.01673838175709122,0.08048083074458243,0.01717728890950815,0.0015419558829444342,0.11369210242923787,0.021557448306533368,0.010073722886887716,176:32768
1.5716339341054208e-10,0.24434309480227087,0.24434309480227087,4.521188259124756,0.18976783817841095,22.54738655301455,9.811934092046135,1.7704424058053483,17.371464199596772,23.488876264404826,0.059703547977551535,2554.6875,2592.6485068838274,0.008770786410423687,0.029929006919252793,0.9033773466208788,0.05792286003269527,0.09039020536403045,0.1751144558048392,0.16780564516495633,0.06432445060370814,0.009605430097140055,0.01856791117883727,0.07466188821774686,0.018877756242670792,0.0009240084908522344,0.11876188487492129,0.011969773933446263,0.0077601332935920714,176:36864
-7.657030565155765e-11,0.23149634378518663,0.23149634378518663,3.581014394760132,0.1417004587923754,18.50144434860134,8.388260926092956,1.771817429487107,14.862466912001363,20.20737244870429,0.05359055718590931,2554.6875,2585.178539774136,0.010232600157246377,0.03479428711512551,0.8914893053517067,0.06348380735726153,0.04821001376116252,0.1765392317458792,0.19867573739134436,0.0648659520459043,0.014834751369878281,0.012963278792139108,0.09291245068848392,0.013664887030003936,0.0006155046113932815,0.11502141602073299,0.010137869696101906,0.011397450720856659,176:40960
1.7736945245871993e-10,0.22402124819235705,0.22402124819235703,3.8513665199279785,0.07341308438912872,21.249857434400383,8.754224448773874,1.745777820871352,15.282930881667387,20.436582850324196,0.05018551964166163,2554.6875,2573.8274070910384,0.010595951526086264,0.036874721107078214,0.8874623162032438,0.06506701114366585,0.07105315243425397,0.1750329303808808,0.1900898634861937,0.06820502932610972,0.01144889548635828,0.017046183542917977,0.08507906808749871,0.01919692863352572,0.0011763945248232726,0.10240056194930408,0.015205964770234013,0.012349434528291653,176:45056
-2.538635968107883e-11,0.23316900038464963,0.2331690003846496,3.840519070625305,-0.021541206207244867,18.494250612304686,8.435913212584703,1.711754303925869,14.440210749248898,19.244477647016446,0.05436778274037673,2572.265625,2587.0498896864065,0.009505374938375295,0.033042563271772345,0.8964099718587342,0.06104208991272498,0.0884804607061071,0.16304447006157952,0.17204506198666886,0.07006360182980315,0.014231670283244372,0.018999732766460272,0.09742878466015638,0.019223526148637815,0.0009902903945162376,0.08620100637941043,0.018008420111021828,0.010996676255176486,176:49152
-6.047251588370273e-11,0.25241787188520637,0.25241787188520637,4.55773138999939,0.03429709007800421,21.04627840403991,9.164206624538197,1.735104975941201,15.900860514852535,21.28446462343695,0.06371478204705647,2572.265625,2595.463945935488,0.00817922803874767,0.030401594941960805,0.9020063874964619,0.0594127895071347,0.08568547366897444,0.1579408864242589,0.17179676095566399,0.07554141969164994,0.01393374144156354,0.014426877291179823,0.07510378758585955,0.015122057322162546,0.0012158611669393809,0.09782582115197416,0.02276503423303899,0.009523546000280441,176:53248
5.7775118023073446e-11,0.24838688239636425,0.24838688239636425,4.380354881286621,0.08292453814985577,20.370714623224234,8.965582163511042,1.776164794176152,15.924351398186081,21.52520276670213,0.06169604334658529,2572.265625,2597.3026301832433,0.00905839063976151,0.028675629043876227,0.9065720782176634,0.05569390208249036,0.08764498781196146,0.17410095527271438,0.17568504215060188,0.08047307259360416,0.012531728952010027,0.014688211300736389,0.0725194462842285,0.014588586260330669,0.0007333458549360943,0.10038197870897406,0.02412321865295223,0.005403959017313833,176:57344
7.211031771703347e-11,0.2428427965352792,0.2428427965352792,3.639994263648987,0.16059997762013653,17.733363905617693,7.875293514439518,1.7390500398476814,13.695529500154628,18.44647316087231,0.058972623829075005,2554.6875,2590.3133462732717,0.010144474380253102,0.029648658653658656,0.903279322259043,0.056927544690088386,0.053581196142433764,0.1740169653908322,0.20292355039356016,0.06437693146746815,0.014700728339843957,0.011619849191806137,0.08978217775161025,0.011523568014620622,0.0008914932962993368,0.1200547140430265,0.012292414199155843,0.009777430151988146,176:61440
-1.4512924195742016e-10,0.22182796028846943,0.22182796028846943,3.7917970418930054,0.2184740094904538,18.002183404770353,8.715727473485053,1.6946387334255437,14.770009366615508,19.6196162084137,0.04920764396574277,2554.6875,2582.3995011330285,0.011778205478537895,0.03552114410120916,0.8862325099597594,0.06646814044017146,0.05590278445350748,0.154054500594356,0.17206068724710655,0.05762693562410168,0.012404974189862708,0.015423245540585702,0.09656335661145149,0.015365621555444207,0.0008258588381408599,0.11777401429689109,0.015400409279371523,0.013233877270415187,176:65536
1.2581935493471974e-11,0.22671469287607732,0.22671469287607734,3.9664535522460938,0.17939828197285587,21.028939268677057,9.093776360621643,1.7403192549172393,15.826074100370867,21.230805405367583,0.05139955196589406,2554.6875,2576.0806500904273,0.010698477398140822,0.03237278610786406,0.9015729631986797,0.05535577327585991,0.0743332603058452,0.1815295584146068,0.19061005306091297,0.06296726032425957,0.013174559912837794,0.017607614722610066,0.0718224147386198,0.017268612643988795,0.0010407788056810017,0.10210432264173987,0.013197590199447145,0.014606945411174794,176:69632
2.2609913941096238e-11,0.2271699857602105,0.2271699857602105,4.192640066146851,0.09391691009436791,19.10268510874717,9.28402655912839,1.707130665051484,15.849046434310257,21.161295281245152,0.051606202430294235,2554.6875,2594.223861677717,0.01010835091916365,0.035688643190279146,0.8918084521493223,0.062394553721857544,0.09794631122508708,0.19621657017614194,0.18105516639573938,0.0619465894920249,0.01726339447741577,0.013861053796841643,0.08630750293850253,0.013716970456405098,0.0012277744756507007,0.08919604685294594,0.01575825923192035,0.010445016266019,176:73728
9.566214487222169e-11,0.227539125560078,0.22753912556007796,3.6505242586135864,0.03363776567932601,17.599194841282333,8.198341029414937,1.6856480989544578,13.819517970874356,18.330893991812246,0.051774053660644935,2572.265625,2596.1131982796105,0.00913169866585476,0.03575105343738448,0.8891472913964842,0.06596995648096188,0.0835441181248021,0.17939232468987246,0.17037582638970458,0.0683602425088319,0.011597565348139063,0.01732233388210952,0.10239740568811213,0.018310411094229633,0.0011363917079629596,0.1055228570817149,0.014758293653647475,0.00741558052766575,176:77824
1.0230882807604758e-10,0.23889876648993813,0.23889876648993813,3.722018241882324,0.010822015450477838,17.419886215119778,8.08791202551497,1.7280394301520436,13.976230887749255,18.84370679282945,0.057072620630413975,2572.265625,2603.202503724935,0.008477654657192104,0.03276411700902716,0.889865402179094,0.06889282613716526,0.047406369397969335,0.17004620257850392,0.18791769963519392,0.07615127441052386,0.0131971776457753,0.015215840406072163,0.09587389483618636,0.017701057534644113,0.00021993886854438936,0.10169808177831571,0.01978766226495875,0.008582547752288401,176:81920
1.921677261762511e-10,0.24835598499763825,0.24835598499763825,3.9618732929229736,0.04476139402601239,19.53112716830212,8.066519426526128,1.7717060836753122,14.291501542118974,19.337128961572652,0.06168069528414711,2572.265625,2596.8164124468885,0.008023213688846845,0.027820209247139162,0.913763504908298,0.05039307213950353,0.07600634020185817,0.1637311880271775,0.17792753520465038,0.08820466658320836,0.012099469399332203,0.0179544411119113,0.08143231635364112,0.018103623498269366,0.0011337014301029437,0.11838527503684382,0.023029766150757008,0.013258190610397678,176:86016
1.70263803056514e-11,0.24881925889540082,0.24881925889540082,4.121837258338928,0.16848049007407132,21.634468456350675,9.098649055976574,1.8241372572877173,16.59718473405929,22.872788350696883,0.061911023597256504,2554.6875,2587.012842639864,0.009478431972224838,0.030645692221727507,0.8975801426089253,0.06229573318097003,0.05525300928147447,0.1779540975537295,0.20672168700667962,0.07511870604400767,0.013905908324950313,0.012696958549641472,0.07659939042043164,0.013017706048584097,0.0008932398536844292,0.12075791316793864,0.017092732737616155,0.012301000309069244,176:90112
-1.4514389690134522e-11,0.23586550761763303,0.235865507617633,3.7981812953948975,0.15188017685149255,17.225125231981263,8.78425393531492,1.717818975988734,15.08975810005166,20.254798575357118,0.05563253768372369,2557.6171875,2583.355998795181,0.010739321593329559,0.03432629723906213,0.886332148428498,0.06860223272113533,0.04185608224469461,0.1688492391548413,0.2123545765993195,0.06771223366710308,0.014493022686704259,0.016652214010439165,0.0897687895717119,0.017145458299352722,0.0011251300562344383,0.09666556416930146,0.008706168282064653,0.009304149879454392,176:94208
9.414158341769507e-11,0.22178963318454656,0.22178963318454656,3.8155382871627808,0.1580054578038869,17.75772908740189,8.733677535171775,1.6689346176282398,14.575936777715977,19.2752818175507,0.049190641388135704,2572.265625,2584.9878817036424,0.012104054787636395,0.03661377893459155,0.8852552312518359,0.06602693500560694,0.07697807482175474,0.17498389402162381,0.1843205112043309,0.05473314965681669,0.012466897397487804,0.01715505188675702,0.09926387345478561,0.016290467945364703,0.0007317055580222296,0.10286000888713545,0.023106808989263008,0.01146636413643632,176:98304
-5.0144999264034595e-11,0.23011763652072525,0.23011763652072525,3.6746041774749756,0.19079422476389743,19.268565345463713,7.9965756902455265,1.6924742706604514,13.533998609188206,17.8137467269392,0.052954126637884624,2572.265625,2588.1707623993116,0.01005792130007454,0.031941087668799904,0.9029965057082675,0.05500448530397382,0.08401689576561813,0.1792729735004569,0.16491911548415591,0.06101249254756196,0.014250989304370621,0.017365991862297984,0.10363474475978797,0.016932185290627687,0.0011736973888577086,0.10754544906087693,0.01958865630488883,0.010529437366975664,176:102400
9.523049016024743e-11,0.23715994633476598,0.23715994633476598,3.7414685487747192,0.17817717388931154,19.386160638282096,8.010790169813665,1.736534663281188,13.91101481021228,18.653586279209584,0.05624484014550908,2572.265625,2603.0409114677946,0.009282232590736563,0.03094173439411151,0.8906684746764898,0.06910755832088274,0.07899328832886124,0.16255996588297203,0.16465267609604914,0.0648608702321305,0.015900026157721108,0.018307880199544626,0.08365250912089967,0.018167335209762065,0.0014650876018477753,0.11216245003005922,0.014068612329097676,0.006320502062889119,176:106496
-5.0187229372333775e-11,0.24243642657689038,0.24243642657689035,4.207493185997009,0.0915796192068808,19.53259944314786,9.560699388879701,1.7382924993729205,16.619292036517404,22.34819128702312,0.058775420931371954,2554.6875,2591.32786486931,0.008786107859128756,0.031721513021986655,0.8959368068899349,0.06355557221193567,0.06320659743955927,0.17927180243537277,0.19462806990131917,0.0740188937833246,0.012886990209787908,0.015617522292216442,0.09732813485434141,0.015489574141686334,0.0008898978187260993,0.10937780463472423,0.009272262673541313,0.0067265628431273875,176:110592
-1.6228440813392808e-10,0.2404454207272737,0.2404454207272737,4.064306139945984,0.016541614275621085,19.91125588662057,8.899986524075093,1.7757997805599897,15.804594116505147,21.482556776325886,0.05781400034871565,2554.6875,2592.7813657981847,0.00878746865902287,0.03185624245754049,0.9035030109471367,0.05585327791900304,0.06337238431478871,0.17710108241473846,0.2042954468035954,0.07368596498171844,0.01590625811384201,0.015079890935446627,0.08963589474308575,0.015250112385754704,0.0011860186027517986,0.10710855680931267,0.010771170742799862,0.01028088796096622,176:114688
-3.843592111252292e-11,0.25316906141326223,0.25316906141326223,5.596918821334839,-0.09921847479268911,26.1145146467338,11.208977878528499,1.7425637818995272,19.53235888331391,26.412736201470054,0.06409457365687216,2797.8515625,2719.5841751995654,0.029515561750834262,0.01696669202508596,0.7516621182926542,0.2018556279158235,0.106059209710146,0.056136007793521736,0.06012327994132104,0.05142946246250577,0.027795894153398764,0.019510486241602662,0.03903028190440107,0.02067556000187887,0.0037247410543491334,0.07031866570706888,0.04052584030578937,0.027903728305512257,191:0
2.652456032592454e-10,0.3766684185505429,0.37666841855054284,7.277752637863159,0.002805518101959789,26.081656458142483,9.759621042221319,2.024105450426787,19.754502145712575,28.95214323561432,0.141879097533367,2806.640625,2753.2362016127327,0.01332954287779559,0.008006453792872499,0.8293222733060409,0.14934173001624265,0.16346661430036927,0.06612945637013579,0.03714742382893309,0.2034538326119447,0.08672477990270651,0.03945986633422506,0.00811630464450695,0.04082602513996818,0.0015960051308730832,0.01803557021603836,0.024447820888985762,0.09235293890715097,191:4096
1.2610783250988078e-10,0.1395229497811457,0.1395229497811457,2.2182068824768066,0.1444461777428606,11.636262688681756,8.327102911864952,1.4478464436845953,12.05636633722572,14.977043921783961,0.01946665351563211,360.3515625,2498.2282463695096,0.09661470542480416,0.05092349799540733,0.6621681970612479,0.1902935994671707,0.08204670000114471,0.06215713274433403,0.06341961512784762,0.06500275036584371,0.019959034598335864,0.011884357170244558,0.01716717139337879,0.01401606912099054,0.003740000766614925,0.03494357261489169,0.07241490847139051,0.023674172918805657,191:8192
-4.788069940531159e-11,0.12117780631901962,0.12117780631901962,2.1998385190963745,-0.005123338122909186,10.21062161775705,9.24045431052624,1.3704749244252357,12.663810922977795,15.380663217200443,0.014684060744289832,360.3515625,2384.5852890164033,0.11914943783262746,0.06753149588733855,0.6586392481434211,0.15467981806851186,0.08792554908094544,0.06737477145015877,0.03124798519351292,0.07272412788218022,0.01394811236883766,0.00962233651376695,0.03213876952626578,0.009946345656866123,0.0066770104023139015,0.023126880164133046,0.08798289213768545,0.020866282344652827,191:12288
5.438549610659038e-11,0.10920415502356189,0.10920415502356189,1.6461867094039917,0.061365421009927736,7.61998958038814,8.164668172197954,1.3534519603209318,11.050486143132431,13.400358827984974,0.011925547474410136,360.3515625,2272.0638034495705,0.15562496367496595,0.09058691537604242,0.578523351938856,0.17526476892628223,0.046082410803025,0.03734779832007254,0.0725728501662011,0.046851524769281304,0.02649748936604484,0.02340083122921512,0.033845013061688564,0.024864990560306166,0.009533585600007423,0.028874854871221267,0.11563767795874536,0.029700919841406253,191:16384
-1.0825673690817439e-11,0.1615594350165882,0.16155943501658818,2.495731472969055,0.006962004258284352,10.850327676652839,7.871366150515623,1.4909892804094125,11.73612255266894,14.914220910840976,0.02610145104287918,360.3515625,2612.9079991799317,0.07232960977367364,0.03601420345998066,0.6545035711544228,0.23715261557361092,0.12913487229093573,0.06407010452950915,0.07593921220342754,0.04937760290165572,0.012635286593255293,0.020746559766962845,0.015543865294598875,0.021851165746219047,0.004716009830340276,0.02942961386867889,0.12055068554713985,0.011890802535920768,191:20480
-5.0732751333271153e-11,0.1607945265868078,0.1607945265868078,2.1175302267074585,-0.0177851021909217,9.187840138094218,6.888385195228332,1.4403017934768043,9.921353550908135,12.38149843050063,0.025854879780275633,360.3515625,2622.405672655221,0.07425590218700835,0.039909144272890024,0.6042888496836212,0.2815461038178031,0.07265841520936636,0.05649726317333653,0.07105620703083196,0.029949311347068505,0.018573725231745154,0.01016356805021845,0.04189182814364438,0.011968191436763193,0.006826298726893781,0.04098824222273503,0.07743759530833194,0.02569503354343107,191:24576
6.802078345025109e-11,0.12969951427932028,0.12969951427932028,1.8995323181152344,-0.1118648641149651,7.752494039479995,7.641054554147733,1.3865213602847857,10.594485354508855,13.0266556677641,0.016821964004291604,360.3515625,2448.3756379639926,0.11028920085608157,0.06513919057414778,0.6239143766529391,0.20065723185738565,0.09670966804314576,0.06636872368984588,0.05074624406585126,0.020415230417036995,0.01704127809115778,0.011230738656685729,0.05944790921249535,0.01570192625855746,0.00615771325677174,0.020038306774385086,0.0674430702713512,0.015510477672801363,191:28672
-1.0572316026108419e-10,0.1171314544306545,0.1171314544306545,1.3641398549079895,-0.018743504780211223,5.923011403395417,6.456073289058962,1.3483256338114522,8.704889109477929,10.577779467719326,0.01371977761704049,360.3515625,2314.1954278220283,0.1511344087122831,0.0800061342057558,0.5609182762596651,0.2079411807494085,0.10597963369930172,0.029901587930814884,0.04839009206692817,0.04259492651911743,0.02599006830261754,0.01851997231059347,0.037374361786605255,0.022658491612181045,0.009175475191127444,0.04625242409142135,0.04433009805606389,0.026707595325047184,191:32768
-5.156586269094987e-11,0.17331416159687107,0.17331416159687107,2.596508264541626,0.05295028672307672,12.811208293086343,7.618731679521113,1.5274106393495617,11.636931825717246,14.848952885562072,0.030037798610026343,360.3515625,2626.084425000212,0.060703755037761216,0.035060850347806545,0.7097265466914217,0.19450884788971912,0.1311200444705098,0.017100891075659482,0.026599432347948575,0.18983963766590356,0.08408764068773653,0.02614057328779026,0.010924858101018571,0.028658244257422586,0.0021758599645176724,0.0159003357802211,0.026567503894911002,0.09229636666387832,191:36864
-2.5985436025166564e-11,0.14741664974727461,0.14741664974727461,2.257746398448944,0.19784105673643768,9.392357283309362,8.922626717187546,1.402906547138099,12.517611439296646,15.471866651307131,0.021731668622710643,360.3515625,2440.334840121775,0.10707718132476364,0.06414411882396,0.6216510188773191,0.20712768092794145,0.1632890455562963,0.06384705317526959,0.05855461993796991,0.05942021583803038,0.0330125441800671,0.013578515974413941,0.016867858442226498,0.013915655115053485,0.004991629125000351,0.0409742342068906,0.04349898460215909,0.024684451820853,191:40960
-3.688194194495509e-11,0.2386703875007503,0.23867038750075026,4.631110668182373,0.4152199482626457,21.085620603286653,10.931167926968167,1.579097696998616,17.26138209905289,22.27567597546583,0.056963553869758286,2736.328125,2624.269202788487,0.04525819891050871,0.03751638714556705,0.7351089451706668,0.18211646875570234,0.1866785719106787,0.05585266848692365,0.10145783659944596,0.0481515565891632,0.019961105130774943,0.012272427162362542,0.03710897662964293,0.016189386912164344,0.00446868964470623,0.06189191478681771,0.04075561426600236,0.014000610578962241,191:45056
5.8202331842949206e-11,0.18541842003179637,0.18541842003179637,3.503193736076355,0.16355672274660402,14.316921269400135,10.185595429149442,1.4982916046131678,15.26099211956317,19.379017531918105,0.03437999048708766,360.3515625,2546.0010139317146,0.06795439490642942,0.045102298066643884,0.7239172828922955,0.16302602410554462,0.0957414126323789,0.06295905500249703,0.0798198797027164,0.05084792123555904,0.028563538206518184,0.009753372407348342,0.04502685486145525,0.010639022514660416,0.0039931165045431856,0.048770198658861966,0.01641023941254102,0.023801038667632425,191:49152
4.9436232885113895e-11,0.12213064251211621,0.1221306425121162,2.0880300402641296,0.4244787054201876,13.637029282441977,9.91129691697079,1.4507659421989891,14.378972010280798,17.826795357000304,0.014915893840422325,360.3515625,2266.615433866713,0.15408342137167397,0.08585882658814195,0.6061527573077912,0.1539049946653504,0.1740179391842682,0.06880656100031764,0.04035167693175487,0.14790361403590363,0.01393805271490108,0.010979944330786688,0.01240928236702306,0.011546480186038658,0.0019348086840602786,0.011110714764608278,0.05788406504290011,0.008848712288607079,191:53248
1.6282086789942696e-11,0.1121900684791829,0.1121900684791829,1.767467200756073,0.20732229426244952,8.600936375530262,9.291507864841687,1.3469110720935227,12.514834819710867,15.084078867300589,0.01258661146536375,360.3515625,2169.058494020771,0.1809070567476786,0.10848321309895778,0.5329306189183486,0.1776791111555654,0.14155313973363023,0.090208338176751,0.06315789253422383,0.02041273649642252,0.01579563283996735,0.009084587229647887,0.03638275947932487,0.009250273358721044,0.011355719109248258,0.04171954128409033,0.029122789845107643,0.015569638021809315,191:57344
1.7756462966644904e-11,0.11504977964146731,0.11504977964146731,1.4057819247245789,0.05149229309550365,6.270884439701866,6.2750719355441715,1.3527850775499777,8.488823675030595,10.331262000513629,0.013236451795550188,360.3515625,2326.5331783131196,0.13764498464779523,0.08425797578747483,0.5959905166108991,0.18210652287828172,0.10650772259679904,0.05384401761293138,0.02916282673279475,0.04055096424286832,0.028570983504795675,0.01083754934977838,0.014325967135021997,0.021919071260063826,0.004455967311964558,0.03712035874270213,0.1247366140386479,0.023125875054014703,191:61440
-2.0197177263980848e-12,0.2003355478095682,0.20033554780956817,4.38149356842041,0.5110476041615503,32.30347189951838,12.295374415937243,1.621132537798095,19.932431530185607,25.444593354189482,0.040134331716159766,360.3515625,2575.2018595770023,0.06469244260520188,0.03865732265586958,0.7162031458120817,0.18044708890193067,0.2048027658000562,0.10429999101844552,0.10950056425171346,0.02960662586719496,0.020401593264739,0.008698291112358938,0.02773719136442211,0.009291453320824292,0.002749947615445348,0.05261282331198961,0.029728312762738195,0.01927614571646854,191:65536
5.155920135280212e-11,0.18422135820883426,0.18422135820883426,2.096045732498169,0.22435512238945224,7.190543105524283,6.8109986208715805,1.4318765682856855,9.752509331905074,12.270774780626304,0.03393750882030762,360.3515625,2514.9436127144804,0.08375614163475868,0.05915714589983397,0.6407007263875886,0.216385986048353,0.17709183263917957,0.06009699716934868,0.09105113297654048,0.031089416616322002,0.03156696505619377,0.013636362812423648,0.027173850870943442,0.014064136680474076,0.006261947544991967,0.027875369600741492,0.04619897506921794,0.028564580919328893,191:69632
2.7048585593547614e-11,0.17899685915360666,0.17899685915360666,3.9650766849517822,0.5372615269606184,22.47226034951943,12.475296565700914,1.5124168894523669,18.86784922699858,23.76624506021638,0.0320398755868561,360.3515625,2544.9987695197883,0.06991749057047128,0.04608526847929818,0.7070030857911179,0.1769941551279015,0.1957462242520269,0.09372834455522215,0.06550396316223273,0.05808033563175163,0.016176600451966183,0.006285068201088834,0.03863061886477318,0.006351276607445273,0.0084129326468093,0.054632909634698294,0.03321647848639212,0.020996124003831725,191:73728
1.4495515898715894e-11,0.20005029690280715,0.20005029690280715,3.8683935403823853,-0.15543334155138847,24.59660472296031,9.884079515452004,1.6579960698146474,16.387764990436807,21.328895270848772,0.0400201212909013,360.3515625,2534.3782562685296,0.0703142018729004,0.04594110859034795,0.7599088307548779,0.12383585875688635,0.1609638189363468,0.11896555510019949,0.10496578074718291,0.04395744117738162,0.016942041142724983,0.0063715150525935575,0.03800199631682189,0.011626334042813397,0.0032579112445618352,0.06946453073308956,0.05472299974244715,0.01607950351978305,191:77824
1.1630829632736095e-10,0.16856099862847923,0.16856099862847923,3.373487114906311,0.06362431813464461,24.640064510780032,10.657653997313684,1.57306240329657,16.76515481061702,21.290540149499513,0.028412810258630176,360.3515625,2452.011649221301,0.08549533412640581,0.05996162620647629,0.7313157717398655,0.1232272678920571,0.1339257098878204,0.06951888203734388,0.0690878279615667,0.06782429256280235,0.0175307102016579,0.010026966573105001,0.04391693554982841,0.010670353199423591,0.0009347316579482086,0.03683655843941535,0.08570821438862364,0.01853039638274927,191:81920
-1.1865697313595547e-10,0.1373714363673534,0.1373714363673534,1.9533989429473877,-0.05952288016956154,9.009016671225565,7.883808352796674,1.4297372012985554,11.271774089983746,14.038965696505073,0.018870911529629827,360.3515625,2509.092387344724,0.10409744823655288,0.054804380403772605,0.5946293198071476,0.24646885149953537,0.08025493087960811,0.09924629661018232,0.14021131050505772,0.07773156179759257,0.016227254676334152,0.014826416906363408,0.0257338663247186,0.01489757238931559,0.005014398428939121,0.02808635126807468,0.09037579754735191,0.0158213267210371,191:86016
4.545874787709181e-11,0.13136309031937296,0.13136309031937293,1.8574506044387817,0.09308438628446868,8.791008123515757,7.614226213391431,1.3973957062215856,10.640087016874025,13.101166843150274,0.017256261498255737,360.3515625,2442.612357882034,0.10787724848268537,0.06450340281460454,0.6607382970212996,0.1668810516234605,0.055398652634133995,0.06217252407298386,0.09555261790476285,0.052321608545242884,0.011308649202420848,0.014445540676176412,0.02589054455767377,0.014958683308872596,0.008225048060693557,0.047558417454940084,0.0797025676894451,0.010976638163815352,191:90112
5.95790083934844e-12,0.12140393687799686,0.12140393687799685,1.8679680824279785,0.023618366938219282,8.163689885898066,7.718943471763528,1.3858741435884863,10.697484173426332,13.143096357856844,0.014738915889476645,360.3515625,2400.111545634152,0.12637335393894086,0.07314315002235869,0.6001348485229563,0.20034864744789654,0.08785553877585905,0.06658374782539511,0.06742230391846321,0.051316571705230116,0.02850377106785155,0.005387782226850265,0.015608088559833002,0.007678718555581423,0.008976165847018918,0.05132391022869719,0.09734561488919163,0.03072410729313591,191:94208
-4.915079454548277e-11,0.13323943561977963,0.13323943561977963,1.6041805148124695,0.04544349091494919,7.0381085355089485,6.091257250889268,1.3826276049245043,8.421940423839258,10.332310441273282,0.017752747204277403,360.3515625,2479.1018065572775,0.10136045176542624,0.060087226651302,0.6254586404401031,0.21309368108683943,0.07786816469605146,0.02113217546427324,0.030347784371070836,0.04610119373424721,0.017770887648011827,0.011116666208638,0.017612248952522846,0.013797416193718317,0.002584482314750053,0.03977191129100374,0.0566473316588005,0.020382310922766465,191:98304
-6.936984320304873e-11,0.14724779058763596,0.14724779058763596,1.7600799202919006,-0.006848410215138157,7.704016646225008,6.108780036297911,1.4319292838126714,8.747341022404617,10.959564170395153,0.02168191183294029,360.3515625,2532.167188306039,0.08350063244387736,0.050540949738197526,0.6823737053523034,0.18358471241950036,0.09181445059485961,0.05838985038255134,0.06004445696878225,0.047426233482500704,0.01860522357140265,0.013084371706612075,0.015140075202454258,0.016350759538549663,0.005377232128198693,0.039742536581398646,0.05365570424053784,0.019141374358462717,191:102400
-1.1009082534485515e-11,0.12472457122775184,0.12472457122775184,1.3938816785812378,-0.057784614968829334,5.888406408340692,5.723491115705846,1.3527726374864282,7.742582172285615,9.432813401988202,0.015556218667946544,360.3515625,2430.162836384234,0.11935567662155218,0.06769619954182543,0.5907335101903219,0.22221461358201738,0.05287800046705226,0.04070440417493581,0.04971933437530167,0.042356412765797234,0.017102633382974644,0.006158050916728807,0.026163496328642722,0.008644992918739193,0.006636782236833023,0.0428432572993342,0.0869982447252856,0.012421927051726506,191:106496
5.855338436333568e-11,0.1650633799443374,0.1650633799443374,2.7194963693618774,0.025115343566936676,12.251378118113065,8.888721565552167,1.5095836482559732,13.41826872933908,17.160109277522512,0.027245919398648684,360.3515625,2605.813211114923,0.06601992228813038,0.04124905038109694,0.6734961512969196,0.2192348759971503,0.12199903160384706,0.05870947239517557,0.09826403974952704,0.02003331357263516,0.015360196013799642,0.009216206079394933,0.02907520646686883,0.009264168802830972,0.004004966988781082,0.03961546048913366,0.07211027636563043,0.015340961996872586,191:110592
4.32667235372719e-11,0.1659943050849883,0.16599430508498833,2.1874356269836426,0.13141994283323713,10.366927350929915,7.230963649876733,1.5141290382730064,10.948612037040883,14.064290698478734,0.02755410932064818,360.3515625,2583.5629814564,0.06646649823718381,0.03905599966998349,0.6984498442103643,0.19602765784617615,0.10204352810451583,0.056894599468111824,0.08767794615421083,0.06733879456930712,0.017397442301503495,0.019280108171325364,0.013827470732517614,0.020755376000190548,0.0028395899573477094,0.04830796210516495,0.1000931158710705,0.017879511834422754,191:114688
-1.1608491945480637e-11,0.13692219682326115,0.13692219682326115,0.9869298934936523,0.0013200376661124502,3.0294977150007747,3.7814461401193546,1.2552715883027505,4.7467419024235955,5.607196559527906,0.01874768798290787,3325.1953125,2804.045395167293,0.0214693140132972,0.0433926815454344,0.5962405201232698,0.3388974842646587,0.03987554867247199,0.030337294413300266,0.023711826058313037,0.04837184497379561,0.027188135195152185,0.04375123328681017,0.02191295936991641,0.042870533651431855,0.0320554072774388,0.041062464499343455,0.014392579008197721,0.026282967164308245,203:0
-1.0874501299440453e-10,0.14500733163412835,0.14500733163412835,1.0741142630577087,0.022342512216524942,3.0197757260192497,3.803832412496439,1.248929942547206,4.75072019643114,5.583130621620226,0.021027126227650086,2947.265625,2802.657636695912,0.018926296850330697,0.04208433178654467,0.633015068038087,0.30597430327748,0.036581513261264166,0.02922547776722906,0.021511092784987987,0.044497960861638416,0.021346368497329106,0.010185352283790283,0.026746132194731893,0.013310343102679395,0.02911822146323422,0.039635576864232275,0.01582445435811624,0.030107244811710974,203:4096
-1.4004797321831575e-11,0.13710950660400884,0.13710950660400884,0.9740383327007294,0.0025329285269656003,3.15502905954237,3.8262155002898592,1.2693139920251548,4.856668871056868,5.772468636998323,0.01879901680119474,2947.265625,2796.1768034792576,0.021032636125849737,0.04414386428803024,0.6264993566707023,0.3083241428622237,0.017549559277352283,0.019084207103201092,0.03270387357294229,0.06548903671861042,0.03722938603623167,0.03908078736172716,0.025845196636443062,0.029704161988956083,0.029575099915753626,0.049208219137045775,0.017797400174316413,0.046254210065732104,203:8192
-9.615064300305676e-11,0.1423841511795812,0.1423841511795812,1.1003370881080627,0.011168593824386742,3.1017048584107516,3.993488121888537,1.2530561874618211,5.004065000722863,5.893320959405019,0.020273246507129833,3325.1953125,2807.7027274761767,0.01937513074184641,0.03666559772736141,0.6113618656064291,0.33259740587503706,0.03163817864840597,0.02163639799951133,0.04650707836351459,0.038127020744239556,0.024414567963229623,0.017989032105038313,0.020691110416559983,0.025024734675271887,0.03474613526024,0.026180121465336194,0.024665755729926252,0.023087895754427174,203:12288
-5.1975534987036554e-11,0.14399168262310985,0.14399168262310985,1.1373743414878845,0.00024340064277838632,3.499897893107695,4.031807849883842,1.2769416421366748,5.1483833366459635,6.1270185601833385,0.020733604664634395,3325.1953125,2793.9541716133826,0.019830051128535215,0.04288507179480181,0.6383925285314089,0.2988923484970231,0.03630437216277721,0.028339376587258578,0.02864887609733683,0.07432778311174897,0.022844765093036193,0.0338089479510447,0.030932136714550557,0.03133506872565514,0.02812075560614634,0.017770681519954534,0.014787366985712702,0.019722997672355108,203:16384
-6.851896827697601e-11,0.14488081658556787,0.14488081658556787,1.1702455878257751,-0.013844073460894528,3.0046471986380388,4.047430014989415,1.2521744755628692,5.068088556431769,5.9815566856349776,0.020990451014500953,3325.1953125,2787.3026822073384,0.019315231523511524,0.04427963238019286,0.6176203261820638,0.31878480986659136,0.03029619961128791,0.023249362847754976,0.03306429395947173,0.04191051644803149,0.02086432724967416,0.022101564600204793,0.019051805200545096,0.025865838739312384,0.02271465278704774,0.023900115932511998,0.024030634862804004,0.025522480413692674,203:20480
-7.94564414263732e-12,0.1433510317378531,0.1433510317378531,1.0516642332077026,-0.003093812416172264,3.067499172501724,3.898048353449081,1.2544377272116802,4.889858917096008,5.768322885552742,0.02054951830030697,2947.265625,2784.1974586047622,0.019470156874880306,0.03941150948921197,0.6606062649248126,0.2805120686624323,0.046330511913152024,0.0280101404942729,0.01567978614823567,0.04788091771478844,0.03137583446898735,0.045027811307119914,0.02377243565818562,0.050938136028548145,0.018739561984598477,0.015511327762124123,0.0509018300715206,0.031750989382677425,203:24576
-1.674553828934222e-10,0.13774482107216016,0.13774482107216016,1.1569419503211975,-0.0327737242030086,3.0390992254705615,4.254209860992438,1.252369290701337,5.327841786144413,6.290450466715812,0.01897363573220142,2944.3359375,2790.649952087713,0.022363882605879418,0.04396011562874417,0.6007301571986615,0.33294584451401016,0.04030212927603219,0.06375394882922175,0.041194027826785426,0.06485334700298134,0.008794423811567455,0.0745380673380759,0.018734318416666514,0.05469985332116276,0.027558912859648475,0.023436607998241012,0.023348078723743847,0.01313637004395494,203:28672
3.5566216638471815e-11,0.13967917352757367,0.13967917352757367,0.9310361444950104,0.03387033016192973,2.9386117448381186,3.420263454145474,1.2481019833133915,4.268837600603838,5.024269317076678,0.019510271517346037,2944.3359375,2787.1671089272663,0.020995991207392727,0.043393414942001364,0.6470763895077526,0.2885342042915984,0.03357205905398374,0.024740789000705365,0.038038174762457896,0.06154160310319345,0.012483305977744977,0.00871689118807763,0.030744025632389548,0.014870934821845927,0.030685855785023423,0.03504696074275454,0.02650223458178057,0.0203648085896434,203:32768
-1.0643308456792511e-10,0.1400903453967482,0.1400903453967482,1.095205008983612,-0.007920229321118142,3.1753087060626877,4.108423710028685,1.2575429890824847,5.166519432763704,6.09784875227028,0.019625304873380208,3325.1953125,2809.4434819380335,0.020884540000047656,0.04004624754237096,0.6137819027818904,0.32528730962473673,0.02415175823530879,0.03224144015927036,0.03435976076914026,0.05593474421685787,0.022693085455891097,0.01439532336711302,0.04439069426897451,0.014199899652461531,0.033141597502832326,0.011450116096429944,0.02044259555588993,0.0357753914406174,203:36864
4.3440806507533125e-11,0.14384927506881048,0.14384927506881048,1.096209704875946,0.011830954495248524,2.9086859463136108,3.969175547224611,1.2504353240734254,4.963197311732625,5.868472078760793,0.020692613937822305,2947.265625,2792.510254448875,0.021233503245603354,0.03978887779928499,0.6564380489525758,0.2825395699542095,0.04381526418216372,0.027671749186796053,0.050719721344848444,0.05271223781174287,0.03350072161978834,0.010336713515272766,0.03125306551806722,0.025422281782512733,0.025118234365620246,0.037828001992417856,0.037538502353967315,0.04061539841555229,203:40960
-7.952749569994921e-12,0.1402407850759547,0.1402407850759547,1.08296799659729,-0.021779891158184784,3.2808564739894672,3.8630079347355424,1.2708964696908305,4.909483146678075,5.830141425826042,0.019667477798720117,3325.1953125,2782.432785680554,0.022961482617619714,0.04532098985042502,0.6145015134879371,0.31721601399317273,0.03639530661281873,0.033199311187203484,0.03338370892255291,0.07220517105310571,0.00913645231404618,0.03269608136803418,0.0192567882534159,0.026586205874439973,0.0416817177242839,0.026561981340715975,0.022664753753299488,0.019612090783544554,203:45056
-3.909761403519951e-12,0.13777429219631374,0.13777429219631374,0.9369436800479889,0.029788915445171225,3.02236199276379,3.563727563798985,1.2555861200866538,4.4745668649087085,5.285014380961158,0.018981755590195232,3325.1953125,2764.9818240419922,0.02232056870804915,0.04897904224254243,0.6346923165550484,0.29400807244167787,0.033917543669418335,0.04848789036924422,0.04074394909874597,0.04753148972308559,0.01916776580589879,0.01975479792094628,0.030219186714001558,0.017414843650790105,0.01067282489698799,0.02367138590987986,0.03551746146357936,0.023197516543958893,203:49152
-9.153744429113431e-11,0.1390375148263893,0.1390375148263893,0.945667564868927,-0.042606619119823275,2.93629578496602,3.4300033888389527,1.2490461590614677,4.2842325584279255,5.043272856046356,0.019331430529098425,2944.3359375,2790.359087984344,0.02001790188122407,0.038715353025310796,0.6469830248596669,0.294283720182069,0.0683992186256096,0.0569150589696151,0.019109654472929633,0.04382179023119356,0.014826765295108325,0.020544380326876555,0.025064675971202606,0.019667736338823554,0.017056711842042705,0.019841331804336566,0.03185334649131828,0.029072554462287317,203:53248
-1.8135049018042082e-11,0.1399433699640655,0.1399433699640655,0.8983653485774994,-0.05777963321881693,2.95532368124742,3.358440243783662,1.254796132793941,4.214157830149393,4.973173345166773,0.01958414679689931,2947.265625,2788.137141432581,0.02272678382460746,0.04607498886712674,0.6206190416168788,0.3105791856403255,0.032720960099248,0.0339295656022326,0.0360296442464451,0.053911023242681724,0.022430184917341,0.04959204828736666,0.017550590106964036,0.05097298331323917,0.034287244372166216,0.0279564583044743,0.01209904053267142,0.02533140108941508,203:57344
3.496758438359393e-11,0.13657356206178956,0.13657356206178956,1.1004158854484558,0.02505084694972078,3.1961560327615692,4.456604709225035,1.2782449639543005,5.696632525943632,6.8261698634410095,0.01865233785424548,3325.1953125,2793.6145218792976,0.02480428653821559,0.04374615372734614,0.5981891599774584,0.33326039970336735,0.020651346537646897,0.04431585237657006,0.03261508682910121,0.057162497036523374,0.0196662650474519,0.031741956342737875,0.033245820039111966,0.028220728804630925,0.03921823738150426,0.009920287154237503,0.01520155508741941,0.0337626419137067,203:61440
-4.934541664169956e-11,0.14992461186534967,0.14992461186534964,1.8671609163284302,0.002099977060027545,4.7367308317231585,6.267274963135835,1.2915398654760657,8.094435462843961,9.648130091597414,0.02247738924297574,3325.1953125,2813.8672882393707,0.01991404798759922,0.03696968981041179,0.6315815627764735,0.31153469938102646,0.06399982421297813,0.05103780730742529,0.06523062181384735,0.02749706431792112,0.005733132028539763,0.02544955149351333,0.0496200029022077,0.018699508157366908,0.03579256708109879,0.019650454852340564,0.06449286027454595,0.003672676364522885,203:65536
-4.6348702653631335e-11,0.1413676421779826,0.1413676421779826,1.0848868489265442,0.00026867659950232953,3.2705328631295734,4.0488714492542695,1.2661662089868415,5.1265442136136015,6.080280117248294,0.01998481025496212,3325.1953125,2800.4138011761916,0.021105100386904628,0.038617746901791775,0.6171794032385501,0.3230977494227156,0.04768263653806343,0.024106070672137388,0.023455917084644742,0.07798829175909733,0.030135527189957483,0.017714248254177896,0.01116412332049312,0.0221284877236404,0.027193660151960775,0.03348683577808893,0.044484264701064063,0.02997609040461095,203:69632
2.8327118428705944e-11,0.14481621388215943,0.14481621388215943,1.1313453912734985,-0.01912512092425223,3.086771476724898,3.943249559448472,1.2581222945997295,4.961090183946942,5.867483683882507,0.020971735803163347,3325.1953125,2801.92511411025,0.02122675590046185,0.04278430196876689,0.6177257627654886,0.31826317931759934,0.02445473028885391,0.038722926662961864,0.050671431996914665,0.047032949846680445,0.02138543157647207,0.017737587229726744,0.040287185268351795,0.021050358812098994,0.04197572546732269,0.03833484152826367,0.0073175380897457344,0.02551330313529535,203:73728
-2.8894220349684474e-11,0.23547716257728185,0.23547716257728185,3.7431496381759644,-0.025765041281280834,16.062477930419924,7.958042421887449,1.548834108919669,12.325687543301317,15.683620687889158,0.05544949409544763,2876.953125,2855.1139446286606,0.007760474549685559,0.01639208833295315,0.7403139190201299,0.23553351807919687,0.15457719806831074,0.03396054949921999,0.027468459933597696,0.21358830208267454,0.08317220724651639,0.018820124212142835,0.015543977117173058,0.01339572214138121,0.005900171116916363,0.007298206145152182,0.017279627531947898,0.08204057496431164,203:77824
-7.472511498463064e-11,0.14734046262518935,0.14734046262518935,1.1058003902435303,-0.0338175067146576,3.058773280460728,3.9947021580370263,1.2556102589140838,5.015789010971562,5.926727043806185,0.021709211926604823,2947.265625,2796.4234297466337,0.01870745848733378,0.039126905932531986,0.6668824632502377,0.2752831722838331,0.040193149083044756,0.01949578138432856,0.04249812735340984,0.06211023795328735,0.032729762803690235,0.023747767105507443,0.028173993951273037,0.024929508832616964,0.014829047073408843,0.05204922077449025,0.029026529173538634,0.04323826304496884,203:81920
1.6759926779741363e-11,0.13971536787329092,0.1397153678732909,1.027980238199234,-0.021483564521139677,2.993400650803968,3.9090258336599986,1.2530627392433549,4.898254618934096,5.781583975668734,0.019520384019969007,2944.3359375,2773.2810843097695,0.022275831557669157,0.0423538909691978,0.6375144044704751,0.2978558729514295,0.02061087605824558,0.04606145766633439,0.048518079426520734,0.05723949540391648,0.027359769229816592,0.015455285313582326,0.005937942529532141,0.019645955279269156,0.03008381633956469,0.025622406402593112,0.03117238938790588,0.02615631509999612,203:86016
-3.824129901630613e-11,0.14414056665802708,0.1441405666580271,1.009004145860672,0.02117553715016108,3.03794813420489,3.582688621265613,1.2603376414591971,4.515397327039932,5.355659689893402,0.020776502956497148,2944.3359375,2798.626654877773,0.020722880697446225,0.04122593229936304,0.6218678054550687,0.316183381499991,0.026874738891210687,0.02510345859536412,0.03257059903570007,0.045310594676540084,0.01510593119475695,0.018488606733918646,0.019324870000929535,0.025266704611223254,0.032528797796675175,0.035480454540420925,0.0215189567602737,0.014467643504477313,203:90112
-4.021227795192317e-12,0.15137325466283583,0.15137325466283583,1.184563934803009,-0.009584781388499374,3.483481913905856,3.9808970923696214,1.2679684636346658,5.0476519701329625,5.957143231983239,0.02291386222721975,2882.8125,2817.6650367855195,0.019526739491202906,0.03472224825024733,0.6278206653302786,0.3179303468846296,0.106260573863765,0.017107888714278097,0.04176117804620523,0.016161817134893813,0.025455711422621034,0.0338197102374513,0.03575013062639624,0.03255424951706855,0.03314277247876433,0.029728278429691175,0.049358484654775124,0.025243778422950898,203:94208
-7.149136838080494e-11,0.13604980285831883,0.13604980285831883,0.992531955242157,-0.02697003063687656,3.1330286384324535,3.6959235540092163,1.2623716515900407,4.665629121059441,5.524948425494573,0.018509548857787418,2944.3359375,2781.6635414797115,0.02299867049041059,0.04584904726680176,0.6177158659332851,0.3134364162554764,0.02272509695316416,0.04792327630300959,0.03590086742766049,0.058660939867995796,0.017458314170035332,0.013041560092339822,0.0162213182966625,0.010673460682190513,0.027195615562521064,0.04662009526691284,0.026413773547263604,0.014167128617711518,203:98304
1.191828857827204e-10,0.14059036380804257,0.14059036380804257,0.9870868921279907,-0.0016374246479928711,3.043787068297589,3.585451550716122,1.2520927912422346,4.48931804003188,5.2899367856756125,0.019765650395677764,2944.3359375,2795.1749455665445,0.020052296460060674,0.04424082765454225,0.6309391211973715,0.3047677546374327,0.04568516919797924,0.012832400604584293,0.01932068045698518,0.08677770870630466,0.017792523066303356,0.008504467172757551,0.03573660871657358,0.009132970783840346,0.028124742603467593,0.051709120264584796,0.015168905938963912,0.022558685193040075,203:102400
-5.228617538932667e-11,0.13855089179173202,0.13855089179173202,0.90452441573143,0.029587167389616205,2.9962027974104033,3.2758011486334526,1.2570051746476933,4.117698994978827,4.867339400676703,0.019196349616284237,2944.3359375,2784.3682387185086,0.020933273484936715,0.04582663406977875,0.6548296836372113,0.2784104087559801,0.05854655041599454,0.026239682991395785,0.028015933951951868,0.08041252793077444,0.02441436917842489,0.021794347830831295,0.035955288971229654,0.023416422807459338,0.02666033745809697,0.02597013876370083,0.021171395578019645,0.03047328561309252,203:106496
-4.5135450932320964e-11,0.1464270925980071,0.14642709259800707,1.0863363146781921,-0.00925358335208612,3.239013751935225,4.001885973857691,1.2720113268213216,5.090444287429123,6.0731836562320884,0.021440893446705342,2944.3359375,2799.251610232148,0.018514690483805222,0.03953585099645124,0.6397863228571299,0.3021631356159738,0.04683838501187641,0.04334970697636572,0.02044364982997443,0.07031943109612995,0.03749454419189647,0.013316805726652574,0.02266290216993761,0.014165509463811435,0.024157466312532537,0.030881092899303336,0.016510429383929173,0.03258041796168012,203:110592
-1.786126802016952e-11,0.1411221749704568,0.14112217497045676,0.9316387176513672,-0.003957246230782635,2.9517122157956535,3.5340378407615387,1.2531065476964287,4.428525958096614,5.22530114668783,0.019915468268392213,2944.3359375,2787.986395922319,0.02173563080777829,0.04442992960342908,0.6223856722750701,0.3114487672635103,0.0318512774980113,0.032346558054134916,0.026212175781698373,0.06425695609653417,0.017025984478566937,0.008337593003870181,0.023932403912138158,0.01248862926698444,0.028422994059202778,0.03689881772747108,0.0219598530089204,0.015829085280976554,203:114688
-1.658939652315894e-10,0.21635482354834598,0.21635482354834595,3.8975499868392944,0.16383318666320892,19.84780026647792,9.273250013040247,1.712635728091326,15.88169928792949,21.08818422935083,0.04680940967263592,2554.6875,2584.682363544832,0.012232911888876959,0.03607017485291934,0.8893800928066192,0.06231682043022124,0.06943323257282452,0.1639349917319803,0.17634381887295744,0.06384333874879838,0.011856247213482302,0.014897504897821767,0.09760729319208608,0.013985962459939133,0.0014072125277480533,0.10038072648373118,0.06012547956630597,0.010678921123670842,177:0
1.3523813180427169e-09,0.20477666134061084,0.20477666134061084,4.526001691818237,-0.36992488694157966,27.790041318592774,11.560892091501431,1.570222460013959,18.15317241996195,23.131536916513625,0.041933481029807235,5997.0703125,3232.7766294490166,0.12635532224557108,0.027998730447309925,0.5261885693979402,0.31945737788533146,0.1308258899763782,0.12574857340860826,0.09195445314260388,0.06720332047015483,0.010639304151397981,0.005059884991384256,0.03680005325443228,0.0056359880715746435,0.0019215137640625488,0.09441375366738693,0.04695322823166039,0.019493683515742776,177:4096
2.934541498689214e-11,0.23937297693427237,0.23937297693427234,3.9644850492477417,-0.010003631703065839,14.796972030007675,8.639110341942892,1.5665179324489071,13.53332127111489,17.376164860466687,0.05729942208637567,1385.7421875,2509.0956651602232,0.008741227445556813,0.09609115618744167,0.8322654955950638,0.06290212075448558,0.08053539791835113,0.18907395401344956,0.16855581614581383,0.07924095472571631,0.01739484403125101,0.013026269986552003,0.07364883587631509,0.011867817743669547,0.0009295897265369404,0.12209979434082725,0.03036969779615599,0.013681136745225503,177:8192
1.4981516027745556e-11,0.2730301615763798,0.27303016157637977,4.335414886474609,0.11479208976615886,15.835281816580755,8.230124491985066,1.6590705535731216,13.654357196943378,17.98900401142274,0.07454546913042405,2537.109375,2524.5069999020166,0.007280871637172186,0.07792463720744709,0.8668762607840993,0.04791823035786665,0.07037334797955039,0.1578487357713273,0.22762418620708952,0.06862406180427784,0.008348199790788373,0.009753176285978514,0.06607016979263836,0.008394952720926182,0.0005946474327136659,0.12044259559106488,0.03591275115240423,0.006243241826330461,177:12288
1.4573231510439655e-11,0.2703054442183279,0.2703054442183279,4.88043475151062,0.1573887283374062,18.35036093573858,9.694364599229829,1.6630038570000898,16.121765719743976,21.088245382388937,0.07306503317406758,1385.7421875,2520.5285252340973,0.007807054618751993,0.07841099462792854,0.8613950679558887,0.05238688278374411,0.06304874413803378,0.18854561866120245,0.2037644038079876,0.07358447608882923,0.010149589190441122,0.00708635570792974,0.07405874429744881,0.0071588321807480575,0.0007415746645017134,0.11022299163766858,0.030325923072657777,0.006926174836245843,177:16384
-2.1078161438481402e-10,0.24828569277911045,0.24828569277911045,3.956244111061096,0.18714732337770484,14.488630933938117,8.091530551440053,1.6260670569321052,13.157371269909333,17.35378423559229,0.06164578523880284,2589.84375,2519.6006306956674,0.008514386266179008,0.0879962754291235,0.842902633087675,0.06058670520080067,0.04524262716109158,0.18032908518853158,0.1954124175205409,0.06407051752017545,0.014584953075153832,0.007079653022451723,0.06745253243166524,0.0071407095316157925,0.0009957735190923459,0.12160579692025848,0.03989621638031224,0.007507245100538757,177:20480
2.43806086430709e-11,0.2546146740611008,0.2546146740611008,4.488907337188721,0.135232648056378,18.229186507089995,8.935133364926772,1.651891355458319,14.759869565447705,19.404211663013225,0.06482863224724059,2589.84375,2517.70178340427,0.007452177723092435,0.08627776619426658,0.8604869597618338,0.04578309630538193,0.06470437567523603,0.185744793635139,0.20448781363225765,0.05246253359984942,0.013054002534755737,0.009931045194588279,0.0675451105067972,0.010247188084351447,0.0013891846120949645,0.10818953444926965,0.028785791594637875,0.011168230825399852,177:24576
7.79882824986089e-11,0.24997871000861097,0.249978710008611,3.441567897796631,0.03747960266914726,13.106610083558662,7.242900149367073,1.5883278838711918,11.504100267380561,14.950866678673988,0.06248935545756923,2589.84375,2510.969925235607,0.007446359358212746,0.08817804755379809,0.8471750754426719,0.05720051762931456,0.05131995564087762,0.18098231740914397,0.20816263998433288,0.07046596945586447,0.012257890891503734,0.009091998133674364,0.07731344097201108,0.00927967483479105,0.0013782415167587902,0.1266511121548615,0.015143861976077325,0.011527487502676953,177:28672
8.972733667178545e-11,0.24127503202207665,0.24127503202207662,3.6565656661987305,0.013607309644326522,12.823614383832599,7.580271046722725,1.5556815822568735,11.79248805595045,15.16816639415327,0.05821364107725411,1385.7421875,2496.891910828452,0.007234775136306412,0.10100984298825934,0.8281643591401621,0.06359102271809412,0.06421294499108453,0.213850258354907,0.20463519946386044,0.08157470962645152,0.016995421254065182,0.009210801288022343,0.07428707634628097,0.009351888736862584,0.0016165647173797494,0.11317158123900528,0.03729051028447593,0.0068882619375679926,177:32768
6.637890237470856e-11,0.24472442382565904,0.24472442382565904,4.4141130447387695,0.0111440351963183,16.915638162716764,9.58192715631427,1.613274287985019,15.458276710690388,20.04116211184017,0.05989004361680081,1385.7421875,2531.7907271369845,0.00810085601503363,0.091257362286944,0.8449928177758352,0.05564896390548975,0.10464412204499482,0.19413349948824918,0.17592828016338094,0.06962065597556706,0.015415144700279472,0.009975654296040033,0.07712721188317462,0.009491062589313738,0.00217031672034231,0.09874555447408977,0.030388529478159995,0.009554288184649252,177:36864
-3.815259219663858e-11,0.2517732453042414,0.2517732453042414,3.6235508918762207,0.03879434063016406,12.906709446867326,7.380475987755201,1.5902445538271768,11.736761744226577,15.280667749852082,0.06338976705102971,1385.7421875,2544.7510208131966,0.007839322134801473,0.08415660128565687,0.8413313647492062,0.06667271181455992,0.059192478422894365,0.18388456163015113,0.1798895347239386,0.07352466959772873,0.018495287326404625,0.014420089386969565,0.09311317387628316,0.013900016065055986,0.002530456826693244,0.11381517227525756,0.020990184117844403,0.008049195784074235,177:40960
6.201261726346274e-12,0.2765922982487641,0.2765922982487641,4.680769443511963,0.11596923663695445,18.75732594687391,8.708761229096208,1.680389905742841,14.634114460950792,19.336041401836923,0.07650329945053323,1385.7421875,2535.947358622661,0.007257083640559168,0.07443240233217359,0.8612733401179199,0.05703717389627603,0.04655966450750609,0.19197702196116068,0.21817221534320766,0.08299792597129015,0.01265198529656968,0.010072935935903348,0.06915154301411744,0.008979428432960705,0.0009784554894029219,0.10914478478052649,0.03209735799488854,0.005792879307807022,177:45056
-1.4347101284784003e-10,0.2702252958627196,0.2702252958627196,4.231250524520874,0.13730994631184174,16.764374244898043,7.864692639611591,1.6712271553018319,13.143687907469973,17.36561782027608,0.07302171052409433,2589.84375,2514.7484368478667,0.007563613838107673,0.07796033799966727,0.8668184612293229,0.04765758691920755,0.06388670338882925,0.16621108974060553,0.22528362194528584,0.08243453651221591,0.008609978807468067,0.006935319757509649,0.06635413052017225,0.005894872047136672,0.0009865870881448661,0.11691025875847337,0.036768936466738004,0.007378255091216978,177:49152
-9.481215812456867e-11,0.25345098196704186,0.25345098196704186,4.330239295959473,0.1393006474294483,16.454389309970274,9.390395193310397,1.629997625619388,15.30632186878405,19.96843350175404,0.0642374002600578,2589.84375,2516.157674647967,0.008842977727887917,0.08630635310956064,0.8474118008094791,0.05743886833750473,0.06387449330484725,0.1670465852322288,0.20734799261447387,0.06113917578697976,0.015801035521997662,0.006308943654479529,0.06361313807832292,0.0064749029104065265,0.001206740524739003,0.12735423480583172,0.04561368580014408,0.01406036693369277,177:53248
-4.246913931638119e-11,0.2614393893603006,0.2614393893603006,4.216157913208008,0.15551489919606962,16.117921969862383,8.065015165276014,1.643843967303582,13.257626525701586,17.44789588421211,0.06835055430908683,2589.84375,2522.233848328803,0.008098403838085902,0.08066281064169058,0.8583230295679919,0.052915755937601276,0.06568062297577189,0.21451333215999085,0.23428576294788978,0.07151758181098535,0.015137317861527787,0.013964432234256469,0.06632769919176854,0.013016689986328323,0.0014508550917763901,0.10251429306413753,0.027792292097333672,0.012412959716994952,177:57344
-6.53945786410759e-11,0.2574803574909348,0.25748035749093473,4.082123517990112,0.05726258015169965,15.870045197881728,8.067897395754487,1.6402533967744515,13.233396108265442,17.321324996260998,0.06629613449365955,2589.84375,2522.896388862039,0.006864778324910113,0.08709648080901326,0.8501429179793656,0.05589582287162717,0.0655033713886558,0.1520144198289597,0.20633462822200568,0.07497764347877914,0.012294694057789868,0.015572499647577152,0.07730447315734143,0.014756710541311344,0.0005213381361725593,0.11976376913348111,0.030042157825871267,0.009972877266787878,177:61440
-5.835854022251397e-11,0.2536122345064755,0.2536122345064755,3.76571261882782,0.023470007075662887,15.072708512986635,7.645500166273455,1.6116527627414419,12.32189146556335,16.002649040293917,0.06431916549136756,1385.7421875,2505.5168164954134,0.00724972860927949,0.08705786728728244,0.8464166994352365,0.05927570465265402,0.06104126367773567,0.1908292447564166,0.22899276073583236,0.05439655076859004,0.013600478003830659,0.008607641918354723,0.08345273412605264,0.008521048337483628,0.0009432239405016691,0.09960320768993021,0.03011121995398988,0.009769411885327853,177:65536
1.141469141430207e-10,0.2670703049979275,0.2670703049979275,4.23638916015625,0.0038343504292827203,16.192747929768117,8.139106607493336,1.655386294835159,13.473365530297203,17.801082363745337,0.07132654781168601,1385.7421875,2531.7368203938836,0.005538466615336165,0.07784110576154153,0.8592737643974697,0.05734666321163239,0.06515402243581953,0.19027383534556735,0.1907996344373731,0.061829469840395196,0.016739970149132626,0.01053238092315184,0.06473861243830797,0.009348211531957197,0.001462889230437813,0.1092983567253148,0.02632968715976195,0.007069052395411781,177:69632
-6.81019685089268e-11,0.25437690570563615,0.25437690570563615,4.233924150466919,-0.020459373847071603,16.754015496612574,8.428275210822596,1.6616187916777934,14.004580471789994,18.388457073751734,0.06470761015637409,2519.53125,2508.0696276331037,0.00766804712294619,0.08521132097657097,0.8509428769653897,0.05617775491963901,0.07675053651747522,0.1885672498242896,0.20108770345061705,0.06398689301704757,0.02375993892876072,0.00870317303716179,0.056826563432821386,0.0069746472814544245,0.001350370310412788,0.11456619895698927,0.02453579330602187,0.009707442443212127,177:73728
-8.640410609217497e-11,0.2496644826823186,0.2496644826823186,3.790494203567505,0.09714107730933896,16.84305044042748,7.7055914718285585,1.645304158300034,12.678041690811588,16.541708346453895,0.06233235391302977,2589.84375,2505.2357403370856,0.008298401412108714,0.08948432094741755,0.8559547118573079,0.04626256576712279,0.0680682435909594,0.19805978803315416,0.19612024966041056,0.0694739568959013,0.015333206707845848,0.009067061534699624,0.04940320923802381,0.007872163864069706,0.0011725728031589046,0.12720730473026162,0.02702839296345474,0.010639123139156695,177:77824
1.12730269563599e-10,0.24277282220494978,0.24277282220494978,3.7349363565444946,0.07425810243530119,14.239488687815083,7.906018727630641,1.5763796099093246,12.462886717849539,16.074187331789737,0.05893864320135617,2589.84375,2505.3497355936124,0.008613917945518962,0.09754505780482957,0.8304900157552079,0.06335100847747664,0.0650252704597411,0.17100939870680157,0.1771719720199363,0.07050675154914568,0.012989905292493048,0.010455123262496962,0.07873402987591761,0.009474103661468775,0.0017168540715296655,0.11857141547313343,0.01771114290456438,0.007662226451671434,177:81920
-7.424461045957287e-11,0.2451085737493609,0.2451085737493609,3.980195999145508,0.14981150636227203,16.056995628109394,8.584994168391194,1.6436394255193805,14.110634883079303,18.51466956309788,0.06007821292544589,2589.84375,2511.220211932415,0.009093605992381352,0.08940655270714971,0.8422498643635888,0.059249976920235196,0.09467070738090645,0.16917311240286348,0.16972620135577787,0.07348723989338841,0.02238546989515811,0.006765389994580412,0.06899172954911037,0.00636326785962459,0.0018577614941765756,0.09230041168872974,0.03189466184962348,0.013371816720288534,177:86016
5.638867150992155e-11,0.2470162957175733,0.24701629571757328,4.127343416213989,0.1306691669838049,17.309704298894022,8.732045876034853,1.62479401360872,14.187775865995576,18.402978153521417,0.06101705035003162,1385.7421875,2520.427239227637,0.007824299508288628,0.08766813102289778,0.8471372357449007,0.05737033370752396,0.08833621751944179,0.18988447007638043,0.17701691670630015,0.06473514054257017,0.01390516109275042,0.009161929537008388,0.08385517766041221,0.008015540217427439,0.0009900031994186142,0.09609241679602723,0.040614636301274966,0.00937302268025263,177:90112
-1.1316814152451116e-10,0.2453195425205939,0.24531954252059393,3.3521597385406494,0.13710830987033149,13.031860712756407,7.30712808846515,1.5832927804753616,11.569323148522763,14.999932742289657,0.060181677942513494,1385.7421875,2522.9566044856415,0.008328780171915651,0.09290431054847306,0.8375630362826001,0.06120387298039492,0.052671395002878145,0.2025191252856721,0.20455218301219724,0.0680477405366816,0.01677998303621865,0.0075914818184100235,0.09023735890079569,0.006481933691859307,0.0036073277535362594,0.11648133213292312,0.03083277747048599,0.004838237557053494,177:94208
5.2544413264854484e-11,0.2715455937123465,0.27154559371234643,4.414031982421875,0.07880287670099341,15.99731244772929,8.19489868755137,1.6371352666457981,13.41615764802912,17.573390945015813,0.07373700946459073,2519.53125,2540.095329784997,0.00615839024362929,0.07839478069519047,0.8612839935673062,0.05416283548031226,0.07026220447153543,0.19439536706579724,0.18942214827442097,0.08041082536730869,0.011423310689555495,0.008432402828400878,0.06214336787033915,0.008279167403210289,0.0013833174364826092,0.12144614466531316,0.033377078267867163,0.006765935953924656,177:98304
-2.0833113012486137e-11,0.2583573534202042,0.2583573534202042,4.052264451980591,0.013309975435368422,17.248851708400863,8.392844453760953,1.6552430653068833,13.892197580340921,18.2104031417249,0.0667485220662923,2589.84375,2523.5520692414525,0.007461607762419898,0.08308672028402146,0.85392163486143,0.05553003707714697,0.06562822439920192,0.18223949460259348,0.1957586876410269,0.07875328187850121,0.009228901987075265,0.01167587715995166,0.06864352100318394,0.01149160948038633,0.0015447373984160588,0.12088695687887135,0.029850641849030368,0.011959625904157313,177:102400
-9.905232190021707e-11,0.25828913922529206,0.25828913922529206,4.00952410697937,0.014604667666023642,16.149807485416968,7.9463518484939915,1.6263552523115647,12.923591065563949,16.839428715734826,0.06671327944174231,2589.84375,2528.034801718248,0.007316248109364445,0.08207373629460638,0.8577561089323067,0.05285390664873284,0.07144164889465268,0.1844415498003147,0.2062512619748532,0.07289422143026787,0.01678087334738098,0.00908126311847756,0.06626489320249315,0.009054099599376413,0.0010471202457529004,0.11312793384417538,0.024218540547263124,0.008598097552893735,177:106496
-5.955705373317244e-11,0.25541062757745914,0.2554106275774591,3.961626410484314,0.04200205322784892,14.840207843067066,7.844981597969328,1.6141471665710925,12.66295481821413,16.565838156085338,0.06523458867951151,2589.84375,2517.0386153127542,0.007258589984684699,0.08575655601455158,0.8475411246343623,0.05944372935107221,0.07742652445843426,0.2094201207111479,0.2185589182197796,0.07217486409567755,0.013021695611433272,0.012492070658393707,0.07314458521856532,0.012553194140354704,0.001059025585077199,0.09846881653509394,0.022033064078961308,0.00950651326554284,177:110592
-1.8508083954316135e-11,0.24383665133263455,0.24383665133263457,3.862479329109192,0.1441814850469877,15.325555790527465,8.030613471295807,1.616726907769548,12.983308884993793,16.85793561473279,0.05945631253311279,1385.7421875,2517.847565485535,0.009545850215493198,0.09259839276782678,0.8393706475701452,0.058485109429715826,0.0607722108719761,0.16759774906234312,0.1992641112868441,0.07292815821970866,0.011093194757805984,0.008600444976502787,0.07861052649182977,0.008576924731568942,0.0012166357298096031,0.10572313421253948,0.0350794565490921,0.009772404644615908,177:114688
-2.3159252293680765e-13,0.13386924989559298,0.13386924989559296,1.7493076920509338,0.047703057387522695,7.223575994962769,6.672375537843004,1.3703210121489848,9.143296400523452,11.199142484928467,0.01792097606760872,360.3515625,2388.238833081837,0.09207582313340869,0.12186585069003725,0.6157717200639942,0.1702866060567595,0.09601990750480657,0.07981540612502544,0.05564923295511402,0.022204665614308654,0.033039313960338684,0.019062161027009247,0.02050506925545039,0.02126807665754808,0.006119365453140784,0.03320565383530756,0.09201583559343278,0.038156045291605725,192:0
-4.085176641410726e-12,0.1413475192058091,0.1413475192058091,1.5087127685546875,0.02265678671636195,5.33210058867614,5.435149246817832,1.3506161650796897,7.340800432424799,8.961640629481192,0.01997912118563657,360.3515625,2325.4845192717294,0.11182679507261567,0.12326622968003673,0.5930905334596055,0.17181644173768998,0.0693497744826361,0.08917569044515863,0.12068554656815825,0.02513488710746014,0.025648032532827204,0.0067824168739302,0.04473507102257424,0.011093462552269721,0.0071853965334504315,0.027968117661983295,0.0479124655965675,0.026584948476870207,192:4096
4.590816615746007e-11,0.1981041877599316,0.1981041877599316,4.279514789581299,0.483352843234451,24.43272688970614,12.337767061230934,1.5366530933958698,18.958867920333887,24.087229362079835,0.03924526920802224,2765.625,2500.964697724774,0.0580978421643049,0.08113500323914852,0.7436889425633292,0.11707821200773666,0.18949214950056753,0.07574736418663869,0.10213407229198926,0.050579761108935244,0.03011243500600825,0.011201127672040758,0.03262164523884262,0.009192443152027623,0.004166239915159454,0.09417088284282712,0.06054747175358072,0.0311597552064889,192:8192
5.0395243533785106e-11,0.20688129066359626,0.20688129066359623,4.378920793533325,0.3674479622937271,22.576327938417045,11.443182575985471,1.5298916446176236,17.50682941091877,22.158106860199187,0.04279986842663539,2578.125,2531.0061216687855,0.053742269865514655,0.0699379927034623,0.7352036590026702,0.1411160784049883,0.15378175114913553,0.096640570879786,0.11806295077463612,0.05346082149071363,0.025058619594041046,0.01312078439754516,0.03312037218750631,0.013993115638651521,0.007491966796838415,0.041505650218893526,0.03131466491290137,0.029115857836762363,192:12288
9.18354281509437e-11,0.13322734785368784,0.13322734785368787,1.8185383677482605,0.033470952285897755,7.638634953673733,7.669295261980246,1.3769423686980526,10.560177584355099,12.929336217001305,0.017749526216127545,360.3515625,2248.066949681328,0.12647012356089335,0.14501203106480867,0.5814961690241187,0.1470216762938399,0.11565413719624142,0.11172230269494367,0.05716766634374174,0.026726198407136643,0.03050035265509788,0.007052138157573555,0.04106851797526765,0.013676635909115826,0.007003283333598836,0.05386941768138069,0.03839586597423843,0.03005019616081237,192:16384
-9.425893399139795e-11,0.1736331931444128,0.1736331931444128,1.8537484407424927,0.21573166524377885,5.847228471514293,6.165309645038546,1.3803915890031724,8.510541577660359,10.509692608539657,0.03014848576152496,360.3515625,2451.096688401909,0.0745101158648444,0.09227283662210169,0.6701235054631263,0.1630935420167585,0.1906623734092491,0.04143059396372052,0.11024197748924564,0.03325885124285892,0.011523812852789441,0.013218247253185005,0.019900040943335476,0.014613368662316526,0.0030778884228439586,0.018350544791391917,0.0539343756843512,0.011342685245768199,192:20480
-3.689182292987425e-11,0.2177934247434753,0.2177934247434753,4.123911023139954,0.34945704425174706,17.826711686763726,10.679757226128757,1.566797093080248,16.733012576778137,21.59241309316925,0.04743397586149184,2765.625,2536.8716946729537,0.0576602456089569,0.06928037476916628,0.7157241010478463,0.1573352785529486,0.1747424091956942,0.07996058768801867,0.14758232699059318,0.030261907750042363,0.016456755677578636,0.00820776693185933,0.038923257813161444,0.007871204035590868,0.003316072708024872,0.06891004683343875,0.04960627542642104,0.014983436563758787,192:24576
5.140776693224325e-11,0.20416642858671602,0.204166428586716,3.341601848602295,0.2949904932525987,12.373903027787378,9.50408817666839,1.4732466385077658,14.001865958426686,17.69075189867876,0.04168393056185461,360.3515625,2510.4523901521957,0.06286351499911508,0.07494428903620368,0.7066058341211549,0.15558636181953647,0.16446890494949448,0.07958690202667404,0.07188870170263606,0.03985794525342025,0.02988839847080319,0.010370281748330344,0.030737288041419467,0.007478981110956171,0.0019328755441159122,0.07118821501534205,0.022861520930090508,0.03801977660998246,192:28672
5.313788298266786e-11,0.15714977691633977,0.15714977691633977,2.854089140892029,0.027251253223845313,13.102906810291985,9.552522086536396,1.4305255781088284,13.665127180326788,16.96732008358772,0.02469605238485536,360.3515625,2426.184293923079,0.08050426440970748,0.11265177548498863,0.6504672623627313,0.1563766977020802,0.11079104253825743,0.09925639425015755,0.10889318720331681,0.05411179322330375,0.021910244002033303,0.010661638949614178,0.02647678155916776,0.010344310910598757,0.0024159285441377842,0.06145276441237233,0.028551692098088825,0.018656995587033518,192:32768
9.769962616701378e-13,0.11125531605380555,0.11125531605380555,0.9732683002948761,-0.08313759361934829,3.5938353237454983,4.456221417551166,1.2807506551266208,5.707308499969234,6.810162546016011,0.012377745350232162,360.3515625,2179.0530089401386,0.13886775224104794,0.17475339729584716,0.5195795131496063,0.16679933723270854,0.07158168177625587,0.05759294294581252,0.03907725940714756,0.024069073823882348,0.01798336517776811,0.027887992222412027,0.04177145621429456,0.024091293433213826,0.012552937603121804,0.02525954990384374,0.06386892789539148,0.021213223933023065,192:36864
-4.7331027985819674e-11,0.13954045271923254,0.13954045271923254,1.9809991121292114,0.23543644857029708,8.184701975653127,7.804120940456056,1.3808779659146524,10.776538650086131,13.219770382078819,0.019471537945088376,360.3515625,2289.6663016483185,0.10882984899223984,0.13387945377779412,0.5995100053422727,0.1577806918363363,0.15331086913076372,0.07415946009168577,0.07322345510294528,0.02833571863479525,0.018148141837703816,0.00815797784322014,0.03940501225370942,0.007033301318310408,0.004066724791456552,0.023747961679179592,0.08753760681830934,0.020052099485830466,192:40960
2.383870878475136e-12,0.21803880119836752,0.2180388011983675,3.8219852447509766,0.6222029807541517,19.55925537000764,10.357714950241979,1.5810796893348125,16.376372735822237,21.088001224534498,0.04754091882802124,2569.3359375,2517.841222184472,0.057373709043445555,0.07273242645946024,0.7037351215159077,0.16615874296015198,0.17958526068293973,0.0425924389207522,0.0713060564029147,0.03421434708720057,0.027331352349591543,0.011588225020804751,0.0362316446989045,0.014659914784867984,0.010409349189032129,0.058046512661033375,0.04840854654353328,0.029844006111940057,192:45056
6.419309528382655e-13,0.19893907501836192,0.1989390750183619,3.233481764793396,0.10300701064252624,12.32128925063243,8.668975916117258,1.488658341096214,12.90514330635502,16.272653398127044,0.03957675556916143,2765.625,2552.0197996928982,0.051436098228150116,0.07261104744232424,0.7194607831608656,0.15649207114339267,0.1306742562492612,0.09939252601574683,0.08405061502006002,0.052223617693618295,0.04085717474063302,0.011884279344409892,0.02531932561795395,0.008932553363335373,0.009660681946488139,0.05286236350070004,0.0144225344510752,0.039673938689812935,192:49152
-6.745359826254571e-11,0.14170061077787732,0.14170061077787732,1.8561105132102966,0.04328245354099781,7.125809574101416,6.938659942216525,1.3657490656871683,9.476468333270075,11.582727778635103,0.020079063094823484,360.3515625,2342.429825891366,0.09321012268116109,0.13627613763618548,0.5951611009772506,0.17535263865559977,0.11149093463379538,0.03806841181681756,0.0690870203567806,0.06593273481224363,0.02980337814213047,0.02237045236397807,0.03837569917103621,0.022329232958455004,0.005058421523799907,0.034168623882097585,0.07695075672085729,0.02303795490626698,192:53248
2.7623237031093595e-11,0.1350732177662187,0.1350732177662187,1.3079391717910767,0.016078102370261083,4.593856619513933,4.861913201104885,1.3197400520540319,6.41646158115585,7.740776081637294,0.018244774157720335,360.3515625,2320.955819916612,0.10247377063386785,0.13753243473075244,0.5695596970599923,0.19043409752057716,0.11303819955700178,0.039683942590993844,0.11363512882459195,0.05223934812474348,0.017110703277863615,0.03543234405592475,0.025452417090062334,0.02085685249560302,0.006198485841994408,0.01736455483737198,0.05957504459114867,0.019797818019970735,192:57344
1.0105871695031965e-10,0.2162550781720692,0.2162550781720692,5.087027072906494,0.5306856327049025,28.36858697639133,13.518893573360074,1.572776351625659,21.262196112423148,27.11452358802386,0.04676625883520777,2575.1953125,2547.2484441976276,0.05171979427071394,0.06033442697027115,0.7553433753386045,0.13260240339902762,0.11801508395165185,0.07305583416938213,0.10896419579936756,0.03471103647358446,0.026088252138406175,0.008404366138712297,0.03848018828798004,0.010080117194581335,0.00598287448586136,0.04348985231399317,0.027992102741698208,0.028888124623212504,192:61440
2.7308155736704975e-11,0.17674065025599198,0.17674065025599198,2.324027180671692,0.15727112156391426,9.141155426395029,6.898956955988463,1.441660041516478,9.945950571646996,12.454620390339612,0.031237257452910873,360.3515625,2474.7911644724477,0.07129330796295576,0.09606851229472133,0.6613377946776321,0.1713003850326779,0.15938952919161822,0.06637224083050812,0.06824558945545083,0.03340811812351188,0.026096723010886575,0.010438577794326158,0.0395058597572187,0.007311809940846929,0.003879130461015624,0.05306295351368681,0.018594390373169168,0.022594544652149717,192:65536
1.6069812147634366e-11,0.12603453016084942,0.12603453016084942,1.455666422843933,-0.03968314346724043,4.975608772581148,5.993252703566629,1.320096516819067,7.911672018457537,9.552636052882725,0.01588470279286606,360.3515625,2299.8005063592873,0.11090286119262535,0.15094338001653068,0.5474807884370797,0.19067297029081062,0.10351768692127962,0.05308139246075264,0.044345834996011115,0.034666410794371945,0.020177073396977212,0.021165881102721513,0.03940517419889304,0.020288658532687222,0.005601239139589093,0.0363533271557322,0.029901753612340196,0.019182892200044845,192:69632
1.5972068112546367e-10,0.14948107585430576,0.14948107585430573,2.5343306064605713,0.24782888286691585,11.008737157610932,9.194836293420162,1.3839016656706429,12.724749262118168,15.539511713827016,0.02234459203856071,360.3515625,2426.2714149892277,0.08493119208787366,0.10006290507275437,0.6360604416874897,0.17894546110712894,0.07217701409147609,0.022060865853849355,0.06530191368337317,0.036255445763252,0.023576331668980804,0.01143252456031654,0.02546566242149091,0.011160975460368124,0.004693569157737282,0.06313994502595709,0.025156954533968462,0.012059675445585902,192:73728
-1.524824710941175e-11,0.1396367363102981,0.1396367363102981,1.1883316040039062,0.03577512624875627,4.193132227562683,4.610451904873973,1.3188109250449849,6.080314341585801,7.344894662646365,0.019498418127391722,360.3515625,2349.217498469634,0.1048679576834372,0.12809999649824955,0.5366815675783304,0.23035047818869678,0.13922446784865494,0.04429345760109652,0.10328568359850955,0.01656420861901713,0.01082135218166227,0.01312292316386817,0.017404978418828987,0.014249999509980063,0.009440410295150843,0.04106903332386356,0.053758965515563535,0.008972995940133508,192:77824
2.8762325854359005e-11,0.14340351572333943,0.14340351572333943,1.5980971455574036,0.06817204222290933,4.984558665410716,6.351700533580438,1.332777502839276,8.465403575987265,10.297905369448948,0.02056456832181406,360.3515625,2336.3058815117165,0.10126675911107737,0.133158544277407,0.5971838463576663,0.16839085020522196,0.09815176701773114,0.06338688548277337,0.10315938352041153,0.017548540465154094,0.01428714332151954,0.0122659429102706,0.029655221484506358,0.014461762432217135,0.00985097260483745,0.05844979883871269,0.029321389940667218,0.017373984516690998,192:81920
2.3856028263935514e-11,0.1507553136526993,0.1507553136526993,1.9086949825286865,0.12495779871287674,6.847771599732659,7.070258955979767,1.3638686189837292,9.642904318213432,11.754803327389967,0.022727164594523744,360.3515625,2414.889848761786,0.08437887932941364,0.11428825699748521,0.608436655144872,0.19289620848422914,0.1213917429473995,0.03545887185384964,0.11642408642878466,0.010611835063664104,0.009011986430541165,0.005310417676324211,0.029648157876920874,0.005727507271354355,0.006629652032747777,0.008423121992838786,0.04670308196009342,0.013789358892356088,192:86016
1.5775381001503774e-11,0.1311202258356972,0.1311202258356972,1.328791081905365,-0.02495373143783823,4.845240754824721,5.4586818834005975,1.324421902659746,7.229597846082843,8.737786389198282,0.01719251362320424,360.3515625,2337.6950540792814,0.09697618957241785,0.1306786600344868,0.5844367489929821,0.1879084013419484,0.06913302322011033,0.06146666287782905,0.034938355028058435,0.018568994591753582,0.02619238229958049,0.017433976228563495,0.020942728777241886,0.019720604213091058,0.009304984663629078,0.025375192082089704,0.022989679316664857,0.029921510137573167,192:90112
-2.283284672444097e-11,0.1496538557321201,0.1496538557321201,1.8143856525421143,0.1417542597968283,6.211055181409051,7.511224035522465,1.3496668375237342,10.137649990023608,12.337513700910371,0.02239627653549021,360.3515625,2292.6473750459145,0.11059891780149367,0.1275696138797904,0.6177163442396677,0.14411512403439797,0.15003009403358694,0.0293317211817511,0.0767365734626892,0.030436115701006346,0.011720767748325353,0.012282481763014589,0.013693412791783178,0.01864730688222785,0.005575096243435122,0.05670111705772309,0.014175744827718306,0.009617640868112247,192:94208
1.615951816802408e-11,0.13009285143907434,0.13009285143907434,1.0862002968788147,0.0379396992697118,3.885644706293709,4.289432200621702,1.3003817457908065,5.5778993335386255,6.714065224287743,0.016924149995549066,360.3515625,2289.07224269034,0.11052622990040627,0.1506592280787983,0.5370459019344505,0.20176864002725806,0.10350626880728386,0.11893706779397241,0.07729499343495677,0.01777155886884809,0.015017469792200928,0.01156105500894301,0.03559956658601273,0.011639465052281608,0.007815838870340966,0.020209849534368825,0.066874022508959,0.01054821143039836,192:98304
7.353051501013397e-11,0.18859043326013053,0.18859043326013053,4.200411081314087,0.45865482831942406,21.292500532363622,12.166024988327914,1.511116050161209,18.38427562662213,23.319786419460993,0.035566351517243744,360.3515625,2482.504228320337,0.06302841004743469,0.08208547544030398,0.7203403090363627,0.1345458054477822,0.13147677493424795,0.031600796506797986,0.07722824931626765,0.050036011563777516,0.02784035580674125,0.017993398526333835,0.03317398171882082,0.01829765285097206,0.004063452544647576,0.06456455829727287,0.022990957128638835,0.02453830771764337,192:102400
4.589439939195472e-11,0.16953209753848383,0.16953209753848383,2.825322389602661,-0.2352272947678134,14.387242154971542,9.590118561043797,1.4466951615240211,13.873978120785605,17.22683583183636,0.028741132095797997,360.3515625,2428.8907728685554,0.07618848718747406,0.09916279804088496,0.6535900233926015,0.17105869134424623,0.11998341514659999,0.07190271858197705,0.10386588710953866,0.04483066989721864,0.020696056196470934,0.005018416435473931,0.05337104437397522,0.004835296429774791,0.0023047196355143462,0.035048050206675334,0.03610670637965228,0.017445628480361283,192:106496
-4.942712905631197e-11,0.12719432020026253,0.12719432020026253,1.0993159413337708,0.008858626303256536,3.9948856052584936,4.658105274270672,1.2917268405866058,6.0169996091007665,7.181300222300566,0.016178395091206912,360.3515625,2290.413002044782,0.11145740705711919,0.14056702107809557,0.5850134156108806,0.16296215619209398,0.14496946664004193,0.033630040553420885,0.03698189477180731,0.032420597817737144,0.02260649543513439,0.013389427668394523,0.015193076554959481,0.014346581908953049,0.01209208294066143,0.02822916824030255,0.04296985362385709,0.026245348346170146,192:110592
-2.6900259797457693e-11,0.16583773278406633,0.16583773278406633,2.2021790742874146,0.1756916634379253,8.702433170828764,7.105051299043009,1.424865414163362,10.123741861923895,12.63378389374296,0.027502153614959383,360.3515625,2437.9740122964586,0.07391355386584561,0.10860093709820805,0.6488450595361842,0.1686404494634015,0.1068765869917729,0.07116493243679307,0.14185275256273452,0.021128861493152757,0.0236897513498014,0.00534847842819212,0.0538061626656992,0.005762563791142321,0.006869618959930262,0.020777556554978097,0.056379132831547524,0.015079597116512987,192:114688
-2.4321766822765767e-11,0.1565834030098115,0.1565834030098115,1.369383454322815,0.04585588465726203,3.3003896649207642,4.475485625649096,1.2623391053447628,5.6495805207013055,6.704352123726538,0.02451836209813304,2903.3203125,2743.3070731845214,0.016677602951739173,0.0661359118435121,0.6982659515375389,0.21892053362642416,0.08088085744924964,0.03745211786100294,0.057526990868482085,0.03853325505054899,0.01565155885636449,0.02956616768255611,0.021994082690997962,0.010888832669720482,0.013872111089572604,0.02054611439736201,0.027992503271924624,0.015509539616703092,204:0
-1.0235767788913108e-10,0.15061426222443883,0.15061426222443883,0.9972363412380219,0.014477780752960938,2.8143815706662543,3.354467616424545,1.2389247847862437,4.155933069778796,4.867109212990441,0.02268465598541202,2903.3203125,2729.734100541352,0.017282202195552564,0.06951078963237695,0.7176122557705202,0.19559475235746773,0.061331521931251035,0.049637864144182475,0.0786581834202008,0.06219985813212593,0.014365420734416505,0.030663614451373375,0.023015185904679766,0.017649428024280926,0.013274457219145027,0.009772507767539546,0.007597718745218754,0.014808179867734608,204:4096
-4.344746784568088e-12,0.144063444593733,0.144063444593733,1.012835532426834,-0.007746738533401277,2.946352153857405,3.6271633214032573,1.2473424702620013,4.52431485739427,5.310250518496337,0.020754276068211574,2900.390625,2724.589218163199,0.019483472172891238,0.07809563862172986,0.6682216584886704,0.23419923066852563,0.062104824585290055,0.08605653309467214,0.05668633118313674,0.03754757711709104,0.009085065103699117,0.021198076837125577,0.038773404410027905,0.020207404655141183,0.010546375842708037,0.025743058135890794,0.02258698567590326,0.00931442755841367,204:8192
-1.8672174917355733e-11,0.15353257001222076,0.15353257001222076,0.998998373746872,-0.036114329627428526,2.8692195421866877,3.5517670794441405,1.2509874442259001,4.443216021228455,5.245401895794411,0.023572250054557466,2903.3203125,2742.346578457,0.016217476141586622,0.07348167142567853,0.6856915111930869,0.22460934119722525,0.03491696082630039,0.04198010642489308,0.04714821889018036,0.059222254273383526,0.027572390927872625,0.033581560908309736,0.04153857870117879,0.024786229723134257,0.02346905733778005,0.029924379429016917,0.018600236122126867,0.03189495947767743,204:12288
-1.0466294497746276e-11,0.15154518687973742,0.15154518687973742,1.1303147077560425,0.033873271376807644,3.0804210104155016,4.012143790303453,1.253579824158103,5.0295425071788165,5.919795381892937,0.022965943666414544,2903.3203125,2737.353072764038,0.015589825715155782,0.07531804800532262,0.6788428620459419,0.23024926419003688,0.03513894125256065,0.06449943212186088,0.04901008558444131,0.0579609979012249,0.009376302136050672,0.04705231565644796,0.03612344649359021,0.01255320269670692,0.009163809185705618,0.012181076508925038,0.032474960762908005,0.011031794811300446,204:16384
3.454303509897727e-11,0.15025106305082436,0.15025106305082436,1.072892665863037,0.0018574514199389493,2.938259574719026,3.5928576723325256,1.2488976221597345,4.487111403764314,5.278802149689769,0.022575381947902793,2903.3203125,2734.747866540246,0.016398704945652744,0.07381965702287917,0.6822988996828998,0.2274827383042724,0.0559883881797939,0.054283990968876025,0.07408078503345941,0.03882554379152037,0.016951173400966735,0.02338093793301803,0.04744824679214272,0.015412348036117664,0.01538446094980014,0.028712550152893927,0.017174574178902148,0.035433258948466474,204:20480
3.722711028331105e-11,0.1496191851063528,0.14961918510635278,1.0344080924987793,0.01229079648466679,2.952624846090786,3.47195281750017,1.25730664479362,4.365309347882071,5.175731427036132,0.022385900551889056,2903.3203125,2722.0849368596255,0.016489416525388018,0.07809823261326489,0.6959232457293383,0.20948910508733798,0.04254163318921143,0.05385867763137994,0.04806728903834002,0.050600704527322786,0.015145767681622579,0.024302799031298606,0.053007704658553624,0.013535162907264794,0.004163686077766194,0.04130917155981208,0.025562965031499,0.023914786382843684,204:24576
-2.2490675988251496e-11,0.15255077802330852,0.15255077802330852,1.1159000396728516,0.01709375758287309,2.991687567507593,3.7170083518833317,1.2526542870578252,4.656126447046919,5.492890616797356,0.023271739875516746,2903.3203125,2734.672057882896,0.01609704688758108,0.07040764437258792,0.6924070168855284,0.2210882918113322,0.036607061281813395,0.04850155111128868,0.05057185971008631,0.04253055619503585,0.020606658568061476,0.031844301806527156,0.021168967558501187,0.02704040191168856,0.014622152098754925,0.02045221036037799,0.040076052631577284,0.03500142886342234,204:28672
-2.0270451983606108e-11,0.1516912290301377,0.15169122903013768,1.060539960861206,-0.006533157305556597,2.832822480284571,3.5063160994082736,1.241070707784703,4.351586203238212,5.107182625410398,0.023010228964673692,2903.3203125,2737.963265563067,0.01570167004693241,0.06913481882096324,0.6975728558628759,0.2175906552257695,0.03406692961747886,0.046611949213896164,0.037781192517851406,0.042448879382756065,0.02704925281513202,0.0297246679176629,0.022364074749059458,0.013953818506381846,0.007663302511090589,0.03435059137329577,0.015277639901431399,0.028854263685761945,204:32768
-1.9250823157790364e-11,0.149106797090312,0.149106797090312,1.1599397659301758,0.030102670228086735,3.1447112772074064,3.984465616012699,1.2614034834973804,5.026018807947661,5.962276164992589,0.02223283693853148,2950.1953125,2733.8285059149503,0.016728054406478246,0.07167324125127511,0.7118149737227614,0.19978373057450682,0.0623548832370829,0.0292254703371048,0.04205020373814185,0.03247984817067468,0.01930083619071996,0.025844166929236398,0.013946704653367921,0.01507698090571886,0.02141490129902205,0.03393435658013501,0.042412418755738486,0.019535250372803296,204:36864
-1.5340972936428443e-10,0.14987486891768215,0.14987486891768215,1.0597097277641296,0.01199748825192105,2.9145753275980524,3.7316855265347018,1.2447686479538198,4.645085147484432,5.452017002374208,0.02246247633309241,2909.1796875,2727.290052548763,0.01765457753431671,0.07206272289819625,0.7112800134558119,0.19900268606715638,0.048103464885516735,0.042890087313240774,0.06532135659014958,0.06581369458127631,0.030266775080691973,0.021100509858704392,0.01898229579941793,0.009019501773069875,0.020985036176583743,0.020419460562747887,0.016529509095376517,0.03217080089154463,204:40960
8.101075366084842e-12,0.1483637252494607,0.1483637252494607,0.9898869097232819,-0.011858615872135995,2.955232729312728,3.411675603762496,1.2474914498641465,4.2560361454325,4.997073142938824,0.022011794969897466,2900.390625,2724.977425974599,0.017701225405704575,0.07440371096096669,0.6941780732456473,0.21371699034225125,0.040791842389343615,0.04706746539492966,0.08265340306198111,0.09093486440844825,0.023791653630376094,0.014143700147633618,0.01956599610682705,0.013712552752755902,0.019206270234853814,0.04013895483090208,0.03246599056308644,0.02247322003448178,204:45056
-1.4492851363456793e-11,0.1504457720779198,0.1504457720779198,1.3052806854248047,0.0033578759325536642,3.195443662745105,4.477192128020927,1.2662301938029008,5.669155855994442,6.73898678078193,0.022633930336121395,2909.1796875,2740.1680785954923,0.015774737124718958,0.07446711193412356,0.661621930231749,0.24813622066522695,0.03480104649919181,0.0709805725117238,0.08003315927173046,0.05906390246172312,0.011700676492613945,0.01872557078824419,0.03630932503597159,0.013899494330356546,0.019238339011401397,0.038107870631721046,0.020594504953807585,0.02030713895342611,204:49152
2.2069457372708712e-11,0.14831390788058502,0.14831390788058502,1.0665876865386963,0.02158999870887058,2.8997297466486476,3.8134803258857617,1.2437837018897568,4.7431446768459296,5.575318636714287,0.021997015270810657,2903.3203125,2733.8913788814666,0.017025927062274508,0.07353712204871528,0.6670816889881146,0.24235526185543502,0.02060058757476788,0.02494735513270275,0.049747828655934086,0.03768987547547946,0.02108085423045753,0.02739067369848463,0.019480490827000152,0.00964071773788034,0.03399827475516977,0.025097109702654042,0.01049896291062419,0.017175889517185416,204:53248
1.0834000363502128e-11,0.15576144657399982,0.1557614465739998,1.1057032942771912,0.02377511408992926,2.9617957660572607,3.7080525584346193,1.2565005179537543,4.659169960302755,5.518673866028905,0.024261628238825,2909.1796875,2753.5957206859794,0.014721292458962313,0.06446985893168672,0.7105271463738104,0.21028170219432318,0.04165890797130319,0.059454400072860764,0.05700433192091792,0.03441591379854773,0.026798118596991154,0.0480414800573677,0.027166642323284466,0.020900720245491538,0.0163240768073601,0.04767810871577578,0.039457185836874756,0.02910520948187821,204:57344
-6.815614739252851e-11,0.15256883155335854,0.15256883155335854,1.1125924587249756,0.0297106170453261,2.946529806551959,3.693681673749957,1.2542668384189246,4.632862435090646,5.479876706008147,0.023277248361557094,2903.3203125,2741.9678993832376,0.015861646701561594,0.07044165093090224,0.6957045030606244,0.21799219926395141,0.0877513351083625,0.07334417833835077,0.04926423476857655,0.034661356823630717,0.011971512315443324,0.025643150962996644,0.020466584478481126,0.017115546586438737,0.028027121015410723,0.027606407127160847,0.020364735779818604,0.018889672931542752,204:61440
1.7191581491715624e-11,0.15731975456610156,0.15731975456610153,1.13578599691391,-0.021476945026530653,3.049592062598264,3.6366323578833026,1.259203020104236,4.579258448084552,5.4197322338562355,0.024749505176738427,2903.3203125,2756.2957218065726,0.014611105248070543,0.06689647237765427,0.6988468816941363,0.21964554063973415,0.03305625652743439,0.10036684651942367,0.04982477362972353,0.09345446231605511,0.03231545723495489,0.014719717932329448,0.014274118239227638,0.013547037518232496,0.014334647084455145,0.028163034446751233,0.02037686975362399,0.03756625703498868,204:65536
2.9550584201842867e-11,0.15158281878914612,0.15158281878914612,1.1595385074615479,0.04602210174943877,3.107639981456616,4.0113533880442125,1.2544309870646115,5.031965990062472,5.932404830856735,0.02297735095206311,2900.390625,2735.2356046141485,0.01503151885423673,0.07285382814025235,0.6964332052514368,0.21568144771055292,0.03626339954907515,0.03384268569621865,0.05803485596278207,0.037447634929038194,0.011333186158526527,0.030055351836752425,0.019174740809608747,0.012226356051934862,0.017584622837332812,0.026340631269844903,0.025329520928415863,0.022549296250505432,204:69632
8.888889624358853e-12,0.1505294199369032,0.1505294199369032,0.9971530437469482,0.01432436767856994,2.8771145969405802,3.39804130494077,1.2447559719610612,4.22973220732348,4.974347517918698,0.022659106266540555,2950.1953125,2745.9710570445773,0.016831512345889033,0.073623733063422,0.6584942316780517,0.25105052286850493,0.06275875941897249,0.05430893530634421,0.0650118747772996,0.0630532068410621,0.007621287637541823,0.04646757029699208,0.02369465906296917,0.019895797666564363,0.022394911717707584,0.021529632624892894,0.034861245239132206,0.010063347645954736,204:73728
1.2350120925930241e-11,0.15423432762080064,0.15423432762080064,1.2429460287094116,-0.03540647917577644,3.16687358000134,4.080601970762486,1.2636564772503949,5.156479111468174,6.120248269677683,0.023788227816640462,2900.390625,2740.869106276797,0.015036875276158962,0.07085994559088561,0.7084805254273641,0.20562265366355398,0.05663807528276732,0.03530213075081396,0.05581105835796994,0.02381741075456175,0.03091154919772592,0.03783062185640057,0.025381913119561866,0.016087608983069903,0.018268908233384264,0.04093496681009297,0.023310984399178607,0.03855696250670418,204:77824
-7.667377843745271e-11,0.14951185767331673,0.14951185767331673,1.077890694141388,0.001823205164459504,3.1004553615736694,3.6832218841539652,1.2632072343255865,4.652672529720725,5.5096994942654325,0.022353795584926124,2900.390625,2725.6561789752236,0.016278425675738152,0.07613880073974275,0.6893144834143289,0.2182682901254551,0.05947385289368301,0.06562717264855686,0.07526558895653662,0.03812673508420585,0.010472582896605298,0.0230663550458948,0.040253914237925466,0.01428496696247142,0.010167451968779214,0.047232635820255935,0.02242361560326475,0.016380782295760173,204:81920
-7.170286586699604e-11,0.15147330834005066,0.15147330834005066,1.1159247159957886,-0.0021616230133981906,3.083784153955859,3.8981959598950784,1.256385888909311,4.897638396247796,5.780010957866796,0.02294416313948006,2926.7578125,2756.2095682805507,0.015612698442780251,0.06916509116825896,0.6922688640581433,0.22295334628723343,0.031824545056090635,0.052866639431625125,0.07391183541619857,0.06996249207752842,0.020179321818134515,0.016648952766447137,0.04662234059860664,0.009423430189671709,0.011109113221897214,0.02736989249666304,0.011922928483364102,0.02793598864362263,204:86016
3.885869404030018e-11,0.14842359665893493,0.14842359665893493,1.0721409916877747,0.03073722775304747,2.841236226693619,3.7070548228852442,1.2455127373241588,4.6171839998936335,5.433536300015783,0.022029564045174196,2900.390625,2730.275127405269,0.0170965164565963,0.07711441635753996,0.6850296765025564,0.22075939063791383,0.027444433305994317,0.026911191842747616,0.06506622572584463,0.02584502107003595,0.017145982422486876,0.029329811947843194,0.04079469274140778,0.02435080911615387,0.02892636069166368,0.010738558674184278,0.04250378634087936,0.015222912206818604,204:90112
-7.810685431763886e-11,0.1497155394438871,0.1497155394438871,1.062934160232544,0.01633173604446605,3.10883920642079,3.695609623182811,1.2641180831309164,4.671686952889227,5.55448604575406,0.022414742750974118,2900.390625,2733.9062554564566,0.01620380197187146,0.07298552003071933,0.6996407714746977,0.21116990647809808,0.06384266229740011,0.06162262769580963,0.060392344500816715,0.030238489844715916,0.0284367742449676,0.024913154594002115,0.03404007922855994,0.012301709705258802,0.017697297706775066,0.01887582511070675,0.024022396441811686,0.04060802362575997,204:94208
-5.309241934980946e-11,0.14902285083098335,0.14902285083098335,1.0656001567840576,0.0024423154647305904,2.864870735679096,3.6164180391279506,1.2419744290485435,4.49149872937693,5.266013738791733,0.022207810069793513,2903.3203125,2728.1528204708607,0.016596347525665002,0.07580159455152362,0.668562318769221,0.23903973910856124,0.05435913785959559,0.028722263036450486,0.025353269446714954,0.02631400698073132,0.017366870397001095,0.036274593922849145,0.03459079740039891,0.024750158374976645,0.028183021027506933,0.04618928696250268,0.020392182866342545,0.021010492607478292,204:98304
2.2012613953847904e-11,0.15137345920536646,0.15137345920536643,1.0154924988746643,0.008994296463500667,2.889954865314964,3.3819726337438865,1.2437511424665195,4.206332327037251,4.93650889424705,0.022913924151798742,2900.390625,2749.068861803542,0.01587996695281397,0.07124102662865975,0.6772237942301519,0.23565521214473262,0.033055214116265885,0.05222197788632319,0.052565068416641776,0.06532274054066763,0.015472293230295706,0.035045659865155725,0.018234015133538298,0.03443914337465706,0.018371877663377927,0.01717898192685404,0.009723021891036831,0.013496009118474666,204:102400
-9.832135106080386e-12,0.15186161835578693,0.15186161835578693,1.0596615076065063,0.04443631981103593,3.0163035936267963,3.546293740123725,1.256779901615471,4.456910697841605,5.280266053592291,0.02306195112963868,2900.390625,2722.6068676525497,0.015447043593711483,0.07618616303997987,0.6967673327611652,0.21159946056178203,0.031241211672186277,0.055387136056786884,0.08561116725661473,0.052972200653659325,0.033894532288904045,0.03018542337782571,0.012419166465335706,0.02186063236818604,0.012185369286167595,0.05249505559866931,0.05094472872127533,0.03302241499744681,204:106496
8.546585661406425e-11,0.15091141946367323,0.15091141946367323,1.0728642642498016,0.0018637602603651803,2.8606527906195796,3.8755822803794904,1.2512653186905318,4.849381697202555,5.732736294976191,0.02277425652454073,2900.390625,2732.59761049877,0.015794778871344582,0.07500303735834991,0.6869695647173301,0.2222326190090663,0.03318567351224059,0.044717673150404515,0.03780515120533609,0.05083073240561919,0.03303768823209571,0.04200708491272148,0.04197314374628313,0.025499272468900987,0.011050551207531272,0.01926427962712865,0.012746742380617878,0.02535334774204848,204:110592
7.667422252666256e-12,0.14418728788391094,0.14418728788391094,1.0084767937660217,0.01409984323591402,2.9896379837698057,3.5928936963824167,1.2532957097089428,4.502958255147617,5.322560933168085,0.020789973987317814,2900.390625,2731.704380006236,0.016456000873452864,0.0780656537043068,0.6736875362366705,0.23179080913746966,0.040920389678255634,0.03493665117474142,0.05543227354607837,0.056203653599144775,0.02694939159342866,0.03130017291707979,0.00916682985862903,0.02136368883148939,0.014445554350917772,0.028571663165343302,0.02077607080817132,0.034378566804873875,204:114688
1.1624834428403119e-10,0.5849125926756562,0.5849125926756562,4.9865241050720215,0.012244611795787218,4.015346579886693,4.730705252062538,1.325135104867337,6.268823600299071,7.669672319672402,0.3421227410705582,2882.8125,2560.140831051445,0.020948908426727784,0.0355587600407695,0.8576184363073104,0.08587389522226944,0.017801934279173183,0.10497585509658351,0.11014879452979275,0.0305651949883904,0.007811506812019446,0.03148819158503186,0.23199000954417878,0.03239359234745699,0.00101582986118988,0.044352388041702794,0.0037152481352977634,0.044089851603260295,213:0
2.3008794869383564e-10,0.5689222511494085,0.5689222511494085,4.502410650253296,-0.0023191062824030576,3.9123547593098276,4.127242612651601,1.3207798349888455,5.451178816906495,6.631720908908145,0.3236725278529107,2882.8125,2547.5131974635037,0.022936419468147597,0.04090953305975206,0.8493336412484701,0.08682040622054082,0.023126099004036966,0.05330634503003183,0.06893171106554388,0.016908665902542985,0.014888261378538692,0.04091493560525665,0.2523507937510256,0.04110650029880142,0.001341915029181473,0.05105456624568887,0.0031334899138773654,0.040842809372356396,213:4096
1.4022627503607055e-10,0.5768401442625025,0.5768401442625025,4.720288276672363,-0.00860917318534003,4.180719895727317,4.342654209299124,1.3337725896727077,5.792113150800019,7.093183514635081,0.33274455203278475,2458.0078125,2546.871882635954,0.02199292650273716,0.0388702590511349,0.8585480788082414,0.08058873563488153,0.01295822086016791,0.04728993340396096,0.073860001357561,0.032800262614193006,0.009833841973076015,0.030069081773219396,0.2358754244166377,0.03095017325558619,0.0008541973149802263,0.06552713157039085,0.002227574318007397,0.02886483087024986,213:8192
-4.638254225142191e-10,0.5906532587707324,0.5906532587707324,4.647435426712036,0.011053162068064193,4.350658498378831,4.141348437368776,1.3394625228124901,5.547181025772935,6.799387660656096,0.34887127209648566,2458.0078125,2560.308580049681,0.02002477122384131,0.03359208037242598,0.8686990043733167,0.0776841440275499,0.022499893199018416,0.06149925534288898,0.08343718601120835,0.040836850382688084,0.012265573917265817,0.029839689937324585,0.23480070929903457,0.030389848228048612,0.0006259943714064265,0.06525248260534627,0.003254109458880624,0.04327933599812347,213:12288
2.6337332315051754e-10,0.5747641079627857,0.5747641079627857,4.5883190631866455,-0.01026321817316218,4.140023501154391,4.196182215690427,1.327216136427964,5.569240748066071,6.779093509008751,0.33035377980225683,2458.0078125,2558.6332652841834,0.021084865819182116,0.036272526240000144,0.8652509891060066,0.07739161883178405,0.026123573373928885,0.06975976676113405,0.08045545305027624,0.019725223225751105,0.008459972279553269,0.0310717808372009,0.2371824604236713,0.03120471015731429,0.0016887495200227662,0.053670069804524524,0.006198795144722985,0.03956613772926135,213:16384
-3.1938895972416503e-12,0.5682892701358592,0.5682892701358592,4.54509711265564,-0.03828871411006004,3.9594284664785833,4.2081908680940385,1.3285908389923038,5.590963836090648,6.849107216444953,0.3229526945515475,2458.0078125,2556.284655806048,0.021183925170176365,0.03564954103991257,0.8610608130187227,0.08210572076809187,0.009117301193545143,0.0656701123193153,0.0742786447286284,0.01404039757732937,0.009759932821557696,0.0285346047533728,0.23552494198309554,0.02881530450491936,0.0019143388371500986,0.06120762029835953,0.009913666923989685,0.037591077387951324,213:20480
3.75877107217093e-11,0.5744514540160834,0.5744514540160833,4.883573293685913,-0.04324730870831117,4.042584003573349,4.302367231732613,1.3280425159753675,5.713726603090102,6.993000859766941,0.3299944730211924,2458.0078125,2566.3490915687025,0.02038271325380761,0.03278237918614577,0.8618205785871509,0.08501432896986545,0.016827340751883437,0.06482962872154716,0.0788544840826823,0.029163063254262194,0.009375360922716012,0.023249973565906114,0.234040778016127,0.02546225757810741,0.0009543275942258331,0.04477447838678632,0.009870537849471556,0.03709132645397688,213:24576
2.0933654809596192e-10,0.5760887892098829,0.5760887892098829,4.390267372131348,-0.02803248481872591,3.8450819297502496,4.013423441690217,1.325294168663372,5.318966683658158,6.525766071619961,0.3318782930533089,2458.0078125,2570.837953646489,0.01997453874064642,0.033004578047064165,0.8639752347787644,0.083045648430512,0.010499184479749346,0.06417375236239463,0.08982239576116503,0.023532395867186407,0.00995384962742607,0.02546006870606351,0.2563143627220623,0.02593109957858454,0.0015336780398805855,0.05074023010577692,0.0033122346701232584,0.03421313809192234,213:28672
-1.9602808265517524e-10,0.5879266244208262,0.5879266244208262,5.461697101593018,-0.04947543576853739,4.459714697606092,4.824980965130118,1.3369482286400192,6.4507497545634935,7.895192807975211,0.34565771570286713,2458.0078125,2564.8127843131174,0.0189103532748603,0.030600219012564434,0.8744054963544381,0.07608393135524427,0.0195750980482598,0.07403518583575519,0.0938649876981246,0.018261086392520966,0.016338513546965073,0.027447745005118956,0.24607666352245483,0.02856422980315287,0.0006289690162512651,0.047409335053179624,0.00908325977451213,0.030977595974217387,213:32768
-1.3531664677657318e-10,0.5919906453379212,0.5919906453379212,5.87950325012207,-0.05242567872763116,4.6993490897091865,5.294677672966607,1.3455381569937834,7.124190837971655,8.770512179777684,0.3504529241676085,2458.0078125,2568.2995536633243,0.01873044660600801,0.03166330099553763,0.8688876777217749,0.08071857467382601,0.02839590794441736,0.08263118345034834,0.08275964725185952,0.020310725494205657,0.009450655985583884,0.026597995380791238,0.22898852242090176,0.029358176799427486,0.00046194263501664275,0.06711603080280451,0.013018244571547497,0.021329584492458704,213:36864
-2.2796808885061637e-10,0.5993928985128517,0.5993928985128517,5.0623273849487305,-0.0504509238583709,4.2811932727278235,4.427034401728463,1.340258211605905,5.933369209988306,7.301470109054282,0.35927184678763785,2458.0078125,2561.978590248528,0.017972888704923713,0.032335601958418364,0.8739522250475981,0.07573928428627658,0.02740573999617802,0.07890952110152986,0.06780170175022233,0.023576827269418694,0.004479339235023377,0.021136105252718515,0.20917750864312226,0.021766747514423493,0.0010826930297315302,0.06657161659933826,0.01766833456629442,0.013563228896087185,213:40960
1.489359746642549e-10,0.5914482394190053,0.5914482394190052,5.100223541259766,-0.054967259822091746,4.427926396888062,4.334486050908603,1.3471563146296275,5.839230254165434,7.203118247864584,0.34981101991184094,2619.140625,2566.2485354739256,0.019431972623347952,0.035769140203439,0.8637796469059488,0.08101924026440559,0.017166029515379662,0.06643086018751586,0.07571043619761682,0.02342662131572964,0.0114146190384748,0.025527004671837526,0.224319022344375,0.026725545243416193,0.0016272327417117152,0.0732400122400583,0.003904988321535818,0.03566672496785037,213:45056
-3.04876124346265e-10,0.5822657089451305,0.5822657089451304,4.921428203582764,-0.04216437932113287,4.220151584315864,4.267870606198247,1.338500257038438,5.712545903412959,7.0366575819359864,0.33903335581337535,2458.0078125,2555.058450379956,0.02079442179831753,0.036696921686115706,0.8604071417872381,0.08210151472537913,0.016923603530207,0.06748951167885427,0.08231496269273239,0.031682452338151854,0.009829182934910861,0.031089458414818957,0.23318259727199367,0.031158527459011338,0.0012889559425077633,0.06019519465876103,0.0033218927263448145,0.03661027077927562,213:49152
7.697664727857045e-11,0.5994028253913896,0.5994028253913896,4.6521453857421875,-0.04735569212669673,3.8535951056464754,3.9095606012898956,1.3168039002522225,5.1481246480595475,6.25996872119711,0.3592837470871805,2882.8125,2568.835981746844,0.01952161510057045,0.03332565949476666,0.8629665113370109,0.08418621406486868,0.0112339350039484,0.06698143386930928,0.08487540036668831,0.03948035113229389,0.013508182417254235,0.02988594387699662,0.22185530635080805,0.029953474689030753,0.0014656258053392832,0.06999352555674317,0.004617963745327971,0.03894661937373809,213:53248
2.496935991302962e-11,0.3284477782502107,0.32844777825021065,2.4905842542648315,0.025761186851403665,3.2808906993180376,3.8443911216693913,1.2728620599633977,4.893379602447997,5.828483346377788,0.10787794303749959,2581.0546875,2644.614495405682,0.010463866835005253,0.04911811960505469,0.8537277164793109,0.08669029707135924,0.0488070008514617,0.12271677321541827,0.03831784402142584,0.02930451194289713,0.10339502372132213,0.017522861519279172,0.01429693835230347,0.01773109813950569,0.00620244410213089,0.05018668713285525,0.01344203052822671,0.10784169542421883,226:0
5.728528762460883e-12,0.34858867819428824,0.34858867819428824,2.3886102437973022,0.027189633149892704,3.0150227723664824,3.6092714775055477,1.25234391731502,4.520049180805634,5.318960695427123,0.12151406656524102,2581.0546875,2653.76608395132,0.008826533755207512,0.051191474508191136,0.8569024904185669,0.08307950130980488,0.022889283274263667,0.10192894708589625,0.07880212614065416,0.04235164724221691,0.0522038948292819,0.017042812248759764,0.05923965789268302,0.017557842156153483,0.00698269603674059,0.022304808276804953,0.01105352736687454,0.054089685102367405,226:4096
-1.0985701237586909e-10,0.3448635191500525,0.3448635191500525,2.3096601963043213,0.036999062429591736,2.887732283719446,3.4285767609992615,1.2441477117418573,4.265655931740908,5.00618192990472,0.11893084684055862,2581.0546875,2647.141904649671,0.00907896146700879,0.052430526274836804,0.850872632705302,0.08761787954444397,0.061766090303940216,0.06443923417034002,0.03317104863449836,0.045235070771989565,0.07884701852505631,0.020363306597610625,0.05561689155656163,0.020994028055180407,0.0067110999348911895,0.037726237664375384,0.011651341877131512,0.07389674129840534,226:8192
3.4674263460487964e-11,0.346396281274872,0.346396281274872,2.397595167160034,0.015095791059763393,3.0329097415967925,3.6030695969265962,1.2520458583181862,4.5112083660771445,5.310560924993601,0.1199903836810602,2581.0546875,2654.0059765472347,0.009631729262876022,0.04799060151679442,0.8612201496123723,0.08115751959962336,0.03162736317644508,0.06643317282070825,0.07118420263145116,0.07988244060466781,0.04154155482312684,0.007267992771587336,0.05266804726806598,0.00847496206909846,0.006570226688224325,0.041931260862356066,0.010810343089050118,0.04059663306233127,226:12288
7.408740287928595e-11,0.3382707483966713,0.33827074839667126,2.6473344564437866,0.03078331867015974,3.15856827580509,3.9433078478921755,1.2544949836116335,4.946859914031744,5.812151355830431,0.11442709922084407,2581.0546875,2641.0285167104294,0.009773878059641791,0.05241886885055065,0.8499045765389462,0.08790267654212217,0.06174635057645098,0.058725706248879996,0.04038312729603361,0.05766512124719568,0.045696687235431896,0.017739167322674283,0.06348932496063407,0.02819110081778733,0.007263881266168103,0.019828013631301235,0.04520971532284206,0.05006121833496442,226:16384
-1.0233947023152723e-10,0.33885072939464406,0.33885072939464406,2.361171007156372,-0.0036553697299984097,2.944756009055678,3.589435521395376,1.2432637965100293,4.462615233671141,5.233659144639267,0.1148198168112823,2581.0546875,2653.8157111264013,0.008291788124443441,0.053997344888108305,0.8527420395496738,0.08496882742906517,0.04949931806233097,0.05687614124292247,0.049001685125947235,0.05749067811491475,0.04986797506236963,0.027197230870705354,0.07101907030644665,0.028002786199756206,0.006142085566986819,0.06408372469699107,0.018995740613297757,0.042874703277867195,226:20480
-5.900524513435812e-11,0.3300034023731672,0.3300034023731672,2.342312455177307,0.013013494545898318,2.9359873560326144,3.731537767430912,1.2468140318514034,4.652533648830418,5.463995902911244,0.10890224557786649,2794.921875,2640.613087424869,0.010735884142180272,0.058817452093723716,0.8381030671329841,0.09234359662192944,0.09245122953357386,0.10970035365873218,0.04952128318740863,0.06813919592049976,0.0570837012414499,0.026363227398594646,0.02274828644721879,0.030489199773975142,0.004615769904079278,0.022143023691571787,0.029210422155759273,0.05758365098195713,226:24576
-1.929636728181805e-10,0.4349292113821479,0.4349292113821479,4.125116467475891,-0.0018388273572041175,4.1086427499832965,4.918915907705814,1.3180402654644168,6.483329228804619,7.874984129528128,0.1891634189134971,2581.0546875,2696.2928194460774,0.007856071026595466,0.03103249827063353,0.8922397995996854,0.06887163109779913,0.07346223770931042,0.03964254811556379,0.05422600510615123,0.03922301719868729,0.03709645583782063,0.006747600223428104,0.0511706848916429,0.007421520201892283,0.0035600364390569023,0.05271002310713716,0.05520337424727377,0.03565107130307064,226:28672
9.565681580170349e-11,0.3530484460022764,0.3530484460022764,2.6393924951553345,-0.02568657608015562,3.0916399544475097,4.083022072416945,1.257414951181216,5.1340529998745215,6.050547079101035,0.12464320522462227,2581.0546875,2662.01210151515,0.010129440826744478,0.04193929597606186,0.8702971725939673,0.07763409059520328,0.09457543619922121,0.10179950496641593,0.025931735654705405,0.05831806535656347,0.07348863661663439,0.027084712385915425,0.06969702185148695,0.028924302189716748,0.007149432629160644,0.01211513709733618,0.01757075838839388,0.08063997105686907,226:32768
-3.05107050735387e-11,0.35487498485804797,0.3548749848580479,2.2989253997802734,-0.01809559278431437,2.8279639514334898,3.398971326406924,1.2518618954815066,4.255042687375053,5.04090070909346,0.12593625487799978,2581.0546875,2653.845652108494,0.009005491243856191,0.04283833539137645,0.8690928670493602,0.07906330630746662,0.04459384585820014,0.052874449702596193,0.036699675551160396,0.053721352666849964,0.07058212682142691,0.020819551974687284,0.05044455197360023,0.02749374722317512,0.00900335570197974,0.051677158820395905,0.04227281688667053,0.08661982780740059,226:36864
1.0847989173612405e-10,0.3308415288274212,0.3308415288274212,2.0141162872314453,-0.021815103940910584,2.8313642382101794,3.091285743219049,1.2424924847576795,3.840899304199835,4.507416460176947,0.10945611719686535,2794.921875,2633.262548661184,0.01162844122483503,0.0552013092645284,0.8440909462579052,0.0890793032435954,0.09170561283054741,0.08831805624833816,0.03664215074081267,0.01830783841930824,0.09624919662094387,0.030579527735091316,0.044698352636559184,0.030662879978677934,0.015712319122714286,0.03584290586556673,0.04728680155036344,0.0999744688198085,226:40960
-8.220091274324659e-12,0.34752022808393296,0.34752022808393296,2.498578667640686,-0.024409111580579915,2.961691836721818,3.632508633307168,1.2462890192789173,4.527155622139617,5.321984950313778,0.12077030892750874,2794.921875,2647.6610505091835,0.012214944924301006,0.04641044234864216,0.8583378173134932,0.08303679540528348,0.045883809242633265,0.05628240442692383,0.09088623818599224,0.03398323195774894,0.060365621148573405,0.015880907858974905,0.05289651939688928,0.017111072438488528,0.008178784710589972,0.014444886854588475,0.020941563276811404,0.0625055439566379,226:45056
-8.776446236424817e-11,0.3450769970191376,0.3450769970191376,2.390098810195923,-0.0010096103691732438,2.9112311596765634,3.5949150901543616,1.2498872059215695,4.493238377571344,5.293195532988112,0.11907813387174589,2581.0546875,2650.790133636559,0.010064609453568232,0.04637908352087049,0.8642848349821401,0.07927147203502313,0.08404432514620899,0.09969272992303185,0.08387645042255054,0.03980748071919134,0.05219701942135868,0.025597109331280378,0.05781307522162118,0.026353744305756727,0.010238969082257233,0.04702042184042073,0.004334124283106568,0.041980775258911744,226:49152
9.675993339897104e-11,0.3602442780558386,0.3602442780558386,2.252566933631897,-0.004821829713464174,2.796785891611148,3.246838427829658,1.2523680659664815,4.066236762377967,4.815660083293901,0.12977593987197236,2581.0546875,2648.3295888863954,0.007464412651668134,0.05210288747060242,0.8666273256848569,0.07380537418516706,0.056388397659817326,0.0838081706834498,0.09057918453330203,0.03679677025080045,0.05149583951773392,0.026102649887117482,0.0872237239709594,0.02856682137406019,0.009631135892783138,0.029078462018642785,0.02402253415746604,0.05324076720915953,226:53248
4.936033803915052e-10,0.6673168380086382,0.6673168380086381,10.628896713256836,-0.14175153656213388,18.174658041125333,7.994486655544253,1.9449106126695692,15.548561939236567,23.397997200001022,0.44531176228984704,2794.921875,2744.1438862388504,0.009159629123808946,0.06385372923064286,0.6762822983034981,0.25070434333980446,0.040984003247356154,0.19182883876518955,0.16501138388825315,0.17762003918044866,0.05396122023643538,0.01401386850503943,0.043487045247413675,0.01404560877529858,0.0008902835947166415,0.044117513829480814,0.052839130746180345,0.05303915643024506,238:0
-1.8541879143185724e-10,0.6915468337344388,0.6915468337344387,11.947865962982178,-0.048735637280564445,22.726358813787606,9.029092040855714,1.972868722396685,17.813213279070848,26.26040707747479,0.4782370232481275,2794.921875,2740.0715998234655,0.011240755152762367,0.0643495309158386,0.6722212812428922,0.25218843268641583,0.0444047987394908,0.20196771637109845,0.16244578882120156,0.1658912657743007,0.047611413008618146,0.01177685660530819,0.04457146146654028,0.012209050327547984,0.001902178426887811,0.042554307800394826,0.052627277317611756,0.04570541044958234,238:4096
9.598011274647433e-11,0.6508072020999053,0.6508072020999053,10.290461540222168,-0.45078663251701123,17.73075578056605,8.021725594708903,1.9475600669749473,15.622792436509924,23.52364708936519,0.423550014305107,2794.921875,2779.176224633216,0.011642747284839626,0.06792815986370894,0.5928906443650809,0.3275384484840095,0.04147095646505059,0.19485447803825157,0.1536841254696131,0.1689320105247848,0.0439355950071945,0.015228413961807949,0.047013237827180865,0.015266929102081429,0.00367517083941718,0.03497712337779731,0.06060258478847186,0.042795544334190014,238:8192
-1.2039613750403078e-10,0.6429757039244091,0.6429757039244091,11.129287719726562,-0.3808534515562173,18.066920620308416,9.44449498991652,1.9171241196389077,18.10626914300594,27.119162439861764,0.41341775583708934,2794.921875,2762.046254699924,0.010361477260726367,0.06862387107184517,0.6197703104377356,0.30124434122727417,0.05026785302236123,0.1879269946419281,0.16341088086715785,0.17176287739540771,0.05677312010536521,0.014696711180838025,0.03070585781584568,0.014733952092691188,0.0013141032289973424,0.04789411484840472,0.056676398772897096,0.054957867082893117,238:12288
2.830553569310723e-10,0.6607650680177,0.6607650680177,11.759515762329102,-0.11928429929721379,21.80335239025104,9.165933342130641,1.962002503295711,17.98358416232915,26.575684817090952,0.4366104751124358,2794.921875,2718.673748837953,0.012256181873287858,0.06996336651040036,0.678462422031676,0.23931802958234535,0.0597645093293447,0.19808480080416604,0.1560727751496302,0.1625706440126142,0.0531483676847813,0.014509316163310585,0.0430912205705668,0.014606614533913362,0.0018704338941809868,0.0587257401967634,0.05604281565857406,0.052405726299093715,238:16384
-5.953282311566e-11,0.6546621021828172,0.6546621021828172,11.48521375656128,-0.19746445807451612,21.374517309146803,9.155450896505005,1.9780202803904952,18.1096675494339,27.18116862570152,0.42858246803442523,2794.921875,2772.637896818966,0.009818362643765434,0.06356854548809826,0.6325848986087723,0.2940281932570307,0.06023048510879548,0.17855443796809334,0.15398110798360795,0.1664033777202588,0.050110166876989666,0.012781488534959634,0.03888760690446881,0.012855715616506355,0.0017291618356921434,0.05890888485085303,0.052548292982014265,0.046627194296011365,238:20480
3.0456615007778964e-10,0.6427728116331115,0.6427728116331115,9.506680011749268,-0.34668784962597415,18.536512537739547,7.639136437028201,1.8932442416080533,14.462751070284401,21.351781290091413,0.41315688737473544,2794.921875,2768.4819098686535,0.011799024089939802,0.06815410921364946,0.6087068628925424,0.3113400038014481,0.05390619057804256,0.18854833986811184,0.15973620127232277,0.16556900271226935,0.05107109758002302,0.011224454444513615,0.033785601328861645,0.011325658904290405,0.0010759339818812998,0.05409727990704291,0.053331678900001685,0.04927166800437042,238:24576
2.3996626907774044e-10,0.6458896893203862,0.6458896893203862,10.155240535736084,-0.3718437828289723,18.169067078919184,7.8704384705919965,1.9067220825299125,15.006738831093944,22.204148684467018,0.4171734907703849,2794.921875,2716.081047273401,0.013453413954793828,0.07327020483951344,0.6638090450407648,0.24946733616253108,0.023762721654270597,0.18192351167941428,0.16464706046873415,0.17218938060788794,0.056333604494367195,0.016606313766229227,0.04013381915983214,0.017258715137170016,0.0014469639052992315,0.0439230228383149,0.06921215398939141,0.05499746601518324,238:28672
-1.1329692739536767e-10,0.7488770445004309,0.7488770445004309,13.350878238677979,0.07231263809811248,24.141836319696335,9.163745687989133,2.0436374970817024,18.72737430172036,28.578797388716954,0.5608168277797004,2794.921875,2801.238167228334,0.007056374708124657,0.04983669089850454,0.6663232129862825,0.27678372140530516,0.03207389691419895,0.18012206481974105,0.1698572611607813,0.15896459647041397,0.05193000405907718,0.011049331266265545,0.04496475806380223,0.01129136737109274,0.00206847735310747,0.05996081580804822,0.054835082137385166,0.050268465812104784,238:32768
2.69633204652564e-10,0.690675639899432,0.690675639899432,10.936241149902344,-0.20625915340811124,19.053322344163618,8.253444818503178,1.919645859254263,15.843691170446117,23.37751757842144,0.4770328395504898,2765.625,2745.556671426061,0.010726771752082056,0.0651330771094491,0.6704426304295118,0.2536975207068609,0.040271955096405895,0.17087336761308833,0.1648405893487598,0.1730541216612411,0.05711612882002837,0.012763088234107222,0.03731951943516897,0.013004554713180154,0.0014940810359941573,0.06564131023844594,0.05226322943177384,0.05829534400106899,238:36864
-1.2472511912164919e-10,0.6822942360174594,0.6822942360174594,12.735026359558105,-0.1943879949282028,23.111538159812458,9.640365289317016,1.9965972503808385,19.24792682934544,28.814233810729412,0.46552542450264867,2794.921875,2779.553951564462,0.010942333327348026,0.06300500649819221,0.6273333677498641,0.2987192924224475,0.042557592781709404,0.18412844514496657,0.15178447558694577,0.1533906238044373,0.04470761998847737,0.011070297348331056,0.045263299686307656,0.01125123856789612,0.003101473798287071,0.06009659616084106,0.052477435930086976,0.04415695392679601,238:40960
-2.909565921527246e-10,0.6755198925607239,0.6755198925607239,12.268989086151123,-0.1824211234163743,24.040270520896666,9.425833012198135,1.9688675425733337,18.558216679460617,27.50753918225841,0.456327125245252,2783.203125,2765.335888697353,0.009386835568225681,0.0634848954994861,0.6492341479876146,0.2778941209424821,0.039486159603702435,0.18375596382545298,0.15491543181177378,0.15633172421742245,0.050307580335230175,0.011175087631695793,0.03645976713238085,0.011345160060483079,0.0019194632979507807,0.07370452838771024,0.05927255034824141,0.048791343687084265,238:45056
1.9633894510207028e-10,0.6576021965053026,0.6576021965053026,10.902145862579346,-0.2838930638277377,18.650771405271794,8.505507266845441,1.942611256770145,16.522894161139348,24.74497580496906,0.43244064884859873,2794.921875,2707.779955276577,0.012871522074310415,0.07231532012817149,0.6868897534012381,0.22792340439396738,0.03290474792787286,0.17299947283487496,0.16663551443231672,0.1723185547916383,0.04981661992369492,0.013826366540654072,0.04816578468316736,0.013939851707653368,0.0009292639763198877,0.06206212453651472,0.06505015173033317,0.048151939734606956,238:49152
3.5648284324452106e-10,0.6484949364124788,0.6484949364124788,11.575689315795898,-0.17013958876725893,20.779631738000575,9.84125461252721,1.9392312490817374,19.084468474811978,28.2963342170414,0.4205456825526249,2794.921875,2761.9372820968747,0.00986826540036519,0.06504633373913371,0.647401226379386,0.2776841744787372,0.0393997459075154,0.19510277734978707,0.15982367861398505,0.16938269146943674,0.04950858789311224,0.014512337888491255,0.05112248912791033,0.01468026597453664,0.0018011940447969922,0.04448491862239532,0.04768805243022372,0.04655740061937833,238:53248
1.8779244825850583e-10,0.6404337207338138,0.6404337207338138,10.906964778900146,-0.29862350596570253,18.56927016551809,8.77490605102092,1.9128248614391241,16.784858451211633,24.803243287129508,0.4101553506529566,2794.921875,2736.502503852932,0.011241563913631326,0.07016254431429339,0.6569595433555597,0.2616363484140775,0.03387277086683408,0.18468326990683762,0.17294947382444745,0.18524025024687896,0.05529290331727899,0.013376067226931021,0.042326753332974615,0.01390442881362909,0.00161153988373704,0.0513195200780848,0.05866680067629745,0.05371681351722423,238:57344
3.3001157362377853e-10,0.5809236012264865,0.5809236012264865,4.410394906997681,0.028332095395592154,3.378810472485817,3.8219600896035897,1.2762407029055147,4.877741031240905,5.841974314037903,0.33747223046194985,2586.9140625,2570.7798087916112,0.011350419698009396,0.017817348202809734,0.9279338508229603,0.04289838127325754,0.022726129579505407,0.02536314711442254,0.06433467097439684,0.02386659980563554,0.022090635347033944,0.07769674976193247,0.15544139013126496,0.07869969254499208,0.0009936566556740525,0.07721478470612542,0.009075269835605124,0.02351374639537042,214:0
1.858122544717844e-10,0.5770922469949089,0.5770922469949089,4.933734893798828,0.046382227931358835,3.809317960606033,4.421285100366319,1.2895651021028218,5.701534971889457,6.811138208311058,0.33303546154163294,2586.9140625,2569.317704430964,0.012355160695975476,0.01954451897212563,0.9195340024293039,0.048566317899592364,0.02073062611452929,0.04096491900402379,0.061098026310512726,0.0414827057471594,0.019142894475967176,0.08233063182658218,0.1450037291215004,0.0814239049399969,0.0014512870677501199,0.1012156005338005,0.0210675950512938,0.018725614885222428,214:4096
-1.582272091127379e-10,0.5831962722670274,0.5831962722670274,4.764616012573242,0.016563687811813863,3.9271432125705554,4.14610310727587,1.3064092848916684,5.416507595472681,6.554019443248978,0.34011789198615666,2586.9140625,2582.024214023014,0.010132390752031312,0.0174303662661513,0.9249706529821659,0.04746658999671144,0.026372681910848583,0.040605867384379095,0.08188395128531661,0.02906440647421984,0.021751232908532335,0.05681083926311828,0.13986201932771747,0.05696363920615613,0.001575527291754031,0.08906450574909923,0.019182511422271942,0.026303408113405896,214:8192
1.9433388231959725e-10,0.609699509264629,0.609699509264629,5.02571177482605,0.017482382212717733,3.786145241250278,4.368013719597813,1.2992986970531168,5.675354534592885,6.868529796630702,0.3717334915975294,2586.9140625,2588.350012756776,0.010188804767946251,0.015286994446488128,0.9238764234982696,0.0506477772846061,0.034109417997391034,0.04867973578890901,0.08480119584437902,0.026029808338128402,0.02114754505893581,0.07696813613423541,0.13880741831926188,0.07721933624132575,0.001618650329399224,0.0633190694497713,0.019516330632484546,0.014620826405979477,214:12288
-1.3728751468988776e-10,0.5646032465917716,0.5646032465917716,5.249847650527954,0.017382569109148663,3.9643071185539265,4.823605352969709,1.3093149039248884,6.315618379306297,7.670272715423139,0.3187768260619689,2586.9140625,2568.085701156635,0.012483488907503575,0.017271604994620337,0.9254717215514755,0.044773184543263636,0.03929572789162687,0.03671704077285431,0.0633463380847672,0.03748648690056193,0.015950167363663295,0.06257568604614608,0.12691769446863452,0.06256783587437253,0.0010200395114381442,0.08791674727155713,0.018065049395147872,0.016492555600722467,214:16384
5.73209035792388e-10,0.5881327220954737,0.5881327220954737,4.670605897903442,0.00923627553969462,3.7336900297041278,4.1093657662805585,1.296546648602691,5.327984412162746,6.41884517308247,0.34590009879943173,2484.375,2577.1437875974084,0.011071171622134713,0.018024922130628132,0.9210386895688173,0.049865216675529046,0.031938310184880546,0.060749554739924355,0.0679508439939713,0.027319309153643154,0.024301871549833164,0.07433597722192106,0.12883735075478664,0.07309877093322613,0.002016250497019825,0.05306126919935264,0.02281810745090177,0.013681179188707284,214:20480
1.652153969189385e-10,0.5774173205735464,0.5774173205735464,5.003108501434326,0.025908623725405325,3.7594114028038206,4.4956112320612975,1.2861837301578043,5.782182023801935,6.912002319905718,0.3334107620983338,2583.984375,2569.1870196627815,0.012248050954627894,0.017281725672714063,0.923618829312095,0.04685139405756362,0.031727727969539425,0.045328177687134874,0.05754985074744011,0.04768693889929969,0.025524515103625682,0.08210272584799805,0.13008803371056915,0.08368752482656532,0.0017869748699984337,0.03984530604555018,0.04236402146696688,0.016497853429388965,214:24576
-3.426219308266809e-10,0.5966229593216542,0.5966229593216542,5.174474477767944,0.022673227721761648,3.6680824281356386,4.33660472354329,1.290145820077937,5.594852457418989,6.720353507099981,0.3559589555897282,2484.375,2570.1349829828046,0.010087221037164328,0.016520833482750307,0.9307519556512931,0.04263998982598297,0.016690362179067157,0.04592252106397436,0.0700743576199438,0.05828265700431803,0.020472467898897187,0.07017321744601873,0.134090218196472,0.06943144100590644,0.0016000599605877765,0.058693852008347154,0.016415425340844295,0.01939788991939175,214:28672
-2.5796431657454377e-10,0.5957539308991903,0.5957539308991903,5.192500591278076,0.0041114878712757595,3.70775605593393,4.367472188704263,1.2960542109971225,5.660480721592481,6.84714527277045,0.3549227461818372,2586.9140625,2579.6551136618173,0.010093440293284647,0.01624223420337981,0.9265045513939343,0.047159774106583806,0.025411409162104756,0.060844327193042225,0.11381323626574977,0.030845042587630486,0.02490296533897299,0.07804335452092064,0.13737895474492046,0.07878179809924556,0.0012861318308194341,0.058045289235272905,0.01962623709888173,0.014330127377276044,214:32768
-1.4441070561588276e-10,0.6023480631740376,0.6023480631740376,5.306578159332275,0.021691846193647425,4.0021780513106755,4.484899247158381,1.3002823027737516,5.831635120813047,7.018540282941248,0.3628231892095143,2586.9140625,2576.7109078026556,0.011117070062327582,0.017289155973646206,0.9265301815560607,0.0450635924052094,0.025729871097337494,0.04106951566019601,0.058699534063815985,0.03396996913210944,0.025878097437836603,0.06868045742131171,0.13858964914658564,0.06864781716399887,0.0010296153886414897,0.08410740503579221,0.01785148773101142,0.017931058089493458,214:36864
1.0049916454590857e-10,0.6235595292466162,0.6235595292466162,5.487451076507568,0.017432609402259713,4.168916430366452,4.563542130337824,1.3047789326147392,5.954413629774129,7.183372508972794,0.38882648651426155,2586.9140625,2583.393974834702,0.00967023709908563,0.01575846322427536,0.9280550177761623,0.046516281897904896,0.03518753324976916,0.023327331450715024,0.04688632390704627,0.025473918657052036,0.020521003150659304,0.07263140125451974,0.14831752589154296,0.07344599372111027,0.001594614932488925,0.10766287152029659,0.0149849259600902,0.019913420759453463,214:40960
2.7685231884788664e-10,0.6239228127636132,0.6239228127636132,5.468597888946533,0.040252593534836914,3.91304634287756,4.526828170517344,1.2982257426873443,5.876844863697291,7.0655594155137456,0.38927967628685867,2583.984375,2584.4242301434756,0.009774095341862916,0.01632804455515203,0.9284522912632501,0.04544556883716617,0.024714460679746492,0.03578893319241206,0.03805085425516169,0.015379909408112052,0.02541093598590511,0.07767187908248004,0.14698059752612505,0.07750430784860453,0.0017200634635930112,0.1056169835535246,0.02492670587134806,0.014929786508924868,214:45056
3.5493386008056405e-10,0.6286109314539534,0.6286109314539534,5.509336948394775,0.03775900473662708,3.9749935658258524,4.461694754420143,1.3041101208392243,5.8185412853438425,7.032784519389202,0.39515170314340686,2586.9140625,2587.6148933108375,0.00927585760086128,0.01558535822569279,0.9269572076945974,0.048181576476317996,0.027022143482062725,0.045601228452226,0.04866635928795435,0.021747800729957606,0.023701818013381993,0.07759891650475137,0.1274734355292689,0.07724257593104569,0.0024210362705583523,0.12444331511545484,0.023309373327261546,0.01605970325277839,214:49152
-2.6200908109785814e-10,0.6377350083775357,0.6377350083775357,5.0006444454193115,0.024215391311647013,3.497731061050535,3.942091808535221,1.2892434186747281,5.082315919973559,6.132950809187965,0.40670594091029544,2586.9140625,2581.076953299082,0.009289728527239942,0.015062796507319594,0.9303707755137024,0.04527669944927956,0.01732067050807846,0.04015858022015192,0.05744022678459425,0.02054257617900594,0.02001769186960108,0.08510791594401738,0.14589947086390598,0.08572039358979175,0.0016931650118486464,0.07860515173486686,0.029474889601123606,0.014941167218492205,214:53248
-1.4723067209843066e-10,0.6190081582124528,0.6190081582124528,5.165672540664673,0.053093777528865176,4.075358446955002,4.211718078312751,1.3227688381208569,5.571129428951366,6.8092427208969655,0.38317109993357296,2586.9140625,2576.6745084030954,0.010020312821963546,0.016019829433660957,0.9306599961755779,0.0432998615661879,0.03753813975957201,0.025056172420743046,0.048887603444799,0.049365642338894844,0.019098316450065336,0.07610815708298524,0.11166111533610905,0.07636543661384865,0.0016640647364539831,0.12092627225630627,0.023194752525106242,0.016836506408004867,214:57344
-4.9904969046110637e-11,0.6418461918514232,0.6418461918514231,5.269806623458862,0.03871847325470882,3.7691039714073504,4.171065760601275,1.3013254512102768,5.427914032950647,6.593523656208918,0.411966533994174,2425.78125,2576.099106543388,0.009198200242169066,0.015895125733762762,0.9310581224862323,0.04384855153540832,0.042150567423606525,0.03444906072140677,0.07511974413651552,0.018338490543504376,0.018407354866632437,0.07777428719993823,0.14815521246760144,0.07710842498008472,0.0012042885088868263,0.05987643954303895,0.012412111930898537,0.017857382670831607,214:61440
-3.417781613279658e-10,0.6231009911569247,0.6231009911569247,5.516921281814575,0.057816026672203376,4.006496408362222,4.989299343477039,1.3088980726859847,6.530484294741025,7.923347625790257,0.388254845180742,2586.9140625,2582.2630876345484,0.00972154975023201,0.016676555947622487,0.9260119279077387,0.04758996639183121,0.02281657509666646,0.05673356454637854,0.07494963988892617,0.03656442868219615,0.014931913954940222,0.08525181748594511,0.11206904582439321,0.08524832028275356,0.0006611617661794835,0.09701985759013582,0.02542190164225196,0.013132617053734532,214:65536
1.219646605932212e-10,0.6181925501834421,0.618192550183442,5.593927383422852,0.049515332703724116,4.094328830365811,4.553810400070673,1.3154296361960236,5.990217157880323,7.314234046023492,0.3821620291023075,2586.9140625,2574.9744136835548,0.009187693166106197,0.01634751567876009,0.9321692624911273,0.042295528661389734,0.024194353434879808,0.06257851672826831,0.0853304561573499,0.048645913188282756,0.02099465138971018,0.0709679176392169,0.13036304103125726,0.07094073117015307,0.0014253798976618783,0.07797668320676628,0.023456374330241576,0.015641008615343444,214:69632
-6.4499516838623094e-12,0.6367989848399107,0.6367989848399107,5.702179431915283,0.045757567104869785,3.892075229579911,4.669388889714096,1.3051528926756057,6.094266416447257,7.393165840163716,0.4055129470931409,2586.9140625,2584.594269182388,0.00878874302017064,0.014220606993264011,0.9351368464123819,0.04185380357171734,0.03465389058894961,0.05033909602695433,0.05979381486301528,0.043355604727146356,0.016708902034258576,0.08519809831022143,0.14399686076097076,0.08499661067364711,0.001381658280231155,0.08356509465171086,0.018732915815057965,0.014261290300784815,214:73728
-9.395861866323685e-11,0.591544248420203,0.591544248420203,5.326130628585815,0.06544161937346583,4.164540606888834,4.504002700955689,1.323338762382625,5.960321360060777,7.302921132410557,0.3499245978390229,2586.9140625,2568.8899568736165,0.011598971814540159,0.018517702449770974,0.9260389734364088,0.04384435229642224,0.03178609285995948,0.04025656086946993,0.06550073463306803,0.03627490255178694,0.013630831777007453,0.07314127877772579,0.13104248233847293,0.07322673698354132,0.001179629115016422,0.12792046657381892,0.021068151932734265,0.012908313066592582,214:77824
1.2603251775544777e-10,0.6097563948351915,0.6097563948351915,5.737215518951416,0.047689909091792264,4.2245705310666954,4.706831926158088,1.317649097901594,6.201952841486798,7.54572892689166,0.37180286104240995,2583.984375,2581.042090474556,0.00984570315981743,0.016985425889266836,0.9246047539799179,0.04856411696830836,0.05137475504881684,0.05294875507454257,0.08010920536879448,0.022295380454439597,0.017285340192553594,0.06578391281921848,0.13196635171297236,0.06557337433527823,0.0015843319942791393,0.1164467155931585,0.018169677720830325,0.01892979536528995,214:81920
-3.0971136766311247e-10,0.6238283455477363,0.6238283455477363,6.330464839935303,0.051149851027829825,4.407881808424665,5.6658762641156555,1.310296018972843,7.423975112875368,8.957435222228643,0.38916180470882583,2583.984375,2588.996692402709,0.009185218686885757,0.014503151883292187,0.9290154602622528,0.04729616916499954,0.056959146226029544,0.07747074384885792,0.07285884031125896,0.024182185808393444,0.01795357778898379,0.08675097013508955,0.1467969991854644,0.08698352366005332,0.002098235929963779,0.10168898496230024,0.029239662178782398,0.012142114930747289,214:86016
-2.815951916090853e-10,0.6033751992389791,0.6033751992389791,5.846259355545044,0.06932661425518584,4.408974978947725,5.27633309417097,1.3236319397600533,6.98392300826926,8.525950648611122,0.3640616310566776,2586.9140625,2580.585127688621,0.0102233799901652,0.016279531718884653,0.927308487167598,0.04618860112060563,0.046159498831399984,0.07251942057742948,0.06628637693469237,0.036279473304500764,0.011914687775183045,0.07025703372609275,0.12287837013964001,0.07049404180372298,0.0015895138248686685,0.13179944707094746,0.0358492008341808,0.01917664363063515,214:90112
1.4376233536950167e-10,0.6026736094932725,0.6026736094932725,5.5815956592559814,0.03158814675355448,3.87748864853504,4.81104820466565,1.306021714295912,6.283333423828129,7.631160126221439,0.3632154795796494,2586.9140625,2578.0751334117217,0.010448596087337928,0.01639941833589574,0.9281244280851192,0.04502755748889404,0.012689788045501436,0.02105427633051056,0.06786987828246314,0.017979666751320844,0.020904697745297192,0.08143524530540706,0.14324219437979596,0.08195640696524056,0.0007553566588483344,0.12227158368959593,0.03308589924506757,0.019666159151047108,214:94208
-1.737969768100811e-10,0.6028785560932841,0.6028785560932842,5.062703847885132,0.038091125676660405,3.6621665605182088,4.252730010712631,1.2932591783826706,5.499882119546665,6.6213846486207615,0.36346255339712313,2586.9140625,2579.611794324559,0.010650021904622262,0.017789418849909387,0.9207316347253097,0.05082892451740741,0.03269975624729809,0.04102896517061653,0.0471412215587711,0.02771757013884175,0.020764490965425646,0.09066908943286572,0.131980254385725,0.09075481066298623,0.003364591479146731,0.12679234131758704,0.03753295412268573,0.013945210034911662,214:98304
-1.94340543657745e-10,0.5917789815451794,0.5917789815451794,5.0590434074401855,0.03746225414134551,3.9465510755529154,4.310632894492641,1.3061557727277358,5.630358039261146,6.8210741333186435,0.35020236299864976,2586.9140625,2568.916890450663,0.010321882737922608,0.01769070257011678,0.9283336907633375,0.04365372392576773,0.024874227161055373,0.03178159550183586,0.057612366116057766,0.02427827105479519,0.01948656515162388,0.0659165868996066,0.13746953982394058,0.06593468496973756,0.0012675678860795186,0.10979847144890828,0.023076477701452554,0.01396117971176146,214:102400
-9.012524060381111e-11,0.6313705543881796,0.6313705543881796,4.918537139892578,0.008629873802646364,3.6724527598626437,4.1000913195552755,1.2981392081926806,5.322489299093598,6.442931604277929,0.39862877694843724,2586.9140625,2589.3950182530243,0.008895711864536828,0.014069659672322725,0.928944949795483,0.04808967866514871,0.024272982232015405,0.032374867205761756,0.03708339277787159,0.04798022528120665,0.020133251254076546,0.07784575905462278,0.1453973222991251,0.07787652623186671,0.0026204670970168082,0.07623781395607811,0.031958350726597265,0.011974062551072678,214:106496
-2.126974152361072e-10,0.603376830607386,0.603376830607386,5.184332370758057,0.02713126361169863,3.8991981672360545,4.3827044038846745,1.3107237001985406,5.74451453314568,6.980023047320077,0.3640635997138141,2583.984375,2576.417501561025,0.010715930050663847,0.016332629752332243,0.9258107442056525,0.04714069598860487,0.021979341169377883,0.06049665196879026,0.07402848988738649,0.030564092565906167,0.019214327359488022,0.07491223144264744,0.12004507410356505,0.07475393814161942,0.0015695004582288884,0.1030739001012692,0.02557248459150114,0.01057270937277134,214:110592
-2.1386857562699646e-10,0.6518693042385562,0.6518693042385562,6.085691213607788,0.020106952265365515,4.190401675875758,4.80394400527135,1.3083075302334821,6.285036116926143,7.576510454183591,0.4249335898084593,2583.984375,2584.5926258148306,0.009185919611206877,0.01606561313135886,0.9296392250891062,0.04510924216597483,0.025403637221518283,0.02103801588155114,0.04562453926934576,0.023192572319957517,0.02077289539872196,0.08272247468677187,0.14889200654956183,0.08271892327809535,0.0015779783506278747,0.09554061482575035,0.017296839808625855,0.009292593545641199,214:114688
-3.33173488797911e-11,0.16911078140265473,0.16911078140265473,1.2868613600730896,0.04361727483218705,2.9899761455004583,3.901789921785682,1.2474474336435692,4.867277824576673,5.720485561195373,0.02859845638661648,2548.828125,2652.738434536577,0.01582333285962728,0.03648278120870858,0.8655987441495593,0.08209514174713801,0.06543627112520257,0.03966277584643378,0.0358039618723414,0.05467403523034468,0.07093151157237396,0.024389478972619755,0.05656864325373995,0.02724149123593049,0.010930231551883711,0.030668338914741737,0.033108243145684904,0.07606091894597072,227:0
-5.0603965462414635e-12,0.18011653739578024,0.18011653739578026,1.6114079356193542,0.01621818603118153,3.725194389290002,4.827118961997123,1.285181992986462,6.203726367996648,7.401832539037732,0.0324419670434455,2654.296875,2627.3579395582715,0.015034123839842437,0.04265118716317052,0.8697890574758519,0.07252563149031097,0.08483587853899485,0.09071796061396051,0.04741155299114135,0.04487409811849851,0.05378137801050209,0.014228986652183948,0.05280252900135207,0.016339840454327795,0.00254818331685525,0.03814747066408119,0.023477207948631396,0.05844392381331827,227:4096
-1.8327117601302234e-11,0.20583607546858884,0.20583607546858884,2.46529483795166,0.01662554937499398,5.023041329906722,6.026385405861404,1.2882431638313416,7.763449801751635,9.231826169545286,0.042368489964310606,2818.359375,2687.4207518562926,0.011141159742464747,0.021409439697211343,0.9052640933130297,0.062185307223691755,0.05256354597937572,0.08544500702154795,0.044921912241643845,0.026214177166468157,0.040855388983882045,0.02980542384453217,0.08777851699726504,0.02600759956811915,0.008307875557581612,0.06501961312301305,0.04079761643262345,0.03041881792287023,227:8192
-2.8607338720121334e-11,0.17034434189948772,0.17034434189948772,1.177243411540985,-0.023534995825929536,3.108242849360599,3.5096331567473253,1.2590786910637752,4.418904321137389,5.2234503159040235,0.02901719481716956,2557.6171875,2620.081445040104,0.017937226674413064,0.04279835882652876,0.869208712812204,0.07005570165239189,0.11262817350691313,0.10203972571567357,0.06429785994205922,0.04783291364380553,0.044489752829755556,0.015050391472244011,0.08784610117292113,0.018907172769800796,0.005115408757224052,0.03407110449912948,0.017948864422284758,0.05047522395057188,227:12288
2.6185276169599092e-11,0.2843859605148695,0.2843859605148695,3.5252925157546997,-0.024681070945871523,7.943134030309417,6.238822677523188,1.4433637714184537,9.004890629072506,11.288348220487656,0.0808753745379649,2821.2890625,2737.624708925001,0.006085264230525474,0.016107406084021725,0.9038496263525524,0.07395770332053578,0.11410263679453479,0.12384267545341376,0.11987450644398873,0.03451968140753705,0.017769204052921976,0.012353467335323078,0.047427052492441966,0.01284605374500794,0.007678176379571874,0.023195212032282475,0.0630604510268064,0.017137308660406338,227:16384
-9.890380181509784e-12,0.19334212355588762,0.1933421235558876,1.893888235092163,-0.01704274957275277,4.331543122442265,5.120094966746897,1.297733185061887,6.644517149050154,7.936376598374362,0.03738117674110011,2818.359375,2652.9303453038597,0.012923810183910485,0.02898221033735132,0.8882074408570269,0.06988653859495986,0.09905526317145787,0.03681636110340059,0.08425038112309231,0.07951179938450079,0.03272347575706134,0.033816866114112554,0.062014952139988457,0.03159449345332506,0.00475958343050066,0.023280874971661487,0.03982519455207083,0.045411508587886555,227:20480
5.383071766118519e-11,0.17916292920281507,0.17916292920281507,1.3031743168830872,-0.03128062902089211,3.2129330684344155,3.704938660764015,1.2580875380930707,4.661137158532455,5.4841717947703446,0.03209935520053292,2548.828125,2636.29921643579,0.015629917988133898,0.042989066419318385,0.8733609937762549,0.06802002178513956,0.05878254297887209,0.05550458933569172,0.031440730859411764,0.06738808235922182,0.06939620403826467,0.013412471387336557,0.08989688077058126,0.023357188179392408,0.00426182486469715,0.025917206159700282,0.012474645304640127,0.06858689027840659,227:24576
6.293965348902475e-12,0.2389410516857192,0.2389410516857192,3.3527106046676636,-0.030936714981219166,8.50384409176334,7.078135910297681,1.3886963935271364,9.829381811566442,12.01557899230416,0.057092826180677535,2818.359375,2741.7072979956984,0.007969599936055295,0.017572200475957412,0.8768732973455972,0.09758490222487469,0.311956527653145,0.16536767086271978,0.06866630861203576,0.007061812075656366,0.012692381447617892,0.008817548156936581,0.0225031078292989,0.007426083233159998,0.0018747862301410091,0.03572677060145009,0.016824883327546322,0.014431564163989134,227:28672
-1.0729050980984312e-10,0.30934040313186095,0.30934040313186095,4.918484210968018,0.019287005512065213,13.02722549547637,7.969765318959531,1.5376881011463557,12.255013299932576,15.656391083943047,0.09569148500978224,2818.359375,2696.5244743021317,0.005408739056080713,0.013611104372591722,0.94003058608825,0.04094957047262734,0.14277499355837941,0.13869838965127435,0.07966787058724319,0.02241197500194335,0.03207078667660059,0.0057644454256199976,0.044735749694205275,0.00607020583154308,0.0037461184202231676,0.06698869186262464,0.0518026954594334,0.03338329182236427,227:32768
-2.4347412974634608e-11,0.2368017089894939,0.2368017089894939,2.812083125114441,0.0009387194298040198,7.988019314019925,6.087797278601642,1.4030058452453322,8.5412151665828,10.51802924827526,0.056075049380344945,2557.6171875,2696.1929482148144,0.007998354904377253,0.019769956396485485,0.9056867128629001,0.066544975818404,0.2151770251753602,0.05787277878862865,0.057558173135181814,0.021527359326749894,0.046162910349256445,0.01003157928980629,0.05318867064533821,0.007954478417425966,0.008402789223739344,0.05445796702689957,0.06599030656121006,0.03695374834670494,227:36864
8.777689686212398e-11,0.2128367320740561,0.2128367320740561,1.8497512340545654,-0.0026322899553282595,3.8416916506658687,4.547673744388126,1.2877218419969816,5.856138810952303,6.981010958193332,0.04529947451996354,2586.9140625,2661.4538888852344,0.00982000704277671,0.029054119238656768,0.8911918749798826,0.06993399871660858,0.10460220654108418,0.03558786465268551,0.020306735392199255,0.03494399283167217,0.03163571141374368,0.008013391686752348,0.060970386008154076,0.009921481234214689,0.003662638615790416,0.054930851806201574,0.05501987376258481,0.033142347729091914,227:40960
3.7414515929867775e-11,0.1810762518604246,0.18107625186042456,1.1846901178359985,0.012967519015554188,3.015203144856889,3.376699682272309,1.2588177874087758,4.250649622805419,5.0455772473718925,0.03278860898781991,2548.828125,2647.952692581236,0.014098889838267114,0.040662646042594744,0.8752652660009109,0.06997319808772882,0.09139584384852308,0.02761600123636893,0.0577916232085106,0.04613210632057517,0.03872844681260334,0.026155566820268403,0.061209649520657085,0.03723960498180244,0.0050585973784982655,0.01650019679856857,0.033249722063091604,0.03688257453694891,227:45056
3.6174840900571326e-11,0.30460489155353754,0.3046048915535376,3.424991726875305,0.022100436317493737,6.992559365390023,5.647589114878664,1.4314758088393025,8.084387196239515,10.150740769423145,0.09278413995834238,2654.296875,2712.439438620727,0.00426982643314576,0.013498484376836055,0.9000839429860001,0.08214774619324028,0.06367811116003495,0.0600831776522832,0.08567861413580345,0.02536073055196522,0.010877039898189422,0.013809172068607238,0.05520952256699917,0.015081224186255245,0.004129554852306363,0.02455476628121282,0.16813516095388784,0.01338163763171733,227:49152
-9.543477119677846e-11,0.18521425588391943,0.18521425588391943,1.4024049043655396,0.05039876229123827,3.0984700072311657,3.972382418398362,1.252849690536714,4.976798083610741,5.867903449393283,0.03430432058263399,2654.296875,2652.591753736827,0.013241481891170368,0.036249589428970226,0.8710861768794743,0.07942275177123423,0.023438497597174885,0.06177827247044202,0.058846448433985905,0.07806900366281869,0.074189133343095,0.008287635609345036,0.06090329274256511,0.011903861707649175,0.00987760243477673,0.03732420027485813,0.01156187821282736,0.08951452374315658,227:53248
-9.483080987138237e-11,0.24296244989120858,0.24296244989120855,2.7623705863952637,0.008433881463984733,5.861584604232559,5.719375985232724,1.352448994971892,7.7351643031262105,9.395208313678975,0.05903075205713802,2847.65625,2729.490872407844,0.007481934133284161,0.02216482168264074,0.8581399932999818,0.1122132508671531,0.19680121433863684,0.07479013306610022,0.015664075820405268,0.014243466152878184,0.03094511604613664,0.011248135397660291,0.02062582849909196,0.012077847515777129,0.0028506281439175077,0.026985451042750297,0.039327289654429526,0.033030246532718126,227:57344
-1.6555645743210334e-12,0.20403190785088984,0.20403190785088982,3.104665756225586,0.03332627761610634,8.068905451152101,7.744883196902341,1.3456131116803418,10.421616378235631,12.558254660652608,0.04162901942127399,2821.2890625,2666.16456514927,0.010595692679097928,0.02857159345012179,0.8923739489476472,0.06845876489911135,0.1424501269004024,0.06628025973350303,0.052661132465118894,0.026131502116453025,0.04020444038214366,0.023925912907490573,0.034033473107400423,0.02026550952271857,0.006861034558053429,0.07459850184684394,0.0092466884890197,0.04291377967167275,227:61440
-5.554667836804583e-11,0.1796257954150803,0.1796257954150803,1.1968879699707031,0.015485001118542722,2.982221193949217,3.4317015288843997,1.2510540715833431,4.293244170193513,5.056138859507354,0.032265426378500286,2548.828125,2633.2215341892334,0.015110933679886796,0.04312776407385919,0.870819165920087,0.07094213629517404,0.053299533794194186,0.025586850324719582,0.027307467044526423,0.10450823367805041,0.06427262153914097,0.021495521002199217,0.03597717661066152,0.022107219103373217,0.006191144278354616,0.03161363511301227,0.032998764108521615,0.06452111804191969,227:65536
9.605116702005034e-11,0.18048663326180625,0.18048663326180625,1.2386078238487244,-0.002491546641257731,3.0368081966433422,3.485856203620021,1.2556890398073146,4.377151429254247,5.169874435786123,0.03257542478618174,2654.296875,2663.417234017105,0.01470788726566682,0.029503322981708054,0.888397710833204,0.0673910788887232,0.02632765865384497,0.07000764112565123,0.07498643461133309,0.029725322179422912,0.07349583059297392,0.009840787531260662,0.07103404309371561,0.020683364573345957,0.009348010292060109,0.041104614768243876,0.03665396490349421,0.06043814789980009,227:69632
1.9666934747419873e-11,0.17600878594779026,0.17600878594779026,1.1935206055641174,-0.014586199247685545,2.8287516399303434,3.415552910978255,1.242398991742972,4.243479492868266,4.987948021174227,0.03097909273081505,2548.828125,2644.142371664027,0.016619569988074873,0.04061224463519392,0.8687417066247874,0.07402647871966388,0.045368570431415144,0.036373306815701535,0.045682605804056774,0.03353610529590036,0.07071305775189951,0.02321069132182898,0.0733218060481558,0.027655057911085135,0.00900293650809364,0.03150823498937931,0.009758043993425879,0.07384519706384293,227:73728
-1.751132572280767e-11,0.1763814171058059,0.17638141710580588,1.2942041158676147,-0.02023996896047894,2.949686527003151,3.9051136915856715,1.2425913558747577,4.852460516900031,5.673822968381524,0.031110404300252276,2548.828125,2647.7509909785845,0.015574246619607575,0.03502237583091533,0.8742605293584208,0.0751428481589129,0.020628384285339224,0.065439259604428,0.04183116103172103,0.05373808513404397,0.08854986907458984,0.036189066610823384,0.08749011641863713,0.04954781045456822,0.006352101178504343,0.013168136104834104,0.04159820123066428,0.0841924154306891,227:77824
5.5282001198975195e-11,0.1744993022832503,0.1744993022832503,1.3606637120246887,-0.04359783889415876,3.0847787892997838,4.36633572917876,1.2578229454296803,5.492077267641954,6.496191048262016,0.03045000649734117,2847.65625,2648.6984630778925,0.016774651567534854,0.037915275269337946,0.8686531315903634,0.0766569415399232,0.019351946911758906,0.01382579285871652,0.06268258667342733,0.0862494386896486,0.07320499927962787,0.030671503791133342,0.05506665621327908,0.030597015042291918,0.007085101416225495,0.020056600500300562,0.03584793611823635,0.0864882477041585,227:81920
-1.8243184740640572e-12,0.17880650769991804,0.17880650769991804,1.2614352107048035,-0.05061228171218568,2.8857876042502775,3.5355335069144758,1.2464714391140408,4.4069415384242445,5.190019043645215,0.031971767195840856,2821.2890625,2636.9875036488206,0.016133445856850642,0.04317344372465997,0.861631212348818,0.07906189803839393,0.06757560926076032,0.030400875033762653,0.03894813990638477,0.055850521730574455,0.08905123606932788,0.012568409393267341,0.07161330663737123,0.013462915650403933,0.006340740731551542,0.04442256865426661,0.033618020605386933,0.06154301939996835,227:86016
-2.4787172314688632e-11,0.17908664140415295,0.17908664140415295,1.251913070678711,-0.025655777837725612,2.995211097447073,3.5125899893215213,1.2548836783439226,4.407891846338444,5.215949814513475,0.03207202512941967,2548.828125,2659.296239402542,0.013201990108315893,0.030994286320312425,0.876983694354359,0.07882002918583286,0.06811220421987974,0.08172867473086168,0.03645178266703887,0.02981904509391073,0.09966407591496061,0.02000722570598986,0.05432887955278562,0.02085618968707249,0.008783821819354304,0.04730619303927985,0.01594486085433862,0.08452895558555205,227:90112
2.7643665134746698e-11,0.17616166224039914,0.17616166224039914,1.6127676963806152,-0.02199344377730898,3.3720794080362255,4.69707676954477,1.268215772994691,5.956906846137442,7.077781337707228,0.031032931243300463,2821.2890625,2644.5694113123313,0.016767596472351327,0.039243357202598174,0.8668591359566374,0.07712991033618945,0.07871661971261705,0.03641711802652028,0.023398839349667477,0.030005468494495705,0.03760618576299245,0.024892976610996157,0.05506611301574838,0.02173795896575749,0.0036077404104664103,0.03459115772012408,0.03695043316395887,0.03362590639790686,227:94208
1.3515766283944686e-10,0.1764612037445301,0.1764612037445301,1.2804316878318787,-0.01873632011311844,3.0515717477824915,3.8184611081892585,1.2504532910163848,4.774807259380389,5.616925118971423,0.031138556426968556,2586.9140625,2649.754873933862,0.015104463197609608,0.033990032530011254,0.8710220773054397,0.07988342693482492,0.07038723755328945,0.0680495261265513,0.07121742839720921,0.03751208861737679,0.052474224474161266,0.023086060060316677,0.03586170067380258,0.01763429976471475,0.011675463948606645,0.024951028729718768,0.026762624150539743,0.05511596964353058,227:98304
1.7789325568173808e-11,0.17625020887767615,0.17625020887767615,1.2258880138397217,-0.005649352232586809,2.988168365210007,3.5104040383043777,1.253599000664182,4.400638994370845,5.187814907626505,0.031064136129424467,2548.828125,2651.6303039330382,0.014434253359527542,0.03650459116839871,0.8747044540594348,0.07435670138044755,0.025794017487361674,0.07936811718447903,0.04997746624129734,0.06687294451139462,0.06210282806420289,0.02413336800962956,0.0466815111241609,0.02789741802639006,0.011702997855803749,0.018482772632908092,0.0423498953742731,0.06220562645725349,227:102400
-9.533263067851294e-11,0.17857619370762834,0.17857619370762834,1.1145079135894775,-0.014769575586246595,2.829531823851491,3.192194489652296,1.2470626406380125,3.9808664897181973,4.6854403906015145,0.0318894569591044,2654.296875,2639.2988046109663,0.014944108792641693,0.04231779894267857,0.8613861583677603,0.08135193386556111,0.054208791443821944,0.10588943104388236,0.08994999055483877,0.03489513489878724,0.0498016847897597,0.02570700755735194,0.04304720662529057,0.024160168490067396,0.004647654551157661,0.02285226959105736,0.021812239834238908,0.06151017508835866,227:106496
-2.0518697851912293e-11,0.38831682545521407,0.38831682545521407,5.293564558029175,0.005699315122277336,9.291527518282551,7.107111367857072,1.504379677908944,10.691793910467348,13.68636171728548,0.15078995693161512,2833.0078125,2694.747124055224,0.002956191483172212,0.00789229022041807,0.9372058546804055,0.05194566360937247,0.05602048306905568,0.07183842528175856,0.018680481043390058,0.03743071086129662,0.017309294295307608,0.02097863119884889,0.028608361237830775,0.01405421498009796,0.0036234110044059808,0.04981733674713577,0.13457343776161096,0.017763888851335362,227:110592
6.994937962190306e-11,0.17745285872606636,0.17745285872606636,1.2206902503967285,0.014725686923648095,2.923871340493735,3.6665301444472007,1.2449255731599143,4.5645571416097575,5.357239049619025,0.03148951707005328,2818.359375,2646.908140725272,0.014102548238144615,0.040456038321660205,0.8661639178904972,0.0792774955179414,0.038823340207919096,0.04642456239250704,0.044842855438821105,0.03676936477871935,0.05197163384174554,0.020729847256287934,0.08684195775894317,0.01901302578226272,0.0043987963727978524,0.033910981604993826,0.020405600389332913,0.054836097456643425,227:114688
9.460876526645734e-12,0.6252717546800726,0.6252717546800725,11.035953044891357,-0.18390707777058699,20.449769393876114,9.130651353848721,1.9343824568445769,17.6621717984774,26.397990461182324,0.39096476720069673,2803.7109375,2811.530478784121,0.008585792485465383,0.062243592407960686,0.5708188240831895,0.35835179102082676,0.05827745886213339,0.1871268515213058,0.15242680385191013,0.1779453020574567,0.05100720693955561,0.012732010660350778,0.04427491823263952,0.012294290834782229,0.0015021593373641979,0.08127401473203641,0.05257765674457082,0.05075418978672601,239:0
-2.646665109296009e-10,0.6435985263724684,0.6435985263724683,11.39588737487793,-0.23543829912278919,24.34806971032075,8.929954245861557,2.0123537587739686,17.970226992366985,27.253772021081918,0.41421906314881285,2803.7109375,2831.1192712412662,0.007699739758787507,0.05792176969699025,0.561963282560759,0.37241520798104916,0.0664151288668754,0.1871582136793947,0.14842152425005573,0.15747662113339472,0.04598042551799017,0.010169840295865111,0.03558131572990012,0.009571655135789206,0.002813948789744064,0.08101031972219203,0.050597815123477205,0.0471200235062868,239:4096
1.6968648708370893e-11,0.6204283702279694,0.6204283702279693,10.081361293792725,-0.4102787903829669,17.792217768331902,8.15839601631639,1.9507391037191801,15.914902132680815,23.902208211784455,0.38493136258373417,2745.1171875,2836.0578995138476,0.0076150821203689635,0.06539648543788322,0.5181317269895479,0.40885670544960206,0.04456986885610414,0.1864685069320389,0.1597579263049507,0.1726928387677721,0.04832361017591894,0.010950371538229487,0.03695193044050567,0.010643215551783106,0.003358841454321423,0.08522659169994766,0.05712924964512403,0.04782880719177922,239:8192
1.4520966373776645e-10,0.5997282576077803,0.5997282576077803,12.953235626220703,-0.42037270916675623,24.723059681733364,11.124710088183502,1.9588140085902215,21.791237962275137,32.55437492952131,0.35967398297326403,2803.7109375,2801.4443400133805,0.008834341104196064,0.07061102782783318,0.5479545027429946,0.3726001283221957,0.03920544879737662,0.1829055553360306,0.14844587896391806,0.1665533978878852,0.05462432003091149,0.011994890968717519,0.03762682107181902,0.011600068626657332,0.003515679928539571,0.07688926761406963,0.054399328695209026,0.0545776654530349,239:12288
-7.174671967646873e-11,0.6370916971297431,0.6370916971297431,12.963404178619385,-0.22415340745761667,27.604092786440432,10.454575012940083,1.9929140421144964,20.835069347660337,31.181815653566577,0.4058858305516561,2756.8359375,2844.0147014739996,0.007558140725215879,0.05962694111620836,0.5461675877985208,0.38664733035759147,0.047149366722084966,0.1886482974171921,0.15486289927454788,0.16866530292714235,0.050061426540377194,0.010796429838227732,0.03961515749042902,0.01056657638282789,0.0012384947444215337,0.08493578679639179,0.04978903908932023,0.04769750185050637,239:16384
-3.6282088444750116e-10,0.634624561153324,0.634624561153324,9.39935302734375,-0.3360677966354244,18.181077733646486,7.48823562361991,1.9689598613952866,14.744035375601138,22.20205510838909,0.4027483336190491,2803.7109375,2793.029921629936,0.007168399041645967,0.0642220236768194,0.6046041216045016,0.3240054556745499,0.03518517782209116,0.17704938323559843,0.15122432727151763,0.16687268879391876,0.059705376253627394,0.011801739475031154,0.048229828899592715,0.011473551180854198,0.0026625983153748425,0.08406340272668272,0.04783078109468018,0.05767230934751355,239:20480
-2.603322002414643e-10,0.5874600250915712,0.5874600250915712,9.547486782073975,-0.5240636462568833,18.195367881971112,8.16242322244584,1.9307801069581556,15.759844382498535,23.52823728466109,0.3451092810805896,2803.7109375,2779.095084756572,0.00954741261947575,0.07234705393323732,0.5778929944436327,0.34021253900075665,0.03541304323602976,0.18172934986986236,0.16244069667457905,0.16074531943231807,0.05428060966954496,0.0109865181365986,0.042845069595482725,0.010709526643400176,0.002505156357427619,0.08519606110244245,0.050206513025132515,0.05265287785468868,239:24576
2.0143953172180318e-10,0.5848141511757623,0.5848141511757623,8.655013799667358,-0.5920455290942093,18.746949232905596,7.973576184691245,1.9473534111160375,15.527370782078645,23.235457202698274,0.34200759141542736,2862.3046875,2786.37992886351,0.00914389614311299,0.07231539354347408,0.5638176896153309,0.3547230206951584,0.03300871119231986,0.19020112374703488,0.1655164894553475,0.16943989910086119,0.04940897728082749,0.011890810131291119,0.042972254795578445,0.011786094991954514,0.0030735581759834298,0.0916477873386245,0.0498783467275734,0.049460626750433404,239:28672
3.121751745993606e-10,0.614311403775155,0.614311403775155,9.349576473236084,-0.4630866770192754,17.46178901275941,7.83739315475753,1.9078610841242767,14.952657400968228,22.227566130348688,0.3773785008082015,2756.8359375,2724.382587545672,0.008387556864986476,0.07097977869336126,0.6674570176600514,0.2531756467789511,0.0418191024195183,0.19477733718009702,0.15982427191450552,0.16876674251384036,0.05094020395421014,0.013427940025932965,0.03942416239608851,0.013320568843930462,0.0032604647453798024,0.08472028157275405,0.04507799369669991,0.048377988246411804,239:32768
-4.1296743802377023e-10,0.6166000581011175,0.6166000581011175,9.518297672271729,-0.29208831524060735,18.399902231930014,7.931719832808635,1.9847832057880404,15.742744317200032,23.906260607814144,0.38019563165030146,2862.3046875,2717.015729454606,0.008258232859895328,0.07361940242659458,0.6835325511159785,0.23458981359490147,0.05527743259344779,0.20576461789371964,0.16438480958842655,0.1547007731272707,0.04082394759854709,0.011316059427220465,0.039884975622482347,0.010990930652348421,0.001389606639083919,0.08505931108549493,0.05125192642903728,0.03870589939015416,239:36864
4.32578417530749e-11,0.5827652106834927,0.5827652106834926,8.59123945236206,-0.39098744309526806,17.847382662931047,7.751388531432594,1.8637679752520855,14.446789708645152,21.05452749901796,0.3396152907829756,2803.7109375,2755.7392362474934,0.008076999008723173,0.0778324986570622,0.5925934790335775,0.32149702329769286,0.032421090364882055,0.18408715312851526,0.16505176623629225,0.18223619925553733,0.052272332409182116,0.013850306872340193,0.045667065699310394,0.013640959989205538,0.003126823372493658,0.08597232813185957,0.05640086351336129,0.04909623569111592,239:40960
-8.032774445609903e-11,0.5903334431409438,0.5903334431409438,9.718084335327148,-0.25951879507775477,19.437891656524723,8.653139683549025,1.9497504100508811,16.87146264625584,25.240695702872777,0.3484935740906419,2803.7109375,2745.425599217957,0.008639447336848112,0.07383557163948577,0.6354959477482851,0.28202903327251155,0.052854818159505774,0.19292537887398753,0.15023220573118568,0.1703609503806898,0.047988646249557086,0.011569277166885357,0.054933369590185965,0.011525299709335158,0.002877771096706693,0.07971937959046463,0.054621247451119764,0.04658871825000164,239:45056
2.2370727492670994e-10,0.6037859726454183,0.6037859726454183,11.320012092590332,-0.4689272993695168,21.29775974392065,9.666092826352974,1.930535692211206,18.66073720553202,27.76749599337905,0.36455750076337395,2803.7109375,2816.2236560514884,0.008913781333483724,0.06650111788507285,0.5433654025428258,0.3812196982358744,0.04630547769648147,0.18294817454240211,0.15162753659524736,0.17885092945622036,0.05526113745748518,0.011948356710665358,0.0400294595165564,0.010577287779560641,0.002928753385695023,0.08161171465482367,0.04735889653724788,0.05259108596666692,239:49152
1.2872192201029975e-10,0.6196792095079661,0.6196792095079661,10.160616874694824,-0.3363552375439261,20.109779945410136,8.45860781063691,1.9404911042033015,16.413853210511974,24.426506039546066,0.38400232269641765,2803.7109375,2813.9971517922972,0.007254727922344464,0.06556765231316983,0.5587308344615475,0.36844678530033415,0.04036381798864964,0.18812342704200888,0.16289306376694335,0.17765291642976597,0.055169251564425426,0.012764151152559721,0.04035911349398267,0.012389116650042848,0.0026769173800878037,0.08845424035830676,0.05164140598187909,0.05324519216060967,239:53248
-2.786766373219507e-10,0.600057476328327,0.600057476328327,9.510271549224854,-0.45704143259249636,17.547225669629846,8.524087695645955,1.9352851343100237,16.496540200966095,24.766985709571173,0.36006897489752065,2756.8359375,2857.8865605000447,0.008264446539714447,0.06625844461298243,0.47911891261880724,0.4463581962257186,0.03359691476635782,0.17159532748988715,0.1543364703760488,0.18381949733371974,0.056065723976938625,0.014155837013802564,0.04003530598007819,0.013930682547284443,0.0033345735568047386,0.08614108702487973,0.0511140158889928,0.05417009377979968,239:57344
-1.7417001174635516e-10,0.6625795821487173,0.6625795821487173,12.833091735839844,-0.31183499758096794,21.21345752997419,9.799654603039562,1.9821835542507653,19.424714191512148,29.43311739289144,0.4390117026803689,2756.8359375,2879.062464075419,0.006706422254774064,0.055217084932563956,0.5069180781823577,0.4311584146280264,0.037870862506634746,0.17922658980800296,0.1522485739430906,0.16274353991899052,0.052260798706340136,0.011701426234981403,0.03316487509582373,0.011405565040485347,0.0022025797941919666,0.09166239069686329,0.054185021053534996,0.050400453042370875,239:61440
-1.7830537046847894e-10,0.6063569483977834,0.6063569483977834,9.52109670639038,-0.5424387899118841,20.172964921090546,8.23216674774655,1.989534771092025,16.378181986096322,24.63243615004056,0.3676687488702723,2803.7109375,2810.6007654748632,0.007886532208435146,0.0705023796276465,0.5418478708640937,0.37976321729710494,0.03324343998583184,0.17892162995950436,0.1573626022277246,0.1556562771522526,0.04867868777769292,0.009273199666658636,0.03534790882862173,0.008390065788583043,0.0028705950556581236,0.09408367931558306,0.05951631310153678,0.0487239414211301,239:65536
-1.9729995415218582e-11,0.6272562707030869,0.627256270703087,12.639118194580078,-0.3267332329271959,23.871749220486635,10.245749473986827,1.9731022599602828,20.215911442142517,30.29564967090131,0.39345042913634426,2756.8359375,2809.245478666986,0.007281011642424408,0.06428950224212686,0.5757055913573629,0.35272389475554433,0.03701758887201385,0.19046415925382035,0.15647848681441373,0.15092944718015147,0.04437034364252947,0.008616457561096903,0.04488021630138969,0.008224466276521446,0.003459418467308349,0.08840458370645285,0.04971560606403713,0.04494066383641603,239:69632
6.399409890889274e-10,0.597031223894502,0.597031223894502,9.016715049743652,-0.5654024647548207,18.25072169012354,8.28431521839314,1.919814938877687,15.904352114669555,23.641275201520465,0.356446282304967,2803.7109375,2785.672343611997,0.008183590656939514,0.07197561842893233,0.5788724370899291,0.34096835382139357,0.031553486160466784,0.19022709254558845,0.16552322008489723,0.17765833188487096,0.055387538371489756,0.010801769613352549,0.038710522149147324,0.010391589143452376,0.0035331868806187474,0.08840032723786898,0.056010094832778995,0.055753936652515414,239:73728
2.9101698828526423e-10,0.6097166402829932,0.6097166402829932,12.019025325775146,-0.35630765198590064,22.80193561976877,9.94344216843182,1.9577610274986248,19.46688355657416,29.145468997838908,0.37175438143798095,2756.8359375,2762.6336483112004,0.008026508717879029,0.07197950993487943,0.6121494341734379,0.3078445471711137,0.05126017556118041,0.19186552888975367,0.1519791926076814,0.16212596446337812,0.04905759237730928,0.010044970239587123,0.044272063609672105,0.00971948188281031,0.004551475119507771,0.08741071211538987,0.046138350125294686,0.047923764482367376,239:77824
-8.985034938291392e-11,0.6271196816824346,0.6271196816824346,11.350643157958984,-0.2975969836602,19.7142578610844,9.227715367091147,1.9262650049428809,17.77502518722967,26.615461674137798,0.39327909515347814,2756.8359375,2763.781511868112,0.007790411594713083,0.06381655674951246,0.6512742735821626,0.2771187580710692,0.05499975927261303,0.1749224927798832,0.1457336845874946,0.1761714461724793,0.054015707656324546,0.010262419558339522,0.04532875107763609,0.010051668508664393,0.0032210250927184997,0.07419644217358899,0.052543749994688166,0.052594073434466704,239:81920
1.7414336639376415e-10,0.6258363185985223,0.6258363185985223,10.40522813796997,-0.22367424127097058,19.38876007537913,8.364193076040648,1.9072666686600992,15.952746664195402,23.529962019964593,0.3916710976769511,3287.109375,2809.622991530891,0.007403446880708929,0.06453564658098099,0.5729335770372253,0.35512732949853165,0.04789873042487202,0.19366592613169373,0.15627025685040025,0.16330159447293238,0.05054423350446401,0.010539284879787439,0.04593108500810078,0.010193037473478902,0.002133683685697738,0.09106695783389113,0.0493701271210543,0.04896304526698698,239:86016
2.5751534238338536e-10,0.5900685067072899,0.5900685067072898,8.985599994659424,-0.40965158627153486,16.342597878878284,8.267191920011228,1.8881095774410361,15.609364242742803,23.096575165031357,0.34818084260777105,2803.7109375,2774.406801084869,0.009215412806653143,0.07184220938436577,0.5869012023682466,0.3320411754378624,0.050878446697381736,0.17376868027368902,0.14110492705439867,0.18834357128815762,0.05494193290200946,0.012942221813947805,0.04348061681996342,0.01282891553925684,0.0034630803455292913,0.08063752064766708,0.04430684632435802,0.05466152941632982,239:90112
1.684798967005463e-10,0.6218516582257637,0.6218516582257637,8.948748111724854,-0.22591744886539178,17.948673369260863,7.4856049271714395,1.9433919749180988,14.547464542895748,21.87254579695238,0.38669948483813205,2803.7109375,2747.635294647868,0.007739798019927457,0.06400326662070517,0.6772502983392293,0.251006637017552,0.04849731190426906,0.19416242581315293,0.16407669298841418,0.17707772713555459,0.05458534766006761,0.012128921185141438,0.045145359271847485,0.011986006872775491,0.0017605539866103021,0.09144903187639969,0.05846725661557241,0.05406135548097524,239:94208
-5.845990358466224e-11,0.6494236281296822,0.6494236281296822,11.626373767852783,-0.06203293845724167,22.87266363112534,9.12998109086443,2.0240544961109976,18.47957927640099,28.293034631601767,0.42175104877311986,2803.7109375,2792.169619961808,0.006963363479886563,0.06048664478369289,0.6277603827510377,0.30478960898301166,0.049358701453513724,0.1850780933136886,0.16444036108798746,0.16681208322456303,0.051662731322109294,0.011744137858597634,0.04305618010180189,0.01127274275685987,0.0018534933661633704,0.09719611042233209,0.06019800441831147,0.04997185809074847,239:98304
-2.7486812825827656e-10,0.6299504475680182,0.6299504475680181,9.844454765319824,-0.26568439261513704,19.22086876691601,8.388549357740269,1.9698400299172292,16.524100317839476,24.83621985711882,0.39683756639114637,2803.7109375,2792.204859276125,0.007919150397194853,0.06722582700864309,0.591680019883616,0.3331750027080261,0.052749347604046946,0.1861970776608271,0.1546894133478264,0.17163887878871378,0.051888807447990945,0.011514200912280944,0.04301871111362659,0.010823801297914363,0.0022464476163099514,0.09628237720944952,0.05313869599920381,0.049740214058998825,239:102400
2.1644908088092052e-10,0.6044314253041594,0.6044314253041594,11.234299182891846,-0.40316430621547017,19.59044544582567,9.364367678549671,1.9141640212068296,17.924935691661556,26.74978798914321,0.36533734789521755,2756.8359375,2804.884362655676,0.00847205019927739,0.06978007276537865,0.5503978101725352,0.3713500668600716,0.05675242496513981,0.19132886494085172,0.14958600859655807,0.17395934289190162,0.05403244990028534,0.013433126395838485,0.031522858894718245,0.012941926434512228,0.002067585579090634,0.08753596923672752,0.04966221024654615,0.0526553955288853,239:106496
-1.6466827901240322e-11,0.6714555827299413,0.6714555827299413,11.123659610748291,-0.11954493645773964,22.021252203319516,8.393693748267564,2.0469924039216005,17.18182734357352,26.263189019298313,0.4508525995792051,2803.7109375,2790.990469254508,0.0070067954837233735,0.05846512663839613,0.6391108362234443,0.29541724165221817,0.05349898553115946,0.19623709455213237,0.1596178048886018,0.1452878749431272,0.046507794720332965,0.01015287605870059,0.04000366540497647,0.00979738249666257,0.001783144049083106,0.09533769739500826,0.05322825471404459,0.045151938089605916,239:110592
-1.415689787620522e-10,0.6395967978381254,0.6395967978381253,14.477457046508789,-0.2921704554285983,27.612592323269595,11.48394312649785,1.9883508559815042,22.834108145650614,34.441364190097275,0.40908406380478374,2803.7109375,2834.0074975723974,0.007413679812823204,0.061600951854164344,0.5384413467579162,0.3925440215726518,0.055559377148573896,0.1862170154333113,0.1349432742484295,0.157942749293797,0.04908994402180894,0.011270626230224986,0.03985826894236833,0.010629421737455602,0.004795304096444063,0.08520578044433386,0.04078017964431695,0.049348318562126445,239:114688
5.900697708227653e-10,0.7660454727311828,0.7660454727311828,6.540348529815674,0.06038663132721365,3.9242103007042766,4.322795123586465,1.341219516125522,5.797817183973973,7.279741248471111,0.5868256662919412,2551.7578125,2582.646919121126,0.004629507304710787,0.01040378413283367,0.9572520873863802,0.027714621174371182,0.022660777894561217,0.14624470806604165,0.16478522108003632,0.030870276990289616,0.016841438872853328,0.07251739578132567,0.07523612349842303,0.07516237244164597,0.0011078963339739626,0.1071000628855106,0.018580920775524784,0.008392745153024404,215:0
-8.306244581035571e-11,0.7475139767429153,0.7475139767429153,6.27565336227417,0.05638904899298574,3.6146057213499097,4.6390514457405745,1.3092175120233964,6.07352739194914,7.433456931037682,0.5587771454260076,2554.6875,2579.9961028308094,0.00484816959093088,0.010759788814602546,0.9551655933353252,0.029226448257351715,0.037382669630475006,0.11020641499282123,0.1048330542626346,0.032195299616536416,0.01715023383541189,0.08182009110874224,0.08079760549952872,0.08222908941435912,0.0023731940269139094,0.09964917027499888,0.015740933755813192,0.00875598720616992,215:4096
-7.997158490979928e-11,0.7362475380622449,0.7362475380622449,5.775575160980225,0.05540832171543326,3.431857750523743,3.972502360481896,1.3052153723156248,5.184971147468119,6.359096860874607,0.5420604373027168,2551.7578125,2581.709464114426,0.004898533938465264,0.010879108300100658,0.9561734856338342,0.028048872125755145,0.018162409659577595,0.09982864890780353,0.13733731828751075,0.03135032711787627,0.018181670727828034,0.09330830916041076,0.07761137092341013,0.09459992570637028,0.0033235857590189813,0.07415434158482129,0.00809089398896351,0.007671846002149657,215:8192
-2.9050983840761546e-11,0.7329224293770467,0.7329224293770467,6.222019672393799,0.046945294535922596,3.657787906708978,4.317552212708278,1.3150582657871555,5.677832725297391,6.99080729812327,0.5371752874839519,2551.7578125,2579.186538397766,0.005067797131020909,0.011575462193531802,0.9554128234799252,0.02794391719366076,0.011089435469950401,0.10085537172114155,0.14460059032384048,0.02769554455529912,0.01776213022422715,0.08869176516264142,0.08423715514038385,0.0905437907243352,0.0028572108794448973,0.09132070831959851,0.010704424226559288,0.005112496549422891,215:12288
2.3494095557907713e-10,0.7468204919619128,0.7468204919619127,6.064899921417236,0.04495376336011575,3.569916442399876,4.239376888591461,1.3187748918819033,5.5907837979063295,6.945146660881008,0.5577408472142332,2551.7578125,2582.9692413793778,0.004777357793637104,0.010595532412977301,0.9540874140099439,0.030539695781649008,0.029886467336504238,0.10600030974030236,0.15054310422632572,0.01755340665733026,0.013608710493017755,0.08052327786846743,0.08077393877279573,0.08238397502918691,0.0017023588734475527,0.08355414640977289,0.012904039101675091,0.004725993082677597,215:16384
-9.237766107617063e-11,0.7561858085030893,0.7561858085030893,6.029111385345459,0.03257986051944616,3.3503724475790846,4.120064500728675,1.3001967311814935,5.356894396111419,6.574114643063129,0.5718169769814708,2554.6875,2582.06395372332,0.004746114572406056,0.010473245515403462,0.9567975248833845,0.027983115027057005,0.030974176013116254,0.10544377404549521,0.14022769740414354,0.01727989409175907,0.017203884347716882,0.10158164858095294,0.08193886305993665,0.10105052317830455,0.002450769567906859,0.07534219686953651,0.008815618390423786,0.004697913952132669,215:20480
-1.4511924995019854e-10,0.7709138195804419,0.7709138195804419,5.856680154800415,0.03859904926833463,3.520877767761345,3.819949520303121,1.3063153010989648,4.990058507804091,6.113209137299206,0.5943081172201062,2551.7578125,2585.340299534206,0.004675780542211134,0.010239284990770457,0.9561929911060497,0.028891943359286007,0.024747505414130462,0.10023067165156846,0.13648915259421077,0.02268285442489885,0.016977007809311866,0.09446447084660027,0.08645042472785719,0.09383385423907817,0.0025902608657407296,0.07948774601703412,0.009606935371691543,0.00698222118395223,215:24576
7.702372073481456e-11,0.7734608628552991,0.773460862855299,5.662086486816406,0.0343318473505692,3.5485407483144984,3.6811807891234736,1.3095834212538104,4.820813332080353,5.929788150243155,0.5982417063688638,2551.7578125,2592.0191712214255,0.004590057035875898,0.009673653756320124,0.956633599203272,0.02910269000286044,0.04686036717446461,0.0995213585220163,0.15362877168272956,0.024353036446783057,0.020988119614345303,0.09875150751741245,0.08422956147140223,0.09551957590507384,0.0020601900673741314,0.07250530406152791,0.00496316227255683,0.008636257291286368,215:28672
-6.757971959814313e-11,0.7476023894005407,0.7476023894005407,6.317471504211426,0.03898748589943798,3.8442991175874197,4.345329593516253,1.3132185437728756,5.706367401018227,6.989361599855598,0.5589093326373975,2554.6875,2586.7779373913672,0.004865134071848031,0.010584461249911078,0.9561134927444731,0.028436911931978646,0.027239440787690403,0.09097916622745206,0.12966330676616117,0.026074956976230548,0.018013338052879448,0.09426117994992672,0.08044425934248269,0.09497755491106727,0.0019539718352229937,0.08303883399910116,0.005821529261270183,0.00869761568780493,215:32768
-1.7650414463332709e-10,0.7769218399244898,0.7769218399244898,6.738803148269653,0.03749167068563444,3.6282348779558036,4.584016261357792,1.31407060293137,6.023721012417392,7.439832187742575,0.6036075453516545,2554.6875,2594.0544073425185,0.0044825920543109035,0.009196156109084907,0.9550884918977891,0.03123275993715853,0.03864569057045768,0.12063033286544489,0.16026656455778437,0.02852165673251058,0.01680818620246802,0.11109832917295184,0.08451667872392075,0.1103427469789913,0.0036358537518058685,0.06177999823609671,0.011537831165176062,0.0031575474128145353,215:36864
-1.0163603292312473e-10,0.7827770473639066,0.7827770473639066,6.419001340866089,0.03553334154195195,3.4955352972937286,4.108298874804439,1.309123028850455,5.378268666413775,6.6294747001659555,0.6127399058797558,2551.7578125,2588.7748899254007,0.004504761911242847,0.009859960409073115,0.958444897453686,0.02719038022436608,0.02126033589434484,0.12238241509232752,0.17685278265011453,0.030469962256973345,0.02488161981043219,0.09853004969945883,0.08591595004343874,0.09626036509382248,0.0026446657104881198,0.07192866367968745,0.007196158520332131,0.014133368139151014,215:40960
6.157980791954287e-10,0.7561871029403765,0.7561871029403765,6.421156644821167,0.039405039520854106,3.581764881496154,4.397033495532707,1.309594711786802,5.758331813306685,7.0950607093395615,0.5718189346533595,2554.6875,2584.0691407545687,0.004665269827199897,0.010200552177460317,0.9571194429394455,0.028014735054145645,0.033267990756655014,0.09390710122580001,0.13945702552029374,0.030699197824155727,0.014841122208445976,0.08834043991544949,0.07552322964726298,0.08820481320888919,0.002271802698296408,0.07591476916367892,0.014523834996966302,0.005972939175751477,215:45056
-5.342144504538737e-10,0.7763717270782182,0.7763717270782182,6.5642499923706055,0.03600550544817029,3.9131917993754723,4.50991859812839,1.3243432931551096,5.97268044811452,7.3910295579648215,0.6027530586064154,2554.6875,2587.403269066289,0.004447908628948385,0.009895381615375294,0.9572568131765031,0.028399896577514145,0.044236023743087174,0.10796910227305608,0.16136147218986766,0.03170302659939874,0.01995556596000537,0.08232912488717962,0.07150619785171873,0.08386660047598435,0.0022579851968032114,0.08036026549407094,0.008554872947953065,0.0074505102839938905,215:49152
-1.9698731534845138e-10,0.7663861800063905,0.7663861800063905,6.798442363739014,0.04548088121350406,3.9670702904449957,4.464631100991071,1.3228661285232015,5.906109259860044,7.287969906459192,0.5873477769047876,2554.6875,2588.776216554912,0.004594001727608864,0.01016013872248548,0.9561080583998411,0.029137801148361897,0.038890242267360056,0.1209755662648858,0.1767638143331159,0.02942356831748629,0.017884724243879612,0.09099471116758269,0.07296690535270105,0.09125044930225419,0.00183108517425647,0.0906049615830368,0.003990711700761544,0.008220245557903601,215:53248
2.1301271857510073e-10,0.8135255225186497,0.8135255225186496,6.908887624740601,0.050441649385102975,3.8663421277285503,4.319663884060888,1.3151049661621568,5.680811426086767,7.002436115351235,0.661823775789242,2554.6875,2593.1589594225775,0.004192275857185109,0.009206892111372605,0.9570050911683403,0.029595740861590957,0.04807442966495152,0.11340038640709181,0.19107139976862159,0.02219982621780074,0.02269607460954849,0.0939233248414551,0.08531632488930158,0.09370586230332724,0.0028423108398540485,0.05324026148368428,0.0029041612223062846,0.014400111493136861,215:57344
-2.442193114404745e-10,0.7826036736720711,0.7826036736720711,6.982471942901611,0.05427168998328017,3.854352489181787,4.545744793354695,1.3154640369922004,5.979763797010283,7.3431892964335885,0.6124685100450215,2551.7578125,2585.6883696321083,0.0044811433372304345,0.009747565265707895,0.9584479852769724,0.027323306118456517,0.017821373538953536,0.09784346598319175,0.16600677162259891,0.026232233440312454,0.025710322219971053,0.08437159280565878,0.09324349527353357,0.0840359358667543,0.001723676105980256,0.06073855797580081,0.002108791241513631,0.015140734035597068,215:61440
2.488658168431357e-10,0.7797387803724839,0.7797387803724838,6.734046459197998,0.05137016377397856,3.7270241717257773,4.3962413450984394,1.3094025296488683,5.756449538226223,7.05380434673503,0.6079925656167686,2551.7578125,2587.0056898804664,0.004742049454268198,0.009596154252483183,0.958422811410962,0.027238984880641807,0.017378006057200874,0.0951343541920423,0.14792790023446684,0.024252027671036038,0.02143868390870388,0.08253968543530803,0.06740914552787496,0.08146473874328965,0.0023400077664074118,0.07678391083734992,0.005002625034288185,0.018350627489985494,215:65536
2.3661428372179216e-10,0.7414361327066649,0.7414361327066649,6.147022485733032,0.05058875892045284,3.7174432981046484,4.153893027702552,1.3097224310689002,5.440446874650078,6.638439316539263,0.5497275388830153,2551.7578125,2581.8648291636096,0.005854121656860636,0.011835697361034053,0.9531004451208427,0.02920973585944348,0.016367893804273375,0.10381181911392355,0.15012571919683385,0.0216055546245098,0.019495973074256635,0.09148023907643259,0.07776998284987745,0.09047843923041904,0.0029268913216180937,0.06167159838440187,0.007390416511372055,0.010568149604949523,215:69632
1.84332549224564e-10,0.7926276692620453,0.7926276692620452,6.330323219299316,0.06999302194866668,3.6261487740001015,4.020030066620478,1.3102732332098224,5.267337792998156,6.478999027125372,0.6282586220797821,2551.7578125,2587.52525266094,0.00466831712741004,0.009967934311318427,0.9555078445050506,0.029855904054629318,0.019321230490993525,0.1067878185846862,0.15465834404473444,0.02396369409803813,0.016367416208216145,0.09911754267271566,0.08616762357968356,0.09890113826511879,0.0025660694604116843,0.06483374021754632,0.005953364196156151,0.011191948468773076,215:73728
-2.1255386339902316e-11,0.7804201025561424,0.7804201025561424,6.274994373321533,0.06704157142884366,3.660285706709218,4.057828570795957,1.3142535246273401,5.3330155015089415,6.557819565058921,0.6090555364737397,2554.6875,2586.135915851349,0.004593694510046264,0.009755284928357845,0.9585287516586284,0.027122268901325707,0.027828456697305215,0.11239176256580789,0.14426860575408965,0.03319797167062306,0.018743241590919054,0.08503072556222116,0.08686142684760731,0.08607144317985553,0.0028406346153273406,0.05014072564320315,0.008643980879984983,0.010854236812678629,215:77824
-3.8127012658151216e-10,0.7484384052798593,0.7484384052798593,5.964253664016724,0.06061812423483635,3.613340995977413,4.126423601018836,1.3149148485137423,5.4258956642444645,6.6860266647101865,0.5601600464978589,2554.6875,2583.930326792063,0.005122642367230809,0.010463198403471912,0.9568546530020801,0.0275595062254321,0.026633773825796563,0.11849042848947089,0.15064011973374428,0.02544956615234774,0.01119725709368826,0.07976109776930079,0.07601873528609933,0.08129336890871466,0.0017971323460877276,0.0684540835002515,0.004227301210619944,0.009221467276140111,215:81920
3.8745895380998263e-10,0.7523553905402219,0.7523553905402219,5.687366247177124,0.0640685410774954,3.6415422126807924,3.8090203079467813,1.3180526632613419,5.020489361312465,6.203183188768554,0.5660386336749298,2554.6875,2584.1612546553124,0.00518048656101567,0.010715870738656472,0.9558992665042687,0.02820437619429252,0.027945306301287748,0.13713269965003688,0.17224378499962958,0.0428272486718056,0.015650269510936267,0.07213115136682446,0.07094758509563641,0.07429336918316357,0.0014451102788676608,0.09607366081464119,0.006760974170077493,0.006836708417036243,215:86016
-3.6008529491482477e-10,0.7755059988825043,0.7755059988825043,6.159174203872681,0.06268088925014195,3.5904324753908736,4.0448252198872945,1.3132514193265583,5.3118724609516965,6.549197237770876,0.6014095543027508,2554.6875,2584.6961290655645,0.00467545058373772,0.00996255310072804,0.9586819156766198,0.026680080637251656,0.02545140303187921,0.15228392973554988,0.1759405381839576,0.026479555627716263,0.018849993153009767,0.08087917311387179,0.07901505221901711,0.08131436315179576,0.0017575607911761494,0.05370788582157104,0.005652639831058141,0.008568322218799834,215:90112
4.924247676285631e-10,0.7616479140887027,0.7616479140887027,6.5489161014556885,0.050177542744798874,3.6703791967716293,4.469966652866659,1.3165041397101647,5.884729602873071,7.271685943665719,0.5801075450356719,2554.6875,2580.443681485646,0.0046884669768582216,0.009932471550967378,0.960431420945356,0.024947640525094513,0.03629598045612393,0.1211924367075177,0.17041462307067187,0.02809630361929875,0.01329694526633071,0.08829157932892207,0.08912699751990004,0.08916235585339324,0.0020180062223946337,0.06944990188931531,0.005612799410825483,0.007107801137749451,215:94208
4.916245188724133e-11,0.743081471748832,0.743081471748832,5.429375648498535,0.04929517450837645,3.1676830856766878,3.7985566703734444,1.2994038993272903,4.935859349305584,6.067842857184276,0.55217007365641,2554.6875,2578.8288590359875,0.004870827061255502,0.01109086876130531,0.9592666276288002,0.024771676546827933,0.019665654220116905,0.1318426012868532,0.18579449674923512,0.02553058522360908,0.014499541780799777,0.09998139575493178,0.0831018447654367,0.09955209878389062,0.0027733064854127323,0.06315474429288186,0.013158694598343018,0.004515361388376719,215:98304
3.3583535952175225e-10,0.7760502161184953,0.7760502161184953,6.3037109375,0.042647198135827895,3.4820578490440783,4.11393332619305,1.3014998477326991,5.35428359762963,6.565518622372787,0.6022539379375632,2551.7578125,2584.0776535147284,0.004693298203892467,0.00994066653865251,0.9585597107068892,0.02680632454890557,0.04305063433687713,0.06397767110076959,0.12324907338568442,0.02255063349325524,0.013314204450284058,0.10081289867531705,0.0930594575742986,0.10026808107123629,0.00231109213553735,0.0789727546200799,0.004471915618079759,0.008700257516718253,215:102400
-3.4940050852583227e-10,0.7683585035162424,0.7683585035162424,6.582045316696167,0.04518397425446922,3.817283607169073,4.423659997392101,1.3208849612187201,5.843145964107674,7.216596432226286,0.5903747899257193,2554.6875,2579.9865369299946,0.004733927312979091,0.00995523976546235,0.9597483109531701,0.025562521966694462,0.03472683710244123,0.10157739971559672,0.1470769820003516,0.020709965970666135,0.015249216704695489,0.09745861097609973,0.07852513096222512,0.09550513927113286,0.0023087467511472225,0.07956076139766873,0.0046251932662098524,0.006759342579842849,215:106496
2.305391433310433e-10,0.7523418780503105,0.7523418780503105,5.664613962173462,0.04416057133147393,3.4983256138857146,3.8311897763230562,1.3062729301342226,5.004579495024447,6.120076623201973,0.5660183014682684,2554.6875,2585.6466246826626,0.00487009052194253,0.010810857100326457,0.9577827578481348,0.026536294527829216,0.028418187050474625,0.06644484916369146,0.1131379923926445,0.026888316130765248,0.0188324306712869,0.1144174280207584,0.08878751922850396,0.1155010496416691,0.0027197147191775307,0.08291874767323758,0.00833978529028437,0.008147353875282802,215:110592
2.3848656383052003e-10,0.7548540654420719,0.7548540654420718,5.667229890823364,0.0401496832722107,3.4170527510150595,3.852878445308847,1.3086557769933431,5.042091635513232,6.208364478037433,0.5698046601144235,2554.6875,2585.6406420675517,0.00487335270404114,0.010200056101233798,0.9572077559567768,0.02771883523619336,0.020454294395104253,0.10644355693614996,0.15836512467582928,0.04328434809401709,0.017600785025456065,0.09119356635275144,0.07598009708987621,0.09353387767016287,0.001649371641689727,0.08876200138370147,0.006572183796682002,0.008749266215281114,215:114688
-2.5130564296205193e-11,0.3145518501152593,0.3145518501152593,3.9728018045425415,0.01823791712201838,9.686513991433765,6.595505168232543,1.4661051020638687,9.669703777865086,12.142009836713513,0.0989428664109326,2789.0625,2662.026583370042,0.004999345235219525,0.02642257300348511,0.9046446414510487,0.06393344030013973,0.09484956234531233,0.05991126249149761,0.04986016523628513,0.04282696882557799,0.03015683260719364,0.011770507028181044,0.03787566809339383,0.008536503504580554,0.0026219196386848744,0.1410080049416154,0.04706355053484437,0.026158142841363554,228:0
-5.361044941309956e-11,0.2128085931308657,0.2128085931308657,3.8373727798461914,0.012232034077450235,14.942198203568116,9.210566863573616,1.4154010674087334,13.036646170202866,15.940888223149566,0.045287497310338334,2625.0,2610.7411581928245,0.011002790768190936,0.05620006078355859,0.8665351500594677,0.06626199836670159,0.094557271076532,0.09224308113990433,0.05035118895058657,0.0636465382742516,0.027623544500968704,0.010164196064587858,0.027424010272905527,0.010124467865328404,0.0053305859303403565,0.06727971465637252,0.040922139870191596,0.03046320639648634,228:4096
-5.56874546475683e-11,0.18129051818969258,0.18129051818969258,1.6343157291412354,-0.017788992345545474,3.3292106353529176,4.741384864623341,1.264370610482904,5.994867675851282,7.0947312343894655,0.03286625198548725,2519.53125,2575.411602330501,0.015247302725284722,0.07870449981246935,0.8125158617389927,0.093532335692827,0.05652694551487865,0.03529789461144716,0.010120756805741494,0.04747467774155206,0.06620737197105502,0.027281496479859217,0.02837547873110885,0.026210015355217803,0.012766596356680279,0.044345377868070315,0.041899576363577926,0.07452559672618918,228:8192
2.0681412138401356e-10,0.48133721474337837,0.4813372147433783,6.842705011367798,0.061263433126598404,12.840718776212933,7.298753455218381,1.6123687582753903,11.768282045573123,15.677448042191797,0.23168551429691317,2803.7109375,2689.6883007867746,0.0022485581352059973,0.011929554383170943,0.9300205744207072,0.05580131305659953,0.0833032250533749,0.04034484064469909,0.05542151522171023,0.04482829370149774,0.02305586019870367,0.01822602565345913,0.022454154736285713,0.014956095973152577,0.002982468168560545,0.08502431164791145,0.10194099935192553,0.023709844282926572,228:12288
-1.1298717517149726e-10,0.1783878868173042,0.17838788681730416,1.164726436138153,-0.03442359454941524,3.0934192800892806,3.314341183244195,1.269628709855408,4.207982720526563,5.011133472688759,0.03182223816314332,2709.9609375,2566.717282719233,0.014927482189347962,0.08276220314724252,0.812428053725324,0.08988226090666114,0.03693502553903609,0.03161862478647079,0.043676502384849734,0.08969931149566189,0.05788770283009729,0.012084880529689717,0.10470398496426697,0.012023830514545175,0.01299308488023352,0.047565785635781725,0.04781990998315263,0.03946538224775132,228:16384
-9.273914969298858e-11,0.3458830544017708,0.3458830544017708,4.824358940124512,0.027261757370181765,11.005813513615934,7.309185421410485,1.523874143845336,11.138278676290918,14.268012627050974,0.11963508732229836,2789.0625,2702.1964469774784,0.004287512039523046,0.025576912780550454,0.8655261060330985,0.1046094691384691,0.09763756398278066,0.05874781383344698,0.05230652764359229,0.05802698794692467,0.027824286346466685,0.011224780593149467,0.02093345208501042,0.006186757257903601,0.005560452421925695,0.13534874886089693,0.09707160254987766,0.02619712402859989,228:20480
-3.026201511602267e-11,0.39922064564353,0.39922064564353005,7.01429009437561,0.046801037761063584,17.700568187843714,8.912917961939673,1.628933231738176,14.518548259995995,19.039826036514683,0.15937712390803696,2780.2734375,2708.147950320297,0.003007702326420856,0.017403240967345343,0.9057568000530827,0.07383225664687659,0.12720705316857767,0.11949479685570831,0.07077619263587835,0.038801287819240186,0.01730570122355308,0.004968974174887058,0.033549029703673725,0.003344823171486825,0.0010498216777105032,0.10105931527315531,0.07429987636774,0.019895268288181684,228:24576
6.118305861946283e-11,0.18148418010095768,0.18148418010095768,1.5197044014930725,-0.0671834787781829,3.144278170444706,4.367000492610434,1.2576491651018484,5.492154523561136,6.507720101196128,0.03293650762691685,2519.53125,2575.11843467847,0.013492761514939172,0.07362521661346466,0.827722792040094,0.08515922980114075,0.016607801865153562,0.02723410025390166,0.017087648531543573,0.08782974431720378,0.07078432501740116,0.019095289989956188,0.10211214321315615,0.01813065867321015,0.011697026830515603,0.04508532355051178,0.02588192210858456,0.06838069470073758,228:28672
5.485056853160586e-11,0.3746172368070486,0.3746172368070486,6.370676517486572,0.04437235709706653,16.727902292294285,8.679799250498025,1.610081348601331,13.975182882867989,18.10726923541137,0.14033807411294835,2806.640625,2724.367198623901,0.003531842347566441,0.020232143758847982,0.8738048189076268,0.10243119497883302,0.11371139119542362,0.03671869987164934,0.04815277979085631,0.08151629653514715,0.015596850479096326,0.00647625366438396,0.011516095130647393,0.005078103941035616,0.0027373816411846445,0.14418065146233391,0.08235618096100522,0.01705162851906004,228:32768
3.426485761792719e-10,0.502087473888245,0.502087473888245,6.38466739654541,-0.001984897386407106,7.787820418175395,6.362492179484795,1.4851141390834672,9.449027095579673,12.170155745664726,0.25209183143547914,2800.78125,2705.5896891953657,0.0019498019515091702,0.01160697768669464,0.9311071347921364,0.05533608556569319,0.141825047792826,0.06716612558725739,0.1023779972085306,0.05336925890591585,0.026085417750751325,0.018075806333461092,0.02189394897830379,0.012224465154003467,0.0022070050157891588,0.11449227778687834,0.09486168430068723,0.029244003451121756,228:36864
6.915445993627145e-11,0.17790974251096692,0.17790974251096692,1.2721824645996094,-0.02836350130191892,3.0579186219966554,3.7043172771335398,1.2553873412269432,4.650353017627843,5.4830159486986325,0.03165187648031854,2551.7578125,2560.510334657837,0.013534458160773075,0.07639251272046706,0.825446648806404,0.08462638028076219,0.024780784973022676,0.015173651633143144,0.05925596703212429,0.10185505798961786,0.06990076410676238,0.01912027738464334,0.05901585606973291,0.012152885528831996,0.008073410471615916,0.04664113300662526,0.041322461995974225,0.07067673601539366,228:40960
7.815614821993222e-11,0.24150998668934132,0.24150998668934132,3.535640835762024,0.022160711978011255,9.580842444229173,7.510706403412667,1.396161113305994,10.486156213946506,12.863730134114666,0.05832707367068582,2789.0625,2635.9704541836163,0.007388388339376379,0.0486798333186271,0.8724269731392474,0.07150480518560443,0.11456709326801227,0.07406559469488284,0.06104631862692256,0.06935598010841433,0.032608319281504254,0.009300800239295528,0.03384586290039922,0.008124044794634043,0.006777878153532288,0.042065356370098485,0.017455207407404288,0.030681958386070858,228:45056
2.859135150856673e-10,0.5402112662000242,0.5402112662000242,6.615938663482666,0.04437908917469464,8.599586311693846,6.378270573467119,1.4657673369506055,9.349060672838617,11.93618793130882,0.2918282121294335,2551.7578125,2723.0179727995187,0.0019253352765220167,0.011630944683867453,0.9012816921568182,0.08516202787936565,0.09206234211437724,0.08233028649400137,0.0835220847738635,0.07363396665701895,0.01782317584921911,0.013143262401778705,0.014509862027998395,0.012004005030986907,0.0028638274231741864,0.11005206936335216,0.10716219704429156,0.015147282857056766,228:49152
-7.623057740602235e-11,0.3261019882719336,0.32610198827193365,4.773885011672974,0.015327477721956771,10.297726217699683,7.507863485432734,1.515137099732831,11.37544250654346,14.641927850464315,0.10634250675490836,2789.0625,2664.7723497236443,0.004999699917604203,0.02661034516529778,0.9217175592286923,0.046672395679002096,0.05713355040121593,0.08994241110944892,0.038996632095961846,0.01288977255884853,0.018413452490374262,0.02047224687758544,0.019994684382558137,0.011447198308575624,0.004410543880677808,0.06296358643959458,0.02703677656224516,0.01923073211721945,228:53248
-4.163336342344337e-11,0.18640337737588228,0.1864033773758823,1.9751936197280884,-0.006183895007966205,4.257349417122442,5.418624030100622,1.2895232723858814,6.987441791161612,8.344458105221527,0.0347462190971356,2551.7578125,2590.746063701246,0.0118697612687255,0.07543186511416514,0.8300800351487145,0.08261833843961454,0.025272313624599488,0.04577486818232567,0.047102117852225026,0.08390019302794267,0.041737593584768064,0.030871664849939154,0.03984728859925574,0.028161128850294877,0.009420560149873374,0.08060976379072331,0.0717186703294718,0.029139264194795046,228:57344
-5.843370232128109e-11,0.5063456017508423,0.5063456017508423,7.128797769546509,0.0466059498318196,9.997647857104981,7.071750004996902,1.5208607412412884,10.755146954493915,14.077410363247981,0.2563858684124226,2797.8515625,2744.8545698975045,0.0016989941136013708,0.011699318947359925,0.9086013707795725,0.07800031615556603,0.08167232189928565,0.09548789908068749,0.0844424162690212,0.0559761010173575,0.013572852874232254,0.007574803246091571,0.011756403066098948,0.006603297081275767,0.003962200835911191,0.11576734518912023,0.09973384894784112,0.017984238834033026,228:61440
4.2227554786222754e-11,0.18333917287890167,0.18333917287890164,1.35889732837677,-0.012660093727422023,3.038977482982208,3.7274879151158045,1.259583059623104,4.695080632855318,5.571279489446117,0.03361325231191979,2709.9609375,2572.2996660519602,0.011930179235204542,0.07801715064640294,0.8349886797046404,0.07506399038400204,0.033760508788101634,0.04393174507379449,0.06411843890808427,0.09092583337592243,0.05826535109425908,0.01763631414256854,0.05114634801732172,0.016795154375064975,0.008368604091793679,0.04374372523622568,0.03090859458958329,0.05283557167927364,228:65536
2.922107000813412e-12,0.2770612795874581,0.2770612795874581,3.10566508769989,0.05193413776858438,6.631396619765604,5.8717872283762444,1.3888425091048522,8.154987707217323,10.034802668085359,0.07676295264663961,2786.1328125,2669.8673114242515,0.005470011820481465,0.04084626477945423,0.854271491011423,0.09941223237561403,0.0830961226929329,0.04978594787598584,0.05863255385734373,0.05446343651844705,0.023612169336583146,0.017982053239147634,0.037061912888988906,0.010792349388866092,0.0014313561070353118,0.06254195217396256,0.03270239867653813,0.023358149904707033,228:69632
5.193712127038452e-11,0.4570581464865647,0.4570581464865647,6.448040723800659,0.04828929833827239,13.076666913894252,7.111045270577845,1.59294166471326,11.32748029119041,14.87933296124123,0.20890214926973397,2789.0625,2691.4162403714113,0.002095368922694425,0.012956404243836974,0.9379780588785203,0.046970167950161346,0.11183112161473155,0.07854074868462782,0.11327116208268395,0.07165228688374306,0.014249456218918224,0.005110384691513795,0.017136796269174182,0.002178027228507715,0.0027914820015693736,0.06947924742175195,0.08420941884130753,0.019435365622080425,228:73728
6.686384779186483e-11,0.17659500282321478,0.17659500282321478,1.4470844864845276,0.015439763764028211,3.2925933949046176,4.464632019226265,1.2644451642551926,5.645282366921514,6.684423869921564,0.031185795022131223,2519.53125,2551.1993072368427,0.013499708200920918,0.08066020554689413,0.8276694365556914,0.07817064966442783,0.02788138880336257,0.039914766160164025,0.02120045347158034,0.0771295786742318,0.08830408772805834,0.03234234747423464,0.05697974387764596,0.02880041164388775,0.007637548979204179,0.03432197097546637,0.05217930893831483,0.09287338967574352,228:77824
-1.431766927240119e-10,0.4689919444634291,0.4689919444634292,6.977204322814941,0.02983046933171875,11.317593892762439,7.616099176591528,1.5492437337051517,11.79919392463655,15.365209991688468,0.21995344397158823,2780.2734375,2725.9203464527986,0.002065829987600618,0.013368551757502734,0.9151003404028515,0.06946527784749863,0.15788582404936566,0.0930772322780977,0.0902357572858037,0.058976770194356834,0.017982443868262917,0.002169715058111821,0.01571560862410681,0.0020352573679122458,0.0018360991411865946,0.1046581899306328,0.11289755545256638,0.019920271796405986,228:81920
-3.841904572254862e-11,0.26850271874940407,0.26850271874940407,4.646804332733154,0.04542233178283475,12.035932570370539,8.797105405823224,1.443843163531124,12.70164049910786,15.851878725208469,0.07209370997582158,2519.53125,2670.7212778187504,0.00598327519169887,0.03619090597416099,0.8871372516471765,0.07068856717309265,0.11057276965129044,0.12349390346543747,0.04915916474053245,0.08013424390706748,0.04299001161007617,0.011269022572258532,0.03392915489949226,0.006800424796728893,0.001332419404270042,0.04661438212093948,0.015729888530823705,0.04423503270306437,228:86016
-2.4546809029857286e-11,0.1768998204847863,0.1768998204847863,1.2872466444969177,0.035935789504248,3.169466257624365,3.7530360426727447,1.258337148996773,4.722584674045649,5.580373174286278,0.03129354648754961,2551.7578125,2557.488141158092,0.014040910133441428,0.08412615384669393,0.831479226934808,0.07035370905310137,0.027471594142406363,0.03522675918830835,0.03799543938317439,0.11133057919571955,0.07053373935480123,0.010779680048508294,0.08070580823718941,0.010744230398335915,0.010156134006528891,0.021929601617488734,0.02875065467139537,0.07110974137885535,228:90112
-1.6971579697155903e-10,0.4999039406759646,0.4999039406759646,5.850667238235474,0.020509613070058108,8.226635133542818,5.9026189694427575,1.5305111095285744,9.034023908064317,11.866984286765287,0.24990394990335835,2876.953125,2773.0990158158347,0.0018564608138257176,0.011383803298864544,0.8929525218385198,0.09380721404478834,0.18174477638826297,0.1876102787868979,0.11313230244783544,0.015079250698503957,0.019373070843348463,0.004206555332043726,0.01010420000233699,0.003556430782081661,0.004950758237818579,0.08178836983192782,0.05395111614543071,0.02405570809164365,228:94208
1.1591971826874214e-10,0.4043354334118082,0.4043354334118083,4.651840448379517,0.02566766340023286,8.06908034602754,5.802518295000619,1.4640906774699085,8.495412941580003,10.793846079150521,0.16348714271231482,2519.53125,2656.04273413984,0.0029240099836357106,0.017493526110606627,0.9268511714115353,0.05273129248810564,0.11988000298971337,0.06265928127038772,0.03638527415165032,0.025727230449374517,0.030912411948137528,0.016836345691661803,0.030981316725180185,0.016294034901123286,0.0027747963012510007,0.10379844223622776,0.16059265414716578,0.02812532599261004,228:98304
-1.2233236645897705e-10,0.1776049557299592,0.1776049557299592,1.370619773864746,0.01947199190142384,3.022030518220315,4.3115652500041195,1.2502442859810996,5.390509817482672,6.3487813161520235,0.031543520299840776,2786.1328125,2548.482714663972,0.014720613152051318,0.08604179961194504,0.8187828151600707,0.08045477204423074,0.030147114441471754,0.029760029943976914,0.03108379888179034,0.14249406775331422,0.04137004376807748,0.02514903147280794,0.05148781347930435,0.024676307035392007,0.0053564610040562335,0.014885936998833033,0.05200741661351956,0.045966597035257635,228:102400
-1.0460521338018225e-11,0.24874148913433602,0.24874148913433602,5.357346534729004,0.014674713361709148,30.404892524640754,10.996337907843348,1.5629355389178279,17.186567314186778,21.443554401986063,0.061872328416767014,2709.9609375,2647.735424012256,0.007625337502779509,0.0439872409703843,0.8866000397662561,0.061787381744417696,0.1231613031192373,0.0821239713850044,0.04898312283346955,0.021169886050111133,0.058064832020536625,0.00680924341900253,0.0489509901207199,0.005643676633459134,0.003597909038672849,0.09130572472493093,0.03359256016568894,0.05104264836735717,228:106496
1.2256329284809908e-10,0.3833742605401585,0.3833742605401585,5.691545009613037,0.05232324485437864,12.034459273318491,7.595947558503846,1.5350788030064573,11.660378085838321,15.054879143125415,0.14697582364471337,2786.1328125,2668.1940458075646,0.0032146623019415547,0.018189378684459384,0.9261240237667514,0.05247193524004366,0.0802396495216898,0.036854911505592114,0.0945501043585958,0.013163170783605287,0.03847756120085491,0.008112494925826304,0.006997194747249783,0.004881649493545906,0.002929171560097908,0.11529695212421467,0.05145969250398229,0.035922573850318856,228:110592
-7.8053119523247e-12,0.17863644156974265,0.17863644156974265,1.2257362008094788,0.014044534344037024,2.970040258248364,3.618972233211103,1.2583024350278094,4.553761573373052,5.409111874760229,0.03191097825670009,2709.9609375,2567.0782927917144,0.014834773519430721,0.08133567547607579,0.8011506563227524,0.10267889465040389,0.024404416501497456,0.02214160744531572,0.024440699623000942,0.07913244693883667,0.0925992775697615,0.01753462767886658,0.07674606234875933,0.016926868879303204,0.012703259514699076,0.042988067908355486,0.014653332784890435,0.0939071641871495,228:114688
3.104636547845985e-10,0.6048512621335199,0.6048512621335199,9.49980640411377,-0.32151625229254777,18.16341731793651,8.012800295522702,1.9037077675759286,15.254030162646481,22.53636360882561,0.36584504930451206,2765.625,2810.8793606661843,0.007378592763706364,0.07076783187626386,0.5301209056358374,0.39173266972145904,0.04930059598736608,0.1814872105227772,0.15556050091001203,0.18226586247597876,0.05603011087234364,0.014443014891299377,0.030817682195098183,0.0144862333609516,0.0027558983984703137,0.08813600186088917,0.054668420713367034,0.05489617715932622,240:0
1.361133428190442e-10,0.6363640157083218,0.6363640157083218,9.778122901916504,-0.2964597641603582,18.198727443787607,7.754855165294457,1.9554184389558151,15.163986781672357,22.797234359714103,0.4049591604884212,3345.703125,2833.7136091785446,0.00802305147675002,0.06394414235560837,0.5197481104792975,0.4082846956858748,0.05646548540654265,0.19803718142752968,0.16096063839537034,0.17115713761092086,0.051489787410338,0.013724653232763678,0.02723782269331698,0.013865339123141076,0.0014476047780621851,0.08320288845889326,0.05421388737236259,0.049861357583271065,240:4096
3.256293013009781e-10,0.6254673260555675,0.6254673260555675,9.50454568862915,-0.4478177791528541,17.421300107873524,8.094804882754048,1.9302282805497262,15.624821310248851,23.438266669400036,0.3912093759631016,3357.421875,2858.829546689655,0.007981593889294092,0.06527819188340678,0.4676250812626258,0.45911513296211703,0.0427111144035385,0.19476162543384895,0.17210743664715417,0.16706051180278975,0.05424602608868649,0.01169533895450668,0.02188011913554861,0.01185016753474974,0.0021532320702971936,0.08860448447475233,0.0512816575287428,0.05424608557191623,240:8192
2.4077717597492665e-10,0.6345498693792372,0.6345498693792372,9.114757061004639,-0.30887733802958933,16.635259233418374,7.452733740832959,1.9497457373304623,14.530935842670871,21.856255405857326,0.402653536729207,2809.5703125,2807.7965813313613,0.00805470674213745,0.06556922387047627,0.5536691021849761,0.3727069671999267,0.04798448760693415,0.18136391567079374,0.15519349447308958,0.174510471809573,0.05403258297943351,0.014043033417389375,0.025263900213501254,0.014256899727837948,0.002967523804781833,0.0810747544583053,0.05852645349008563,0.054430049212884496,240:12288
-1.468025701001352e-10,0.6080938265424642,0.6080938265424642,10.319340229034424,-0.4318991525375221,20.166954207242412,8.99313189067199,1.9283629251298933,17.342022118803683,25.482248198196817,0.3697781018790566,2765.625,2857.570068018489,0.009242934371707076,0.06822561933356032,0.44634283238587474,0.4761886139061536,0.05518017737732759,0.18643941455290197,0.14639130534074235,0.16607916712147558,0.05277443675377574,0.011420989245261626,0.02519450631891216,0.011925635465643427,0.004017917983238043,0.0863872499513333,0.0466485885826776,0.04953624847167909,240:16384
2.624342965162896e-10,0.6363074581240906,0.6363074581240906,12.749781131744385,-0.33859309913025387,21.99723157032405,10.023477690538087,1.9134125556059078,19.179048063941426,28.217526570693668,0.4048871812643413,2765.625,2816.035329425436,0.00806731911885546,0.06290369437736039,0.5558760103404446,0.3731529761608697,0.05017834707264884,0.19131854407961496,0.14892665802227334,0.15806719726578375,0.050314173456968245,0.011270214146032114,0.03443301653269476,0.011388196562699255,0.002638735244237967,0.08455942889040853,0.04510236943436924,0.05108524860602298,240:20480
9.36317690047872e-11,0.650023341263166,0.650023341263166,11.431991577148438,-0.4466061830073529,21.159637114416924,8.894951593346844,1.9882024180092654,17.68496426599477,26.64330813218064,0.4225303441869303,2765.625,2869.4393215694395,0.007634880374089261,0.061538810946337605,0.47530725406400653,0.4555190546132,0.04943782149990761,0.18034349724808757,0.14238689863827558,0.15260282964092356,0.04850848897097085,0.011105405038940452,0.02986637591877347,0.011145504295250588,0.002095336769392808,0.07771614641872256,0.046553330016024706,0.04661359162378177,240:24576
3.8576086769381845e-11,0.6421280918435465,0.6421280918435464,13.392010688781738,-0.32216413959460605,27.261484165497244,10.650988936364845,2.0152892911883815,21.464823944055425,32.43915631391773,0.412328486334634,2718.75,2798.8448886762294,0.007967686847019031,0.06385265820634617,0.5845006753743884,0.34367897956982124,0.04853209994552768,0.19581940834562753,0.15506998260386734,0.14471901299826562,0.04868919260064965,0.009958938679973644,0.034289925448277504,0.010158387149943316,0.0018572991093783935,0.08200890834085926,0.048191436804364836,0.04593569463410203,240:28672
1.2988543574010691e-10,0.5519129891141409,0.5519129891141409,8.89801549911499,-0.5872679106759557,17.251566576161018,8.731796547141666,1.8688701984916853,16.318594346275223,23.843155035606962,0.3046079475529057,2765.625,2758.1253678552907,0.010731756244900447,0.08347940048891012,0.5439613989082784,0.3618274443546282,0.044892168269447905,0.20244311029592632,0.1716328801766941,0.15761610431736933,0.047104677810720426,0.014003524555240081,0.02507986012752014,0.014091700004552355,0.002199752144716213,0.07906384586189388,0.05067066924310943,0.0438125616155609,240:32768
1.9884538460246404e-10,0.6081157616831899,0.6081157616831899,11.106587886810303,-0.5194516788015253,22.873096251199204,9.20629030019639,1.9353635959796172,17.817519101049655,26.159951624360424,0.36980477960752633,2718.75,2791.4103942378633,0.008595241666785358,0.07550252129784542,0.5387972084218609,0.377105028610804,0.03791716785254711,0.17910950905587245,0.15958278707167747,0.1622502324821307,0.049087594300171976,0.009707191159517174,0.02228726902761398,0.00976497516029977,0.0037949913639941505,0.07546135590158493,0.041858279639721815,0.04870562211520283,240:36864
-2.870805815291533e-10,0.6141346181294607,0.6141346181294607,10.124505996704102,-0.2631511520429699,19.064158662874853,8.451981250630073,1.9610923431770837,16.5751157153139,24.974550319113295,0.37716132918501843,2824.21875,2754.224379316873,0.008971461325313705,0.0701503381354826,0.6268369283635143,0.29404127217303805,0.043544870930646386,0.205122431218251,0.17256030461579328,0.16038430336763776,0.05027532388525987,0.013458094265639372,0.029658769567700687,0.013517885271820674,0.004325551067581451,0.09015908020130865,0.0535343335858366,0.04984910620777915,240:40960
-7.480893682298984e-11,0.5875135787504046,0.5875135787504046,9.315710067749023,-0.32632705786081584,17.74575562646574,8.054281714086558,1.880001510507555,15.14206178856188,22.37145460755013,0.34517220521610775,2718.75,2775.2870250890937,0.009273311431419634,0.0774106210709157,0.5614751501311689,0.35184091736359874,0.04044490363664635,0.19587745200509432,0.16947001896679684,0.18465723080697147,0.052479282141880655,0.014079036234431287,0.027028431703205288,0.01418867954942338,0.005668244237654188,0.0816398971753691,0.05270521203196105,0.05105877643458877,240:45056
-1.3359624517761404e-10,0.5890114678122147,0.5890114678122147,9.454039096832275,-0.3169002154247075,18.77271383930474,8.761638522193927,1.9252433828352957,16.868286587677314,24.98259873398482,0.34693450921429964,3316.40625,2770.1049296407127,0.0095110221560377,0.07718329244536591,0.5722817794252616,0.34102390597045246,0.045238823428557964,0.18271939101971435,0.1571871601771551,0.16857708323998286,0.04830908650715853,0.015521783257371219,0.036697516139593774,0.015679859179764284,0.004977666319606881,0.07549743946825542,0.05157474285092297,0.04778582181344588,240:49152
-6.021894094487834e-11,0.6073268881584784,0.6073268881584784,9.562050819396973,-0.38919674634281415,20.69983634126657,8.205584122127243,1.9642315588730315,16.11766729169633,24.14522435210071,0.3688459490802608,2765.625,2834.893385999473,0.008466992845349025,0.06752878755137813,0.5170749507240023,0.4069292688765595,0.05508599995165718,0.18720656597873434,0.1513332412034332,0.16954899264642104,0.04888808934403626,0.011279639202231798,0.030924558000865795,0.0112971361300148,0.004083084777679643,0.07708576109711532,0.044216480505298264,0.04719559473081671,240:53248
6.476064129401493e-11,0.6205783960621795,0.6205783960621795,10.231847286224365,-0.45474758985943364,20.81804518196796,8.314349438552163,1.9426907007058447,16.152209336720176,24.182990798647108,0.3851175456591073,2765.625,2866.6704099642075,0.007509326844891078,0.06478769366467878,0.46118560832645683,0.46651737116137687,0.04207167718188011,0.18972747368705603,0.16797102945282044,0.15966096455075798,0.049592313631239886,0.012724896094699453,0.02521025995720059,0.012777989045255277,0.003470822313611434,0.0912475976739156,0.04442763658404443,0.0493164917773059,240:57344
-2.1338264488690584e-10,0.6410069602147027,0.6410069602147027,11.037068367004395,-0.2157679218559365,19.90344012430325,8.75339361505441,1.9662537192094773,17.211392751332077,25.97414269376742,0.41088992304369343,2718.75,2832.0954752560037,0.007295617135079741,0.06335658485371254,0.5290077905643652,0.4003400074444088,0.038462664702255595,0.17936191422249173,0.15743097182538326,0.1782784885763483,0.05618839397900317,0.015198006362766758,0.0316172824885479,0.015315846242596597,0.0019507130509079835,0.08877025751477358,0.04703186952714088,0.0557564787941119,240:61440
1.639151037124975e-10,0.6190149207585707,0.6190149207585707,10.34254503250122,-0.3397133517196464,20.761951330593046,8.507143740205592,1.989422871294583,16.92430632618289,25.566157686655167,0.3831794721217396,3357.421875,2861.536298739249,0.007417256428533087,0.06524051745499912,0.4584460832419277,0.46889614287193027,0.03454319146750739,0.18161030462494196,0.15512031423486553,0.1577625566719725,0.04552337394697013,0.01480239755677539,0.03959099333525107,0.014864198992163354,0.0028549221455696026,0.08674893266781392,0.0495558196311175,0.043553393319393195,240:65536
1.5910295303456223e-10,0.6003854308147774,0.6003854308147774,11.111872673034668,-0.5844008906820369,20.89541002043936,9.429022832539186,1.9291100419311944,18.18962263188015,26.896712267998787,0.36046266553464573,3357.421875,2858.8643402764424,0.00802886945561904,0.07245613919870074,0.44535379389488977,0.4741611974480163,0.03901586294025927,0.18816146595764588,0.1567540146587137,0.1561216989830383,0.04597615169586927,0.01038967579569219,0.033207408012470484,0.01042237492136991,0.003198686758786514,0.08665594261551447,0.04753409597226437,0.04150174845074611,240:69632
2.2895463303029828e-10,0.5848408528827385,0.5848408528827385,8.475706338882446,-0.5106637052699935,18.20224567916982,7.659936193575301,1.9023294333944432,14.571722078986603,21.457920204435272,0.3420388232006089,2765.625,2797.020981909488,0.008388734684328419,0.08051402909679072,0.5017596148073498,0.4093376214086076,0.0451426793755765,0.19537478013159576,0.17581066811265472,0.14674036334985954,0.0455692520617308,0.0111171657671255,0.02249181094217439,0.011158674701440979,0.0022236402409544207,0.07303380019163475,0.05090250896848606,0.04427209952298674,240:73728
1.879900679568891e-10,0.587732203278377,0.587732203278377,9.20803165435791,-0.5444658718885802,17.57766367027935,7.875535750069,1.88647402177387,14.856993600081836,21.90639731326503,0.3454291427704556,2765.625,2802.6945911404036,0.007944203502527034,0.07726025249917236,0.5008794329607337,0.413916111034672,0.038135156902667285,0.18438254061814463,0.175580706599147,0.15103976875126518,0.046893866207149824,0.012027388058877207,0.024072424015709686,0.012170794696412586,0.002247632957745377,0.07843629794696355,0.0580810136504415,0.047658471012314664,240:77824
2.8919844297092823e-10,0.5620211670434264,0.5620211670434263,8.63600206375122,-0.5107678951006434,16.419649869680413,8.357042118019928,1.8505764856540203,15.465345633255467,22.45803560064648,0.315867792204855,3316.40625,2771.3325503503966,0.00794964517408737,0.08210539727696953,0.54328576751082,0.36665919003495717,0.035418823536991065,0.18413345502847944,0.16542526480676295,0.1726262730032363,0.05362310673680729,0.01450403618864854,0.024032191681296656,0.014634272473186128,0.0032421007365072783,0.07836928607379443,0.05614083852287942,0.053899780711069996,240:81920
2.523039555057949e-10,0.5854228247207751,0.5854228247207751,8.694080352783203,-0.3314313981041178,19.198111725323827,7.831848407801666,1.9034779767393857,14.90775096143736,21.656563472666935,0.3427198837040514,2765.625,2721.0101394717967,0.007425164905517376,0.07917234274490971,0.6519761228064246,0.2614263695402306,0.04810174830617937,0.19710341040823093,0.16213122655441964,0.16703431633146823,0.05286386158101748,0.011782833531610712,0.040985587583996605,0.012095771470245539,0.0028190502133832,0.08244723724779172,0.04868911151816548,0.05483559666948408,240:86016
2.7385671508284304e-10,0.6636506670207662,0.6636506670207662,13.340888977050781,-0.06675399076671427,29.538667680567556,10.214678004262185,2.0178861262780003,20.61205702922877,31.055367505937934,0.4404322078371079,2718.75,2778.4313451277985,0.00585850430964502,0.05923727735540935,0.6502126270550382,0.284691591277637,0.059095714668454015,0.2015098813042731,0.14710412442624457,0.14534717969071614,0.04784340130847737,0.009357254660921126,0.043763649746655274,0.009404161875877453,0.003383717837232328,0.0874404524756559,0.044912645268253865,0.04683907256927831,240:90112
-4.825686517051508e-10,0.6545941633340717,0.6545941633340716,12.847707271575928,-0.011834946868323265,25.033613405227477,9.92873050178769,2.0038499067160664,19.895685689846623,30.094666491898664,0.4284935186710332,2718.75,2771.4422308901035,0.00537659262739144,0.0622321883712203,0.6543598529225279,0.27803136607652684,0.05125288737267535,0.20300533264568843,0.1603910710161149,0.15201115756037453,0.04763614941101666,0.013732496416975354,0.04648090491696631,0.013740574508738581,0.0017125856616169318,0.08222864280653323,0.04755020391801052,0.04377109412346393,240:94208
-1.580258146560709e-10,0.5545596295873113,0.5545596295873113,8.135824203491211,-0.4892179216159511,19.08657898701944,7.475708621264267,1.8923660676871512,14.146777326822304,20.55239089190561,0.3075363827680159,2765.625,2739.540908212196,0.008634981465863062,0.08491121288547449,0.5879383283132698,0.3185154773321412,0.04747158053795983,0.16906040045150286,0.13945726726454485,0.1749045474753443,0.05049314986443594,0.013453806658758621,0.0368573248276482,0.013475776192761768,0.0039239347945628274,0.07318613992991217,0.0417259856184557,0.047324258603668116,240:98304
2.7427127236023807e-10,0.6123332763555419,0.6123332763555419,11.551990032196045,-0.19136965064737205,22.451022261546626,9.468976062426627,1.9380074581006688,18.350946229589475,27.122453994988433,0.3749520413323124,2765.625,2760.124778183396,0.006921725762346333,0.0711925469308878,0.6228375446440378,0.29904818266006106,0.06137869892633594,0.19209629165416744,0.1536210954139136,0.16546086811882432,0.04645770113769152,0.01214918212656915,0.03738871691467545,0.012237200545549269,0.002602864417933893,0.08440376294914095,0.04703322417293895,0.044114916295018375,240:102400
-1.8096724119232022e-10,0.650659882158462,0.650659882158462,9.868347644805908,-0.15629297670678505,19.523723843813183,7.929625440701751,1.9412452335590025,15.393347590694137,22.863136577199626,0.4233582822504636,2765.625,2816.326308538846,0.005816241380384905,0.06181061655285708,0.5741564816444018,0.3582166604199942,0.055265796071880355,0.19546784428349417,0.15924247339913222,0.16836931993411056,0.04649942028479347,0.012116019721736803,0.03658747888450691,0.01214986343689543,0.002225194520962021,0.08807142153466276,0.04532090718706124,0.044868096183247386,240:106496
-2.571982626875524e-10,0.6387851742632306,0.6387851742632306,12.566633224487305,-0.21974694391509178,22.690754676082527,10.190766866536721,1.9938907125523258,20.319275409005346,30.56673261693496,0.40804649885850586,2765.625,2834.037884192253,0.006311425123306687,0.062294228599404824,0.5366133003345553,0.3947810459402825,0.056334466323886424,0.19249279009751535,0.16229660447230906,0.1642082388889091,0.04715368480509976,0.010924936242087516,0.03225074231597125,0.011174424493229926,0.0021024397872352087,0.08904470260086786,0.04931526164054681,0.047206530189082774,240:110592
-4.2805314848237686e-11,0.6464088624190154,0.6464088624190154,11.272435665130615,-0.3447020222015892,20.02359371119285,8.974378654580256,1.9586745795861205,17.577887338333827,26.475839412055585,0.41784441741384554,3345.703125,2868.960508189609,0.0055660797673069565,0.06016279869796125,0.4845431273173609,0.44972799421497783,0.05175424820382629,0.19161099467612067,0.15918888563202313,0.16927024779918795,0.050108538424830096,0.013066118479050481,0.020972730095479845,0.013171845469209843,0.001328151274315435,0.09017095929064306,0.04830233503424647,0.05000984090382647,240:114688
1.0687628559935547e-10,0.40446631082241025,0.40446631082241025,3.1664427518844604,0.03072164644971076,3.3456528975557225,3.9315636522574504,1.2909937925769037,5.075624270197898,6.164280229932021,0.16359299659029064,2516.6015625,2551.271683041969,0.0035396912800088804,0.010631825770117037,0.9673557987814653,0.018472684162295885,0.016608042378026985,0.11587945831857444,0.12410127640186108,0.04513960563038207,0.011665339197059626,0.08864650785846459,0.07120538939360121,0.0886280488240767,0.003496225894278358,0.08174596798014427,0.017976772877393018,0.011461679187618676,217:0
-1.776512270623698e-10,0.4086807661637011,0.4086807661637011,3.1784995794296265,0.02617467427341849,3.430752302789429,3.9097957184063836,1.296913945927681,5.070668592941983,6.172803733585996,0.16701996863214974,2516.6015625,2558.5923452993848,0.0035368066851054754,0.010203094390798756,0.9678909106627235,0.01836918825538503,0.011523254492798915,0.09992937606448084,0.10839666220642388,0.04161829336079542,0.015551420966323304,0.08688517450484619,0.0665041310880778,0.0873257994484456,0.0022102370596041128,0.11218955393533087,0.008639049200692505,0.017177102546820255,217:4096
-1.8850254690505608e-10,0.4192191920897478,0.4192191920897478,3.639657735824585,0.02587653312126786,3.7585585249288544,4.603216070701549,1.306986572470359,6.016341594601043,7.341416800812118,0.17574473101638086,2519.53125,2556.912950608039,0.0032922438316628625,0.009969892787281246,0.968179518547165,0.01855834482820073,0.024243894990148816,0.14213715497381404,0.14358568251172596,0.0347228837588241,0.010456199120956045,0.09013846672228912,0.08246536425521107,0.08978466673531425,0.0027596929152482077,0.09085105182155664,0.01741861101242266,0.0096112889744618,217:8192
1.7898571513796924e-11,0.4175172387324822,0.4175172387324822,4.052278399467468,0.024928071027956047,3.75471957576514,5.089960825220282,1.296904422309201,6.6011927036245845,7.989609866545567,0.17432064463879654,2516.6015625,2556.346202560067,0.0031653283011923946,0.009978189779043353,0.9683613345717342,0.0184951473422935,0.032636568257010085,0.09600774206018817,0.11998097142289624,0.03192315837624978,0.00959011322860906,0.08765068907257206,0.07667464151141393,0.08782385579067668,0.001957509550989987,0.11324599471360265,0.014441822086392954,0.0056362224216414585,217:12288
-9.136691403455188e-11,0.4074635940081856,0.40746359400818566,3.3302563428878784,0.032399807306625214,3.5882525351337002,4.183439419732421,1.3067259942484561,5.466609035141449,6.665138196200591,0.16602658044206753,2516.6015625,2554.6693592028873,0.003749352049971776,0.010821525144858212,0.9638817312899034,0.02154739150924353,0.022722327197628567,0.09747781757550177,0.10670880475413339,0.03966200890155599,0.00980415940782542,0.08408576989442174,0.06386510407679637,0.08465139994621983,0.001369854716789253,0.11515187423842804,0.016502074463471038,0.005886361818220074,217:16384
-8.981082544323726e-11,0.4256280689804345,0.4256280689804345,3.3598567247390747,0.032416894973543386,3.7588781267192135,3.9667994620486486,1.3119089153446235,5.204079579658106,6.3614045199986835,0.1811592531040135,2516.6015625,2559.2585496434676,0.003057193460829874,0.009148804733938663,0.9670322350815302,0.02076176671818113,0.038693014277245544,0.10368565397567757,0.10455513487271419,0.04402305060001824,0.008253018688389154,0.08452291386118649,0.07231518868428483,0.08391331895167423,0.002944507875075952,0.1048140172338208,0.023090312167171057,0.006711319263598597,217:20480
1.788169612382262e-11,0.418736985385764,0.4187369853857639,3.312661290168762,0.034551896089659834,3.5159627111818366,4.089306631504079,1.3065274295164553,5.342791281776377,6.549251998270692,0.17534066292995754,2516.6015625,2553.4540628376944,0.003240926697170692,0.00995908505122366,0.968646487835979,0.018153500409923414,0.015433281499387524,0.09786487889773078,0.11990930747836032,0.06298931481358719,0.010532913675245129,0.07910247090774895,0.06464589431143383,0.07944821402223697,0.001863082124438986,0.09556983867468194,0.0244052197828083,0.007058321271782063,217:24576
1.5091217164808768e-10,0.42747542553051554,0.4274754255305155,3.3168437480926514,0.041915269919617054,3.6341262510099375,3.917731073991874,1.3095185086667158,5.13034135338309,6.254699340490544,0.18273523943249537,2516.6015625,2565.0108223457214,0.0030659048810094745,0.009633489505874693,0.9671593734441778,0.020141232163465528,0.02912472806826411,0.12041870296312042,0.1485661856574351,0.04379164294273233,0.015629504907879115,0.08809536647932725,0.06896970844009392,0.0888087266103192,0.002129709477160746,0.09839811281399484,0.021735309498102578,0.016118226049333984,217:28672
2.1161739027775184e-10,0.4258114675587251,0.4258114675587251,3.4512035846710205,0.05538346655071643,3.7768589516310143,4.2629129736407885,1.3152945021303901,5.60698599730321,6.8609965291807065,0.18131540590451523,2516.6015625,2564.3642858147396,0.0031512427105226727,0.009222260945232619,0.9674569185870416,0.020169577751687713,0.015469069495720786,0.13256835105531475,0.14691890312836642,0.046033186072520986,0.013716786693551121,0.08932095058043528,0.07187483287793474,0.08973913235160097,0.0022269776033765343,0.11125105901958866,0.01892356952300783,0.013199293000635813,217:32768
1.3846701563124952e-10,0.43056009405457696,0.43056009405457696,3.4249616861343384,0.043502669476434955,3.542237995299552,4.061367908338203,1.2944270637535875,5.257144536425479,6.350174526896731,0.18538199459228616,2516.6015625,2559.275083458496,0.0028520179593163543,0.008633280336276706,0.9707400267228852,0.017774674976127475,0.025294802246149092,0.11933814051664673,0.14033322305846538,0.03945137072064367,0.01859621365785196,0.08995604365309293,0.056919872617346975,0.09019368451687675,0.00213717480371044,0.10669995745244976,0.017096728106027956,0.01007181879583806,217:36864
3.2170710539958236e-11,0.41764625121509175,0.41764625121509175,3.4020164012908936,0.05007701680406327,3.811206386597519,4.366692168807726,1.315578128970433,5.744724713243665,7.029456510428611,0.17442839115401954,2516.6015625,2560.2287044830014,0.003438608623166551,0.010155360834652244,0.9677195909044591,0.018686439631989064,0.018185650417453136,0.11846874979477162,0.13468521478348083,0.028844020818200637,0.019034614311277613,0.083346942399665,0.0737476912333962,0.08369483732124508,0.0015164277055677831,0.1073841534628844,0.007854813042547414,0.01481783397423273,217:40960
-2.0013635193549817e-10,0.43280088863199273,0.43280088863199273,3.6997170448303223,0.047119516733245236,3.7835455933409694,4.301868264032751,1.3081668083054987,5.627561276723442,6.857320294430566,0.18731660920064258,2516.6015625,2558.735107460571,0.003199178752100094,0.009257744300131134,0.9679620298243814,0.019581047118048756,0.02559202681682124,0.10553510502350731,0.11001514039291557,0.04002711437931799,0.012731426373899377,0.08023770644166257,0.06701792208580912,0.08038447728822304,0.0014890402583489465,0.08937326525076414,0.014726607111100258,0.009982004424919788,217:45056
-2.5622171051509213e-11,0.40694746667163895,0.40694746667163895,3.2363619804382324,0.04883387452919425,3.7550216495344486,3.9936836997425997,1.3127698614667729,5.242787597266085,6.3937604729215405,0.1656062406304647,2516.6015625,2558.452611269691,0.0034388652768381897,0.010422572080410438,0.967749998294004,0.018388564342708837,0.048036949564120746,0.1375738649662798,0.11198019243809905,0.03842682575221176,0.014112802023112676,0.0774896746640599,0.05905648386180729,0.07748051184661683,0.0017174642122334215,0.09710563745143835,0.014841113373735476,0.013755073213143135,217:49152
1.8670753831884213e-10,0.4074192748425761,0.4074192748425761,3.5386924743652344,0.05798656931149883,4.079095916460241,4.488833173143163,1.3305637877619632,5.972678869503579,7.364655375422583,0.16599046551325056,2519.53125,2561.042678833641,0.0034761549725621575,0.010170571474540148,0.9662743083906437,0.02007896515622949,0.059779714080949606,0.12865839195442183,0.09166913622185449,0.024794324327552127,0.011035920976589408,0.07654710866616408,0.06154863979352488,0.07657785004614333,0.0018253748825669165,0.11179576881150324,0.016932960179416014,0.01248357009476856,217:53248
7.085354525315779e-11,0.3997370491692752,0.3997370491692752,3.4468573331832886,0.044100924957022385,3.7755345991172105,4.542007661340178,1.3236987986142261,6.012250084627643,7.42398372628693,0.15978970847855958,2516.6015625,2557.3163979122837,0.0034594187479590074,0.0109868671814739,0.9662150688434343,0.01933864522087447,0.03142511001752208,0.10008589165513024,0.11493161659910928,0.035207869380414994,0.006561266691446008,0.07742753146403479,0.05469613184396046,0.07590914105986042,0.0018708406715965,0.12459556591895674,0.022103915001936574,0.0058405199130617275,217:57344
1.6921575252126786e-10,0.40463012522880637,0.40463012522880637,3.36188280582428,0.051158989558036,3.5846348465605815,4.177157558242516,1.3003664878343868,5.431835703156107,6.590177013071934,0.16372553824267955,2516.6015625,2560.6441480457966,0.003392703082028128,0.010808366114057865,0.9645972102024054,0.021201720595400812,0.03553787488886748,0.11821881782085984,0.13950001793384634,0.031411163089811164,0.019969101320580437,0.078506544526194,0.07071983184238131,0.07902824606443604,0.00164273052931465,0.08576236270627692,0.014300596189306165,0.014209843455523166,217:61440
5.1453064031647955e-11,0.4097423301114712,0.4097423301114712,3.375796675682068,0.05092027517868317,3.667579157199712,4.2921020760555395,1.310144432474818,5.623273638571496,6.853683086036312,0.16788877708517783,2516.6015625,2555.322502556106,0.003371484645766712,0.010447595290111918,0.9691196421442836,0.01706127791388137,0.012706698545353143,0.11047250773127043,0.1490683793176446,0.032284055006881134,0.0131523451345086,0.08418415165286162,0.07829320016357483,0.08354932937221807,0.0018818644630804859,0.1018728735800478,0.014884010655939616,0.009742771646108265,217:65536
2.1731239030486904e-10,0.4019877706693608,0.4019877706693608,3.237454652786255,0.0419094440691597,3.468954386894687,4.073509496637948,1.2985451566235957,5.289636027332587,6.441513266590578,0.16159416776772262,2516.6015625,2553.6408496819404,0.003605251931445758,0.010862767281958386,0.9684579036310036,0.01707407714940386,0.04158840716029578,0.12567215916387117,0.10855206184525232,0.02091817835677604,0.016273792704724843,0.082388739076453,0.06371410391645159,0.08210258569370796,0.0016578179268451638,0.07093198401283264,0.013504211921149754,0.009308806752232897,217:69632
-7.394618251055363e-11,0.39197935046425253,0.39197935046425253,2.9206998348236084,0.04381718853794126,3.5507726373232056,3.755355521697309,1.3027420943263917,4.892259717288613,5.947074137028649,0.1536478111903773,2516.6015625,2555.7526757048395,0.003781253640426667,0.011413801699716312,0.9661619657668545,0.01864297888649417,0.019185554524688835,0.11688442656286165,0.12040693080537879,0.047030713656551225,0.021165205852815918,0.07813415671733873,0.08548912034224257,0.07791377908493317,0.0024125358906468167,0.08818520015328055,0.009045358343240517,0.014500528487539806,217:73728
2.7778668254541117e-11,0.40887781038199283,0.40887781038199283,3.28071928024292,0.040366159015120695,3.627898872640294,4.059543538317794,1.302184264018326,5.286273714707636,6.436294536358393,0.1671810638227729,2516.6015625,2553.6462677193513,0.003300788864461807,0.010501525395280565,0.9689108578276432,0.0172868279066328,0.028592874168770252,0.09618712152263936,0.10799261499493516,0.04084088295001321,0.023541230759964102,0.07679873986068297,0.06140280024058101,0.077337851097446,0.002047678831482394,0.08130629790723236,0.0187771433417616,0.014635518376224798,217:77824
1.9312551557959523e-11,0.40339957096454043,0.40339957096454043,3.315637230873108,0.04507496066849018,3.691844308153163,4.125779683567749,1.307161494774163,5.39306033829466,6.538930253007439,0.16273121385437525,2516.6015625,2555.5572886261357,0.003482617580281178,0.010781152337168445,0.9668249571280549,0.01891127294835053,0.018003104117070068,0.08966776420716081,0.11747527809337388,0.03327328681688416,0.020054507618017595,0.08849833538273062,0.06560013591322875,0.08779507652186498,0.0022510918144530425,0.10185271168927117,0.018759027664217463,0.01028446350465784,217:81920
8.134293238981627e-11,0.40820028280514825,0.40820028280514825,3.419384002685547,0.03750235551158686,3.637214946206703,4.227352390927378,1.3046474795046767,5.515204641814984,6.713168839139782,0.166627470882203,2516.6015625,2556.7911967083255,0.0032183550162198176,0.01014967965288178,0.9677666964661438,0.018865268858753153,0.023626657189079803,0.08513707693965884,0.10715901598514516,0.01942549670430895,0.016337116587266127,0.07481013076046984,0.0792954067479981,0.07515383495252385,0.0037722880469166385,0.07642490475220824,0.019481631356741455,0.011043622472530247,217:86016
8.111733507121244e-12,0.41080626001257425,0.41080626001257425,3.1292202472686768,0.037154760031493185,3.415656432705809,3.811790692480629,1.2925494299065454,4.9269278865009065,5.960501131675422,0.16876178326551872,2516.6015625,2560.295035636536,0.0033352473814081997,0.009865882955446301,0.9669679102103759,0.01983095944684431,0.020485586960218717,0.0640873631734231,0.07361650586593757,0.04734160731474274,0.014500677209230014,0.0913194241350921,0.06597212198697902,0.09181257273202943,0.002170135286911365,0.1141133332809397,0.012239165453858829,0.011655378241830598,217:90112
-4.4582115776847786e-11,0.40779436890977966,0.40779436890977966,3.2633811235427856,0.032288011889941286,3.548637018981435,4.007473507901049,1.3022213442929913,5.218617538690251,6.357674126300961,0.1662962473145254,2516.6015625,2556.499594852263,0.0033710862188239144,0.010386154106436117,0.9672000575537796,0.019042702114947015,0.02677919292070871,0.08393055300203346,0.09148112752296823,0.04539595052081099,0.015129845107413926,0.08692641513741904,0.06965330681121819,0.0847033905749248,0.0014865293180451684,0.1263934646055572,0.015346437585235547,0.006942319607977152,217:94208
-5.149793785852452e-12,0.4052129202461592,0.4052129202461592,3.192217230796814,0.03644344893988401,3.581617286839624,3.996718207603444,1.296916016553197,5.183407857103484,6.275504542224193,0.16419751073442015,2516.6015625,2555.979544357002,0.003521874225379284,0.01021578315418822,0.9662632525829673,0.019999090031375084,0.026456489722049545,0.07817142459522146,0.07586529803283511,0.04443209393533024,0.013233809711530521,0.09162835943338705,0.061505571438700675,0.09127259736703978,0.0016926750283506409,0.11733311222735834,0.01308985115197104,0.006188244187993873,217:98304
-2.0536816691674176e-10,0.41913968051342554,0.41913968051342554,3.2602272033691406,0.03480537221255403,3.6116717552996533,3.9055540238462427,1.298689991983443,5.0721039239318815,6.137887021693537,0.17567807178089642,2519.53125,2560.068318028836,0.0031825509835150495,0.00894324788439849,0.9694845316937473,0.018389669432646905,0.03489627792593107,0.0982971429097265,0.09731110750312334,0.04628987663773143,0.01917670953996148,0.0958364608256597,0.07845189715939219,0.09579073645161806,0.0019687513880843003,0.10849750612190319,0.00849510873498692,0.01406280511696712,217:102400
-6.976641486744484e-11,0.41975674026018317,0.41975674026018317,3.4054794311523438,0.037859710737979495,3.5149909563164714,4.189203334051032,1.2961632092797883,5.42989123780211,6.579155400144314,0.17619572099385483,2516.6015625,2557.9524592160615,0.00338068801302196,0.009805539573025388,0.9655273595325696,0.021286412875707587,0.009245734441204754,0.11112562538661555,0.11614722865631151,0.04986321417424873,0.02078960683390818,0.087189715093463,0.06927466061894327,0.08726816939629956,0.002295971557003538,0.09359618103315921,0.0138615307980173,0.01264811054748602,217:106496
2.318323311101267e-11,0.421180185296364,0.421180185296364,3.1871585845947266,0.031186803676574396,3.465866646616496,3.8996936584343946,1.2905362378330554,5.0326959826692965,6.069469135040768,0.17739274848627945,2516.6015625,2560.5046222449046,0.0032071521899541783,0.010213061439700936,0.9631228534729924,0.02345693289171534,0.022187743431295648,0.09986227488327135,0.11305230781712386,0.031703322639741835,0.01683420745834744,0.09130951084089903,0.08478580556699833,0.09362030664499227,0.0023161201465347046,0.06731993021365876,0.010579389619604534,0.00608833903988566,217:110592
3.1700109204280125e-10,0.4362985761556433,0.4362985761556433,3.4704458713531494,0.04519659546089032,3.4211969190503932,4.18618324835194,1.288627544475924,5.394431040062371,6.507835359794805,0.19035644755544165,2516.6015625,2565.5984345926913,0.0030815859603395028,0.0091921251261477,0.9670319058233935,0.020694383084866087,0.018229659275090918,0.11859204921016828,0.10014047590971123,0.05042616100908542,0.02199023396653213,0.09579540139597975,0.06668913830357524,0.09565327102239948,0.0026119608720962147,0.07127591375518338,0.010325198089714615,0.010574076453892137,217:114688
1.517364012215694e-11,0.19547600231077217,0.19547600231077217,1.433469533920288,0.006894171618012692,3.0869115267182146,3.793564703694043,1.2581761272666905,4.772972547453799,5.640943257198314,0.038210867479400994,1385.7421875,2389.272958413461,0.012136181815000525,0.19872679653920405,0.7217327533947426,0.06740426822488228,0.06237196324003564,0.03396949954880935,0.02322221727798842,0.08290288136065233,0.0577127716237579,0.027308204134272315,0.09271949012461936,0.029238666267777328,0.005603692474555771,0.06177614016764561,0.00690849629640906,0.05298904855706579,229:0
5.5714100000159306e-11,0.19746312421539386,0.19746312421539386,1.3912301063537598,-0.04643410532361224,3.0730358752190012,3.5611451982956916,1.2577356973812206,4.4789794394769,5.299964973174064,0.038991685424904075,1385.7421875,2408.8243561316253,0.01187034898085987,0.18159455780920367,0.7377737701664513,0.06876132301783858,0.022403947968704065,0.04643028084024139,0.017404271772180367,0.05484682960079877,0.08681194042400286,0.0122890227994072,0.10807326541571795,0.014105554988358323,0.015074436027324988,0.017926445235225748,0.012283675574449022,0.07545734268975898,229:4096
-1.0340217571069843e-10,0.33290596246396525,0.3329059624639653,6.773923397064209,0.09714335942691658,25.578041985034655,10.289100732735593,1.547846399741941,15.925947525794793,20.0571851567035,0.11082637984405906,2586.9140625,2585.3217636081768,0.004066328666628623,0.06376321460949637,0.8868654148024212,0.04530504191243059,0.1425624231251991,0.10084123292424231,0.08283551855149654,0.06504137554287717,0.00942963216474214,0.009123132638811801,0.021026906126625736,0.009876528645343819,0.0013334023889840598,0.07908251411024306,0.06273132588828605,0.01205775134458641,229:8192
1.0343903511511598e-10,0.3731898431942045,0.3731898431942045,5.867549180984497,0.039968093444939796,11.121615886549854,7.947310604855761,1.487515881331607,11.82175073862972,15.003035161222957,0.1392706590633149,2586.9140625,2606.918883944233,0.0033024992363915972,0.05100438732161781,0.8968341717300072,0.04885894170480314,0.11371515913450628,0.029564498633396694,0.05233913920043769,0.06575744611503467,0.019754532673326285,0.014103063747804546,0.010815369723225686,0.014788372519425488,0.0022615820102896166,0.0921412015426983,0.05228693897879817,0.024950564857978627,229:12288
-4.155564781171961e-11,0.19379837509271397,0.19379837509271397,1.5580351948738098,-0.04150506522367728,3.1143086138536846,4.094265075479512,1.258085113123524,5.150933940668914,6.0855298694619275,0.03755781018857627,1385.7421875,2418.640550597541,0.012327206193143763,0.17951655337393085,0.7380069251851386,0.07014931522116122,0.03805345388482086,0.03378541991138915,0.023826824546509296,0.07635752672834428,0.05532017788768763,0.04390766388019692,0.06929733957975216,0.04683676459210593,0.007625686858915658,0.05114672001385957,0.01685253186849123,0.04568053204551896,229:16384
1.416913253393659e-10,0.4857740318318688,0.48577403183186874,6.795925855636597,0.01075331283451692,8.153403364123266,7.398487183375465,1.4538999895490536,10.75666043861054,13.638351691911831,0.2359764100021895,2586.9140625,2690.0548178868016,0.002010048961874996,0.030175752776597915,0.9213916488846372,0.046422549372652,0.03894044260046933,0.13094564959987817,0.06689334028134204,0.031520953448231484,0.039919949079715716,0.016174288312912687,0.01657978798861816,0.018202059327111535,0.0038021987919994596,0.13637640169775955,0.11438636091014596,0.044046546818510474,229:20480
9.137934853242768e-11,0.20721851811155487,0.20721851811155487,1.3894402384757996,-0.062477578645745116,2.8901352557273645,3.4136447209054435,1.248750218577641,4.262789591397654,5.034511432447649,0.04293951424834879,1385.7421875,2441.0148986957065,0.010434072406562394,0.16209629815098792,0.764701696908681,0.06276793251048045,0.04987646026378013,0.05321305366514859,0.054737352363198606,0.06003727674835559,0.059526328354579695,0.007934002469972133,0.03415677191871056,0.00841890409183217,0.01028927270544462,0.014575623470721734,0.042655269487197715,0.05838655725400357,229:24576
1.262083770825484e-10,0.19129639765933082,0.19129639765933082,1.4444282054901123,-0.006897451174066264,2.9958030039028047,3.805094770215719,1.2494863253145736,4.754413881935395,5.5886610896857185,0.036594311757436826,1385.7421875,2413.0227334979604,0.012052285736718371,0.1892200367928538,0.7168124238960694,0.08191525354703193,0.02710817893154063,0.09763428843074,0.06883574136592352,0.02598905785672095,0.0806181809312132,0.012035305253728734,0.032031506812301866,0.014670279328936506,0.014579232557732535,0.05500984188192848,0.028205173128756544,0.08030434300516813,229:28672
9.669420819591323e-11,0.5276081942426375,0.5276081942426375,7.107311010360718,0.020865008990412815,8.432655823836864,6.8671478214610255,1.493802095908562,10.258159808631838,13.28183028289592,0.2783704066319766,2768.5546875,2669.9287406305843,0.0016645899322062323,0.026489883476083626,0.9276546587647623,0.044190867823355594,0.1377331578254422,0.05042366237463702,0.09751594245584609,0.03182907514472272,0.03390568114522503,0.007365919310428499,0.01147072908588656,0.00794578904947784,0.0017046762978627874,0.07712216769028242,0.12146296819660203,0.04512066354199633,229:32768
-5.2878479372964193e-11,0.20057900197244613,0.2005790019724461,1.6020089983940125,-0.0033619464502501295,3.16550203461033,4.217160442420681,1.2664056083239315,5.34063563551001,6.336755868679511,0.04023193603226254,1385.7421875,2422.7357162431144,0.010199177580026723,0.18145863070590895,0.7387289051855563,0.06961328650365213,0.04885217944857,0.07432734087199365,0.023562526289611273,0.0750304748918264,0.04983438949782965,0.02289356958695865,0.01789107724006019,0.02580170682152156,0.012455271496432661,0.06589498625308672,0.0380775242593791,0.04369258039397576,229:36864
3.1728841776157424e-11,0.1927023305505268,0.1927023305505268,1.3503785133361816,-0.01956606397719351,2.8589992267174082,3.586841345299409,1.241805404957801,4.45415896934203,5.223588264112088,0.037134188199604505,1385.7421875,2409.2765136755534,0.011202309726338868,0.19377774987849747,0.7207000878141768,0.07431985255405736,0.03960978314433328,0.026553961591692724,0.029779171239616126,0.07883101008191061,0.07557849807336002,0.02028039750073903,0.10339582848894337,0.022616776089638534,0.009869346798044156,0.013545925060889622,0.024195573666359924,0.08711494248955891,229:40960
-2.8173019472887972e-11,0.22248273556474474,0.22248273556474477,2.1213269233703613,0.005065446403452084,4.005484719063379,4.98534374037219,1.2822241543232196,6.392328161538019,7.6116130353672435,0.049498567624372145,1385.7421875,2460.8683874185263,0.008330975818056422,0.1472573427281964,0.7870706797496217,0.05734100168392283,0.0297807777447717,0.05368197706001396,0.0414158169638998,0.058104664270464776,0.019067778468729524,0.014911343729126813,0.026297337748875476,0.01619031782104676,0.007489126463223472,0.10082472519307108,0.05888778672955345,0.01899815519367163,229:45056
1.1687983914043798e-10,0.19855263435850795,0.19855263435850795,1.5007208585739136,-0.03393401905503456,3.1557533528021047,4.137891966785862,1.2583619224549123,5.206965690261619,6.150706114192688,0.039423148610703354,1385.7421875,2434.709653500104,0.009675250594428912,0.173884361996915,0.7462457693212728,0.07019461806201743,0.02620378684455329,0.04747157489322292,0.03563255899629234,0.0789649304746746,0.052068092424449354,0.008815365382529312,0.10441860239044722,0.00944239672467106,0.009484320670218045,0.036991296115571094,0.005443738324694557,0.042969129448615015,229:49152
-6.064770907698858e-11,0.4360163432001712,0.4360163432001712,6.835884094238281,0.04692991549117385,13.386389522995234,7.882104934180741,1.613364080947842,12.716704983098127,16.85146838706819,0.19011025153764946,2838.8671875,2676.5380393791065,0.002061271455132886,0.03635010867606285,0.9034659791134497,0.05812264075009444,0.1417069110891127,0.04248573911661388,0.08908415639512109,0.030458128383523794,0.017994838677195667,0.003050181628964282,0.023856137383409328,0.0042413576905064795,0.0022318618099431346,0.08449723215388114,0.07115193468744352,0.017857443710429917,229:53248
1.434912189068882e-10,0.28941546613418107,0.28941546613418107,3.446333646774292,0.02126163242440504,7.566003786397112,6.079719581173086,1.4047664316183275,8.540585981314099,10.549970754012032,0.08376131203766528,1385.7421875,2543.1060691365165,0.0047197159052161045,0.08418402188212738,0.8649560689117871,0.04614019328893069,0.0341694002494888,0.02129722355388114,0.0428308430202928,0.02860788800530206,0.07865128851621596,0.005505186848482314,0.02055477213906682,0.005673172676294183,0.00534230749734145,0.06854595888466221,0.12509441770173246,0.05038559881117745,229:57344
1.5627055205413853e-11,0.19678784451387973,0.19678784451387973,1.5232301354408264,-0.00833562202315442,3.081246705517302,4.410552744383734,1.257916479683281,5.548106981700815,6.565422449966166,0.038725455748418895,1385.7421875,2426.795173008729,0.01016784335193404,0.17589811883626516,0.7390483374000294,0.07488570038594874,0.03113785613895712,0.06662705682912978,0.04462684244180749,0.1139681645207543,0.06504532442621604,0.01436119882791508,0.05777726353165198,0.014729077677200999,0.0059727295180810065,0.022030083511881522,0.021945434588773342,0.06512039411190437,229:61440
-1.517950209972696e-10,0.5805416603003636,0.5805416603003636,6.945780992507935,0.04476058941981191,8.258172285136904,6.098680858091594,1.5323782919088977,9.345486156235985,12.24542933721502,0.3370286193443027,2806.640625,2717.184444123904,0.0012759019827330057,0.02163443566009239,0.9092252490717813,0.06786441328242651,0.17623596239877243,0.0807036506808477,0.13257299018441712,0.016525003427348785,0.023766844468883705,0.0038114239414763023,0.018730227916605245,0.004893655377762798,0.005420109163518104,0.05837123735754427,0.1384594430107144,0.02074678409667347,229:65536
3.8753000808355864e-11,0.2734608343882959,0.2734608343882959,3.076310634613037,0.020261943328403784,6.260601675025396,5.721600793648841,1.3522015294047234,7.736757343843533,9.383965058688682,0.07478082794434297,1385.7421875,2513.5403066985477,0.00548142486384437,0.09939493486209079,0.856473743302652,0.03864989695804048,0.1260178767327806,0.09066602992113466,0.025584202853857162,0.034490751805893664,0.04575105677053561,0.016707138027124244,0.028759698344102927,0.0204354373264404,0.0056800424811584635,0.07650790139837768,0.06592534585790537,0.042548014143255035,229:69632
-1.2413008121381353e-10,0.20516721993522677,0.20516721993522677,1.5574218034744263,0.01628068059471467,3.0415399744471503,3.832216894633967,1.2498073460207446,4.789532826481683,5.640912409378138,0.042093588135949704,1385.7421875,2437.9445411712145,0.009297220355503824,0.16970061011823515,0.7618657381778194,0.05913643132468499,0.038105723088207255,0.06219677451931015,0.03627385227534964,0.04649387767076189,0.04456113696473466,0.01586527440005319,0.030094766901322685,0.019091600132863498,0.006612742023927911,0.028776897320324683,0.040262171225775245,0.04101266869534835,229:73728
2.362483542128757e-10,0.6015999366905279,0.6015999366905279,7.542755603790283,0.03604966532271578,10.118001574261648,6.436735197100526,1.5661226073536123,10.0807165097446,13.17967413198143,0.36192248382604714,2583.984375,2651.775291133514,0.0011729110345942042,0.01986915886044028,0.9350087349417616,0.043949195160440956,0.1197436479833069,0.0779913837350582,0.06640325542062323,0.02582132511035728,0.03485903454691517,0.006374362167450358,0.036847572172539485,0.007719305736542481,0.002319307743328568,0.07930175606253193,0.1019981894848359,0.033979755386889944,229:77824
-4.9538151358774485e-11,0.3254121974093845,0.3254121974093845,4.124847412109375,0.04837904645949812,10.115464334628305,6.614140683838477,1.4587784778193198,9.648566078882379,12.032413848248567,0.10589309822280424,1385.7421875,2561.877442733272,0.004037144851686687,0.07011805254188319,0.8738000131998896,0.05204478939709688,0.11597932164987165,0.09667249346640301,0.09587160994181387,0.0309682095032957,0.03514693583624665,0.003110077864949407,0.018576124781350595,0.004316943889404219,0.0030326457910762154,0.04556841752592411,0.08135049709841997,0.032738673837738826,229:81920
1.3381828978253907e-10,0.20177573562323547,0.20177573562323547,2.0529069900512695,0.019127644376253094,3.66222633175538,5.494740970665184,1.2793840535710475,7.029883976407375,8.375598705204,0.040713447486297814,1385.7421875,2436.8057943606614,0.010433287364527904,0.16545210866989313,0.7633013671767035,0.06081323676431359,0.054079266336189265,0.05147122040570169,0.041663173961371855,0.14484527106155243,0.0375120751555302,0.0066451459357057836,0.07325251729170375,0.0075307081603870505,0.00658370208394634,0.025000945757491858,0.023216249967008617,0.0341250746399742,229:86016
6.800959795327799e-11,0.3801796945986589,0.38017969459865886,7.527785062789917,0.07604556493536872,27.029262306347285,9.930594577697505,1.7172863723452123,17.053674737610038,22.21775709937585,0.14453660018512954,1385.7421875,2645.120630176275,0.0030460842586564913,0.04989860472976499,0.886757976082937,0.060297334921722796,0.21713668687029494,0.022382233518826827,0.0570588862939298,0.031023627181380756,0.017803753660564046,0.0022454134177664047,0.02350976000987264,0.002574984024554547,0.005055739198951144,0.07581169549808194,0.09769971376010066,0.020951783273215216,229:90112
1.694600015866854e-10,0.4515250169311538,0.45152501693115377,5.7869226932525635,0.05009536944976694,10.232958024813875,6.501759553062098,1.5861851199171244,10.312994256368953,13.67178006245591,0.20387484091467867,2771.484375,2671.7588368256716,0.0021039781482821906,0.035263050728246086,0.9122190153400241,0.05041395577854267,0.10972919220947665,0.09050543384360682,0.035291443419075606,0.02926988227689995,0.017154394022541354,0.006060746924495587,0.019207429606241944,0.006126170743801753,0.0011005014415106371,0.07424615983211928,0.07531755021270815,0.01915996266771808,229:94208
-8.15809642062959e-11,0.20538059588601584,0.20538059588601584,1.3774860501289368,-0.036770369590366565,2.878527568810111,3.420408914199209,1.2442949578200326,4.255997565641491,5.000884323384822,0.04218118916649495,1385.7421875,2451.98732534766,0.010285494715861002,0.16179869702709102,0.7621569518943595,0.06575885633898132,0.046615238624539895,0.03250238202611273,0.020677598240342644,0.0637727553354357,0.05307513949880415,0.028141792603877926,0.11084130725920549,0.028995728909779972,0.008307473751487403,0.026225324853583233,0.02249678762292425,0.06319324330839875,229:98304
-2.027569223628234e-10,0.394013795357084,0.394013795357084,6.528783321380615,0.03814856666158479,15.408640579623647,8.549223893453142,1.5524431748238998,13.272184283466421,16.940462451160457,0.15524687093169404,2586.9140625,2649.036551462759,0.003006990620057123,0.04758637419297259,0.8994454367743085,0.04996119840622038,0.09690393402482313,0.1125796455138738,0.012271532046995572,0.032363421733286026,0.02637271272431813,0.0020728475787318784,0.051638777397362785,0.0024536788868269807,0.003557075942558359,0.0923315127401696,0.08528990272562181,0.029475241405886747,229:102400
-7.686296044084884e-12,0.18892054800984398,0.18892054800984398,1.2930349111557007,0.012199024679756348,2.9452121003750604,3.555427886059352,1.247344981131363,4.434845129474099,5.199620634592278,0.03569097346033977,1385.7421875,2361.769386035186,0.012202755131801475,0.21035776362210554,0.7058666889078311,0.07157279231024359,0.026283273839385144,0.07698910064729236,0.04311715120462082,0.09156363782302529,0.07214529186563183,0.016662898072994335,0.04056530360547747,0.017202214278676714,0.014899167815620578,0.036649594188911574,0.027145988341514368,0.07189218130384513,229:106496
1.779723035610914e-10,0.2007961056467738,0.20079610564677383,1.3851860165596008,-0.05142734591078694,3.0057996047451536,3.5299511052747423,1.2601382580510152,4.448226436828323,5.272240355558187,0.04031907604291036,1385.7421875,2422.7681377010394,0.01095106992168404,0.17729956682172182,0.7457714440844527,0.06597791914733933,0.031179897292937686,0.04020314371540821,0.03509568703540163,0.09539451550318466,0.1113209539696349,0.019368520931833992,0.061129580125194066,0.020765855510628706,0.0043866444572941326,0.03644274154553532,0.012832680236347094,0.10031407405959467,229:110592
-2.6406432596104423e-11,0.19817932069651095,0.19817932069651092,1.5597208738327026,-0.0004507122626801253,3.282035686480082,4.0843355138283695,1.267827242858364,5.178231833431651,6.157502798238892,0.039275043151730527,1385.7421875,2407.4381111822236,0.01163820917371539,0.1857614676436309,0.7380355268944077,0.06456479626278469,0.09874190340002191,0.04258895056563461,0.0564579881291811,0.08641178012085286,0.046926245187504656,0.022634783061001407,0.05575349206131249,0.023568260129582786,0.009224247327270037,0.038251977627025965,0.01765634753324431,0.03877018506870371,229:114688
-1.2138823279883582e-10,0.5809563804447435,0.5809563804447435,8.240721225738525,-0.18671772539562514,18.01136794544349,7.259343504923151,1.9113376977403502,13.875056901830062,20.46136595951434,0.3375103159794575,3292.96875,2799.947832330057,0.008360982728305601,0.06649657608207685,0.5752495541623761,0.34989288702427873,0.044558130042169256,0.18617930854889028,0.1637821901536696,0.1725580886417764,0.0416137495971111,0.014734841667809024,0.043800655766573736,0.015136639530285967,0.0028434305797564513,0.06435838389142634,0.04963346638767026,0.04156312235866872,241:0
2.0732021654978894e-10,0.5751446090663003,0.5751446090663003,11.39707088470459,-0.30235962655492654,22.43019933518758,10.145736471227675,1.917224246896587,19.451651965294538,28.58749870478903,0.33079132133802736,3292.96875,2828.7004218424368,0.008542810098391777,0.07082620595382251,0.5040028835221041,0.4166281004226587,0.05842620884785033,0.18191180050139555,0.16192429888309598,0.177315762982447,0.04404344432745402,0.013669445219646598,0.030001210553121372,0.01448137750124167,0.002997134002973736,0.06656336897067353,0.04666587778476272,0.04460091174361619,241:4096
1.3393020026342128e-10,0.5851170350189353,0.5851170350189353,9.609375476837158,-0.35473267472732267,19.303144585050727,8.379841054538712,1.8898315859842212,15.836488310421649,23.16065469072823,0.34236194466935005,3292.96875,2884.277298949434,0.007367821835670576,0.06801144769901758,0.4226081525317935,0.5020125779305975,0.05760840616424246,0.17075815839027453,0.13623575674228283,0.17850026588089268,0.04735779982714725,0.012425555988888158,0.026114164148852308,0.013240518691343501,0.003817462040347928,0.05705930884389327,0.04882170628124351,0.047611858137769164,241:8192
7.124079104414704e-11,0.6056319111012018,0.6056319111012018,8.737905502319336,-0.3974605956833309,15.736674110077498,7.41768354986782,1.8443398823034316,13.680729605349905,20.0029177607437,0.366790011744094,3292.96875,2894.7710626705534,0.006963766800686944,0.07082868841009245,0.40215990071792307,0.5200476440685712,0.04296233766220516,0.18236507662755658,0.14584125483301055,0.19304733910501504,0.0508529377305918,0.0164983242396777,0.027786970799451187,0.01580718001441086,0.003440724833080264,0.06839935607988912,0.044324430184014676,0.04948019054700798,241:12288
1.7636225813078e-11,0.5950514151701849,0.5950514151701849,8.241914987564087,-0.29738504993277703,14.428875402991991,7.490456475583653,1.843089470592732,13.805581460104577,20.16966021664619,0.3540861866960397,3304.6875,2919.6542057717897,0.007596973982288958,0.06601949358458119,0.3726199787180903,0.5537635537122155,0.040808219930814085,0.1746574319635112,0.14462316883197307,0.1915099799611113,0.052496619406720686,0.016140549161929595,0.03685087510210599,0.01594333752074742,0.0011476213195401209,0.06702502185337081,0.056096234189589755,0.05171459130863206,241:16384
1.692250783946747e-10,0.5696435547537331,0.5696435547537331,8.934559345245361,-0.39141186901995145,20.31407337883812,8.365315922334547,1.9385679862782428,16.21673364216987,23.757234020903667,0.3244937794724692,3292.96875,2867.1933496533993,0.007538032767303679,0.07218562057125275,0.43968559612294206,0.4805907505354199,0.03553970430207057,0.17361120135071942,0.16158516644458182,0.17128935890490452,0.05241014452745639,0.01454090628937054,0.03526688504853155,0.014099618693923174,0.0012746279121341314,0.06361969909076486,0.052014670621608756,0.051733698543872886,241:20480
1.6221379794956192e-10,0.6010598654092535,0.6010598654092535,9.08033275604248,-0.3961768513583478,17.38615067984758,7.76627295328987,1.9052409740898977,14.796621446598635,21.910681219603806,0.3612729618057899,3304.6875,2896.8755168867165,0.006831421682005711,0.06856789389776057,0.3947660417063923,0.5298346427110734,0.03863874758475017,0.17113691006106674,0.1614954576179496,0.17402572389950893,0.04974589567022148,0.014082911309812684,0.03133508079770862,0.013935424201201788,0.002008112643664829,0.07342441210071325,0.04254038377039635,0.04943871851295182,241:24576
1.3061551840110042e-10,0.5762205998407038,0.5762205998407037,9.870203971862793,-0.4940144593669501,18.475048086351702,8.663975342250973,1.882966407822641,16.31397452769056,23.781645746186282,0.33203017968078047,3304.6875,2877.566728382669,0.008127806670667493,0.07325386653358465,0.40486212915028685,0.5137561976424492,0.04440313627494422,0.1864497997631259,0.14961997377468528,0.1583983955541708,0.04453791563083127,0.013143896706934242,0.03465670778085464,0.013134926940171295,0.004406278115801478,0.059683155581099025,0.040188028485943626,0.043524224298358,241:28672
8.126121997520386e-11,0.5306713361613634,0.5306713361613634,7.933122634887695,-0.6165998576085083,17.658532817489373,8.254380233150753,1.8215359037217218,15.035649957683304,21.40233846866497,0.2816120670232867,3292.96875,2827.3638529659443,0.008113866203664137,0.08717349475994599,0.4369097267425229,0.4678029122903161,0.03758028394388007,0.16286524258175986,0.13344247375129922,0.1911172487422083,0.05007962163275382,0.01444195397239428,0.03416769805046778,0.01423667069173206,0.0006506576623925282,0.051562582187495314,0.044050641658274735,0.049100001165205014,241:32768
1.0887180046381673e-10,0.5920119030064417,0.5920119030064417,12.306025505065918,-0.2752741256622693,26.099835935944288,10.607660789070948,2.0110122630183036,21.332135928796124,31.87349889669226,0.3504780933013084,2824.21875,2772.4666203134075,0.007170647703295243,0.0700595791504573,0.6139691029160723,0.30880067022732205,0.06583881718673637,0.17093509430246304,0.13527739890414578,0.15206065757579118,0.043573920884285196,0.012233129256163015,0.048847152741425905,0.01043686838894555,0.0024537785423030304,0.0587593786111088,0.04658568673323183,0.04165715848309107,241:36864
-7.972289495228324e-12,0.535480623179873,0.535480623179873,7.590551853179932,-0.41193507220065134,16.89346615546432,7.353359076459896,1.86821642329037,13.73766619301934,19.93438740783156,0.28673949780110514,3292.96875,2837.1926800914835,0.008923579215518758,0.08120747723174082,0.4352572800746582,0.47461166347459477,0.059653287926987555,0.18487200015999122,0.14664469017723142,0.17792566822424538,0.04764663870894132,0.01567535200066636,0.03099256321644473,0.015512913516402193,0.002780676683846934,0.05957580781661412,0.04195598170721147,0.047399639610104835,241:40960
-3.4443203844602976e-10,0.5823816595868421,0.5823816595868421,8.61562967300415,-0.3505294788225936,17.977384860145495,7.725301626810868,1.8940710666409066,14.632270292441518,21.514116528419837,0.33916839742312443,3292.96875,2892.078237345262,0.0076800277405989405,0.0721039193388101,0.38924670130587163,0.5309693516117711,0.03315777960713335,0.1767160005631375,0.17870569135026781,0.1824835914058047,0.048348648550986646,0.015965248351611862,0.03477113608133887,0.015992301682275247,0.0012243163754573317,0.07838762516500661,0.04760127481652365,0.0475525425455586,241:45056
2.361080220225631e-10,0.6030331485733353,0.6030331485733355,11.246613025665283,-0.19448112772613,20.01536653714853,9.337952558443828,1.8826601303737132,17.580190981132557,25.650974929083493,0.3636489782782705,3292.96875,2786.3634366727497,0.007885568456644643,0.07424870753229151,0.559447114655752,0.358418609352562,0.052120763303022476,0.18607237100890797,0.14794922858590262,0.1799341848820432,0.05456813677950204,0.01506875628102534,0.039210811283857325,0.014667039482594117,0.002440295633242764,0.057087658702766705,0.04514360907077549,0.056520042055169306,241:49152
-1.191331477912172e-10,0.5502726891449329,0.5502726891449329,7.784685373306274,-0.3615598944327464,15.69530429974394,7.541471181733081,1.852124547692107,13.967743901425825,20.250622291358727,0.302800032418796,3292.96875,2814.4336647224404,0.009251127657576965,0.08122970039831702,0.4653710437819231,0.4441481281588804,0.049422882606466705,0.18529437306524993,0.14565374181007074,0.1725548958312322,0.04820730069449357,0.018704437104480224,0.034035691722398835,0.01814543817936738,0.0017751504280813953,0.05338849058067459,0.04184873617823336,0.04889667676015475,241:53248
-8.899903036763135e-11,0.6135197061163673,0.6135197061163673,9.833624362945557,-0.11686013366909176,19.469329683899403,8.575785007262791,1.9355042044078663,16.59846793768213,24.618032255231494,0.3764064297931137,3304.6875,2833.731221798804,0.006973039792537205,0.06317261718831993,0.5340541938040536,0.3958001492124328,0.040817135789872866,0.18450540918756209,0.15904744177491625,0.18082136239507515,0.04649009236973715,0.014050316237981787,0.038645966291923364,0.01348830441934861,0.0016736836422735007,0.06740862144155689,0.05226183254624159,0.04637133775704829,241:57344
-9.277845158806031e-11,0.6154393176530824,0.6154393176530824,10.970301151275635,-0.19749310328765213,22.605134407287366,9.004123314069076,1.9965899922272496,17.977542497679586,26.92980444588673,0.3787655537132915,2721.6796875,2858.8002548681657,0.006970599769381211,0.06052766456325493,0.5147375925001615,0.4177641431645623,0.07163596346609018,0.1893565005202732,0.15295981075022588,0.14720134210516567,0.040830020070359754,0.012173812157226653,0.04160385056370234,0.011539368744755836,0.0006562627868328005,0.06422730512634361,0.041185579568118504,0.040375160415444956,241:61440
1.0772627234700849e-10,0.6258511342671244,0.6258511342671244,9.94868278503418,-0.2428625323030217,18.234221825770337,8.31859791005843,1.910007322949572,15.888582924909995,23.511287134287947,0.3916896422634461,3292.96875,2901.5783597615514,0.006962030157585021,0.05955796961866191,0.4331532237415605,0.5003267764796395,0.06005388957820601,0.19772068158935427,0.16722524206094805,0.17959222557976942,0.052985333702301546,0.01359373909284226,0.022543204722205206,0.01356082428198104,0.0008457117023596489,0.07603256117604834,0.05130571617913447,0.052512494490265044,241:65536
5.200226915746953e-10,0.674339961617785,0.6743399616177849,12.526322364807129,0.0026031279258824282,23.838199302879453,9.410943374247507,1.9894809721642253,18.72289277320817,28.23533422478834,0.4547343838346756,3292.96875,2869.521055493349,0.005565665494381201,0.0564467030047165,0.5192188204154765,0.4187688110832268,0.06219447943257627,0.18695815549516376,0.1656995934452602,0.16545452797921198,0.048736921643146476,0.013288157751751828,0.03336416444759037,0.013223920310758109,0.0007958038355954413,0.0690997313654076,0.05184019885220611,0.0490025999655751,241:69632
-4.41161773778731e-10,0.6110967503498932,0.6110967503498931,13.057974815368652,-0.3507996177824538,21.963174406341174,10.838790187579118,1.9038526444992407,20.635459361828694,30.296920906055625,0.3734392382881997,3304.6875,2905.6466133427566,0.007240549948091614,0.07053385828587043,0.37320733923728283,0.5490182525260773,0.045947686890632805,0.17995356019734374,0.14905734218865024,0.17376270543073363,0.04917428588582155,0.013357152079969266,0.033385364532133366,0.013050838580345479,0.0024883270314456276,0.06260225495752879,0.045834171591301404,0.04798696041831715,241:73728
3.660053093934579e-10,0.6084689150829707,0.6084689150829707,12.238060474395752,-0.37155952291164546,23.271212285086932,10.35324896462579,1.9307040375548057,19.989059577845975,29.246614801851358,0.3702344206222474,3292.96875,2872.3515389003187,0.006498847553706107,0.0625537595465614,0.4801006259040775,0.4508467669929541,0.04440001934010381,0.16778487241227763,0.13948793722094055,0.17973467428779197,0.04981292675084937,0.01102446168184717,0.03252784550070927,0.010772739843775391,0.001621116471114567,0.05733300952480172,0.05491653810965906,0.04783078316538612,241:77824
4.2679682010771103e-10,0.6248119272744203,0.6248119272744203,10.894789218902588,-0.394898241305835,22.084435411770176,9.249279078478498,1.956324662211598,18.094592768934206,26.799779266247477,0.3903899444643754,3369.140625,2929.6468547340746,0.007600528128401565,0.06130633538569859,0.379326443894598,0.5517666925887403,0.043114516751689404,0.16791151431035406,0.17243413231990773,0.14633209808138234,0.040636764977613836,0.010043123021039102,0.02907582583379338,0.010212579018867856,0.0038920109434850067,0.08285523845378681,0.044375976232287534,0.039912701767670145,241:81920
-2.617355221445905e-10,0.5936827628928449,0.5936827628928449,8.978951930999756,-0.20819174136279656,18.08987310166365,8.082215676070595,1.90501205317556,15.396718279304874,22.5824962498488,0.35245922295608195,2824.21875,2751.869897648361,0.008472795100159832,0.07261043887563144,0.6244530311982701,0.29446373482310156,0.053744450876925615,0.163292790873222,0.16498487987658575,0.16090202525364714,0.05469384226456446,0.014088255949376204,0.03886400626293162,0.013860733683784541,0.002072474257612377,0.08303285788958747,0.05113879074230745,0.054385408230132964,241:86016
2.2784263364883373e-10,0.6035052172694365,0.6035052172694365,11.809094429016113,-0.3733034601414593,20.698299094135766,9.797698165033777,1.8994362414627841,18.61010297760941,27.2898892812681,0.36421854727142977,3292.96875,2878.0220831171364,0.007875011342301529,0.06777930717035648,0.42976693935651916,0.4945787421280773,0.04492235906933697,0.1683465750182339,0.1681203409977262,0.17094479637823917,0.05127253793298796,0.015321583853106887,0.027414220439803544,0.015081335251765781,0.003031071599621607,0.07599258666092472,0.048254285201647845,0.05200343254440412,241:90112
4.938165432122332e-10,0.5847058466384533,0.5847058466384533,9.55112886428833,-0.26279724972706037,20.47808127287084,8.232749754863782,1.946992127516397,16.029098960559747,23.571188106983943,0.3418809270931904,2824.21875,2749.8656477047557,0.00745853339790007,0.07442630797730268,0.6285992972568333,0.28951586136503904,0.0481771315678057,0.17387725067588494,0.154668788421236,0.16275515389619774,0.054744682310619644,0.013175423090715826,0.03593070614013282,0.012799189235557609,0.001777324376058008,0.07031750814565761,0.05226050417067612,0.0551280809045914,241:94208
2.7769786470344116e-10,0.5016670537258366,0.5016670537258366,7.847874402999878,-0.6862264134236451,19.068661989338583,8.706682084083978,1.83910283133659,16.012483672418323,22.817436337038846,0.25166983279396143,3292.96875,2776.4399573541336,0.00987608402904233,0.09079243010683805,0.5015225844054318,0.3978089014547143,0.03270439047975955,0.16919798013476892,0.1562101723866778,0.161607077270487,0.05102136051789308,0.013867742950235294,0.029841174268284237,0.013591742654683605,0.002037934847666095,0.05976696947351407,0.043367771000904165,0.050033286022972266,241:98304
-1.8479617835964746e-10,0.6065892241189198,0.6065892241189198,12.364654541015625,-0.13436588140719227,23.804497446269558,10.615291189322063,1.9469981143689346,20.667951929121294,30.658623996975933,0.36795048681719306,2824.21875,2789.900722030167,0.008108515405103897,0.06382742356357933,0.6006018976582337,0.3274621633703654,0.04461800865536794,0.19077037573150224,0.1783843578408223,0.16047537631473624,0.04250194901412392,0.012022079269035365,0.03312325444627842,0.012223434492682853,0.002367112989155733,0.08734961611187753,0.05216891978910253,0.04152913094987692,241:102400
-9.471035067321054e-12,0.5326780935800064,0.5326780935800064,7.867427110671997,-0.43554987863175026,16.22496567316444,7.835789726422941,1.8282274520625064,14.32560588646267,20.605439935278763,0.28374595138003,3292.96875,2815.906874283685,0.009450149872679496,0.08368742975467382,0.47184379371538565,0.43501862665373675,0.037357070578683114,0.16156176353102886,0.15967396108126167,0.18140396524797464,0.05163718344378905,0.019066165631751127,0.03327417388000622,0.0185853330425905,0.004365966954226723,0.06441473587226519,0.044710484294538576,0.05194003502117051,241:106496
-4.097922001733423e-11,0.5715251988811337,0.5715251988811337,9.167153358459473,-0.3929018803952535,17.62052288435897,8.728315819314503,1.8800733964297194,16.409874367558576,23.891787463569305,0.32664105295611956,3292.96875,2874.2367386501346,0.008980541518836298,0.07565451320611258,0.42099272917386105,0.49437221609812865,0.04337821826900604,0.17102019123074394,0.16344491382906665,0.18055561647022628,0.042903752792367605,0.015762169536556143,0.035554393207566974,0.015789391098090504,0.003174984142009983,0.07614369031531625,0.05022532197921824,0.04198212492414645,241:110592
9.133582778986238e-11,0.6172705110215598,0.6172705110215598,10.53776502609253,-0.29422330566894606,20.69090731491835,8.785251746249694,1.9078628335209094,16.761055289821613,24.884991026998627,0.38102288377681764,3292.96875,2940.4341206347517,0.007684265918349482,0.06322584025437389,0.3565494339718007,0.5725404598528515,0.0395525299423367,0.17242106530634307,0.16569636083220868,0.17078204166277008,0.047298456778112896,0.011844851754290238,0.03317859988608876,0.011532884038178258,0.00266974009053787,0.06449353483339527,0.048596644319037596,0.04742532402685425,241:114688
