sample_id,source_id,split,label,load_hp,rpm,sampling_rate,start,end,raw_mean,health_deviation,time_s,causal_smoothed,above_reference
97:0,97,train,0,0,1796.0,12000,0,4096,0.0116174583376683,0.5600938138431804,0.0,0.5600938138431804,False
97:4096,97,train,0,0,1796.0,12000,4096,8192,0.0110386009923813,0.7324376629093764,0.3413333333333333,0.5945625836564196,False
97:8192,97,train,0,0,1796.0,12000,8192,12288,0.0127048876047294,0.6032216513744385,0.6826666666666666,0.5962943972000234,False
97:12288,97,train,0,0,1796.0,12000,12288,16384,0.012878665712531,0.6199431131363743,1.024,0.6010241403872936,False
97:16384,97,train,0,0,1796.0,12000,16384,20480,0.0120143750287163,0.5049229849648199,1.3653333333333333,0.5818039093027989,False
97:20480,97,train,0,0,1796.0,12000,20480,24576,0.0131007967689502,0.7156941503609618,1.7066666666666668,0.6085819575144316,False
97:24576,97,train,0,0,1796.0,12000,24576,28672,0.0126747660766973,0.6851241349494843,2.048,0.6238903930014421,False
97:28672,97,train,0,0,1796.0,12000,28672,32768,0.0131649388532565,0.6419523137139639,2.3893333333333335,0.6275027771439465,False
97:32768,97,train,0,0,1796.0,12000,32768,36864,0.0137386204955441,0.578221094855731,2.7306666666666666,0.6176464406863035,False
97:36864,97,train,0,0,1796.0,12000,36864,40960,0.0127371524773409,0.6754029843280465,3.072,0.6291977494146521,False
97:40960,97,train,0,0,1796.0,12000,40960,45056,0.0121437199651282,0.7509254079464106,3.4133333333333336,0.6535432811210038,True
97:45056,97,train,0,0,1796.0,12000,45056,49152,0.0103349702776766,0.6472528020322107,3.7546666666666666,0.6522851853032452,False
97:49152,97,train,0,0,1796.0,12000,49152,53248,0.0140501672667417,0.663593012620093,4.096,0.6545467507666148,False
97:53248,97,train,0,0,1796.0,12000,53248,57344,0.0137227654305189,0.6168101398722444,4.437333333333333,0.6469994285877408,False
98:0,98,train,0,1,1772.0,12000,0,4096,0.0108423679811686,0.4983343186480743,0.0,0.4983343186480743,False
98:4096,98,train,0,1,1772.0,12000,4096,8192,0.0099998757437433,0.395575720950165,0.3413333333333333,0.47778259910849247,False
98:8192,98,train,0,1,1772.0,12000,8192,12288,0.0109743386453192,0.7022333486703088,0.6826666666666666,0.5226727490208558,False
98:12288,98,train,0,1,1772.0,12000,12288,16384,0.0111854203449765,0.4073561565776062,1.024,0.4996094305322059,False
98:16384,98,train,0,1,1772.0,12000,16384,20480,0.0098189819567186,0.4694404228612058,1.3653333333333333,0.49357562899800594,False
98:20480,98,train,0,1,1772.0,12000,20480,24576,0.0099781344752804,0.4229842555240267,1.7066666666666668,0.4794573543032101,False
98:24576,98,train,0,1,1772.0,12000,24576,28672,0.0122070026750813,0.5442867762478538,2.048,0.4924232386921389,False
98:28672,98,train,0,1,1772.0,12000,28672,32768,0.0115682559900975,0.35631700266020966,2.3893333333333335,0.4652019914857531,False
98:32768,98,train,0,1,1772.0,12000,32768,36864,0.011552582741905,0.5265348438408572,2.7306666666666666,0.47746856195677395,False
98:36864,98,train,0,1,1772.0,12000,36864,40960,0.0106448721981163,0.37618587733827197,3.072,0.45721202503307357,False
98:40960,98,train,0,1,1772.0,12000,40960,45056,0.0128919712820246,0.5646049916035533,3.4133333333333336,0.4786906183471695,False
98:45056,98,train,0,1,1772.0,12000,45056,49152,0.013979565210124,0.5163395255445896,3.7546666666666666,0.48622039978665355,False
98:49152,98,train,0,1,1772.0,12000,49152,53248,0.016120660554124,0.6608988059898315,4.096,0.5211560810272892,False
98:53248,98,train,0,1,1772.0,12000,53248,57344,0.0159871043712436,0.3702405137445057,4.437333333333333,0.4909729675707325,False
98:57344,98,train,0,1,1772.0,12000,57344,61440,0.0168839932125722,0.5155766374757059,4.778666666666667,0.4958937015517272,False
98:61440,98,train,0,1,1772.0,12000,61440,65536,0.0114934988583997,0.5180639109926074,5.12,0.5003277434399033,False
98:65536,98,train,0,1,1772.0,12000,65536,69632,0.0082379410617626,0.6369483452763135,5.461333333333333,0.5276518638071853,False
98:69632,98,train,0,1,1772.0,12000,69632,73728,0.0105914461653913,0.4271401428379829,5.802666666666667,0.5075495196133448,False
98:73728,98,train,0,1,1772.0,12000,73728,77824,0.0113237093294895,0.4958334189667196,6.144,0.5052062994840198,False
98:77824,98,train,0,1,1772.0,12000,77824,81920,0.0113310703563121,0.4818997735427593,6.485333333333333,0.5005449942957678,False
98:81920,98,train,0,1,1772.0,12000,81920,86016,0.0137191486946778,0.7229465407391423,6.826666666666667,0.5450253035844428,False
98:86016,98,train,0,1,1772.0,12000,86016,90112,0.0149803188710539,0.45933920479438883,7.168,0.527888083826432,False
98:90112,98,train,0,1,1772.0,12000,90112,94208,0.0144079710072487,0.49055268675376495,7.509333333333333,0.5204210044118986,False
98:94208,98,train,0,1,1772.0,12000,94208,98304,0.0151936076854656,0.5111677255310684,7.850666666666666,0.5185703486357326,False
98:98304,98,train,0,1,1772.0,12000,98304,102400,0.0151501412311204,0.41984931711981616,8.192,0.49882614233254935,False
98:102400,98,train,0,1,1772.0,12000,102400,106496,0.0152916955792956,0.6738306954229996,8.533333333333333,0.5338270529506394,False
98:106496,98,train,0,1,1772.0,12000,106496,110592,0.0125111330117609,0.39965329594019583,8.874666666666666,0.5069923015485507,False
98:110592,98,train,0,1,1772.0,12000,110592,114688,0.0111435574843106,0.4259607891900742,9.216,0.49078599907685544,False
98:114688,98,train,0,1,1772.0,12000,114688,118784,0.0123988088335606,0.5366266081762308,9.557333333333334,0.4999541208967305,False
99:0,99,val,0,2,1750.0,12000,0,4096,0.0137768919507875,0.889394553263288,0.0,0.889394553263288,True
99:4096,99,val,0,2,1750.0,12000,4096,8192,0.013033486718274,0.7268339649755927,0.3413333333333333,0.856882435605749,False
99:8192,99,val,0,2,1750.0,12000,8192,12288,0.0143260456252414,0.8121356435681466,0.6826666666666666,0.8479330771982285,True
99:12288,99,val,0,2,1750.0,12000,12288,16384,0.0111319615426619,0.8351594108131619,1.024,0.8453783439212152,True
99:16384,99,val,0,2,1750.0,12000,16384,20480,0.0105545570335281,0.6595814199768318,1.3653333333333333,0.8082189591323387,False
99:20480,99,val,0,2,1750.0,12000,20480,24576,0.0104963865860132,0.6211895034488831,1.7066666666666668,0.7708130679956476,False
99:24576,99,val,0,2,1750.0,12000,24576,28672,0.0094235054250012,0.582515412897532,2.048,0.7331535369760246,False
99:28672,99,val,0,2,1750.0,12000,28672,32768,0.0109703869106737,0.8005702180627979,2.3893333333333335,0.7466368731933793,True
99:32768,99,val,0,2,1750.0,12000,32768,36864,0.0104497498877775,0.6795968805341567,2.7306666666666666,0.7332288746615349,False
99:36864,99,val,0,2,1750.0,12000,36864,40960,0.0105699054849305,0.48331851469175097,3.072,0.6832468026675781,False
99:40960,99,val,0,2,1750.0,12000,40960,45056,0.0124321325608835,0.6506584952003136,3.4133333333333336,0.6767291411741252,False
99:45056,99,val,0,2,1750.0,12000,45056,49152,0.0137127092193809,0.6778231019163868,3.7546666666666666,0.6769479333225775,False
99:49152,99,val,0,2,1750.0,12000,49152,53248,0.0120374361914084,0.7582048657937124,4.096,0.6931993198168045,True
99:53248,99,val,0,2,1750.0,12000,53248,57344,0.0105896649109043,0.7936359899131639,4.437333333333333,0.7132866538360764,True
99:57344,99,val,0,2,1750.0,12000,57344,61440,0.0120631438809396,0.8482338235840442,4.778666666666667,0.74027608778567,True
99:61440,99,val,0,2,1750.0,12000,61440,65536,0.0119421790859659,0.6511029206345592,5.12,0.7224414543554478,False
99:65536,99,val,0,2,1750.0,12000,65536,69632,0.0134359023998211,0.6555041785454699,5.461333333333333,0.7090539991934522,False
99:69632,99,val,0,2,1750.0,12000,69632,73728,0.0132771619859842,0.7538267678941014,5.802666666666667,0.7180085529335821,True
99:73728,99,val,0,2,1750.0,12000,73728,77824,0.0112687621963847,0.799207973906496,6.144,0.7342484371281649,True
99:77824,99,val,0,2,1750.0,12000,77824,81920,0.0138717215536714,0.8322622813539553,6.485333333333333,0.753851205973323,True
99:81920,99,val,0,2,1750.0,12000,81920,86016,0.0134203183701802,0.786477365791023,6.826666666666667,0.760376437936863,True
99:86016,99,val,0,2,1750.0,12000,86016,90112,0.0142086414603325,0.7436721931298739,7.168,0.7570355889754652,True
99:90112,99,val,0,2,1750.0,12000,90112,94208,0.0131054082195249,0.9826622442655946,7.509333333333333,0.8021609200334912,True
99:94208,99,val,0,2,1750.0,12000,94208,98304,0.0135529893583196,0.7612594565859354,7.850666666666666,0.79398062734398,True
99:98304,99,val,0,2,1750.0,12000,98304,102400,0.0134841581784282,0.6743222036005984,8.192,0.7700489425953038,False
99:102400,99,val,0,2,1750.0,12000,102400,106496,0.0131581774679257,0.581858719374859,8.533333333333333,0.7324108979512148,False
99:106496,99,val,0,2,1750.0,12000,106496,110592,0.0134543836998503,0.7415553062844428,8.874666666666666,0.7342397796178605,False
99:110592,99,val,0,2,1750.0,12000,110592,114688,0.011598592410803,0.5603960084868918,9.216,0.6994710253916667,False
99:114688,99,val,0,2,1750.0,12000,114688,118784,0.0109199642253519,0.6368354738913565,9.557333333333334,0.6869439150916047,False
100:0,100,test,0,3,1725.0,12000,0,4096,0.0127841631963994,0.764585100842124,0.0,0.764585100842124,True
100:4096,100,test,0,3,1725.0,12000,4096,8192,0.0143389199901174,0.8783034094418661,0.3413333333333333,0.7873287625620725,True
100:8192,100,test,0,3,1725.0,12000,8192,12288,0.0158433044696532,0.8599349295687644,0.6826666666666666,0.8018499959634109,True
100:12288,100,test,0,3,1725.0,12000,12288,16384,0.0129677866917891,0.7812447636478145,1.024,0.7977289495002916,True
100:16384,100,test,0,3,1725.0,12000,16384,20480,0.0141145934414752,0.7458516119987773,1.3653333333333333,0.7873534819999888,True
100:20480,100,test,0,3,1725.0,12000,20480,24576,0.0131060305731628,0.8003339394098458,1.7066666666666668,0.7899495734819603,True
100:24576,100,test,0,3,1725.0,12000,24576,28672,0.0103433149253219,0.8292325322513523,2.048,0.7978061652358387,True
100:28672,100,test,0,3,1725.0,12000,28672,32768,0.008947187424838,0.9140767863683357,2.3893333333333335,0.8210602894623381,True
100:32768,100,test,0,3,1725.0,12000,32768,36864,0.0078820443571631,0.7490831122448149,2.7306666666666666,0.8066648540188335,True
100:36864,100,test,0,3,1725.0,12000,36864,40960,0.012409692018314,0.6816714059616417,3.072,0.7816661644073951,False
100:40960,100,test,0,3,1725.0,12000,40960,45056,0.0130751768205868,0.8144888234456824,3.4133333333333336,0.7882306962150526,True
100:45056,100,test,0,3,1725.0,12000,45056,49152,0.0116740847572553,0.95492348411892,3.7546666666666666,0.8215692537958261,True
100:49152,100,test,0,3,1725.0,12000,49152,53248,0.0130157606205997,0.7472070691647811,4.096,0.8066968168696171,True
100:53248,100,test,0,3,1725.0,12000,53248,57344,0.0140279867938563,0.8668251186975765,4.437333333333333,0.8187224772352091,True
100:57344,100,test,0,3,1725.0,12000,57344,61440,0.0116203524803779,0.6023850781335965,4.778666666666667,0.7754549974148867,False
100:61440,100,test,0,3,1725.0,12000,61440,65536,0.0121762002609695,0.9366265758023686,5.12,0.8076893130923831,True
100:65536,100,test,0,3,1725.0,12000,65536,69632,0.012722637283986,0.964217992261971,5.461333333333333,0.8389950489263007,True
100:69632,100,test,0,3,1725.0,12000,69632,73728,0.0114232695565611,0.6967796671123738,5.802666666666667,0.8105519725635154,False
100:73728,100,test,0,3,1725.0,12000,73728,77824,0.0103873945776514,0.6620456009349341,6.144,0.7808506982377992,False
100:77824,100,test,0,3,1725.0,12000,77824,81920,0.0110672026319063,0.778276119941875,6.485333333333333,0.7803357825786144,True
100:81920,100,test,0,3,1725.0,12000,81920,86016,0.0121365974416817,0.869491825430457,6.826666666666667,0.7981669911489829,True
100:86016,100,test,0,3,1725.0,12000,86016,90112,0.0131307423993928,0.8986977244298128,7.168,0.818273137805149,True
100:90112,100,test,0,3,1725.0,12000,90112,94208,0.0112619869529826,0.6875381950209684,7.509333333333333,0.7921261492483129,False
100:94208,100,test,0,3,1725.0,12000,94208,98304,0.0119763383419296,0.5255759474716613,7.850666666666666,0.7388161088929827,False
100:98304,100,test,0,3,1725.0,12000,98304,102400,0.0124933027681781,0.9499883027508943,8.192,0.781050547664565,True
100:102400,100,test,0,3,1725.0,12000,102400,106496,0.014648269704829,0.8079161484001837,8.533333333333333,0.7864236678116888,True
100:106496,100,test,0,3,1725.0,12000,106496,110592,0.0143010953493052,0.802892357508359,8.874666666666666,0.7897174057510229,True
100:110592,100,test,0,3,1725.0,12000,110592,114688,0.0127186746827418,0.7825955856859421,9.216,0.7882930417380067,True
100:114688,100,test,0,3,1725.0,12000,114688,118784,0.0132536104635387,1.2497385235591345,9.557333333333334,0.8805821381022324,True
109:0,109,train,1,0,1796.0,12000,0,4096,0.0871217428905851,2.2170795412398165,0.0,2.2170795412398165,True
109:4096,109,train,1,0,1796.0,12000,4096,8192,0.0859052637053657,2.213473709044119,0.3413333333333333,2.216358374800677,True
109:8192,109,train,1,0,1796.0,12000,8192,12288,0.0796656286886021,2.212933751546372,0.6826666666666666,2.2156734501498163,True
109:12288,109,train,1,0,1796.0,12000,12288,16384,0.0756434938530061,2.156532107203335,1.024,2.2038451815605202,True
109:16384,109,train,1,0,1796.0,12000,16384,20480,0.075961363232642,2.195169040239514,1.3653333333333333,2.2021099532963193,True
109:20480,109,train,1,0,1796.0,12000,20480,24576,0.0776653382078829,2.19141607120977,1.7066666666666668,2.1999711768790093,True
109:24576,109,train,1,0,1796.0,12000,24576,28672,0.0783953029948037,2.1699071809316957,2.048,2.1939583776895466,True
109:28672,109,train,1,0,1796.0,12000,28672,32768,0.0799688453703198,2.0946452323644147,2.3893333333333335,2.1740957486245205,True
109:32768,109,train,1,0,1796.0,12000,32768,36864,0.0790995953466615,2.2328016472919034,2.7306666666666666,2.1858369283579973,True
109:36864,109,train,1,0,1796.0,12000,36864,40960,0.0742664958823647,2.1415347221835233,3.072,2.1769764871231025,True
109:40960,109,train,1,0,1796.0,12000,40960,45056,0.0725240063168566,2.202167595715006,3.4133333333333336,2.1820147088414834,True
109:45056,109,train,1,0,1796.0,12000,45056,49152,0.0721759209962626,2.141389652591815,3.7546666666666666,2.17388969759155,True
109:49152,109,train,1,0,1796.0,12000,49152,53248,0.0703441650521349,2.1829724817520257,4.096,2.175706254423645,True
109:53248,109,train,1,0,1796.0,12000,53248,57344,0.0689597090744573,2.1535530643992016,4.437333333333333,2.1712756164187565,True
122:0,122,train,3,0,1796.0,12000,0,4096,0.0330603607290262,2.128409368527128,0.0,2.128409368527128,True
122:4096,122,train,3,0,1796.0,12000,4096,8192,0.032917525261872,2.052565855400895,0.3413333333333333,2.1132406659018814,True
122:8192,122,train,3,0,1796.0,12000,8192,12288,0.0322981551577911,2.1121254474286357,0.6826666666666666,2.1130176222072325,True
122:12288,122,train,3,0,1796.0,12000,12288,16384,0.0320349684691692,2.3104263442331017,1.024,2.1524993666124064,True
122:16384,122,train,3,0,1796.0,12000,16384,20480,0.0324411856930781,2.1368216447583106,1.3653333333333333,2.1493638222415874,True
122:20480,122,train,3,0,1796.0,12000,20480,24576,0.0329849850038861,2.0531038393429215,1.7066666666666668,2.1301118256618543,True
122:24576,122,train,3,0,1796.0,12000,24576,28672,0.0317753029059905,2.060027897587425,2.048,2.1160950400469685,True
122:28672,122,train,3,0,1796.0,12000,28672,32768,0.0330648007686845,1.9680823870686013,2.3893333333333335,2.086492509451295,True
122:32768,122,train,3,0,1796.0,12000,32768,36864,0.0338372004469703,2.1320086783298584,2.7306666666666666,2.095595743227008,True
122:36864,122,train,3,0,1796.0,12000,36864,40960,0.0340933726498683,2.2426539044993987,3.072,2.125007375481486,True
122:40960,122,train,3,0,1796.0,12000,40960,45056,0.0319932772554555,2.317589787903752,3.4133333333333336,2.1635238579659393,True
122:45056,122,train,3,0,1796.0,12000,45056,49152,0.0296726296294523,2.2009000866975637,3.7546666666666666,2.1709991037122642,True
122:49152,122,train,3,0,1796.0,12000,49152,53248,0.0311578540244,2.218587586283314,4.096,2.1805168002264743,True
122:53248,122,train,3,0,1796.0,12000,53248,57344,0.0327430803282328,2.3142543529681667,4.437333333333333,2.207264310774813,True
135:0,135,train,2,0,1796.0,12000,0,4096,0.012331844571973,2.3350369148669334,0.0,2.3350369148669334,True
135:4096,135,train,2,0,1796.0,12000,4096,8192,0.011403573509496,2.311039508309109,0.3413333333333333,2.330237433555369,True
135:8192,135,train,2,0,1796.0,12000,8192,12288,0.0106649755774313,2.2761112082116064,0.6826666666666666,2.3194121884866163,True
135:12288,135,train,2,0,1796.0,12000,12288,16384,0.0101673087860043,2.301786596050063,1.024,2.315887069999306,True
135:16384,135,train,2,0,1796.0,12000,16384,20480,0.0112350665982863,2.2157256363095024,1.3653333333333333,2.2958547832613454,True
135:20480,135,train,2,0,1796.0,12000,20480,24576,0.0099702134358688,2.1946694810834018,1.7066666666666668,2.275617722825757,True
135:24576,135,train,2,0,1796.0,12000,24576,28672,0.0128959107372798,2.3170239885490784,2.048,2.2838989759704216,True
135:28672,135,train,2,0,1796.0,12000,28672,32768,0.0141412101528392,2.293018220473043,2.3893333333333335,2.285722824870946,True
135:32768,135,train,2,0,1796.0,12000,32768,36864,0.0145429310224067,2.4073012641949747,2.7306666666666666,2.3100385127357517,True
135:36864,135,train,2,0,1796.0,12000,36864,40960,0.0159092315669485,2.4448912288742912,3.072,2.3370090559634598,True
135:40960,135,train,2,0,1796.0,12000,40960,45056,0.0160630708241151,2.364829712118825,3.4133333333333336,2.342573187194533,True
135:45056,135,train,2,0,1796.0,12000,45056,49152,0.011307606176358,2.3187532195324274,3.7546666666666666,2.337809193662112,True
135:49152,135,train,2,0,1796.0,12000,49152,53248,0.0119555013838609,2.3424409704325093,4.096,2.338735549016192,True
135:53248,135,train,2,0,1796.0,12000,53248,57344,0.0159923431154487,2.3258444737822437,4.437333333333333,2.3361573339694024,True
110:0,110,train,1,1,1772.0,12000,0,4096,0.0214197066495645,2.282793191974478,0.0,2.282793191974478,True
110:4096,110,train,1,1,1772.0,12000,4096,8192,0.0228633373212295,2.346735126003339,0.3413333333333333,2.2955815787802503,True
110:8192,110,train,1,1,1772.0,12000,8192,12288,0.0230241981532759,2.3229371635139864,0.6826666666666666,2.3010526957269977,True
110:12288,110,train,1,1,1772.0,12000,12288,16384,0.0227177258645297,2.276128619733993,1.024,2.2960678805283967,True
110:16384,110,train,1,1,1772.0,12000,16384,20480,0.0225531347134138,2.212323165209195,1.3653333333333333,2.2793189374645566,True
110:20480,110,train,1,1,1772.0,12000,20480,24576,0.0192688421891492,2.161379392610829,1.7066666666666668,2.2557310284938112,True
110:24576,110,train,1,1,1772.0,12000,24576,28672,0.021248345459047,2.28433363512818,2.048,2.261451549820685,True
110:28672,110,train,1,1,1772.0,12000,28672,32768,0.0179837333820464,2.278442298159526,2.3893333333333335,2.2648496994884533,True
110:32768,110,train,1,1,1772.0,12000,32768,36864,0.0184867475310964,2.2806506582397774,2.7306666666666666,2.268009891238718,True
110:36864,110,train,1,1,1772.0,12000,36864,40960,0.0206572766160429,2.325754031771196,3.072,2.279558719345214,True
110:40960,110,train,1,1,1772.0,12000,40960,45056,0.0209206108436032,2.264181549935459,3.4133333333333336,2.276483285463263,True
110:45056,110,train,1,1,1772.0,12000,45056,49152,0.0218654992181624,2.2372853440975735,3.7546666666666666,2.268643697190125,True
110:49152,110,train,1,1,1772.0,12000,49152,53248,0.0217554971160067,2.2082895517625105,4.096,2.2565728681046022,True
110:53248,110,train,1,1,1772.0,12000,53248,57344,0.0203186148939232,2.1750701428457524,4.437333333333333,2.2402723230528325,True
110:57344,110,train,1,1,1772.0,12000,57344,61440,0.0189285375320629,2.27093219078504,4.778666666666667,2.246404296599274,True
110:61440,110,train,1,1,1772.0,12000,61440,65536,0.0201953460332,2.2706136010517524,5.12,2.2512461574897698,True
110:65536,110,train,1,1,1772.0,12000,65536,69632,0.0182647963780374,2.2688507453671947,5.461333333333333,2.2547670750652546,True
110:69632,110,train,1,1,1772.0,12000,69632,73728,0.0195922437327161,2.234629919489555,5.802666666666667,2.250739643950115,True
110:73728,110,train,1,1,1772.0,12000,73728,77824,0.0213514184547925,2.2314617782226382,6.144,2.2468840708046196,True
110:77824,110,train,1,1,1772.0,12000,77824,81920,0.0210334960936964,2.2266521318169428,6.485333333333333,2.2428376830070844,True
110:81920,110,train,1,1,1772.0,12000,81920,86016,0.0225426904802057,2.2623164479297198,6.826666666666667,2.2467334359916116,True
110:86016,110,train,1,1,1772.0,12000,86016,90112,0.0217622087492687,2.1980463716917473,7.168,2.236996023131639,True
110:90112,110,train,1,1,1772.0,12000,90112,94208,0.0191234555081241,2.2630580668450717,7.509333333333333,2.2422084318743254,True
110:94208,110,train,1,1,1772.0,12000,94208,98304,0.0210100225169542,2.1696924644043523,7.850666666666666,2.227705238380331,True
110:98304,110,train,1,1,1772.0,12000,98304,102400,0.0204565500077703,2.213937862995917,8.192,2.2249517633034483,True
110:102400,110,train,1,1,1772.0,12000,102400,106496,0.0213762494914436,2.195072426083652,8.533333333333333,2.218975895859489,True
110:106496,110,train,1,1,1772.0,12000,106496,110592,0.02148963624619,2.240196948613703,8.874666666666666,2.223220106410332,True
110:110592,110,train,1,1,1772.0,12000,110592,114688,0.0200207124798375,2.1807115599107254,9.216,2.2147183971104107,True
110:114688,110,train,1,1,1772.0,12000,114688,118784,0.019703826883474,2.189664160981597,9.557333333333334,2.209707549884648,True
123:0,123,train,3,1,1772.0,12000,0,4096,0.0208871769982,2.1606992782064354,0.0,2.1606992782064354,True
123:4096,123,train,3,1,1772.0,12000,4096,8192,0.0180246417917019,2.157970077913102,0.3413333333333333,2.160153438147769,True
123:8192,123,train,3,1,1772.0,12000,8192,12288,0.0186707980632624,2.0618827003037348,0.6826666666666666,2.1404992905789624,True
123:12288,123,train,3,1,1772.0,12000,12288,16384,0.0194593389796421,1.8734343240192042,1.024,2.087086297267011,True
123:16384,123,train,3,1,1772.0,12000,16384,20480,0.0184431442655495,2.062153698373176,1.3653333333333333,2.082099777488244,True
123:20480,123,train,3,1,1772.0,12000,20480,24576,0.0187882561011229,2.1126518265598646,1.7066666666666668,2.0882101873025682,True
123:24576,123,train,3,1,1772.0,12000,24576,28672,0.019188135308397,1.9552002262474069,2.048,2.061608195091536,True
123:28672,123,train,3,1,1772.0,12000,28672,32768,0.0193595813145384,1.995572144664204,2.3893333333333335,2.0484009850060696,True
123:32768,123,train,3,1,1772.0,12000,32768,36864,0.0178944527126052,2.060363767636635,2.7306666666666666,2.0507935415321827,True
123:36864,123,train,3,1,1772.0,12000,36864,40960,0.0169048382577928,1.8671500905479912,3.072,2.0140648513353447,True
123:40960,123,train,3,1,1772.0,12000,40960,45056,0.018862675271138,2.0861402559342306,3.4133333333333336,2.028479932255122,True
123:45056,123,train,3,1,1772.0,12000,45056,49152,0.0174319897247353,2.2428065547552767,3.7546666666666666,2.071345256755153,True
123:49152,123,train,3,1,1772.0,12000,49152,53248,0.0149076101525343,1.9338226645232506,4.096,2.0438407383087727,True
123:53248,123,train,3,1,1772.0,12000,53248,57344,0.0162742191989945,1.9730386102304347,4.437333333333333,2.029680312693105,True
123:57344,123,train,3,1,1772.0,12000,57344,61440,0.017844913115773,2.229775140408568,4.778666666666667,2.0696992782361976,True
123:61440,123,train,3,1,1772.0,12000,61440,65536,0.0185117546863416,1.9657084636801339,5.12,2.048901115324985,True
123:65536,123,train,3,1,1772.0,12000,65536,69632,0.018179320469132,1.986449803560218,5.461333333333333,2.0364108529720317,True
123:69632,123,train,3,1,1772.0,12000,69632,73728,0.0183842153870666,2.207970816703605,5.802666666666667,2.0707228457183464,True
123:73728,123,train,3,1,1772.0,12000,73728,77824,0.0219850667406995,2.0871357693109553,6.144,2.0740054304368685,True
123:77824,123,train,3,1,1772.0,12000,77824,81920,0.0191956365494179,1.932387341260789,6.485333333333333,2.0456818126016527,True
123:81920,123,train,3,1,1772.0,12000,81920,86016,0.0180754591106844,2.132441764909365,6.826666666666667,2.0630338030631954,True
123:86016,123,train,3,1,1772.0,12000,86016,90112,0.019555107626493,2.035206704517907,7.168,2.057468383354138,True
123:90112,123,train,3,1,1772.0,12000,90112,94208,0.0189576224652285,2.171750365714646,7.509333333333333,2.0803247798262396,True
123:94208,123,train,3,1,1772.0,12000,94208,98304,0.0206080473810306,2.0203206700800997,7.850666666666666,2.068323957877012,True
123:98304,123,train,3,1,1772.0,12000,98304,102400,0.022637509763265,2.1351728975481423,8.192,2.081693745811238,True
123:102400,123,train,3,1,1772.0,12000,102400,106496,0.0222607848836532,2.053620287642782,8.533333333333333,2.076079054177547,True
123:106496,123,train,3,1,1772.0,12000,106496,110592,0.0230380746305865,1.959580895363468,8.874666666666666,2.0527794224147313,True
123:110592,123,train,3,1,1772.0,12000,110592,114688,0.0208539270241441,2.1758071512337667,9.216,2.0773849681785386,True
123:114688,123,train,3,1,1772.0,12000,114688,118784,0.0186143198603913,2.248872693612227,9.557333333333334,2.1116825132652766,True
136:0,136,train,2,1,1774.0,12000,0,4096,0.0097748615477278,2.5199323014943387,0.0,2.5199323014943387,True
136:4096,136,train,2,1,1774.0,12000,4096,8192,0.010644127446678,2.547456667127205,0.3413333333333333,2.525437174620912,True
136:8192,136,train,2,1,1774.0,12000,8192,12288,0.0116035186511976,2.530219379983694,0.6826666666666666,2.5263936156934688,True
136:12288,136,train,2,1,1774.0,12000,12288,16384,0.0166201031540218,2.505123790446158,1.024,2.522139650644007,True
136:16384,136,train,2,1,1774.0,12000,16384,20480,0.0153402239872251,2.5683264940468535,1.3653333333333333,2.531377019324576,True
136:20480,136,train,2,1,1774.0,12000,20480,24576,0.0155707826168512,2.510046497964941,1.7066666666666668,2.527110915052649,True
136:24576,136,train,2,1,1774.0,12000,24576,28672,0.0153286082924966,2.5789659754045635,2.048,2.537481927123032,True
136:28672,136,train,2,1,1774.0,12000,28672,32768,0.0132083627133561,2.5676905814987383,2.3893333333333335,2.5435236579981737,True
136:32768,136,train,2,1,1774.0,12000,32768,36864,0.012351939449352,2.5263114316140256,2.7306666666666666,2.5400812127213444,True
136:36864,136,train,2,1,1774.0,12000,36864,40960,0.0128832725117773,2.5498822162022727,3.072,2.54204141341753,True
136:40960,136,train,2,1,1774.0,12000,40960,45056,0.0133511209275902,2.5029972196674892,3.4133333333333336,2.5342325746675223,True
136:45056,136,train,2,1,1774.0,12000,45056,49152,0.0113563436619814,2.5562073220542993,3.7546666666666666,2.5386275241448777,True
136:49152,136,train,2,1,1774.0,12000,49152,53248,0.0090993190566352,2.566792366638565,4.096,2.544260492643615,True
136:53248,136,train,2,1,1774.0,12000,53248,57344,0.0109430886270715,2.530182640650094,4.437333333333333,2.541444922244911,True
136:57344,136,train,2,1,1774.0,12000,57344,61440,0.0106579196829989,2.4654491078964567,4.778666666666667,2.5262457593752203,True
136:61440,136,train,2,1,1774.0,12000,61440,65536,0.0106968177704698,2.5062624489346548,5.12,2.5222490972871072,True
136:65536,136,train,2,1,1774.0,12000,65536,69632,0.010921916432182,2.494578904490022,5.461333333333333,2.5167150587276903,True
136:69632,136,train,2,1,1774.0,12000,69632,73728,0.0120110792117953,2.520004320030075,5.802666666666667,2.5173729109881675,True
136:73728,136,train,2,1,1774.0,12000,73728,77824,0.0108862337980559,2.517209374253177,6.144,2.5173402036411696,True
136:77824,136,train,2,1,1774.0,12000,77824,81920,0.0115556004150279,2.4961426197722445,6.485333333333333,2.513100686867385,True
136:81920,136,train,2,1,1774.0,12000,81920,86016,0.0120146296200996,2.4797024724861885,6.826666666666667,2.506421043991146,True
136:86016,136,train,2,1,1774.0,12000,86016,90112,0.0121570693399245,2.5179536626857772,7.168,2.508727567730072,True
136:90112,136,train,2,1,1774.0,12000,90112,94208,0.0119490686760691,2.525428921659708,7.509333333333333,2.5120678385159994,True
136:94208,136,train,2,1,1774.0,12000,94208,98304,0.0100717109065102,2.503169017929711,7.850666666666666,2.510288074398742,True
136:98304,136,train,2,1,1774.0,12000,98304,102400,0.010844420283886,2.498481499539188,8.192,2.507926759426831,True
136:102400,136,train,2,1,1774.0,12000,102400,106496,0.0114071664960558,2.5085160693451916,8.533333333333333,2.5080446214105034,True
136:106496,136,train,2,1,1774.0,12000,106496,110592,0.0123481214895259,2.468283973353075,8.874666666666666,2.500092491799018,True
136:110592,136,train,2,1,1774.0,12000,110592,114688,0.0127141851577488,2.5275239749444784,9.216,2.50557878842811,True
136:114688,136,train,2,1,1774.0,12000,114688,118784,0.0142790772216152,2.4528355832721673,9.557333333333334,2.4950301473969216,True
111:0,111,val,1,2,1748.0,12000,0,4096,0.0164977013786418,2.3848903577356357,0.0,2.3848903577356357,True
111:4096,111,val,1,2,1748.0,12000,4096,8192,0.0185395508753216,2.455863511537179,0.3413333333333333,2.3990849884959444,True
111:8192,111,val,1,2,1748.0,12000,8192,12288,0.0187099642165192,2.289171805640445,0.6826666666666666,2.3771023519248446,True
111:12288,111,val,1,2,1748.0,12000,12288,16384,0.0168360377677305,2.3939745012354514,1.024,2.380476781786966,True
111:16384,111,val,1,2,1748.0,12000,16384,20480,0.016947377687961,2.350241475648749,1.3653333333333333,2.3744297205593226,True
111:20480,111,val,1,2,1748.0,12000,20480,24576,0.0192056729547891,2.3187646558288426,1.7066666666666668,2.3632967076132267,True
111:24576,111,val,1,2,1748.0,12000,24576,28672,0.0179969799483372,2.370801862781739,2.048,2.364797738646929,True
111:28672,111,val,1,2,1748.0,12000,28672,32768,0.0173512249964241,2.380376165257971,2.3893333333333335,2.3679134239691377,True
111:32768,111,val,1,2,1748.0,12000,32768,36864,0.0164640037097365,2.4281950944353676,2.7306666666666666,2.379969758062384,True
111:36864,111,val,1,2,1748.0,12000,36864,40960,0.0176955046914816,2.379259302590756,3.072,2.3798276669680587,True
111:40960,111,val,1,2,1748.0,12000,40960,45056,0.0186579608561867,2.3290956342021434,3.4133333333333336,2.369681260414876,True
111:45056,111,val,1,2,1748.0,12000,45056,49152,0.018750370025785,2.3375250919614543,3.7546666666666666,2.3632500267241916,True
111:49152,111,val,1,2,1748.0,12000,49152,53248,0.0182580962432865,2.2493574576873754,4.096,2.3404715129168285,True
111:53248,111,val,1,2,1748.0,12000,53248,57344,0.0163033070221224,2.318658541570869,4.437333333333333,2.336108918647637,True
111:57344,111,val,1,2,1748.0,12000,57344,61440,0.0157039607656241,2.3383288274842546,4.778666666666667,2.3365529004149606,True
111:61440,111,val,1,2,1748.0,12000,61440,65536,0.0135054650316703,2.2919813305680976,5.12,2.327638586445588,True
111:65536,111,val,1,2,1748.0,12000,65536,69632,0.0161765165017389,2.3795284403815784,5.461333333333333,2.3380165572327862,True
111:69632,111,val,1,2,1748.0,12000,69632,73728,0.0156568197757995,2.3183334816087795,5.802666666666667,2.334079942107985,True
111:73728,111,val,1,2,1748.0,12000,73728,77824,0.0157954179407518,2.3855553270386234,6.144,2.344375019094113,True
111:77824,111,val,1,2,1748.0,12000,77824,81920,0.0156138785916348,2.28665382859877,6.485333333333333,2.3328307809950446,True
111:81920,111,val,1,2,1748.0,12000,81920,86016,0.016613262142963,2.2880777743182215,6.826666666666667,2.32388017965968,True
111:86016,111,val,1,2,1748.0,12000,86016,90112,0.0187016780329771,2.242676148629832,7.168,2.3076393734537106,True
111:90112,111,val,1,2,1748.0,12000,90112,94208,0.0188060913833598,2.3274807973870026,7.509333333333333,2.3116076582403693,True
111:94208,111,val,1,2,1748.0,12000,94208,98304,0.0172273633275001,2.346086530198953,7.850666666666666,2.3185034326320864,True
111:98304,111,val,1,2,1748.0,12000,98304,102400,0.015802924516766,2.3677602175836925,8.192,2.3283547896224075,True
111:102400,111,val,1,2,1748.0,12000,102400,106496,0.0158452122851459,2.3124049930029607,8.533333333333333,2.3251648302985184,True
111:106496,111,val,1,2,1748.0,12000,106496,110592,0.0168001880167068,2.3373817326823834,8.874666666666666,2.3276082107752916,True
111:110592,111,val,1,2,1748.0,12000,110592,114688,0.0192568973052067,2.267039869784118,9.216,2.315494542577057,True
111:114688,111,val,1,2,1748.0,12000,114688,118784,0.0167916154442605,2.359065722351125,9.557333333333334,2.3242087785318706,True
124:0,124,val,3,2,1747.0,12000,0,4096,0.0160131708508377,2.1129088644845724,0.0,2.1129088644845724,True
124:4096,124,val,3,2,1747.0,12000,4096,8192,0.0173352015766648,2.018277587847308,0.3413333333333333,2.0939826091571194,True
124:8192,124,val,3,2,1747.0,12000,8192,12288,0.0166900351835267,1.904298399150631,0.6826666666666666,2.056045767155822,True
124:12288,124,val,3,2,1747.0,12000,12288,16384,0.0149464840823929,2.203472193811998,1.024,2.0855310524870574,True
124:16384,124,val,3,2,1747.0,12000,16384,20480,0.0165485250661427,2.1435141770650232,1.3653333333333333,2.097127677402651,True
124:20480,124,val,3,2,1747.0,12000,20480,24576,0.0163378794296502,2.27621070863655,1.7066666666666668,2.132944283649431,True
124:24576,124,val,3,2,1747.0,12000,24576,28672,0.0164955877117906,1.9666719521910667,2.048,2.099689817357758,True
124:28672,124,val,3,2,1747.0,12000,28672,32768,0.0170571247849037,1.9080898617909667,2.3893333333333335,2.0613698262444,True
124:32768,124,val,3,2,1747.0,12000,32768,36864,0.0178850197481943,1.9910474248023173,2.7306666666666666,2.0473053459559836,True
124:36864,124,val,3,2,1747.0,12000,36864,40960,0.0183845125020522,1.9408479556441076,3.072,2.0260138678936084,True
124:40960,124,val,3,2,1747.0,12000,40960,45056,0.0170435361767019,2.1199616175890936,3.4133333333333336,2.0448034178327057,True
124:45056,124,val,3,2,1747.0,12000,45056,49152,0.0169002240204464,2.051329427625399,3.7546666666666666,2.0461086197912444,True
124:49152,124,val,3,2,1747.0,12000,49152,53248,0.0139388682666596,2.0717756459090473,4.096,2.051242025014805,True
124:53248,124,val,3,2,1747.0,12000,53248,57344,0.0114355072780741,2.153335671428132,4.437333333333333,2.0716607542974708,True
124:57344,124,val,3,2,1747.0,12000,57344,61440,0.0130668008490552,2.0297990537663435,4.778666666666667,2.0632884141912453,True
124:61440,124,val,3,2,1747.0,12000,61440,65536,0.0169018085487153,2.126816331934299,5.12,2.075993997739856,True
124:65536,124,val,3,2,1747.0,12000,65536,69632,0.0158439834488105,2.0800810276963193,5.461333333333333,2.0768114037311487,True
124:69632,124,val,3,2,1747.0,12000,69632,73728,0.0166522070992851,1.994081160026402,5.802666666666667,2.0602653549901992,True
124:73728,124,val,3,2,1747.0,12000,73728,77824,0.0174218618640774,2.110660312497404,6.144,2.0703443464916402,True
124:77824,124,val,3,2,1747.0,12000,77824,81920,0.0168661135377625,1.9086172118383982,6.485333333333333,2.0379989195609918,True
124:81920,124,val,3,2,1747.0,12000,81920,86016,0.0141901256087559,1.9602091150157115,6.826666666666667,2.0224409586519356,True
124:86016,124,val,3,2,1747.0,12000,86016,90112,0.0142528167863932,1.9972596135099199,7.168,2.0174046896235325,True
124:90112,124,val,3,2,1747.0,12000,90112,94208,0.0150451990006387,1.942393558442649,7.509333333333333,2.002402463387356,True
124:94208,124,val,3,2,1747.0,12000,94208,98304,0.0168818406479795,2.0606857962009424,7.850666666666666,2.0140591299500734,True
124:98304,124,val,3,2,1747.0,12000,98304,102400,0.0160937492603514,1.8249916805992752,8.192,1.9762456400799138,True
124:102400,124,val,3,2,1747.0,12000,102400,106496,0.0164129858713425,2.114798544422451,8.533333333333333,2.0039562209484214,True
124:106496,124,val,3,2,1747.0,12000,106496,110592,0.0170419693310934,2.1192018118048934,8.874666666666666,2.027005339119716,True
124:110592,124,val,3,2,1747.0,12000,110592,114688,0.0181212595138499,1.8613214071015043,9.216,1.9938685527160736,True
124:114688,124,val,3,2,1747.0,12000,114688,118784,0.0168400770278504,2.180137928847235,9.557333333333334,2.031122427942306,True
137:0,137,val,2,2,1750.0,12000,0,4096,0.0127590334147442,2.539389960370098,0.0,2.539389960370098,True
137:4096,137,val,2,2,1750.0,12000,4096,8192,0.0115689571726705,2.4382742210187573,0.3413333333333333,2.51916681249983,True
137:8192,137,val,2,2,1750.0,12000,8192,12288,0.0137403350016889,2.497453333590292,0.6826666666666666,2.5148241167179224,True
137:12288,137,val,2,2,1750.0,12000,12288,16384,0.0145928514861318,2.4972375112511984,1.024,2.5113067956245776,True
137:16384,137,val,2,2,1750.0,12000,16384,20480,0.0113783599592845,2.50521520962788,1.3653333333333333,2.510088478425238,True
137:20480,137,val,2,2,1750.0,12000,20480,24576,0.0114579960662193,2.4779020142432264,1.7066666666666668,2.503651185588836,True
137:24576,137,val,2,2,1750.0,12000,24576,28672,0.0153953490793458,2.5147795357953524,2.048,2.5058768556301394,True
137:28672,137,val,2,2,1750.0,12000,28672,32768,0.014794254596196,2.5059132342034802,2.3893333333333335,2.5058841313448075,True
137:32768,137,val,2,2,1750.0,12000,32768,36864,0.013152286133868,2.493307349643254,2.7306666666666666,2.503368775004497,True
137:36864,137,val,2,2,1750.0,12000,36864,40960,0.009230866521343,2.451891735780783,3.072,2.4930733671597545,True
137:40960,137,val,2,2,1750.0,12000,40960,45056,0.0108988494927694,2.34607771033647,3.4133333333333336,2.463674235795098,True
137:45056,137,val,2,2,1750.0,12000,45056,49152,0.0127028215912359,2.5159200355174427,3.7546666666666666,2.474123395739567,True
137:49152,137,val,2,2,1750.0,12000,49152,53248,0.0114055259734508,2.4392756524455352,4.096,2.467153847080761,True
137:53248,137,val,2,2,1750.0,12000,53248,57344,0.0121329582094084,2.4576792968680965,4.437333333333333,2.465258937038228,True
137:57344,137,val,2,2,1750.0,12000,57344,61440,0.014818637028486,2.411532334664043,4.778666666666667,2.454513616563391,True
137:61440,137,val,2,2,1750.0,12000,61440,65536,0.0123680467473176,2.386939750142878,5.12,2.4409988432792886,True
137:65536,137,val,2,2,1750.0,12000,65536,69632,0.0119256353833321,2.44130738458408,5.461333333333333,2.441060551540247,True
137:69632,137,val,2,2,1750.0,12000,69632,73728,0.0106715894440355,2.4948416569719463,5.802666666666667,2.451816772626587,True
137:73728,137,val,2,2,1750.0,12000,73728,77824,0.0102353496003441,2.4974455204357042,6.144,2.4609425221884105,True
137:77824,137,val,2,2,1750.0,12000,77824,81920,0.0091572790772821,2.4624872673805,6.485333333333333,2.4612514712268285,True
137:81920,137,val,2,2,1750.0,12000,81920,86016,0.012548413844897,2.4934992642451865,6.826666666666667,2.4677010298305,True
137:86016,137,val,2,2,1750.0,12000,86016,90112,0.0126850753617068,2.5259309629254374,7.168,2.4793470164494877,True
137:90112,137,val,2,2,1750.0,12000,90112,94208,0.0124414811175597,2.5608415231081842,7.509333333333333,2.495645917781227,True
137:94208,137,val,2,2,1750.0,12000,94208,98304,0.0130584113059529,2.5287655961948436,7.850666666666666,2.5022698534639507,True
137:98304,137,val,2,2,1750.0,12000,98304,102400,0.0131951695172053,2.478350053862036,8.192,2.4974858935435678,True
137:102400,137,val,2,2,1750.0,12000,102400,106496,0.0146983901837849,2.5546735113489754,8.533333333333333,2.5089234171046493,True
137:106496,137,val,2,2,1750.0,12000,106496,110592,0.0121009300716593,2.5659979805075683,8.874666666666666,2.520338329785233,True
137:110592,137,val,2,2,1750.0,12000,110592,114688,0.0116851384597293,2.546791832405748,9.216,2.5256290303093363,True
137:114688,137,val,2,2,1750.0,12000,114688,118784,0.0099239578378782,2.5048472822501924,9.557333333333334,2.521472680697508,True
112:0,112,test,1,3,1721.0,12000,0,4096,0.0140120864579735,2.32851855583937,0.0,2.32851855583937,True
112:4096,112,test,1,3,1721.0,12000,4096,8192,0.0122333252257547,2.208030028387154,0.3413333333333333,2.3044208503489267,True
112:8192,112,test,1,3,1721.0,12000,8192,12288,0.0137830635593102,2.192450087458474,0.6826666666666666,2.2820266977708363,True
112:12288,112,test,1,3,1721.0,12000,12288,16384,0.0151642202341894,2.1995830712854203,1.024,2.265537972473753,True
112:16384,112,test,1,3,1721.0,12000,16384,20480,0.0166296883850381,2.2217213303422367,1.3653333333333333,2.25677464404745,True
112:20480,112,test,1,3,1721.0,12000,20480,24576,0.0144714880411141,2.217238556570266,1.7066666666666668,2.2488674265520134,True
112:24576,112,test,1,3,1721.0,12000,24576,28672,0.0158781224457338,2.2147333539207947,2.048,2.24204061202577,True
112:28672,112,test,1,3,1721.0,12000,28672,32768,0.0163149707833731,2.2010594469185905,2.3893333333333335,2.233844379004334,True
112:32768,112,test,1,3,1721.0,12000,32768,36864,0.0135575342849771,2.1722570857998154,2.7306666666666666,2.2215269203634302,True
112:36864,112,test,1,3,1721.0,12000,36864,40960,0.014032706353773,2.201811651109116,3.072,2.2175838665125673,True
112:40960,112,test,1,3,1721.0,12000,40960,45056,0.0139368764494193,2.2448184411440333,3.4133333333333336,2.223030781438861,True
112:45056,112,test,1,3,1721.0,12000,45056,49152,0.0156311649438628,2.211865290921957,3.7546666666666666,2.2207976833354803,True
112:49152,112,test,1,3,1721.0,12000,49152,53248,0.0177870189230262,2.213432862769209,4.096,2.219324719222226,True
112:53248,112,test,1,3,1721.0,12000,53248,57344,0.0147743902323854,2.206498683610825,4.437333333333333,2.216759512099946,True
112:57344,112,test,1,3,1721.0,12000,57344,61440,0.0136413148383775,2.2844039918328485,4.778666666666667,2.2302884080465266,True
112:61440,112,test,1,3,1721.0,12000,61440,65536,0.0150296439045078,2.2311132736003274,5.12,2.230453381157287,True
112:65536,112,test,1,3,1721.0,12000,65536,69632,0.0160795840945827,2.198722863058472,5.461333333333333,2.224107277537524,True
112:69632,112,test,1,3,1721.0,12000,69632,73728,0.0167061556468361,2.2162323370302626,5.802666666666667,2.222532289436072,True
112:73728,112,test,1,3,1721.0,12000,73728,77824,0.0138638112952253,2.1964016525693717,6.144,2.2173061620627323,True
112:77824,112,test,1,3,1721.0,12000,77824,81920,0.0155305061585884,2.217407763748632,6.485333333333333,2.2173264823999124,True
112:81920,112,test,1,3,1721.0,12000,81920,86016,0.0173488309834474,2.211093690276276,6.826666666666667,2.2160799239751854,True
112:86016,112,test,1,3,1721.0,12000,86016,90112,0.0180615677354198,2.170479355041963,7.168,2.206959810188541,True
112:90112,112,test,1,3,1721.0,12000,90112,94208,0.0167416317360945,2.2326824431617807,7.509333333333333,2.212104336783189,True
112:94208,112,test,1,3,1721.0,12000,94208,98304,0.0124501614930203,2.2481254990173305,7.850666666666666,2.219308569230017,True
112:98304,112,test,1,3,1721.0,12000,98304,102400,0.0122533280806179,2.2657536637221436,8.192,2.2285975881284426,True
112:102400,112,test,1,3,1721.0,12000,102400,106496,0.0114867609365522,2.2526552571710203,8.533333333333333,2.2334091219369583,True
112:106496,112,test,1,3,1721.0,12000,106496,110592,0.0148151361919204,2.217040427915245,8.874666666666666,2.2301353831326156,True
112:110592,112,test,1,3,1721.0,12000,110592,114688,0.0147549321325378,2.226187408876801,9.216,2.229345788281453,True
112:114688,112,test,1,3,1721.0,12000,114688,118784,0.0160349282206361,2.2529637899160866,9.557333333333334,2.2340693886083796,True
125:0,125,test,3,3,1721.0,12000,0,4096,0.0134590755524493,1.973454853001395,0.0,1.973454853001395,True
125:4096,125,test,3,3,1721.0,12000,4096,8192,0.0149162180577411,2.0340456598786862,0.3413333333333333,1.9855730143768533,True
125:8192,125,test,3,3,1721.0,12000,8192,12288,0.0136992260759337,2.215921053761868,0.6826666666666666,2.031642622253856,True
125:12288,125,test,3,3,1721.0,12000,12288,16384,0.0159898284652388,2.2064298362601034,1.024,2.0666000650551055,True
125:16384,125,test,3,3,1721.0,12000,16384,20480,0.0144756725977857,1.8778678757019842,1.3653333333333333,2.0288536271844815,True
125:20480,125,test,3,3,1721.0,12000,20480,24576,0.0121310148127261,2.1689807787729243,1.7066666666666668,2.05687905750217,True
125:24576,125,test,3,3,1721.0,12000,24576,28672,0.014431721995889,1.8445658636885034,2.048,2.0144164187394367,True
125:28672,125,test,3,3,1721.0,12000,28672,32768,0.0162748566076515,2.4519575904276025,2.3893333333333335,2.10192465307707,True
125:32768,125,test,3,3,1721.0,12000,32768,36864,0.0161030927244993,2.07297564407918,2.7306666666666666,2.096134851277492,True
125:36864,125,test,3,3,1721.0,12000,36864,40960,0.0155369936353771,2.1329458635358867,3.072,2.1034970537291713,True
125:40960,125,test,3,3,1721.0,12000,40960,45056,0.0160409623956903,2.1264431185347776,3.4133333333333336,2.1080862666902926,True
125:45056,125,test,3,3,1721.0,12000,45056,49152,0.014460171397204,2.320777193132009,3.7546666666666666,2.150624451978636,True
125:49152,125,test,3,3,1721.0,12000,49152,53248,0.0147326633478808,2.088484155402495,4.096,2.1381963926634078,True
125:53248,125,test,3,3,1721.0,12000,53248,57344,0.0158459769197861,2.205534045356491,4.437333333333333,2.1516639232020247,True
125:57344,125,test,3,3,1721.0,12000,57344,61440,0.0170803005172384,2.1415974487297342,4.778666666666667,2.1496506283075667,True
125:61440,125,test,3,3,1721.0,12000,61440,65536,0.0161529774228416,2.0456879162707797,5.12,2.1288580859002093,True
125:65536,125,test,3,3,1721.0,12000,65536,69632,0.0165057081240539,2.330955161674524,5.461333333333333,2.169277501055072,True
125:69632,125,test,3,3,1721.0,12000,69632,73728,0.0170568927082635,1.9959973540955096,5.802666666666667,2.1346214716631597,True
125:73728,125,test,3,3,1721.0,12000,73728,77824,0.016171166645861,2.269447254879253,6.144,2.1615866283063783,True
125:77824,125,test,3,3,1721.0,12000,77824,81920,0.0154465178932803,2.194467003313573,6.485333333333333,2.1681627033078175,True
125:81920,125,test,3,3,1721.0,12000,81920,86016,0.0139173345960143,2.208108770647151,6.826666666666667,2.176151916775684,True
125:86016,125,test,3,3,1721.0,12000,86016,90112,0.0135444626221604,2.3060755454230892,7.168,2.2021366425051654,True
125:90112,125,test,3,3,1721.0,12000,90112,94208,0.0149171700387076,2.091992435827105,7.509333333333333,2.1801078011695534,True
125:94208,125,test,3,3,1721.0,12000,94208,98304,0.0119546412667187,1.861961927248781,7.850666666666666,2.116478626385399,True
125:98304,125,test,3,3,1721.0,12000,98304,102400,0.0102592985215888,2.150448331229656,8.192,2.1232725673542507,True
125:102400,125,test,3,3,1721.0,12000,102400,106496,0.0121046574037725,2.1059430771292225,8.533333333333333,2.119806669309245,True
125:106496,125,test,3,3,1721.0,12000,106496,110592,0.0114675246065771,2.1517439804812146,8.874666666666666,2.126194131543639,True
125:110592,125,test,3,3,1721.0,12000,110592,114688,0.0151130129838665,1.9527988247732673,9.216,2.0915150701895646,True
125:114688,125,test,3,3,1721.0,12000,114688,118784,0.0154375267063233,2.0525771835361666,9.557333333333334,2.083727492858885,True
138:0,138,test,2,3,1725.0,12000,0,4096,0.0126647840542127,2.4491404055343833,0.0,2.4491404055343833,True
138:4096,138,test,2,3,1725.0,12000,4096,8192,0.0125666547664626,2.5598023906178207,0.3413333333333333,2.471272802551071,True
138:8192,138,test,2,3,1725.0,12000,8192,12288,0.0122391388318063,2.4451829231654183,0.6826666666666666,2.4660548266739406,True
138:12288,138,test,2,3,1725.0,12000,12288,16384,0.0118910324911904,2.4617507365428684,1.024,2.4651940086477264,True
138:16384,138,test,2,3,1725.0,12000,16384,20480,0.0115982015297568,2.456311803407147,1.3653333333333333,2.4634175675996106,True
138:20480,138,test,2,3,1725.0,12000,20480,24576,0.0129113498617737,2.43922466729344,1.7066666666666668,2.4585789875383766,True
138:24576,138,test,2,3,1725.0,12000,24576,28672,0.0120061932017655,2.478172329338847,2.048,2.4624976558984706,True
138:28672,138,test,2,3,1725.0,12000,28672,32768,0.0091404224482542,2.4647930013045007,2.3893333333333335,2.462956724979677,True
138:32768,138,test,2,3,1725.0,12000,32768,36864,0.0138594563425538,2.51346911636155,2.7306666666666666,2.4730592032560517,True
138:36864,138,test,2,3,1725.0,12000,36864,40960,0.0118847822966512,2.461397430812251,3.072,2.4707268487672915,True
138:40960,138,test,2,3,1725.0,12000,40960,45056,0.0108545220052291,2.4192906069581435,3.4133333333333336,2.460439600405462,True
138:45056,138,test,2,3,1725.0,12000,45056,49152,0.010333039570857,2.5278406281510635,3.7546666666666666,2.473919805954582,True
138:49152,138,test,2,3,1725.0,12000,49152,53248,0.0099294274179467,2.485936275549028,4.096,2.4763230998734715,True
138:53248,138,test,2,3,1725.0,12000,53248,57344,0.0130664705271825,2.471199378418032,4.437333333333333,2.4752983555823835,True
138:57344,138,test,2,3,1725.0,12000,57344,61440,0.0116419329280741,2.4329673423775335,4.778666666666667,2.4668321529414134,True
138:61440,138,test,2,3,1725.0,12000,61440,65536,0.011761331039369,2.486432802596757,5.12,2.4707522828724824,True
138:65536,138,test,2,3,1725.0,12000,65536,69632,0.0133065487410767,2.4856579132288235,5.461333333333333,2.4737334089437506,True
138:69632,138,test,2,3,1725.0,12000,69632,73728,0.0138479119869471,2.4439182120517104,5.802666666666667,2.4677703695653426,True
138:73728,138,test,2,3,1725.0,12000,73728,77824,0.0109927334035347,2.57619342046749,6.144,2.4894549797457723,True
138:77824,138,test,2,3,1725.0,12000,77824,81920,0.0116706858670829,2.468266803143321,6.485333333333333,2.485217344425282,True
138:81920,138,test,2,3,1725.0,12000,81920,86016,0.0111052537548821,2.486141219517733,6.826666666666667,2.4854021194437723,True
138:86016,138,test,2,3,1725.0,12000,86016,90112,0.0087400229791449,2.476927071936342,7.168,2.4837071099422863,True
138:90112,138,test,2,3,1725.0,12000,90112,94208,0.009476614353425,2.516750042152487,7.509333333333333,2.4903156963843265,True
138:94208,138,test,2,3,1725.0,12000,94208,98304,0.0101116171204827,2.506368366609987,7.850666666666666,2.4935262304294588,True
138:98304,138,test,2,3,1725.0,12000,98304,102400,0.0123335731494543,2.5521589945638286,8.192,2.5052527832563327,True
138:102400,138,test,2,3,1725.0,12000,102400,106496,0.0121723423287647,2.4611986065379745,8.533333333333333,2.496441947912661,True
138:106496,138,test,2,3,1725.0,12000,106496,110592,0.0121922098397018,2.4516852650292584,8.874666666666666,2.4874906113359807,True
138:110592,138,test,2,3,1725.0,12000,110592,114688,0.0131870040963426,2.510854459717323,9.216,2.4921633810122494,True
138:114688,138,test,2,3,1725.0,12000,114688,118784,0.0109690641020143,2.5291202432559237,9.557333333333334,2.4995547534609845,True
174:0,174,train,1,0,1796.0,12000,0,4096,0.0395554132955374,2.300552293991772,0.0,2.300552293991772,True
174:4096,174,train,1,0,1796.0,12000,4096,8192,0.0376592856981851,2.403259612828688,0.3413333333333333,2.3210937577591553,True
174:8192,174,train,1,0,1796.0,12000,8192,12288,0.0365384160854092,2.119171533701676,0.6826666666666666,2.2807093129476597,True
189:0,189,train,3,0,1797.0,12000,0,4096,0.0348591656662293,2.3225437699168765,0.0,2.3225437699168765,True
189:4096,189,train,3,0,1797.0,12000,4096,8192,0.0347817875391427,2.450551155343947,0.3413333333333333,2.3481452470022908,True
189:8192,189,train,3,0,1797.0,12000,8192,12288,0.0335599138246065,2.367015471877125,0.6826666666666666,2.3519192919772576,True
189:12288,189,train,3,0,1797.0,12000,12288,16384,0.0322389295050569,2.380699726858367,1.024,2.3576753789534797,True
189:16384,189,train,3,0,1797.0,12000,16384,20480,0.0326321222886118,2.508108949342144,1.3653333333333333,2.387762093031213,True
189:20480,189,train,3,0,1797.0,12000,20480,24576,0.0323975952315815,2.4009945540910453,1.7066666666666668,2.3904085852431796,True
189:24576,189,train,3,0,1797.0,12000,24576,28672,0.0290533300379648,2.2667105144069377,2.048,2.365668971075931,True
189:28672,189,train,3,0,1797.0,12000,28672,32768,0.0277884162544829,2.400223779834089,2.3893333333333335,2.3725799328275627,True
189:32768,189,train,3,0,1797.0,12000,32768,36864,0.0267345589276069,2.281567139789595,2.7306666666666666,2.354377374219969,True
189:36864,189,train,3,0,1797.0,12000,36864,40960,0.0266064773545765,2.2327565657038497,3.072,2.3300532125167455,True
189:40960,189,train,3,0,1797.0,12000,40960,45056,0.0280765669552243,2.1087807418752975,3.4133333333333336,2.285798718388456,True
189:45056,189,train,3,0,1797.0,12000,45056,49152,0.0274056686840115,2.2805297908736724,3.7546666666666666,2.2847449328854994,True
189:49152,189,train,3,0,1797.0,12000,49152,53248,0.0280924227661336,2.214740640088212,4.096,2.270744074326042,True
189:53248,189,train,3,0,1797.0,12000,53248,57344,0.0293832027315564,2.1369629831303807,4.437333333333333,2.2439878560869095,True
189:57344,189,train,3,0,1797.0,12000,57344,61440,0.0290663546388297,2.179815156251269,4.778666666666667,2.2311533161197814,True
201:0,201,train,2,0,1796.0,12000,0,4096,0.4916967240525119,2.146564114341289,0.0,2.146564114341289,True
201:4096,201,train,2,0,1796.0,12000,4096,8192,0.4752197843076187,1.9043648539135691,0.3413333333333333,2.098124262255745,True
201:8192,201,train,2,0,1796.0,12000,8192,12288,0.4596157110770086,2.0455525099541734,0.6826666666666666,2.0876099117954308,True
201:12288,201,train,2,0,1796.0,12000,12288,16384,0.446333035675392,2.218724755808207,1.024,2.113832880597986,True
201:16384,201,train,2,0,1796.0,12000,16384,20480,0.4314837080604869,2.046387236800444,1.3653333333333333,2.1003437518384778,True
201:20480,201,train,2,0,1796.0,12000,20480,24576,0.420697647055323,2.183551273842404,1.7066666666666668,2.1169852562392633,True
201:24576,201,train,2,0,1796.0,12000,24576,28672,0.4038740223681801,2.156163167778013,2.048,2.1248208385470133,True
201:28672,201,train,2,0,1796.0,12000,28672,32768,0.3908802533961605,2.316113140289546,2.3893333333333335,2.16307929889552,True
201:32768,201,train,2,0,1796.0,12000,32768,36864,0.3822316590853174,2.268159534148268,2.7306666666666666,2.1840953459460697,True
201:36864,201,train,2,0,1796.0,12000,36864,40960,0.3698003421718446,2.1790896567301794,3.072,2.183094208102892,True
201:40960,201,train,2,0,1796.0,12000,40960,45056,0.3555403861421452,1.9529758687929066,3.4133333333333336,2.137070540240895,True
201:45056,201,train,2,0,1796.0,12000,45056,49152,0.3438885138598713,2.31920163524067,3.7546666666666666,2.1734967592408503,True
201:49152,201,train,2,0,1796.0,12000,49152,53248,0.3328638260160311,2.1398607267794847,4.096,2.166769552748577,True
201:53248,201,train,2,0,1796.0,12000,53248,57344,0.3206909266780199,2.09054536371124,4.437333333333333,2.1515247149411096,True
175:0,175,train,1,1,1772.0,12000,0,4096,0.0204418317774405,2.842380834047038,0.0,2.842380834047038,True
175:4096,175,train,1,1,1772.0,12000,4096,8192,0.0217860381991226,2.8478948490237808,0.3413333333333333,2.843483637042387,True
175:8192,175,train,1,1,1772.0,12000,8192,12288,0.0216425245869533,2.759047758252009,0.6826666666666666,2.8265964612843115,True
175:12288,175,train,1,1,1772.0,12000,12288,16384,0.0200278507594598,2.828712895010015,1.024,2.827019748029452,True
175:16384,175,train,1,1,1772.0,12000,16384,20480,0.0210634126586864,2.738524660395034,1.3653333333333333,2.8093207305025687,True
175:20480,175,train,1,1,1772.0,12000,20480,24576,0.017923490552098,2.8565992983740913,1.7066666666666668,2.8187764440768732,True
175:24576,175,train,1,1,1772.0,12000,24576,28672,0.0176485992028071,2.826940612938015,2.048,2.8204092778491017,True
175:28672,175,train,1,1,1772.0,12000,28672,32768,0.0198679062718742,2.8186332265747396,2.3893333333333335,2.8200540675942296,True
175:32768,175,train,1,1,1772.0,12000,32768,36864,0.0212987754683915,2.8275377834540025,2.7306666666666666,2.821550810766184,True
175:36864,175,train,1,1,1772.0,12000,36864,40960,0.0210400497054665,2.7379727311007183,3.072,2.804835194833091,True
175:40960,175,train,1,1,1772.0,12000,40960,45056,0.0201731041935738,2.76487222783869,3.4133333333333336,2.796842601434211,True
175:45056,175,train,1,1,1772.0,12000,45056,49152,0.0199525717721913,2.8028768866407896,3.7546666666666666,2.798049458475527,True
175:49152,175,train,1,1,1772.0,12000,49152,53248,0.0199034170029756,2.8554062389623875,4.096,2.8095208145728994,True
175:53248,175,train,1,1,1772.0,12000,53248,57344,0.0196766449661287,2.896543291506891,4.437333333333333,2.826925309959698,True
175:57344,175,train,1,1,1772.0,12000,57344,61440,0.0165332103111191,2.822033290025677,4.778666666666667,2.825946905972894,True
175:61440,175,train,1,1,1772.0,12000,61440,65536,0.0184299454101851,2.840238328124471,5.12,2.8288051904032097,True
175:65536,175,train,1,1,1772.0,12000,65536,69632,0.0165750409057661,2.768549525703907,5.461333333333333,2.816754057463349,True
175:69632,175,train,1,1,1772.0,12000,69632,73728,0.0159843914909147,2.7348732029152623,5.802666666666667,2.800377886553732,True
175:73728,175,train,1,1,1772.0,12000,73728,77824,0.0151519621234912,2.7580522276570667,6.144,2.791912754774399,True
175:77824,175,train,1,1,1772.0,12000,77824,81920,0.0147913542762461,2.7731782930645648,6.485333333333333,2.7881658624324324,True
175:81920,175,train,1,1,1772.0,12000,81920,86016,0.0165520922900307,2.8003657920585012,6.826666666666667,2.790605848357646,True
175:86016,175,train,1,1,1772.0,12000,86016,90112,0.0174253825535772,2.77605120260927,7.168,2.787694919207971,True
175:90112,175,train,1,1,1772.0,12000,90112,94208,0.0159413467155963,2.7624501197001003,7.509333333333333,2.782645959306397,True
190:0,190,train,3,1,1772.0,12000,0,4096,0.0121779905939356,2.6422913060668805,0.0,2.6422913060668805,True
190:4096,190,train,3,1,1772.0,12000,4096,8192,0.0113531101206055,2.2905315892474714,0.3413333333333333,2.5719393627029987,True
190:8192,190,train,3,1,1772.0,12000,8192,12288,0.0105921883860053,2.490052866319348,0.6826666666666666,2.555562063426269,True
190:12288,190,train,3,1,1772.0,12000,12288,16384,0.0093118726292537,2.1029401303112305,1.024,2.465037676803261,True
190:16384,190,train,3,1,1772.0,12000,16384,20480,0.0101360914925107,1.912487734813692,1.3653333333333333,2.3545276884053474,True
190:20480,190,train,3,1,1772.0,12000,20480,24576,0.0113118406795412,2.443810099748991,1.7066666666666668,2.372384170674076,True
190:24576,190,train,3,1,1772.0,12000,24576,28672,0.011290130785032,2.571723397886869,2.048,2.4122520161166348,True
190:28672,190,train,3,1,1772.0,12000,28672,32768,0.0084559864372177,2.0838614733418885,2.3893333333333335,2.3465739075616856,True
190:32768,190,train,3,1,1772.0,12000,32768,36864,0.0104245072755999,2.4763247610268992,2.7306666666666666,2.3725240782547283,True
190:36864,190,train,3,1,1772.0,12000,36864,40960,0.0128088456136377,2.2135214291909806,3.072,2.340723548441979,True
190:40960,190,train,3,1,1772.0,12000,40960,45056,0.0117648998575822,2.5005060646987087,3.4133333333333336,2.372680051693325,True
190:45056,190,train,3,1,1772.0,12000,45056,49152,0.0128573144312559,2.3999635059178184,3.7546666666666666,2.378136742538224,True
190:49152,190,train,3,1,1772.0,12000,49152,53248,0.011773586383911,2.475855093042107,4.096,2.3976804126390006,True
190:53248,190,train,3,1,1772.0,12000,53248,57344,0.01252576860338,2.3579919663655757,4.437333333333333,2.3897427233843156,True
190:57344,190,train,3,1,1772.0,12000,57344,61440,0.0124246080690032,2.291742164727327,4.778666666666667,2.370142611652918,True
190:61440,190,train,3,1,1772.0,12000,61440,65536,0.0110179040839619,2.5196236771251854,5.12,2.4000388247473716,True
190:65536,190,train,3,1,1772.0,12000,65536,69632,0.0127965878400097,2.405020637248099,5.461333333333333,2.4010351872475173,True
190:69632,190,train,3,1,1772.0,12000,69632,73728,0.0110550405523113,2.3350652502377405,5.802666666666667,2.387841199845562,True
190:73728,190,train,3,1,1772.0,12000,73728,77824,0.0091075045906812,2.4375746293480196,6.144,2.397787885746054,True
190:77824,190,train,3,1,1772.0,12000,77824,81920,0.0106575210337233,2.422747579587234,6.485333333333333,2.40277982451429,True
190:81920,190,train,3,1,1772.0,12000,81920,86016,0.0139677987767822,2.3515788828972357,6.826666666666667,2.3925396361908793,True
190:86016,190,train,3,1,1772.0,12000,86016,90112,0.01418177736258,2.2466661900078786,7.168,2.3633649469542792,True
190:90112,190,train,3,1,1772.0,12000,90112,94208,0.0144520292539358,2.171566173376893,7.509333333333333,2.325005192238802,True
190:94208,190,train,3,1,1772.0,12000,94208,98304,0.0115705308923419,2.3386194422203332,7.850666666666666,2.3277280422351083,True
190:98304,190,train,3,1,1772.0,12000,98304,102400,0.0116610152484078,2.397735329400337,8.192,2.3417294996681544,True
190:102400,190,train,3,1,1772.0,12000,102400,106496,0.0096931107833788,2.579873023499942,8.533333333333333,2.389358204434512,True
190:106496,190,train,3,1,1772.0,12000,106496,110592,0.0111449958811236,2.510626267781906,8.874666666666666,2.413611817103991,True
190:110592,190,train,3,1,1772.0,12000,110592,114688,0.0093347590281784,2.5801876922933795,9.216,2.446926992141869,True
190:114688,190,train,3,1,1772.0,12000,114688,118784,0.0111373696508437,2.3059864989566337,9.557333333333334,2.418738893504822,True
202:0,202,train,2,1,1772.0,12000,0,4096,0.0126426474874576,2.055258760964407,0.0,2.055258760964407,True
202:4096,202,train,2,1,1772.0,12000,4096,8192,0.0128166204262815,2.248197721341781,0.3413333333333333,2.093846553039882,True
202:8192,202,train,2,1,1772.0,12000,8192,12288,0.0128563136362616,2.458345382792184,0.6826666666666666,2.1667463189903424,True
202:12288,202,train,2,1,1772.0,12000,12288,16384,0.0103701815246724,2.329383743641077,1.024,2.1992738039204895,True
202:16384,202,train,2,1,1772.0,12000,16384,20480,0.0088141546965579,2.051869180102067,1.3653333333333333,2.1697928791568053,True
202:20480,202,train,2,1,1772.0,12000,20480,24576,0.0128397520045521,2.4119315292204737,1.7066666666666668,2.218220609169539,True
202:24576,202,train,2,1,1772.0,12000,24576,28672,0.0137633291849165,2.179116221631795,2.048,2.2103997316619903,True
202:28672,202,train,2,1,1772.0,12000,28672,32768,0.0148137196163305,2.0997562753363193,2.3893333333333335,2.1882710403968564,True
202:32768,202,train,2,1,1772.0,12000,32768,36864,0.0117094406329873,1.866127287052109,2.7306666666666666,2.1238422897279072,True
202:36864,202,train,2,1,1772.0,12000,36864,40960,0.0100889039685898,1.9179692672128732,3.072,2.0826676852249006,True
202:40960,202,train,2,1,1772.0,12000,40960,45056,0.0129799489874586,1.839374600208796,3.4133333333333336,2.03400906822168,True
202:45056,202,train,2,1,1772.0,12000,45056,49152,0.0123067580365458,2.111489041286819,3.7546666666666666,2.049505062834708,True
202:49152,202,train,2,1,1772.0,12000,49152,53248,0.0129078792056756,2.203962246264454,4.096,2.080396499520657,True
202:53248,202,train,2,1,1772.0,12000,53248,57344,0.0133558317006237,1.914212316520645,4.437333333333333,2.047159662920655,True
202:57344,202,train,2,1,1772.0,12000,57344,61440,0.0135209900826299,2.139965292273355,4.778666666666667,2.0657207887911953,True
202:61440,202,train,2,1,1772.0,12000,61440,65536,0.0133131593480218,2.1473517334176426,5.12,2.0820469777164847,True
202:65536,202,train,2,1,1772.0,12000,65536,69632,0.0145961116241497,1.91412826956925,5.461333333333333,2.048463236087038,True
202:69632,202,train,2,1,1772.0,12000,69632,73728,0.0147479728975205,1.8412935433667872,5.802666666666667,2.0070292975429878,True
202:73728,202,train,2,1,1772.0,12000,73728,77824,0.0148683152094012,2.1631829559020064,6.144,2.0382600292147917,True
202:77824,202,train,2,1,1772.0,12000,77824,81920,0.0130043147487005,2.2923415584852975,6.485333333333333,2.089076335068893,True
202:81920,202,train,2,1,1772.0,12000,81920,86016,0.0087012729484217,2.0889343351205367,6.826666666666667,2.089047935079222,True
202:86016,202,train,2,1,1772.0,12000,86016,90112,0.0085413404325932,2.2503386335982847,7.168,2.1213060747830346,True
202:90112,202,train,2,1,1772.0,12000,90112,94208,0.0094168913512853,2.2206529376373267,7.509333333333333,2.141175447353893,True
202:94208,202,train,2,1,1772.0,12000,94208,98304,0.0102173295913669,1.9268586767989004,7.850666666666666,2.0983120932428947,True
202:98304,202,train,2,1,1772.0,12000,98304,102400,0.009470502942362,2.2683784306170947,8.192,2.1323253607177346,True
202:102400,202,train,2,1,1772.0,12000,102400,106496,0.0099913364961872,2.054366748413254,8.533333333333333,2.1167336382568385,True
202:106496,202,train,2,1,1772.0,12000,106496,110592,0.0126646366693138,1.9607346450692433,8.874666666666666,2.0855338396193197,True
202:110592,202,train,2,1,1772.0,12000,110592,114688,0.0145032731417244,1.929361854798086,9.216,2.054299442655073,True
202:114688,202,train,2,1,1772.0,12000,114688,118784,0.0123542625611133,2.1501704945694367,9.557333333333334,2.073473653037946,True
176:0,176,val,1,2,1751.0,12000,0,4096,0.0166322834827621,2.6900618349166874,0.0,2.6900618349166874,True
176:4096,176,val,1,2,1751.0,12000,4096,8192,0.0160459175572145,2.602883510346492,0.3413333333333333,2.6726261700026486,True
176:8192,176,val,1,2,1751.0,12000,8192,12288,0.0194670574901816,2.5037210179267464,0.6826666666666666,2.638845139587468,True
176:12288,176,val,1,2,1751.0,12000,12288,16384,0.0192775224273395,2.634801686526156,1.024,2.638036448975206,True
176:16384,176,val,1,2,1751.0,12000,16384,20480,0.0138370826437171,2.747606977201552,1.3653333333333333,2.659950554620475,True
176:20480,176,val,1,2,1751.0,12000,20480,24576,0.015451128354568,2.6972706740865995,1.7066666666666668,2.6674145785137,True
176:24576,176,val,1,2,1751.0,12000,24576,28672,0.0162911833361104,2.594428381249737,2.048,2.6528173390609076,True
176:28672,176,val,1,2,1751.0,12000,28672,32768,0.0181159002021211,2.6610033824699904,2.3893333333333335,2.6544545477427244,True
176:32768,176,val,1,2,1751.0,12000,32768,36864,0.0194405053850423,2.7428155971121226,2.7306666666666666,2.672126757616604,True
176:36864,176,val,1,2,1751.0,12000,36864,40960,0.0169731618739185,2.6437652088398385,3.072,2.666454447861251,True
176:40960,176,val,1,2,1751.0,12000,40960,45056,0.0163199861255725,2.6108544374494014,3.4133333333333336,2.6553344457788812,True
176:45056,176,val,1,2,1751.0,12000,45056,49152,0.0168588982530833,2.697402824225378,3.7546666666666666,2.663748121468181,True
176:49152,176,val,1,2,1751.0,12000,49152,53248,0.0166016272527092,2.7301199579329563,4.096,2.677022488761136,True
176:53248,176,val,1,2,1751.0,12000,53248,57344,0.0138881004248233,2.694875897184694,4.437333333333333,2.6805931704458477,True
176:57344,176,val,1,2,1751.0,12000,57344,61440,0.0141192897378398,2.6471445737606283,4.778666666666667,2.673903451108804,True
176:61440,176,val,1,2,1751.0,12000,61440,65536,0.0143102105245878,2.593195571061948,5.12,2.6577618750994327,True
176:65536,176,val,1,2,1751.0,12000,65536,69632,0.0180090306773919,2.6506669852420046,5.461333333333333,2.656342897127947,True
176:69632,176,val,1,2,1751.0,12000,69632,73728,0.0166647039588216,2.695785076816089,5.802666666666667,2.6642313330655756,True
176:73728,176,val,1,2,1751.0,12000,73728,77824,0.0161978957640942,2.6759012832880886,6.144,2.666565323110078,True
176:77824,176,val,1,2,1751.0,12000,77824,81920,0.0159209467358017,2.65143505909078,6.485333333333333,2.663539270306219,True
176:81920,176,val,1,2,1751.0,12000,81920,86016,0.0186563770715751,2.677859068411501,6.826666666666667,2.6664032299272753,True
176:86016,176,val,1,2,1751.0,12000,86016,90112,0.0177675517665703,2.771636834458739,7.168,2.6874499508335683,True
176:90112,176,val,1,2,1751.0,12000,90112,94208,0.0187808314962832,2.685209606217186,7.509333333333333,2.687001881910292,True
176:94208,176,val,1,2,1751.0,12000,94208,98304,0.0186090420215609,2.575731523877938,7.850666666666666,2.664747810303821,True
176:98304,176,val,1,2,1751.0,12000,98304,102400,0.0167947967693739,2.714407054197814,8.192,2.67467965908262,True
176:102400,176,val,1,2,1751.0,12000,102400,106496,0.0161067359560938,2.7227724937915965,8.533333333333333,2.6842982260244153,True
176:106496,176,val,1,2,1751.0,12000,106496,110592,0.0165795547000266,2.6336350332658784,8.874666666666666,2.674165587472708,True
176:110592,176,val,1,2,1751.0,12000,110592,114688,0.0137057325790212,2.5944387226483525,9.216,2.6582202145078373,True
176:114688,176,val,1,2,1751.0,12000,114688,118784,0.0128696367735503,2.6566514419644807,9.557333333333334,2.657906459999166,True
191:0,191,val,3,2,1748.0,12000,0,4096,0.0139592609811736,2.6998838611350977,0.0,2.6998838611350977,True
191:4096,191,val,3,2,1748.0,12000,4096,8192,0.0130548738078263,2.8490876080393357,0.3413333333333333,2.7297246105159454,True
191:8192,191,val,3,2,1748.0,12000,8192,12288,0.0121963312209641,2.389214899707306,0.6826666666666666,2.6616226683542177,True
191:12288,191,val,3,2,1748.0,12000,12288,16384,0.0105918411197647,2.328870434154336,1.024,2.5950722215142417,True
191:16384,191,val,3,2,1748.0,12000,16384,20480,0.0111531757942606,2.529888019538242,1.3653333333333333,2.582035381119042,True
191:20480,191,val,3,2,1748.0,12000,20480,24576,0.0119935356322303,2.457570976703926,1.7066666666666668,2.557142500236019,True
191:24576,191,val,3,2,1748.0,12000,24576,28672,0.0116966967050326,2.435702044192675,2.048,2.53285440902735,True
191:28672,191,val,3,2,1748.0,12000,28672,32768,0.0122268021478013,2.2927085521418538,2.3893333333333335,2.484825237650251,True
191:32768,191,val,3,2,1748.0,12000,32768,36864,0.0133791820834823,2.448849921528871,2.7306666666666666,2.477630174425975,True
191:36864,191,val,3,2,1748.0,12000,36864,40960,0.0137827137035617,2.505797675380161,3.072,2.483263674616812,True
191:40960,191,val,3,2,1748.0,12000,40960,45056,0.0125625606184579,2.4739860378794485,3.4133333333333336,2.4814081472693394,True
191:45056,191,val,3,2,1748.0,12000,45056,49152,0.0123324861596272,2.616315224669588,3.7546666666666666,2.508389562749389,True
191:49152,191,val,3,2,1748.0,12000,49152,53248,0.0115361040578214,2.4268578960842464,4.096,2.4920832294163606,True
191:53248,191,val,3,2,1748.0,12000,53248,57344,0.0098769295016167,2.179976243728661,4.437333333333333,2.429661832278821,True
191:57344,191,val,3,2,1748.0,12000,57344,61440,0.0099707650067593,2.288702887946554,4.778666666666667,2.4014700434123677,True
191:61440,191,val,3,2,1748.0,12000,61440,65536,0.0122792930090021,2.3132592973816624,5.12,2.3838278942062265,True
191:65536,191,val,3,2,1748.0,12000,65536,69632,0.0130944438905585,2.4658424463199387,5.461333333333333,2.4002308046289693,True
191:69632,191,val,3,2,1748.0,12000,69632,73728,0.0108989224641032,2.493730242267855,5.802666666666667,2.4189306921567466,True
191:73728,191,val,3,2,1748.0,12000,73728,77824,0.0085928444315493,2.514779133472049,6.144,2.438100380419807,True
191:77824,191,val,3,2,1748.0,12000,77824,81920,0.0086287084916212,2.5467801422356002,6.485333333333333,2.4598363327829658,True
191:81920,191,val,3,2,1748.0,12000,81920,86016,0.010046985558206,2.574179523844933,6.826666666666667,2.4827049709953593,True
191:86016,191,val,3,2,1748.0,12000,86016,90112,0.0105274409886767,2.5089445802829866,7.168,2.487952892852885,True
191:90112,191,val,3,2,1748.0,12000,90112,94208,0.0118864101636575,2.3952142364944318,7.509333333333333,2.4694051615811943,True
191:94208,191,val,3,2,1748.0,12000,94208,98304,0.0101700453007544,2.3702725214753277,7.850666666666666,2.449578633560021,True
191:98304,191,val,3,2,1748.0,12000,98304,102400,0.010030151670105,2.0870963679075367,8.192,2.3770821804295243,True
191:102400,191,val,3,2,1748.0,12000,102400,106496,0.0101633087786118,2.3447553980096885,8.533333333333333,2.370616823945557,True
191:106496,191,val,3,2,1748.0,12000,106496,110592,0.0116125534388804,2.1287997267797354,8.874666666666666,2.322253404512393,True
191:110592,191,val,3,2,1748.0,12000,110592,114688,0.0107219060582252,2.30532890583282,9.216,2.3188685047764785,True
191:114688,191,val,3,2,1748.0,12000,114688,118784,0.0102230587443389,2.4649290612729438,9.557333333333334,2.3480806160757717,True
203:0,203,val,2,2,1749.0,12000,0,4096,0.012165782606368,2.2467135659211674,0.0,2.2467135659211674,True
203:4096,203,val,2,2,1749.0,12000,4096,8192,0.010569172130117,2.018135982973498,0.3413333333333333,2.2009980493316337,True
203:8192,203,val,2,2,1749.0,12000,8192,12288,0.0088759575273358,2.2968234689284968,0.6826666666666666,2.2201631332510066,True
203:12288,203,val,2,2,1749.0,12000,12288,16384,0.0105123220769811,2.1379672443660906,1.024,2.2037239554740236,True
203:16384,203,val,2,2,1749.0,12000,16384,20480,0.0126730262629744,2.235703324138302,1.3653333333333333,2.2101198292068793,True
203:20480,203,val,2,2,1749.0,12000,20480,24576,0.012603771719789,2.06511758180417,1.7066666666666668,2.1811193797263377,True
203:24576,203,val,2,2,1749.0,12000,24576,28672,0.0122908482556191,2.261805000724988,2.048,2.197256503926068,True
203:28672,203,val,2,2,1749.0,12000,28672,32768,0.0104016088864267,2.252137130556855,2.3893333333333335,2.208232629252225,True
203:32768,203,val,2,2,1749.0,12000,32768,36864,0.0102488484126682,2.003506982145121,2.7306666666666666,2.1672874998308047,True
203:36864,203,val,2,2,1749.0,12000,36864,40960,0.0104402536111602,2.0978762948181324,3.072,2.15340525882827,True
203:40960,203,val,2,2,1749.0,12000,40960,45056,0.0117482905864465,2.244696873583169,3.4133333333333336,2.1716635817792502,True
203:45056,203,val,2,2,1749.0,12000,45056,49152,0.0126562556315164,2.1988379930700837,3.7546666666666666,2.177098464037417,True
203:49152,203,val,2,2,1749.0,12000,49152,53248,0.0105811505055623,2.108924303069118,4.096,2.163463631843757,True
203:53248,203,val,2,2,1749.0,12000,53248,57344,0.0095937285962206,2.086435313094897,4.437333333333333,2.148057968093985,True
203:57344,203,val,2,2,1749.0,12000,57344,61440,0.0107044498748582,2.2020699642489237,4.778666666666667,2.158860367324973,True
203:61440,203,val,2,2,1749.0,12000,61440,65536,0.011827939408272,2.1613859053513176,5.12,2.159365474930242,True
203:65536,203,val,2,2,1749.0,12000,65536,69632,0.0109564110336907,2.2739390039873273,5.461333333333333,2.1822801807416594,True
203:69632,203,val,2,2,1749.0,12000,69632,73728,0.0112283407433008,2.2335351642256542,5.802666666666667,2.1925311774384584,True
203:73728,203,val,2,2,1749.0,12000,73728,77824,0.0104563892928099,2.1458811556520843,6.144,2.1832011730811836,True
203:77824,203,val,2,2,1749.0,12000,77824,81920,0.0115205147933787,2.5318375694096154,6.485333333333333,2.25292845234687,True
203:81920,203,val,2,2,1749.0,12000,81920,86016,0.0109633442154079,2.2970374915716714,6.826666666666667,2.2617502601918305,True
203:86016,203,val,2,2,1749.0,12000,86016,90112,0.0103714690705605,2.054674874110066,7.168,2.220335182975478,True
203:90112,203,val,2,2,1749.0,12000,90112,94208,0.0127222284958469,2.039033897478986,7.509333333333333,2.1840749258761796,True
203:94208,203,val,2,2,1749.0,12000,94208,98304,0.0107498191689573,2.3634559511487994,7.850666666666666,2.2199511309307036,True
203:98304,203,val,2,2,1749.0,12000,98304,102400,0.0134738568966098,2.0371874455284327,8.192,2.1833983938502497,True
203:102400,203,val,2,2,1749.0,12000,102400,106496,0.0122554683330651,1.9609287221459473,8.533333333333333,2.1389044595093893,True
203:106496,203,val,2,2,1749.0,12000,106496,110592,0.0123091076912962,2.23361932888747,8.874666666666666,2.1578474333850055,True
203:110592,203,val,2,2,1749.0,12000,110592,114688,0.0119600771125764,2.184606202010451,9.216,2.1631991871100946,True
203:114688,203,val,2,2,1749.0,12000,114688,118784,0.0119508555745219,1.9501713300323928,9.557333333333334,2.1205936156945544,True
177:0,177,test,1,3,1726.0,12000,0,4096,0.0184144374353689,2.737046404895607,0.0,2.737046404895607,True
177:4096,177,test,1,3,1726.0,12000,4096,8192,0.082959894851941,2.4627006382957513,0.3413333333333333,2.682177251575636,True
177:8192,177,test,1,3,1726.0,12000,8192,12288,0.0142162260445413,2.7386190116025486,0.6826666666666666,2.6934656035810187,True
177:12288,177,test,1,3,1726.0,12000,12288,16384,0.0141926885331269,2.5520561016297947,1.024,2.665183703190774,True
177:16384,177,test,1,3,1726.0,12000,16384,20480,0.0126050544507265,2.5313563552965523,1.3653333333333333,2.6384182336119295,True
177:20480,177,test,1,3,1726.0,12000,20480,24576,0.0131339618740944,2.517252693168836,1.7066666666666668,2.614185125523311,True
177:24576,177,test,1,3,1726.0,12000,24576,28672,0.013731430272807,2.6125086736878673,2.048,2.613849835156222,True
177:28672,177,test,1,3,1726.0,12000,28672,32768,0.0149100057251802,2.5340299202697323,2.3893333333333335,2.597885852178924,True
177:32768,177,test,1,3,1726.0,12000,32768,36864,0.0174232474147087,2.6021635493708075,2.7306666666666666,2.5987413916173008,True
177:36864,177,test,1,3,1726.0,12000,36864,40960,0.016422510450972,2.624557661495157,3.072,2.603904645592872,True
177:40960,177,test,1,3,1726.0,12000,40960,45056,0.0194296075352153,2.606018437370635,3.4133333333333336,2.604327403948425,True
177:45056,177,test,1,3,1726.0,12000,45056,49152,0.0166478604584762,2.5795136494363695,3.7546666666666666,2.599364653046014,True
177:49152,177,test,1,3,1726.0,12000,49152,53248,0.0155690625816994,2.5034677782862316,4.096,2.5801852780940577,True
177:53248,177,test,1,3,1726.0,12000,53248,57344,0.0156533291899828,2.5972206170163568,4.437333333333333,2.5835923458785177,True
177:57344,177,test,1,3,1726.0,12000,57344,61440,0.0147144269690727,2.716287103415819,4.778666666666667,2.610131297385978,True
177:61440,177,test,1,3,1726.0,12000,61440,65536,0.0160068546321469,2.7183372682403046,5.12,2.6317724915568435,True
177:65536,177,test,1,3,1726.0,12000,65536,69632,0.0146018781320755,2.588268801858579,5.461333333333333,2.623071753617191,True
177:69632,177,test,1,3,1726.0,12000,69632,73728,0.014986359420261,2.5765139763133105,5.802666666666667,2.613760198156415,True
177:73728,177,test,1,3,1726.0,12000,73728,77824,0.0140754851337392,2.595725613434965,6.144,2.610153281212125,True
177:77824,177,test,1,3,1726.0,12000,77824,81920,0.015438897920659,2.595016907977963,6.485333333333333,2.607126006565293,True
177:81920,177,test,1,3,1726.0,12000,81920,86016,0.0175404140213496,2.5205541113744223,6.826666666666667,2.589811627527119,True
177:86016,177,test,1,3,1726.0,12000,86016,90112,0.0164663648207283,2.5852990702152625,7.168,2.5889091160647477,True
177:90112,177,test,1,3,1726.0,12000,90112,94208,0.0158417752012925,2.638048624259977,7.509333333333333,2.598737017703794,True
177:94208,177,test,1,3,1726.0,12000,94208,98304,0.0168659563678517,2.4829666628487166,7.850666666666666,2.5755829467327787,True
177:98304,177,test,1,3,1726.0,12000,98304,102400,0.0166687027938308,2.5591461978039205,8.192,2.572295596947007,True
177:102400,177,test,1,3,1726.0,12000,102400,106496,0.0142970527606331,2.647368489575141,8.533333333333333,2.5873101754726338,True
177:106496,177,test,1,3,1726.0,12000,106496,110592,0.0147009848666886,2.6092081503558044,8.874666666666666,2.591689770449268,True
177:110592,177,test,1,3,1726.0,12000,110592,114688,0.0161942172648467,2.6580399274099555,9.216,2.6049598018414057,True
177:114688,177,test,1,3,1726.0,12000,114688,118784,0.0161738369556557,2.5778788092667244,9.557333333333334,2.5995436033264694,True
192:0,192,test,3,3,1725.0,12000,0,4096,0.0111802674828949,2.495399616122977,0.0,2.495399616122977,True
192:4096,192,test,3,3,1725.0,12000,4096,8192,0.012713060821723,2.3288252939205956,0.3413333333333333,2.4620847516825006,True
192:8192,192,test,3,3,1725.0,12000,8192,12288,0.0113968841303878,2.720059283504736,0.6826666666666666,2.513679658046948,True
192:12288,192,test,3,3,1725.0,12000,12288,16384,0.0095725103324466,2.71785418208968,1.024,2.5545145628554944,True
192:16384,192,test,3,3,1725.0,12000,16384,20480,0.0117407119837473,2.4450029865718528,1.3653333333333333,2.5326122475987662,True
192:20480,192,test,3,3,1725.0,12000,20480,24576,0.0112656032749212,2.1655949862841033,1.7066666666666668,2.459208795335834,True
192:24576,192,test,3,3,1725.0,12000,24576,28672,0.0087475350262882,2.4747381938889936,2.048,2.462314675046466,True
192:28672,192,test,3,3,1725.0,12000,28672,32768,0.0097466274068926,2.475225125433348,2.3893333333333335,2.4648967651238425,True
192:32768,192,test,3,3,1725.0,12000,32768,36864,0.0117252203095145,2.425258965369621,2.7306666666666666,2.456969205172998,True
192:36864,192,test,3,3,1725.0,12000,36864,40960,0.0108117044189329,2.3017160178470393,3.072,2.4259185677078063,True
192:40960,192,test,3,3,1725.0,12000,40960,45056,0.0106388699656119,2.286261330016017,3.4133333333333336,2.3979871201694487,True
192:45056,192,test,3,3,1725.0,12000,45056,49152,0.0118388424794388,2.6838189893820448,3.7546666666666666,2.455153494011968,True
192:49152,192,test,3,3,1725.0,12000,49152,53248,0.0108354734157157,2.5892797811811223,4.096,2.4819787514457987,True
192:53248,192,test,3,3,1725.0,12000,53248,57344,0.0117949028879493,2.558336943058527,4.437333333333333,2.4972503897683445,True
192:57344,192,test,3,3,1725.0,12000,57344,61440,0.0105119970970771,2.397329048280696,4.778666666666667,2.477266121470815,True
192:61440,192,test,3,3,1725.0,12000,61440,65536,0.0114561752154511,2.572787068901399,5.12,2.496370310956932,True
192:65536,192,test,3,3,1725.0,12000,65536,69632,0.0120699361287343,2.3335829521745555,5.461333333333333,2.4638128392004566,True
192:69632,192,test,3,3,1725.0,12000,69632,73728,0.0112746319542975,2.314135388047922,5.802666666666667,2.4338773489699497,True
192:73728,192,test,3,3,1725.0,12000,73728,77824,0.0102432202528638,2.2110994144768132,6.144,2.3893217620713227,True
192:77824,192,test,3,3,1725.0,12000,77824,81920,0.0111482627066715,2.137165074258961,6.485333333333333,2.3388904245088504,True
192:81920,192,test,3,3,1725.0,12000,81920,86016,0.0124537965620182,2.287478281832294,6.826666666666667,2.328607995973539,True
192:86016,192,test,3,3,1725.0,12000,86016,90112,0.0132810755431734,1.846465538246651,7.168,2.2321795044281614,True
192:90112,192,test,3,3,1725.0,12000,90112,94208,0.0120266828437846,2.1995949653093834,7.509333333333333,2.2256625966044057,True
192:94208,192,test,3,3,1725.0,12000,94208,98304,0.0096642126240306,2.1001615965230203,7.850666666666666,2.2005623965881287,True
192:98304,192,test,3,3,1725.0,12000,98304,102400,0.0107704054022373,2.163415229967868,8.192,2.193132963264077,True
192:102400,192,test,3,3,1725.0,12000,102400,106496,0.0141200070500662,2.5615100449883306,8.533333333333333,2.2668083796089276,True
192:106496,192,test,3,3,1725.0,12000,106496,110592,0.0112335918134511,2.2554278701118697,8.874666666666666,2.2645322777095163,True
192:110592,192,test,3,3,1725.0,12000,110592,114688,0.0088039342032926,2.2091873681209866,9.216,2.2534632957918106,True
192:114688,192,test,3,3,1725.0,12000,114688,118784,0.0115016823860324,2.260030887000666,9.557333333333334,2.2547768140335815,True
204:0,204,test,2,3,1723.0,12000,0,4096,0.0136797739077418,2.1375743429871665,0.0,2.1375743429871665,True
204:4096,204,test,2,3,1723.0,12000,4096,8192,0.0130945747087586,1.9663557178986597,0.3413333333333333,2.103330617969465,True
204:8192,204,test,2,3,1723.0,12000,8192,12288,0.0133377229792149,2.0421489348663044,0.6826666666666666,2.091094281348833,True
204:12288,204,test,2,3,1723.0,12000,12288,16384,0.0138550872114302,2.291122060050987,1.024,2.131099837089264,True
204:16384,204,test,2,3,1723.0,12000,16384,20480,0.0136970205501794,2.036494758997754,1.3653333333333333,2.112178821470962,True
204:20480,204,test,2,3,1723.0,12000,20480,24576,0.0132059608131216,2.208956773466826,1.7066666666666668,2.1315344118701347,True
204:24576,204,test,2,3,1723.0,12000,24576,28672,0.0128873236233269,2.085797164559501,2.048,2.122386962408008,True
204:28672,204,test,2,3,1723.0,12000,28672,32768,0.0120871606145625,2.229989722942819,2.3893333333333335,2.14390751451497,True
204:32768,204,test,2,3,1723.0,12000,32768,36864,0.0111391679260365,2.051798732126685,2.7306666666666666,2.125485758037313,True
204:36864,204,test,2,3,1723.0,12000,36864,40960,0.0132156356030177,2.154658017100347,3.072,2.13132020984992,True
204:40960,204,test,2,3,1723.0,12000,40960,45056,0.0098195585493431,2.102248248763102,3.4133333333333336,2.1255058176325567,True
204:45056,204,test,2,3,1723.0,12000,45056,49152,0.0090119195268133,2.2249575718393326,3.7546666666666666,2.145396168473912,True
204:49152,204,test,2,3,1723.0,12000,49152,53248,0.0098944911157576,2.2377278415159796,4.096,2.1638625030823255,True
204:53248,204,test,2,3,1723.0,12000,53248,57344,0.0116891290615157,1.8855903825794018,4.437333333333333,2.108208078981741,True
204:57344,204,test,2,3,1723.0,12000,57344,61440,0.0147340414471658,2.3512441893708553,4.778666666666667,2.156815301059564,True
204:61440,204,test,2,3,1723.0,12000,61440,65536,0.0106600025482847,2.1584184213301203,5.12,2.1571359251136752,True
204:65536,204,test,2,3,1723.0,12000,65536,69632,0.0091025357398653,2.216810839371948,5.461333333333333,2.16907090796533,True
204:69632,204,test,2,3,1723.0,12000,69632,73728,0.010504683879325,2.0674710979950612,5.802666666666667,2.1487509459712766,True
204:73728,204,test,2,3,1723.0,12000,73728,77824,0.0092198120098554,2.1534489069852993,6.144,2.1496905381740814,True
204:77824,204,test,2,3,1723.0,12000,77824,81920,0.010017898933762,2.2930760378591786,6.485333333333333,2.178367638111101,True
204:81920,204,test,2,3,1723.0,12000,81920,86016,0.0108352840982816,2.183064016070265,6.826666666666667,2.179306913702934,True
204:86016,204,test,2,3,1723.0,12000,86016,90112,0.0102153248724174,2.1175013540456393,7.168,2.166945801771475,True
204:90112,204,test,2,3,1723.0,12000,90112,94208,0.008781890122552,2.073900175277581,7.509333333333333,2.1483366764726965,True
204:94208,204,test,2,3,1723.0,12000,94208,98304,0.0086924897277901,2.258203405483008,7.850666666666666,2.170310022274759,True
204:98304,204,test,2,3,1723.0,12000,98304,102400,0.0087774661113785,2.153119031267113,8.192,2.16687182407323,True
204:102400,204,test,2,3,1723.0,12000,102400,106496,0.0104660898101544,2.0237182145100387,8.533333333333333,2.138241102160592,True
204:106496,204,test,2,3,1723.0,12000,106496,110592,0.0125458300032805,2.3397260343242623,8.874666666666666,2.178538088593326,True
204:110592,204,test,2,3,1723.0,12000,110592,114688,0.0132249379196331,2.1479145554544234,9.216,2.1724133819655456,True
204:114688,204,test,2,3,1723.0,12000,114688,118784,0.0110595839701736,2.132838981381013,9.557333333333334,2.164498501848639,True
213:0,213,train,1,0,1796.0,12000,0,4096,0.0100938613260158,2.469737380061305,0.0,2.469737380061305,True
213:4096,213,train,1,0,1796.0,12000,4096,8192,0.0120549608970345,2.439802672647435,0.3413333333333333,2.463750438578531,True
213:8192,213,train,1,0,1796.0,12000,8192,12288,0.0125270301268968,2.4009759749334156,0.6826666666666666,2.451195545849508,True
213:12288,213,train,1,0,1796.0,12000,12288,16384,0.0127530043363077,2.547937434303221,1.024,2.4705439235402507,True
213:16384,213,train,1,0,1796.0,12000,16384,20480,0.0144011182529569,2.3673454743374527,1.3653333333333333,2.4499042336996912,True
213:20480,213,train,1,0,1796.0,12000,20480,24576,0.0096418717467182,2.243872251774553,1.7066666666666668,2.4086978373146635,True
213:24576,213,train,1,0,1796.0,12000,24576,28672,0.0085216178470489,2.3614805655036513,2.048,2.3992543829524613,True
213:28672,213,train,1,0,1796.0,12000,28672,32768,0.0111341638054682,2.31342059793224,2.3893333333333335,2.382087625948417,True
213:32768,213,train,1,0,1796.0,12000,32768,36864,0.0101271154413421,2.4328742844843236,2.7306666666666666,2.392244957655598,True
213:36864,213,train,1,0,1796.0,12000,36864,40960,0.0116025247153745,2.4686113177343603,3.072,2.407518229671351,True
213:40960,213,train,1,0,1796.0,12000,40960,45056,0.0107144834247627,2.3424479115811687,3.4133333333333336,2.3945041660533146,True
213:45056,213,train,1,0,1796.0,12000,45056,49152,0.0118953107230236,2.404903734632637,3.7546666666666666,2.396584079769179,True
213:49152,213,train,1,0,1796.0,12000,49152,53248,0.0121565054674947,2.449902562156375,4.096,2.4072477762466185,True
213:53248,213,train,1,0,1796.0,12000,53248,57344,0.0093040978323438,2.433099814759657,4.437333333333333,2.4124181839492262,True
226:0,226,train,3,0,1797.0,12000,0,4096,0.2961698328192947,2.3988609037304114,0.0,2.3988609037304114,True
226:4096,226,train,3,0,1797.0,12000,4096,8192,0.2894528162657527,2.30066790814437,0.3413333333333333,2.3792223046132035,True
226:8192,226,train,3,0,1797.0,12000,8192,12288,0.2793751885187023,2.3687984579836483,0.6826666666666666,2.3771375352872925,True
226:12288,226,train,3,0,1797.0,12000,12288,16384,0.2738482000619373,2.191852322413989,1.024,2.340080492712632,True
226:16384,226,train,3,0,1797.0,12000,16384,20480,0.263551018981534,2.48912302796344,1.3653333333333333,2.369888999762794,True
226:20480,226,train,3,0,1797.0,12000,20480,24576,0.2521914512373742,2.4701686125500553,1.7066666666666668,2.3899449223202462,True
226:24576,226,train,3,0,1797.0,12000,24576,28672,0.244988683619556,2.442405592674056,2.048,2.4004370563910085,True
226:28672,226,train,3,0,1797.0,12000,28672,32768,0.2388435341303313,2.3215620095041665,2.3893333333333335,2.38466204701364,True
226:32768,226,train,3,0,1797.0,12000,32768,36864,0.2306320441941828,2.5055651430307075,2.7306666666666666,2.408842666217054,True
226:36864,226,train,3,0,1797.0,12000,36864,40960,0.2239742000904011,2.562210101169405,3.072,2.4395161532075242,True
226:40960,226,train,3,0,1797.0,12000,40960,45056,0.2189780506755609,2.634044753244747,3.4133333333333336,2.4784218732149688,True
226:45056,226,train,3,0,1797.0,12000,45056,49152,0.2108957784580077,2.321209008730523,3.7546666666666666,2.4469793003180795,True
226:49152,226,train,3,0,1797.0,12000,49152,53248,0.2012688595306088,2.4775857532032863,4.096,2.453100590895121,True
226:53248,226,train,3,0,1797.0,12000,53248,57344,0.1933566822949523,2.577996919204963,4.437333333333333,2.4780798565570894,True
238:0,238,train,2,0,1796.0,12000,0,4096,0.0278680203644907,2.9988645893712893,0.0,2.9988645893712893,True
238:4096,238,train,2,0,1796.0,12000,4096,8192,0.0272340817312178,2.9433417342749695,0.3413333333333333,2.9877600183520254,True
238:8192,238,train,2,0,1796.0,12000,8192,12288,0.0260507719695805,2.94193896786962,0.6826666666666666,2.9785958082555446,True
238:12288,238,train,2,0,1796.0,12000,12288,16384,0.0270268080573613,2.99425732926561,1.024,2.981728112457558,True
238:16384,238,train,2,0,1796.0,12000,16384,20480,0.0268258294208366,3.03403293052886,1.3653333333333333,2.9921890760718184,True
238:20480,238,train,2,0,1796.0,12000,20480,24576,0.0257677929565276,2.982321357914562,1.7066666666666668,2.9902155324403674,True
238:24576,238,train,2,0,1796.0,12000,24576,28672,0.0281552599498008,2.952501377163967,2.048,2.9826727013850873,True
238:28672,238,train,2,0,1796.0,12000,28672,32768,0.0270259850518746,2.9853253416069796,2.3893333333333335,2.983203229429466,True
238:32768,238,train,2,0,1796.0,12000,32768,36864,0.0249111214518726,2.946085299781822,2.7306666666666666,2.9757796434999375,True
238:36864,238,train,2,0,1796.0,12000,36864,40960,0.0241893759802073,2.9914227023146043,3.072,2.978908255262871,True
238:40960,238,train,2,0,1796.0,12000,40960,45056,0.0216866147915922,2.909623344810778,3.4133333333333336,2.9650512731724525,True
238:45056,238,train,2,0,1796.0,12000,45056,49152,0.0230692448665756,2.9551754045011727,3.7546666666666666,2.963076099438197,True
238:49152,238,train,2,0,1796.0,12000,49152,53248,0.023792993311283,3.0081603104786976,4.096,2.9720929416462973,True
238:53248,238,train,2,0,1796.0,12000,53248,57344,0.0253855700439541,2.969181255220512,4.437333333333333,2.9715106043611406,True
238:57344,238,train,2,0,1796.0,12000,57344,61440,0.0234255334712802,2.981960700699613,4.778666666666667,2.973600623628835,True
214:0,214,train,1,1,1774.0,12000,0,4096,0.0095293394576048,2.442497184563856,0.0,2.442497184563856,True
214:4096,214,train,1,1,1774.0,12000,4096,8192,0.0068596231289029,2.6195822777968916,0.3413333333333333,2.4779142032104633,True
214:8192,214,train,1,1,1774.0,12000,8192,12288,0.0088287806307946,2.595406232411171,0.6826666666666666,2.501412609050605,True
214:12288,214,train,1,1,1774.0,12000,12288,16384,0.0106031988082088,2.5832756367716123,1.024,2.5177852145948063,True
214:16384,214,train,1,1,1774.0,12000,16384,20480,0.0128700855374579,2.575557418030199,1.3653333333333333,2.529339655281885,True
214:20480,214,train,1,1,1774.0,12000,20480,24576,0.011323119779073,2.5552389117605117,1.7066666666666668,2.5345195065776105,True
214:24576,214,train,1,1,1774.0,12000,24576,28672,0.0114546916206486,2.6447846846206673,2.048,2.556572542186222,True
214:28672,214,train,1,1,1774.0,12000,28672,32768,0.0107437165068702,2.5529057179611483,2.3893333333333335,2.5558391773412077,True
214:32768,214,train,1,1,1774.0,12000,32768,36864,0.0126630954755447,2.62438435294966,2.7306666666666666,2.569548212462898,True
214:36864,214,train,1,1,1774.0,12000,36864,40960,0.0109984261604674,2.606231856875035,3.072,2.576884941345326,True
214:40960,214,train,1,1,1774.0,12000,40960,45056,0.0112796620405626,2.5445374683491515,3.4133333333333336,2.5704154467460913,True
214:45056,214,train,1,1,1774.0,12000,45056,49152,0.0109289523936739,2.5038931416585015,3.7546666666666666,2.5571109857285736,True
214:49152,214,train,1,1,1774.0,12000,49152,53248,0.0138342098832229,2.560348266516044,4.096,2.557758441886068,True
214:53248,214,train,1,1,1774.0,12000,53248,57344,0.0131154369187885,2.5065846571199657,4.437333333333333,2.5475236849328478,True
214:57344,214,train,1,1,1774.0,12000,57344,61440,0.0114721091409776,2.62286677082029,4.778666666666667,2.5625923021103363,True
214:61440,214,train,1,1,1774.0,12000,61440,65536,0.0112038342936042,2.507117020155431,5.12,2.5514972457193554,True
214:65536,214,train,1,1,1774.0,12000,65536,69632,0.0108699149042377,2.644156274104823,5.461333333333333,2.570029051396449,True
214:69632,214,train,1,1,1774.0,12000,69632,73728,0.0085085034187219,2.678460562956439,5.802666666666667,2.591715353708447,True
214:73728,214,train,1,1,1774.0,12000,73728,77824,0.0109950028153633,2.639045815777494,6.144,2.6011814461222564,True
214:77824,214,train,1,1,1774.0,12000,77824,81920,0.0110633503256764,2.609151265438103,6.485333333333333,2.602775409985426,True
214:81920,214,train,1,1,1774.0,12000,81920,86016,0.0094429812823864,2.6450661679260117,6.826666666666667,2.611233561573543,True
214:86016,214,train,1,1,1774.0,12000,86016,90112,0.0123782388095288,2.7179636288505584,7.168,2.6325795750289465,True
214:90112,214,train,1,1,1774.0,12000,90112,94208,0.0114982545770238,2.741215037665931,7.509333333333333,2.6543066675563436,True
214:94208,214,train,1,1,1774.0,12000,94208,98304,0.0136880196170073,2.5402292341441437,7.850666666666666,2.631491180873904,True
214:98304,214,train,1,1,1774.0,12000,98304,102400,0.0136403937108312,2.621418224376284,8.192,2.62947658957438,True
214:102400,214,train,1,1,1774.0,12000,102400,106496,0.0123686719781843,2.530848442703498,8.533333333333333,2.609750960200204,True
214:106496,214,train,1,1,1774.0,12000,106496,110592,0.0140254866464886,2.5078427726516384,8.874666666666666,2.589369322690491,True
214:110592,214,train,1,1,1774.0,12000,110592,114688,0.0125233505762653,2.5869312193099168,9.216,2.588881702014376,True
214:114688,214,train,1,1,1774.0,12000,114688,118784,0.0100355533817823,2.460731989719219,9.557333333333334,2.563251759555345,True
227:0,227,train,3,1,1774.0,12000,0,4096,0.0104194642073827,2.4683373645447193,0.0,2.4683373645447193,True
227:4096,227,train,3,1,1774.0,12000,4096,8192,0.0104655027672555,2.3841978261325245,0.3413333333333333,2.4515094568622806,True
227:8192,227,train,3,1,1774.0,12000,8192,12288,0.0099902733902162,2.638528298579022,0.6826666666666666,2.488913225205629,True
227:12288,227,train,3,1,1774.0,12000,12288,16384,0.0112606732101153,2.429373077645957,1.024,2.4770051956936947,True
227:16384,227,train,3,1,1774.0,12000,16384,20480,0.0129029888140198,2.565434026024136,1.3653333333333333,2.494690961759783,True
227:20480,227,train,3,1,1774.0,12000,20480,24576,0.0150040616667128,2.60540122617743,1.7066666666666668,2.516833014643313,True
227:24576,227,train,3,1,1774.0,12000,24576,28672,0.0130442493969334,2.324160286884606,2.048,2.4782984690915715,True
227:28672,227,train,3,1,1774.0,12000,28672,32768,0.0135293601903061,2.1896456232242256,2.3893333333333335,2.4205678999181024,True
227:32768,227,train,3,1,1774.0,12000,32768,36864,0.0159446536981311,2.5067953413931288,2.7306666666666666,2.4378133882131077,True
227:36864,227,train,3,1,1774.0,12000,36864,40960,0.0140793843123531,2.597914961396102,3.072,2.469833702849707,True
227:40960,227,train,3,1,1774.0,12000,40960,45056,0.0133242827544977,2.2245639261442873,3.4133333333333336,2.420779747508623,True
227:45056,227,train,3,1,1774.0,12000,45056,49152,0.0127036865931411,2.3129617121627626,3.7546666666666666,2.399216140439451,True
227:49152,227,train,3,1,1774.0,12000,49152,53248,0.0114904828036936,2.393588483723346,4.096,2.39809060909623,True
227:53248,227,train,3,1,1774.0,12000,53248,57344,0.0122186224291153,2.3000309437288182,4.437333333333333,2.378478676022748,True
227:57344,227,train,3,1,1774.0,12000,57344,61440,0.0088315286232874,2.142127674938974,4.778666666666667,2.331208475805993,True
227:61440,227,train,3,1,1774.0,12000,61440,65536,0.0118057745184405,2.5402225481107257,5.12,2.37301129026694,True
227:65536,227,train,3,1,1774.0,12000,65536,69632,0.0134911608536189,2.3230605692360196,5.461333333333333,2.3630211460607558,True
227:69632,227,train,3,1,1774.0,12000,69632,73728,0.01225699727126,2.386544390707754,5.802666666666667,2.3677257949901556,True
227:73728,227,train,3,1,1774.0,12000,73728,77824,0.010448071843389,2.3009231998224444,6.144,2.3543652759566136,True
227:77824,227,train,3,1,1774.0,12000,77824,81920,0.0082043915439506,2.444893910525984,6.485333333333333,2.372471002870488,True
227:81920,227,train,3,1,1774.0,12000,81920,86016,0.0109749102928825,2.3673854409706263,6.826666666666667,2.371453890490516,True
227:86016,227,train,3,1,1774.0,12000,86016,90112,0.0126403807748963,2.322950538996335,7.168,2.3617532201916798,True
227:90112,227,train,3,1,1774.0,12000,90112,94208,0.0121888448902757,2.42821776193511,7.509333333333333,2.375046128540366,True
227:94208,227,train,3,1,1774.0,12000,94208,98304,0.012269525712847,2.2486156188061197,7.850666666666666,2.349760026593517,True
227:98304,227,train,3,1,1774.0,12000,98304,102400,0.0122594512477669,2.407431050376713,8.192,2.3612942313501564,True
227:102400,227,train,3,1,1774.0,12000,102400,106496,0.0108825238660657,2.4392411870028456,8.533333333333333,2.3768836224806944,True
227:106496,227,train,3,1,1774.0,12000,106496,110592,0.009227355983877,2.352179999266679,8.874666666666666,2.3719428978378914,True
227:110592,227,train,3,1,1774.0,12000,110592,114688,0.0099359193281238,2.436304717015653,9.216,2.384815261673444,True
227:114688,227,train,3,1,1774.0,12000,114688,118784,0.0110032004769836,2.225785074961007,9.557333333333334,2.3530092243309566,True
239:0,239,train,2,1,1771.0,12000,0,4096,0.014152089887689,3.0254423520705265,0.0,3.0254423520705265,True
239:4096,239,train,2,1,1771.0,12000,4096,8192,0.0149837005717133,2.9126169645836084,0.3413333333333333,3.002877274573143,True
239:8192,239,train,2,1,1771.0,12000,8192,12288,0.0150719451771065,2.932188820116436,0.6826666666666666,2.988739583681802,True
239:12288,239,train,2,1,1771.0,12000,12288,16384,0.0146155683784556,2.969391384729864,1.024,2.9848699438914146,True
239:16384,239,train,2,1,1771.0,12000,16384,20480,0.0147922390983831,2.9963379115672573,1.3653333333333333,2.987163537426583,True
239:20480,239,train,2,1,1771.0,12000,20480,24576,0.0151991495063269,2.929498663278987,1.7066666666666668,2.975630562597064,True
239:24576,239,train,2,1,1771.0,12000,24576,28672,0.0126997593103833,2.906212476680568,2.048,2.961746945413765,True
239:28672,239,train,2,1,1771.0,12000,28672,32768,0.01508268382667,2.926588482566569,2.3893333333333335,2.9547152528443257,True
239:32768,239,train,2,1,1771.0,12000,32768,36864,0.0136591064453459,2.952450283729846,2.7306666666666666,2.95426225902143,True
239:36864,239,train,2,1,1771.0,12000,36864,40960,0.012550581553403,2.952062713045304,3.072,2.953822349826205,True
239:40960,239,train,2,1,1771.0,12000,40960,45056,0.0135143069431152,2.9660102285142003,3.4133333333333336,2.9562599255638045,True
239:45056,239,train,2,1,1771.0,12000,45056,49152,0.0145111155912785,2.9532618441791487,3.7546666666666666,2.9556603092868734,True
239:49152,239,train,2,1,1771.0,12000,49152,53248,0.0145559644969323,2.9374576589632357,4.096,2.952019779222146,True
239:53248,239,train,2,1,1771.0,12000,53248,57344,0.0128733075972635,2.9582676816727966,4.437333333333333,2.953269359712276,True
239:57344,239,train,2,1,1771.0,12000,57344,61440,0.0129072117357186,2.968738659839311,4.778666666666667,2.9563632197376832,True
239:61440,239,train,2,1,1771.0,12000,61440,65536,0.0142627428760436,2.9407871272516277,5.12,2.9532480012404725,True
239:65536,239,train,2,1,1771.0,12000,65536,69632,0.0169964425805436,2.8520575380642987,5.461333333333333,2.933009908605238,True
239:69632,239,train,2,1,1771.0,12000,69632,73728,0.0152079830159522,2.8845912619158303,5.802666666666667,2.9233261792673564,True
239:73728,239,train,2,1,1771.0,12000,73728,77824,0.016156070878012,2.9413765073364115,6.144,2.9269362448811678,True
239:77824,239,train,2,1,1771.0,12000,77824,81920,0.015894708522965,2.9776197705587206,6.485333333333333,2.9370729500166783,True
239:81920,239,train,2,1,1771.0,12000,81920,86016,0.0139264884846963,2.944195301241659,6.826666666666667,2.9384974202616747,True
239:86016,239,train,2,1,1771.0,12000,86016,90112,0.0117681095486862,2.9497942817014215,7.168,2.940756792549624,True
239:90112,239,train,2,1,1771.0,12000,90112,94208,0.0121273723346337,2.968369266606946,7.509333333333333,2.946279287361089,True
239:94208,239,train,2,1,1771.0,12000,94208,98304,0.0147187248742425,3.021128596406965,7.850666666666666,2.961249149170264,True
239:98304,239,train,2,1,1771.0,12000,98304,102400,0.0184701448502118,3.0193881037620094,8.192,2.9728769400886135,True
239:102400,239,train,2,1,1771.0,12000,102400,106496,0.0154114157305614,2.973770434079025,8.533333333333333,2.973055638886696,True
239:106496,239,train,2,1,1771.0,12000,106496,110592,0.0162866593715429,2.9869538239575286,8.874666666666666,2.9758352759008626,True
239:110592,239,train,2,1,1771.0,12000,110592,114688,0.0174589304673516,2.960264536924842,9.216,2.9727211281056585,True
239:114688,239,train,2,1,1771.0,12000,114688,118784,0.0139130075233653,2.9979618382297137,9.557333333333334,2.97776927013047,True
215:0,215,val,1,2,1752.0,12000,0,4096,0.0081658356209897,2.652958469416508,0.0,2.652958469416508,True
215:4096,215,val,1,2,1752.0,12000,4096,8192,0.011358528655865,2.578430181770119,0.3413333333333333,2.63805281188723,True
215:8192,215,val,1,2,1752.0,12000,8192,12288,0.0098781857533724,2.4395661463400624,0.6826666666666666,2.5983554787777967,True
215:12288,215,val,1,2,1752.0,12000,12288,16384,0.0084682848900248,2.393731185386668,1.024,2.5574306200995713,True
215:16384,215,val,1,2,1752.0,12000,16384,20480,0.0097324686072948,2.4489013063329383,1.3653333333333333,2.535724757346245,True
215:20480,215,val,1,2,1752.0,12000,20480,24576,0.0091853878241564,2.395207545353482,1.7066666666666668,2.5076213149476927,True
215:24576,215,val,1,2,1752.0,12000,24576,28672,0.0085209528326136,2.4409124867565937,2.048,2.494279549309473,True
215:28672,215,val,1,2,1752.0,12000,28672,32768,0.008688376618253,2.561218903734662,2.3893333333333335,2.5076674201945113,True
215:32768,215,val,1,2,1752.0,12000,32768,36864,0.010711005606147,2.5121764130756437,2.7306666666666666,2.508569218770738,True
215:36864,215,val,1,2,1752.0,12000,36864,40960,0.0099770653781078,2.596728764068698,3.072,2.5262011278303302,True
215:40960,215,val,1,2,1752.0,12000,40960,45056,0.0111159542983803,2.547706322394923,3.4133333333333336,2.530502166743249,True
215:45056,215,val,1,2,1752.0,12000,45056,49152,0.0105237725759769,2.5001626854497117,3.7546666666666666,2.5244342704845413,True
215:49152,215,val,1,2,1752.0,12000,49152,53248,0.0104379405524003,2.558809543531804,4.096,2.531309325093994,True
215:53248,215,val,1,2,1752.0,12000,53248,57344,0.0108157755722435,2.6197729481724967,4.437333333333333,2.549002049709695,True
215:57344,215,val,1,2,1752.0,12000,57344,61440,0.011896034518925,2.6282466342376254,4.778666666666667,2.564850966615281,True
215:61440,215,val,1,2,1752.0,12000,61440,65536,0.0103747368676411,2.607343116201899,5.12,2.573349396532605,True
215:65536,215,val,1,2,1752.0,12000,65536,69632,0.0113169125791528,2.5139669275746828,5.461333333333333,2.561472902741021,True
215:69632,215,val,1,2,1752.0,12000,69632,73728,0.0116982410868985,2.418339307712974,5.802666666666667,2.5328461837354115,True
215:73728,215,val,1,2,1752.0,12000,73728,77824,0.0139573964876111,2.4685200429565106,6.144,2.5199809555796313,True
215:77824,215,val,1,2,1752.0,12000,77824,81920,0.0118052970912364,2.5019077320735272,6.485333333333333,2.5163663108784107,True
215:81920,215,val,1,2,1752.0,12000,81920,86016,0.0131484703622251,2.471157599861338,6.826666666666667,2.5073245686749965,True
215:86016,215,val,1,2,1752.0,12000,86016,90112,0.0117868004306338,2.5225782177470966,7.168,2.5103752984894165,True
215:90112,215,val,1,2,1752.0,12000,90112,94208,0.0096142216721296,2.5063638800577066,7.509333333333333,2.509573014803075,True
215:94208,215,val,1,2,1752.0,12000,94208,98304,0.0097768656395123,2.5093219218425338,7.850666666666666,2.509522796210967,True
215:98304,215,val,1,2,1752.0,12000,98304,102400,0.0098610743795273,2.4126342467879534,8.192,2.4901450863263643,True
215:102400,215,val,1,2,1752.0,12000,102400,106496,0.0113831650850465,2.46938658361128,8.533333333333333,2.4859933857833476,True
215:106496,215,val,1,2,1752.0,12000,106496,110592,0.0111465690097092,2.4826140513577406,8.874666666666666,2.4853175188982264,True
215:110592,215,val,1,2,1752.0,12000,110592,114688,0.0113446089056356,2.4555736243148516,9.216,2.4793687399815516,True
215:114688,215,val,1,2,1752.0,12000,114688,118784,0.0116659030702766,2.5200320690079776,9.557333333333334,2.487501405786837,True
228:0,228,val,3,2,1754.0,12000,0,4096,0.0117386143399212,2.4996822149049946,0.0,2.4996822149049946,True
228:4096,228,val,3,2,1754.0,12000,4096,8192,0.010350821544401,2.566900514670684,0.3413333333333333,2.5131258748581327,True
228:8192,228,val,3,2,1754.0,12000,8192,12288,0.0123863165093357,2.417334358750182,0.6826666666666666,2.4939675716365426,True
228:12288,228,val,3,2,1754.0,12000,12288,16384,0.0121928315866244,2.5827780867276773,1.024,2.5117296746547697,True
228:16384,228,val,3,2,1754.0,12000,16384,20480,0.0129671079029786,2.4289457303229094,1.3653333333333333,2.495172885788398,True
228:20480,228,val,3,2,1754.0,12000,20480,24576,0.0135598730072143,2.592754075767726,1.7066666666666668,2.514689123784264,True
228:24576,228,val,3,2,1754.0,12000,24576,28672,0.0129724544787954,2.495535576339163,2.048,2.5108584142952437,True
228:28672,228,val,3,2,1754.0,12000,28672,32768,0.0094782437130951,2.360663676472897,2.3893333333333335,2.4808194667307744,True
228:32768,228,val,3,2,1754.0,12000,32768,36864,0.0095512825735817,2.3162434236842206,2.7306666666666666,2.4479042581214636,True
228:36864,228,val,3,2,1754.0,12000,36864,40960,0.0103834472101884,2.710042948168792,3.072,2.5003319961309294,True
228:40960,228,val,3,2,1754.0,12000,40960,45056,0.0124972957423858,2.3640123171763707,3.4133333333333336,2.473068060340018,True
228:45056,228,val,3,2,1754.0,12000,45056,49152,0.0146543924665324,2.4729965651949124,3.7546666666666666,2.473053761310997,True
228:49152,228,val,3,2,1754.0,12000,49152,53248,0.012743108718254,2.5581131514239464,4.096,2.490065639333587,True
228:53248,228,val,3,2,1754.0,12000,53248,57344,0.0101330827549876,2.2704728775946315,4.437333333333333,2.4461470869857957,True
228:57344,228,val,3,2,1754.0,12000,57344,61440,0.0119982421204854,2.617563451810057,4.778666666666667,2.480430359950648,True
228:61440,228,val,3,2,1754.0,12000,61440,65536,0.0125113456713251,2.4525031680518485,5.12,2.474844921570888,True
228:65536,228,val,3,2,1754.0,12000,65536,69632,0.0098433125557334,2.419280780761651,5.461333333333333,2.4637320934090408,True
228:69632,228,val,3,2,1754.0,12000,69632,73728,0.0116791170050967,2.445921158210058,5.802666666666667,2.460169906369244,True
228:73728,228,val,3,2,1754.0,12000,73728,77824,0.0131009459924842,2.402767406708853,6.144,2.448689406437166,True
228:77824,228,val,3,2,1754.0,12000,77824,81920,0.0110103954379663,2.53188030558679,6.485333333333333,2.465327586267091,True
228:81920,228,val,3,2,1754.0,12000,81920,86016,0.0111691875444175,2.5381754678900372,6.826666666666667,2.4798971625916804,True
228:86016,228,val,3,2,1754.0,12000,86016,90112,0.0114584062571287,2.53010393233372,7.168,2.4899385165400885,True
228:90112,228,val,3,2,1754.0,12000,90112,94208,0.0112782254330288,2.3303951804580945,7.509333333333333,2.45802984932369,True
228:94208,228,val,3,2,1754.0,12000,94208,98304,0.0121109924518695,2.307159488861916,7.850666666666666,2.4278557772313354,True
228:98304,228,val,3,2,1754.0,12000,98304,102400,0.0118314336637553,2.5990956307440825,8.192,2.462103747933885,True
228:102400,228,val,3,2,1754.0,12000,102400,106496,0.012479646808867,2.283003099552055,8.533333333333333,2.426283618257519,True
228:106496,228,val,3,2,1754.0,12000,106496,110592,0.0145991542629515,2.545696846875141,8.874666666666666,2.4501662639810435,True
228:110592,228,val,3,2,1754.0,12000,110592,114688,0.0152123616740129,2.1906764579302274,9.216,2.39826830277088,True
228:114688,228,val,3,2,1754.0,12000,114688,118784,0.0134806506135779,2.308994692261609,9.557333333333334,2.380413580669026,True
240:0,240,val,2,2,1747.0,12000,0,4096,0.015047664253233,2.9670688389600093,0.0,2.9670688389600093,True
240:4096,240,val,2,2,1747.0,12000,4096,8192,0.0139619784197342,3.0044962585944455,0.3413333333333333,2.9745543228868967,True
240:8192,240,val,2,2,1747.0,12000,8192,12288,0.0156030893640887,2.9195201013131937,0.6826666666666666,2.9635474785721563,True
240:12288,240,val,2,2,1747.0,12000,12288,16384,0.016707521979163,2.946568071464628,1.024,2.960151597150651,True
240:16384,240,val,2,2,1747.0,12000,16384,20480,0.0182990623488271,2.9502084766397503,1.3653333333333333,2.958162973048471,True
240:20480,240,val,2,2,1747.0,12000,20480,24576,0.0175454353742537,2.917289868814758,1.7066666666666668,2.9499883522017285,True
240:24576,240,val,2,2,1747.0,12000,24576,28672,0.01583241236156,2.903762846225635,2.048,2.9407432510065097,True
240:28672,240,val,2,2,1747.0,12000,28672,32768,0.0155152618163113,2.937048929472439,2.3893333333333335,2.9400043866996954,True
240:32768,240,val,2,2,1747.0,12000,32768,36864,0.0171982223153549,2.9153534613182908,2.7306666666666666,2.9350742016234146,True
240:36864,240,val,2,2,1747.0,12000,36864,40960,0.0154231522582111,2.85754510161292,3.072,2.919568381621316,True
240:40960,240,val,2,2,1747.0,12000,40960,45056,0.0130185990979639,3.003456605792633,3.4133333333333336,2.9363460264555794,True
240:45056,240,val,2,2,1747.0,12000,45056,49152,0.0139007315050374,3.0207068897951963,3.7546666666666666,2.953218199123503,True
240:49152,240,val,2,2,1747.0,12000,49152,53248,0.0131976501288734,3.025687931041265,4.096,2.967712145507056,True
240:53248,240,val,2,2,1747.0,12000,53248,57344,0.0146627693626515,2.946524811915726,4.437333333333333,2.9634746787887902,True
240:57344,240,val,2,2,1747.0,12000,57344,61440,0.0136390373522152,2.9349889946301153,4.778666666666667,2.9577775419570553,True
240:61440,240,val,2,2,1747.0,12000,61440,65536,0.0132969018791725,2.999184691996407,5.12,2.9660589719649257,True
240:65536,240,val,2,2,1747.0,12000,65536,69632,0.0136473454750506,2.9309248556222545,5.461333333333333,2.9590321486963918,True
240:69632,240,val,2,2,1747.0,12000,69632,73728,0.0135443574350941,2.8750500008779603,5.802666666666667,2.9422357191327055,True
240:73728,240,val,2,2,1747.0,12000,73728,77824,0.0153649067839307,2.8596349520544058,6.144,2.9257155657170455,True
240:77824,240,val,2,2,1747.0,12000,77824,81920,0.0165116920513557,2.8851349424495836,6.485333333333333,2.9175994410635533,True
240:81920,240,val,2,2,1747.0,12000,81920,86016,0.0166490132715625,2.9257284829783132,6.826666666666667,2.919225249446505,True
240:86016,240,val,2,2,1747.0,12000,86016,90112,0.0167743541538414,2.9435920969091707,7.168,2.9240986189390386,True
240:90112,240,val,2,2,1747.0,12000,90112,94208,0.0175127320652925,2.9546824750938625,7.509333333333333,2.9302153901700034,True
240:94208,240,val,2,2,1747.0,12000,94208,98304,0.0143487641184219,3.0242021995675166,7.850666666666666,2.9490127520495064,True
240:98304,240,val,2,2,1747.0,12000,98304,102400,0.0129005815111282,2.9454403066463546,8.192,2.9482982629688763,True
240:102400,240,val,2,2,1747.0,12000,102400,106496,0.0117634496501269,2.944907484783751,8.533333333333333,2.9476201073318515,True
240:106496,240,val,2,2,1747.0,12000,106496,110592,0.0122980848306673,2.9542014555655736,8.874666666666666,2.948936376978596,True
240:110592,240,val,2,2,1747.0,12000,110592,114688,0.0143677863367277,2.9554432129394166,9.216,2.95023774417076,True
240:114688,240,val,2,2,1747.0,12000,114688,118784,0.0152832551418265,2.971953684384059,9.557333333333334,2.9545809322134198,True
217:0,217,test,1,3,1727.0,12000,0,4096,0.005586496647498,2.493766864720451,0.0,2.493766864720451,True
217:4096,217,test,1,3,1727.0,12000,4096,8192,0.0054080626317761,2.439074877551239,0.3413333333333333,2.482828467286609,True
217:8192,217,test,1,3,1727.0,12000,8192,12288,0.0057161584577573,2.5234596660688866,0.6826666666666666,2.490954707043065,True
217:12288,217,test,1,3,1727.0,12000,12288,16384,0.0054085675339604,2.456699635811444,1.024,2.4841036927967406,True
217:16384,217,test,1,3,1727.0,12000,16384,20480,0.0049610197674613,2.4468509580369053,1.3653333333333333,2.476653145844774,True
217:20480,217,test,1,3,1727.0,12000,20480,24576,0.00339324754912,2.5016922969776543,1.7066666666666668,2.48166097607135,True
217:24576,217,test,1,3,1727.0,12000,24576,28672,0.0036721578601344,2.4827400861419484,2.048,2.48187679808547,True
217:28672,217,test,1,3,1727.0,12000,28672,32768,0.0046812349471354,2.6620795481778523,2.3893333333333335,2.5179173481039467,True
217:32768,217,test,1,3,1727.0,12000,32768,36864,0.004476176270873,2.6027119038614943,2.7306666666666666,2.5348762592554563,True
217:36864,217,test,1,3,1727.0,12000,36864,40960,0.004512871370896,2.5747368028220414,3.072,2.5428483679687734,True
217:40960,217,test,1,3,1727.0,12000,40960,45056,0.004625951940077,2.523208315654387,3.4133333333333336,2.5389203575058965,True
217:45056,217,test,1,3,1727.0,12000,45056,49152,0.0051792151957463,2.5299326950038212,3.7546666666666666,2.537122825005482,True
217:49152,217,test,1,3,1727.0,12000,49152,53248,0.0055248294200708,2.61059875934275,4.096,2.5518180118729354,True
217:53248,217,test,1,3,1727.0,12000,53248,57344,0.0050712063649592,2.5773667751163534,4.437333333333333,2.5569277645216193,True
217:57344,217,test,1,3,1727.0,12000,57344,61440,0.005126469256111,2.430832856537987,4.778666666666667,2.531708782924893,True
217:61440,217,test,1,3,1727.0,12000,61440,65536,0.0053337840832562,2.597533825473388,5.12,2.544873791434592,True
217:65536,217,test,1,3,1727.0,12000,65536,69632,0.0044437405842049,2.4823227656478255,5.461333333333333,2.532363586277239,True
217:69632,217,test,1,3,1727.0,12000,69632,73728,0.0047448856445071,2.466146250920031,5.802666666666667,2.5191201192057977,True
217:73728,217,test,1,3,1727.0,12000,73728,77824,0.0052357845303448,2.5101556216756458,6.144,2.5173272196997676,True
217:77824,217,test,1,3,1727.0,12000,77824,81920,0.0043212025556227,2.5830136947231077,6.485333333333333,2.530464514704436,True
217:81920,217,test,1,3,1727.0,12000,81920,86016,0.0051622400117261,2.521587657387965,6.826666666666667,2.528689143241142,True
217:86016,217,test,1,3,1727.0,12000,86016,90112,0.005366854174473,2.4590457169055866,7.168,2.514760457974031,True
217:90112,217,test,1,3,1727.0,12000,90112,94208,0.0056517015032034,2.4426849439950478,7.509333333333333,2.5003453551782346,True
217:94208,217,test,1,3,1727.0,12000,94208,98304,0.005859348263324,2.508754632289149,7.850666666666666,2.5020272106004176,True
217:98304,217,test,1,3,1727.0,12000,98304,102400,0.0047548158149787,2.4374261173942835,8.192,2.489106991959191,True
217:102400,217,test,1,3,1727.0,12000,102400,106496,0.0051115284379377,2.5790801551898332,8.533333333333333,2.5071016246053195,True
217:106496,217,test,1,3,1727.0,12000,106496,110592,0.0058965672983686,2.491442073560091,8.874666666666666,2.503969714396274,True
217:110592,217,test,1,3,1727.0,12000,110592,114688,0.0047925721224836,2.3886628175138815,9.216,2.4809083350197954,True
217:114688,217,test,1,3,1727.0,12000,114688,118784,0.0053316155639304,2.4690708584814343,9.557333333333334,2.478540839712123,True
229:0,229,test,3,3,1729.0,12000,0,4096,0.0175453260127619,2.3464087140659986,0.0,2.3464087140659986,True
229:4096,229,test,3,3,1729.0,12000,4096,8192,0.0149707221981353,2.2271133797799623,0.3413333333333333,2.3225496472087914,True
229:8192,229,test,3,3,1729.0,12000,8192,12288,0.0134786528672054,2.5436859507210765,0.6826666666666666,2.3667769079112486,True
229:12288,229,test,3,3,1729.0,12000,12288,16384,0.0140596946860485,2.4459541491219343,1.024,2.382612356153386,True
229:16384,229,test,3,3,1729.0,12000,16384,20480,0.0117022472392265,2.4572987279662333,1.3653333333333333,2.3975496305159556,True
229:20480,229,test,3,3,1729.0,12000,20480,24576,0.010509198092449,2.7026297157168067,1.7066666666666668,2.4585656475561257,True
229:24576,229,test,3,3,1729.0,12000,24576,28672,0.0123599868352178,2.1760862549146824,2.048,2.402069769027837,True
229:28672,229,test,3,3,1729.0,12000,28672,32768,0.0133663754919174,2.383654489160587,2.3893333333333335,2.398386713054387,True
229:32768,229,test,3,3,1729.0,12000,32768,36864,0.0111867098455548,2.529808200649043,2.7306666666666666,2.4246710105733182,True
229:36864,229,test,3,3,1729.0,12000,36864,40960,0.0119394677350659,2.462541263849066,3.072,2.432245061228468,True
229:40960,229,test,3,3,1729.0,12000,40960,45056,0.0120133276220896,2.3362659822385625,3.4133333333333336,2.413049245430487,True
229:45056,229,test,3,3,1729.0,12000,45056,49152,0.0136949914308311,2.356877231914175,3.7546666666666666,2.401814842727225,True
229:49152,229,test,3,3,1729.0,12000,49152,53248,0.0137047363662565,2.176012091316101,4.096,2.356654292445,True
229:53248,229,test,3,3,1729.0,12000,53248,57344,0.0101748003313529,2.309396404211165,4.437333333333333,2.3472027147982333,True
229:57344,229,test,3,3,1729.0,12000,57344,61440,0.0123615978060437,2.307476103661056,4.778666666666667,2.339257392570798,True
229:61440,229,test,3,3,1729.0,12000,61440,65536,0.0143028583774158,2.341145215445649,5.12,2.339634957145768,True
229:65536,229,test,3,3,1729.0,12000,65536,69632,0.0132240209761796,2.414794348672853,5.461333333333333,2.354666835451185,True
229:69632,229,test,3,3,1729.0,12000,69632,73728,0.0092491119713845,2.644240960714785,5.802666666666667,2.412581660503905,True
229:73728,229,test,3,3,1729.0,12000,73728,77824,0.0087510371522943,2.2575215644193714,6.144,2.3815696412869984,True
229:77824,229,test,3,3,1729.0,12000,77824,81920,0.0069384251421961,2.556978959429538,6.485333333333333,2.4166515049155066,True
229:81920,229,test,3,3,1729.0,12000,81920,86016,0.0066522882396664,2.346587165993249,6.826666666666667,2.402638637131055,True
229:86016,229,test,3,3,1729.0,12000,86016,90112,0.0101499787492495,2.2684772028808387,7.168,2.375806350281012,True
229:90112,229,test,3,3,1729.0,12000,90112,94208,0.0107368163462907,2.448513147915874,7.509333333333333,2.3903477098079846,True
229:94208,229,test,3,3,1729.0,12000,94208,98304,0.0090153808272771,2.333094522540097,7.850666666666666,2.378897072354407,True
229:98304,229,test,3,3,1729.0,12000,98304,102400,0.0089357559365749,2.3564669058989396,8.192,2.3744110390633137,True
229:102400,229,test,3,3,1729.0,12000,102400,106496,0.0106825366991185,2.4409684888603778,8.533333333333333,2.3877225290227266,True
229:106496,229,test,3,3,1729.0,12000,106496,110592,0.0128065436509527,2.426114071606052,8.874666666666666,2.3954008375393916,True
229:110592,229,test,3,3,1729.0,12000,110592,114688,0.0114798121820261,2.3424889138429847,9.216,2.3848184528001104,True
229:114688,229,test,3,3,1729.0,12000,114688,118784,0.0121051201804516,2.5049020866416094,9.557333333333334,2.40883517956841,True
241:0,241,test,2,3,1719.0,12000,0,4096,0.0154923845185795,2.9211792377005037,0.0,2.9211792377005037,True
241:4096,241,test,2,3,1719.0,12000,4096,8192,0.0159781330769721,2.934693380731864,0.3413333333333333,2.923882066306776,True
241:8192,241,test,2,3,1719.0,12000,8192,12288,0.0130560134044871,2.915154534652948,0.6826666666666666,2.9221365599760105,True
241:12288,241,test,2,3,1719.0,12000,12288,16384,0.0122694807788682,2.940116308929947,1.024,2.925732509766798,True
241:16384,241,test,2,3,1719.0,12000,16384,20480,0.0114571996145854,2.9954115465968494,1.3653333333333333,2.9396683171328086,True
241:20480,241,test,2,3,1719.0,12000,20480,24576,0.0122670071231955,2.973721838154016,1.7066666666666668,2.9464790213370504,True
241:24576,241,test,2,3,1719.0,12000,24576,28672,0.013320828219684,2.921839974526555,2.048,2.9415512119749514,True
241:28672,241,test,2,3,1719.0,12000,28672,32768,0.0153859784042213,2.9161844084987067,2.3893333333333335,2.9364778512797027,True
241:32768,241,test,2,3,1719.0,12000,32768,36864,0.0137181084920831,2.927460657669225,2.7306666666666666,2.9346744125576074,True
241:36864,241,test,2,3,1719.0,12000,36864,40960,0.0146817545546045,2.912991058250539,3.072,2.930337741696194,True
241:40960,241,test,2,3,1719.0,12000,40960,45056,0.0181386515717505,2.9025555604340716,3.4133333333333336,2.9247813054437697,True
241:45056,241,test,2,3,1719.0,12000,45056,49152,0.01534739683969,2.9891061914374886,3.7546666666666666,2.937646282642514,True
241:49152,241,test,2,3,1719.0,12000,49152,53248,0.015179046133658,2.9690975168013254,4.096,2.9439365294742763,True
241:53248,241,test,2,3,1719.0,12000,53248,57344,0.0146191066974551,2.955250338234727,4.437333333333333,2.9461992912263666,True
241:57344,241,test,2,3,1719.0,12000,57344,61440,0.0140807978236633,2.969307822223591,4.778666666666667,2.9508209974258115,True
241:61440,241,test,2,3,1719.0,12000,61440,65536,0.013093886607679,2.9716643771157605,5.12,2.9549896733638015,True
241:65536,241,test,2,3,1719.0,12000,65536,69632,0.0130885331341534,3.0072992143570354,5.461333333333333,2.9654515815624483,True
241:69632,241,test,2,3,1719.0,12000,69632,73728,0.0134949962564616,3.037499207084321,5.802666666666667,2.979861106666823,True
241:73728,241,test,2,3,1719.0,12000,73728,77824,0.0126530398710395,2.916224729767266,6.144,2.9671338312869118,True
241:77824,241,test,2,3,1719.0,12000,77824,81920,0.012248466435453,2.917677305007396,6.485333333333333,2.957242526031009,True
241:81920,241,test,2,3,1719.0,12000,81920,86016,0.0148811053636215,2.874217250494477,6.826666666666667,2.9406374709237024,True
241:86016,241,test,2,3,1719.0,12000,86016,90112,0.012652327607228,2.992613762281399,7.168,2.951032729195242,True
241:90112,241,test,2,3,1719.0,12000,90112,94208,0.0124259444698353,2.95038799255923,7.509333333333333,2.95090378186804,True
241:94208,241,test,2,3,1719.0,12000,94208,98304,0.013987661233031,2.9767935332982924,7.850666666666666,2.9560817321540904,True
241:98304,241,test,2,3,1719.0,12000,98304,102400,0.0151299528751528,2.87385256638639,8.192,2.9396358990005504,True
241:102400,241,test,2,3,1719.0,12000,102400,106496,0.0164691081964532,2.9348193542276144,8.533333333333333,2.9386725900459636,True
241:106496,241,test,2,3,1719.0,12000,106496,110592,0.01561090503173,2.986155507899073,8.874666666666666,2.9481691736165856,True
241:110592,241,test,2,3,1719.0,12000,110592,114688,0.0131601518313937,2.9409237889186137,9.216,2.9467200966769913,True
241:114688,241,test,2,3,1719.0,12000,114688,118784,0.0138380053661246,2.874049982355164,9.557333333333334,2.932186073812626,True
