time_s,signal,absolute_gradient
0.0,0.056346823,0.07818945
8.333333333333333e-05,0.014464052,0.051659424
0.00016666666666666666,0.09560191,0.05720244
0.00025,-0.020971691,0.1336418
0.0003333333333333333,-0.1412561,0.004489252
0.0004166666666666667,-0.06725901,0.14816806
0.0005,-0.025810286,0.012034009
0.0005833333333333334,0.022362957,0.11775808
0.0006666666666666666,0.10968924,0.21476403
0.00075,0.06670498,0.030813932
0.0008333333333333334,-0.083707154,0.07593101
0.0009166666666666666,-0.041873824,0.08949743
0.001,0.12583895,0.11357659
0.0010833333333333333,0.033936214,0.10786544
0.0011666666666666668,-0.21007219,0.0397281
0.00125,-0.11210507,0.13388917
0.0013333333333333333,0.17662087,0.11857027
0.0014166666666666668,0.07839195,0.23393555
0.0015,-0.15062654,0.037180003
0.0015833333333333333,-0.039883025,0.06402317
0.0016666666666666668,0.1350127,0.06321104
0.00175,-0.030600054,0.10483938
0.0018333333333333333,-0.2422858,0.028042572
0.0019166666666666666,-0.10809811,0.12029398
0.002,0.11645804,0.15729703
0.0020833333333333333,0.050987583,0.11866706
0.0021666666666666666,-0.12891516,0.008915417
0.00225,-0.037864972,0.043616075
0.0023333333333333335,0.15116702,0.10768903
0.002416666666666667,0.011154362,0.032093037
0.0025,-0.1779454,0.062002372
0.0025833333333333333,-0.049428307,0.09881887
0.0026666666666666666,0.10400496,0.031079378
0.00275,0.06753126,0.10515028
0.0028333333333333335,0.0015483472,0.050750572
0.002916666666666667,0.01790731,0.09768202
0.003,0.10215891,0.13115673
0.0030833333333333333,0.15040538,0.019219289
0.0031666666666666666,-0.03567785,0.012523756
0.00325,-0.2233689,0.06184329
0.0033333333333333335,-0.0632137,0.15410136
0.003416666666666667,0.051269844,0.025851404
0.0035,-0.10924113,0.015938755
0.0035833333333333333,-0.11728418,0.040939827
0.0036666666666666666,0.1687219,0.037836242
0.00375,0.17899886,0.017349819
0.003833333333333333,-0.16371374,0.0452369
0.003916666666666666,-0.12517118,0.04049468
0.004,0.17681453,0.018417934
0.004083333333333333,0.104270525,0.09921184
0.004166666666666667,-0.12259072,0.15314898
0.00425,-0.038923703,0.33043936
0.004333333333333333,0.12513912,0.12024972
0.004416666666666667,0.082479745,0.20908077
0.0045,-0.030114012,0.05945453
0.004583333333333333,-0.06833452,0.09171381
0.004666666666666667,-0.03741278,0.004100226
0.00475,0.011360225,0.083542004
0.004833333333333334,-0.02319062,0.108329564
0.004916666666666666,-0.11727725,0.07746032
0.005,-0.07362085,0.054484412
0.005083333333333333,0.15810286,0.025608093
0.005166666666666667,0.14385867,0.20282304
0.00525,-0.108157136,0.11790455
0.005333333333333333,-0.12289055,0.052291997
0.005416666666666667,0.07367938,0.15321791
0.0055,0.1197407,0.14668962
0.005583333333333333,0.01499347,0.016831806
0.005666666666666667,0.033046108,0.08981766
0.00575,0.11351904,0.18183886
0.005833333333333334,0.1594864,0.123936504
0.005916666666666666,0.16307251,0.14845985
0.006,0.031279847,0.061104424
0.006083333333333333,-0.18198237,0.19535889
0.006166666666666667,-0.08949647,0.24943963
0.00625,0.16788024,0.2595471
0.006333333333333333,-0.059023973,0.3682551
0.006416666666666667,-0.35575727,0.16674006
0.0065,-0.02603802,0.09608303
0.006583333333333333,0.30442992,0.43108758
0.006666666666666667,-0.0076785986,0.15029265
0.00675,-0.26579076,0.17645621
0.006833333333333334,0.027118437,0.08865193
0.0069166666666666664,0.18259469,0.14387533
0.007,-0.10036594,0.39430377
0.007083333333333333,-0.16610427,0.008700786
0.007166666666666667,0.110128574,0.31264773
0.00725,0.18944627,0.3230288
0.007333333333333333,0.014847408,0.118752345
0.007416666666666667,-0.028057678,0.0002801472
0.0075,0.03248243,0.21972723
0.007583333333333333,0.042516787,0.020116912
0.007666666666666666,0.023099713,0.0030529134
0.00775,-0.032067392,0.040134497
0.007833333333333333,-0.10251152,0.11204384
0.007916666666666667,-0.015621073,0.015916163
0.008,0.07987903,0.019098962
0.008083333333333333,-0.037944682,0.019147879
0.008166666666666666,-0.11543484,0.13739057
0.00825,-0.053823072,0.18614766
0.008333333333333333,-0.05055721,0.31353202
0.008416666666666666,-0.04979261,0.25221702
0.0085,0.038934026,0.041030396
0.008583333333333333,0.09685612,0.37485245
0.008666666666666666,0.00021092573,0.2179627
0.00875,-0.0842778,0.10207885
0.008833333333333334,0.100611046,0.19217369
0.008916666666666666,0.1338301,0.15126657
0.009,-0.17866962,0.08347916
0.009083333333333334,-0.27426088,0.19028878
0.009166666666666667,0.007271749,0.23623367
0.00925,0.15245947,0.08092606
0.009333333333333334,-0.05249921,0.005928706
0.009416666666666667,-0.18512414,0.09754806
0.0095,0.09430326,0.015413664
0.009583333333333333,0.31908393,0.024848478
0.009666666666666667,0.057785597,0.10348813
0.00975,-0.23110068,0.044399668
0.009833333333333333,-0.13153546,0.06586274
0.009916666666666667,0.12906772,0.056842998
0.01,0.116214186,0.101863265
0.010083333333333333,-0.0944909,0.07103369
0.010166666666666666,-0.14772806,0.04140066
0.01025,0.08676325,0.12679745
0.010333333333333333,0.27221537,0.1883672
0.010416666666666666,0.039320428,0.071091
0.0105,-0.34943348,0.05422243
0.010583333333333333,-0.20427842,0.19591843
0.010666666666666666,0.33905607,0.098382175
0.01075,0.26629508,0.0891519
0.010833333333333334,-0.32585034,0.1059448
0.010916666666666667,-0.30685124,0.050976105
0.011,0.3125365,0.10144681
0.011083333333333334,0.42019013,0.002643037
0.011166666666666667,-0.14944506,0.07130734
0.01125,-0.4075144,0.15650211
0.011333333333333334,-0.005423039,0.030134723
0.011416666666666667,0.37137,0.0062106717
0.0115,0.21508797,0.09014818
0.011583333333333333,-0.1432236,0.09827895
0.011666666666666667,-0.098563634,0.06280084
0.01175,0.22678812,0.10775469
0.011833333333333333,0.27881253,0.035952397
0.011916666666666667,-0.036170278,0.03286071
0.012,-0.24979025,0.1202096
0.012083333333333333,-0.13297553,0.049421314
0.012166666666666666,0.0901907,0.010590453
0.01225,0.16714299,0.15432592
0.012333333333333333,-0.047810048,0.003976395
0.012416666666666666,-0.25149578,0.040976513
0.0125,-0.14246327,0.1006264
0.012583333333333334,0.14166166,0.0069132224
0.012666666666666666,0.16212994,0.019845644
0.01275,-0.18833286,0.067719914
0.012833333333333334,-0.31352368,0.07965242
0.012916666666666667,0.038861133,0.18040577
0.013,0.33243406,0.06333627
0.013083333333333334,0.023460735,0.016299793
0.013166666666666667,-0.3138491,0.041856606
0.01325,-0.010940716,0.12235404
0.013333333333333334,0.34196612,0.035302438
0.013416666666666667,0.10208658,0.14628679
0.0135,-0.22522366,0.102188855
0.013583333333333333,-0.01714185,0.010675524
0.013666666666666667,0.28057048,0.0072914623
0.01375,0.15663016,0.21867181
0.013833333333333333,-0.017965352,0.09911187
0.013916666666666667,0.020942718,0.22500183
0.014,0.04803421,0.14641279
0.014083333333333333,-0.060906235,0.23822556
0.014166666666666666,-0.04012868,0.08923423
0.01425,-0.017743394,0.34268662
0.014333333333333333,-0.1494886,0.095911965
0.014416666666666666,-0.10961776,0.15692034
0.0145,0.0032934675,0.022288492
0.014583333333333334,-0.07797437,0.23517843
0.014666666666666666,-0.12439624,0.22373015
0.01475,0.020009786,0.18492249
0.014833333333333334,0.022601405,0.12343007
0.014916666666666667,-0.19238698,0.221828
0.015,-0.14385584,0.305886
0.015083333333333334,0.13387547,0.21429347
0.015166666666666667,0.11166244,0.16705398
0.01525,-0.16644347,0.19464968
0.015333333333333332,-0.070952706,0.1832642
0.015416666666666667,0.26920718,0.08140623
0.0155,0.11231178,0.037898064
0.015583333333333333,-0.2009202,0.111049995
0.015666666666666666,-0.091150425,0.11745965
0.01575,0.16106132,0.028745063
0.015833333333333335,0.10070758,0.111166514
0.015916666666666666,-0.108953826,0.12365327
0.016,-0.13538493,0.044427555
0.016083333333333335,0.053327765,0.04479781
0.016166666666666666,0.17033315,0.06747782
0.01625,-0.08367831,0.03848147
0.01633333333333333,-0.32569253,0.18888351
0.016416666666666666,-0.06511096,0.3360574
0.0165,0.31464776,0.026880901
0.016583333333333332,0.15398236,0.29432628
0.016666666666666666,-0.28185874,0.02978545
0.01675,-0.09401103,0.16490795
0.016833333333333332,0.47298315,0.12545164
0.016916666666666667,0.26366705,0.11359015
0.017,-0.3770397,0.077129774
0.017083333333333332,-0.21688458,0.11471834
0.017166666666666667,0.44941413,0.106173016
0.01725,0.33471155,0.19873431
0.017333333333333333,-0.29168442,0.06837648
0.017416666666666667,-0.2645216,0.055869684
0.0175,0.2806614,0.11388336
0.017583333333333333,0.333019,0.064302
0.017666666666666667,-0.2123391,0.16265556
0.01775,-0.35556978,0.24781044
0.017833333333333333,0.062642545,0.052121546
0.017916666666666668,0.27259314,0.33149284
0.018,-0.013854211,0.083740205
0.018083333333333333,-0.24552247,0.052572735
0.018166666666666668,0.057447582,0.21073444
0.01825,0.2719672,0.10829047
0.018333333333333333,-0.052322574,0.044715956
0.018416666666666668,-0.21370424,0.034312308
0.0185,0.057080865,0.10113066
0.018583333333333334,0.1450102,0.07668364
0.018666666666666668,-0.046838026,0.11342166
0.01875,-0.052266445,0.07691398
0.018833333333333334,0.09800267,0.12086082
0.018916666666666665,0.09687593,0.23822816
0.019,-0.04735149,0.008995492
0.019083333333333334,-0.02498279,0.02124709
0.019166666666666665,0.08398748,0.10251383
0.01925,0.023620041,0.04850325
0.019333333333333334,-0.09621517,0.20139055
0.019416666666666665,-0.04325864,0.063763075
0.0195,0.11006444,0.23649442
0.019583333333333335,0.02938281,0.12886725
0.019666666666666666,-0.16994573,0.026552875
0.01975,-0.14603585,0.11660393
0.019833333333333335,0.022878552,0.10098942
0.019916666666666666,-0.009374342,0.044397786
0.02,-0.17676795,0.005423792
0.020083333333333335,-0.17272322,0.028911721
0.020166666666666666,0.060854323,0.17419446
0.02025,0.14809266,0.058321055
0.02033333333333333,-0.04107037,0.14498529
0.020416666666666666,-0.10484448,0.10389499
0.0205,0.06144813,0.103259996
0.020583333333333332,0.11296283,0.10848685
0.020666666666666667,-0.06666369,0.026249675
0.02075,-0.13073221,0.27661967
0.020833333333333332,0.030961733,0.010715573
0.020916666666666667,0.11178814,0.104771
0.021,-0.03586897,0.026142867
0.021083333333333332,-0.087443314,0.054803282
0.021166666666666667,0.05543793,0.15233688
0.02125,0.042676643,0.21423656
0.021333333333333333,-0.08826476,0.062188387
0.021416666666666667,-0.036730103,0.06957066
0.0215,0.11394078,0.15233603
0.021583333333333333,0.017353771,0.24386238
0.021666666666666667,-0.15990411,0.146648
0.02175,-0.028035704,0.035182945
0.021833333333333333,0.18058212,0.014176408
0.021916666666666668,0.002397188,0.10020339
0.022,-0.20310071,0.22818124
0.022083333333333333,0.01169689,0.01843781
0.022166666666666668,0.1864721,0.18969364
0.02225,0.021695305,0.101955235
0.022333333333333334,-0.09119424,0.12503135
0.022416666666666668,0.010754131,0.12095748
0.0225,0.054876473,0.0016004936
0.022583333333333334,-0.0019526875,0.1484311
0.02266666666666667,-0.03867529,0.10937607
0.02275,-0.09663211,0.08429292
0.022833333333333334,-0.114686005,0.0060679805
0.022916666666666665,0.0074151414,0.08825461
0.023,0.045563135,0.18714151
0.023083333333333334,-0.035334893,0.36932093
0.023166666666666665,0.007897946,0.08372848
0.02325,0.13138086,0.18046501
0.023333333333333334,0.055819694,0.12001215
0.023416666666666665,-0.0679182,0.24892999
0.0235,0.04607771,0.077216454
0.023583333333333335,0.1176892,0.15388761
0.023666666666666666,-0.021042777,0.2028148
0.02375,-0.04954224,0.081286475
0.023833333333333335,0.10850341,0.17893992
0.023916666666666666,0.16817859,0.43227482
0.024,0.016742097,0.17651312
0.024083333333333335,-0.09534842,0.03036032
0.024166666666666666,-0.008175762,0.16012073
0.02425,0.096304245,0.1602921
0.024333333333333332,0.029678708,0.14496075
0.024416666666666666,-0.13557282,0.013998827
0.0245,-0.082809344,0.03330305
0.024583333333333332,0.17053019,0.15760513
0.024666666666666667,0.1514464,0.11892138
0.02475,-0.08671599,0.032399047
0.024833333333333332,-0.038049124,0.014276473
0.024916666666666667,0.13209917,0.10709921
0.025,0.022576973,0.29490304
0.025083333333333332,-0.09243933,0.13912104
0.025166666666666667,0.06672583,0.01249362
0.02525,0.1299082,0.33427542
0.025333333333333333,-0.024000973,0.21392198
0.025416666666666667,-0.041558042,0.09526329
0.0255,0.080987245,0.05782041
0.025583333333333333,-0.025750345,0.2765899
0.025666666666666667,-0.20683877,0.25304744
0.02575,-0.065205365,0.19322021
0.025833333333333333,0.07184255,0.004105206
0.025916666666666668,-0.0060520754,0.3592167
0.026,-0.038823534,0.30602893
0.026083333333333333,0.014165695,0.31846765
0.026166666666666668,-0.00083609996,0.009008003
0.02625,-0.06958675,0.42171267
0.026333333333333334,-0.05600025,0.29190087
0.026416666666666668,0.022288263,0.09733604
0.0265,-0.012384751,0.09347516
0.026583333333333334,-0.10172752,0.3406182
0.02666666666666667,0.018661637,0.2812596
0.02675,0.17313662,0.26074082
0.026833333333333334,0.07934123,0.032613546
0.026916666666666665,-0.08727933,0.16898301
0.027,-0.12172443,0.2681638
0.027083333333333334,-0.021314617,0.1230524
0.027166666666666665,-0.0056432444,0.10030129
0.02725,-0.10205645,0.35938904
0.027333333333333334,-0.0995918,0.13398392
0.027416666666666666,0.020061353,0.36837247
0.0275,0.074015446,0.08883186
0.027583333333333335,-0.017395727,0.11915792
0.027666666666666666,-0.09378623,0.008398719
0.02775,-0.008922765,0.0060917498
0.027833333333333335,0.0919825,0.15870988
0.027916666666666666,-0.040539786,0.013997515
0.028,-0.11315754,0.1000418
0.02808333333333333,0.06433477,0.065530844
0.028166666666666666,0.11500223,0.20164591
0.02825,-0.05394052,0.057715222
0.028333333333333332,-0.13694333,0.0031440502
0.028416666666666666,0.065931275,0.21585731
0.0285,0.12795022,0.12178279
0.028583333333333332,-0.13952848,0.15751742
0.028666666666666667,-0.21331994,0.04227234
0.02875,0.07974123,0.1702719
0.028833333333333332,0.26863676,0.01285545
0.028916666666666667,0.052074563,0.0018631344
0.029,-0.1575126,0.20205396
0.029083333333333333,0.044236608,0.1680404
0.029166666666666667,0.25652608,0.15345192
0.02925,0.061925728,0.021812746
0.029333333333333333,-0.16159877,0.055443175
0.029416666666666667,-0.084052995,0.100122586
0.0295,0.06930457,0.09734413
0.029583333333333333,0.13041127,0.22033471
0.029666666666666668,0.016572185,0.15055984
0.02975,-0.1686176,0.015597729
0.029833333333333333,-0.15509465,0.11555534
0.029916666666666668,0.07810345,0.0900017
0.03,0.12650988,0.0020361657
0.030083333333333333,-0.1278482,0.009834885
0.030166666666666668,-0.18634875,0.12129329
0.03025,0.16159326,0.011506301
0.030333333333333334,0.3153932,0.12161022
0.030416666666666668,-0.04536688,0.13131593
0.0305,-0.24711928,0.003120352
0.030583333333333334,0.013784434,0.103614576
0.030666666666666665,0.15911786,0.0069004856
0.03075,-0.060083732,0.14692053
0.030833333333333334,-0.21071573,0.063550726
0.030916666666666665,-0.016960843,0.050206795
0.031,0.18645604,0.032270722
0.031083333333333334,0.17711566,0.29363978
0.031166666666666665,0.033153497,0.10694779
0.03125,0.0069606863,0.13191445
0.03133333333333333,0.10489676,0.18968631
0.03141666666666667,0.075573266,0.12868293
0.0315,-0.0691187,0.011944064
0.03158333333333333,-0.116420254,0.2608438
0.03166666666666667,-0.029234154,0.18630666
0.03175,0.09551609,0.004679932
0.03183333333333333,0.14704795,0.21614832
0.03191666666666667,0.040537823,0.14016202
0.032,-0.03237067,0.21532264
0.03208333333333333,0.027586194,0.120075606
0.03216666666666667,0.073818944,0.07004884
0.03225,0.042429306,0.076294325
0.03233333333333333,-0.029969217,0.19974127
0.03241666666666667,-0.126565,0.13581288
0.0325,-0.1429734,0.20434205
0.03258333333333333,0.0253253,0.022233425
0.03266666666666666,0.038734615,0.068002164
0.03275,-0.15542963,0.13257852
0.03283333333333333,-0.17919429,0.09071985
0.032916666666666664,0.03931503,0.0054328884
0.033,0.13826162,0.12985738
0.03308333333333333,0.018016998,0.120984375
0.033166666666666664,-0.039894156,0.0051055495
0.03325,0.07672118,0.16626123
0.03333333333333333,0.1885251,0.088517286
0.033416666666666664,0.11717081,0.022055162
0.0335,-0.07836541,0.1331031
0.03358333333333333,-0.17084618,0.14099672
0.033666666666666664,-0.079314366,0.15710188
0.03375,0.07889523,0.035165604
0.03383333333333333,-0.02715773,0.017904174
0.033916666666666664,-0.14902262,0.30421585
0.034,0.04094946,0.20824571
0.034083333333333334,0.19934113,0.033481725
0.034166666666666665,0.024537778,0.051375013
0.03425,-0.1791446,0.18337555
0.034333333333333334,-0.12177916,0.17316973
0.034416666666666665,0.09918968,0.0028865398
0.0345,0.07393484,0.04477926
0.034583333333333334,-0.18658808,0.0675008
0.034666666666666665,-0.19946748,0.01157737
0.03475,0.17622432,0.01703487
0.034833333333333334,0.29138893,0.053575583
0.034916666666666665,-0.17007919,0.07969138
0.035,-0.39437082,0.018124627
0.035083333333333334,0.11030653,0.08372157
0.035166666666666666,0.33803132,0.027904706
0.03525,-0.27204245,0.11915548
0.035333333333333335,-0.50960803,0.103799775
0.035416666666666666,0.19804905,0.078970134
0.0355,0.48099986,0.019831758
0.035583333333333335,-0.19411486,0.06364443
0.035666666666666666,-0.5398307,0.14754859
0.03575,0.067185745,0.038643543
0.035833333333333335,0.41608697,0.047394138
0.035916666666666666,-0.095902525,0.22944532
0.036,-0.34370723,0.10017513
0.036083333333333335,0.13050626,0.022880599
0.036166666666666666,0.4617168,0.050039575
0.03625,0.17927043,0.015320551
0.036333333333333336,-0.16345778,0.014279218
0.03641666666666667,0.02076535,0.14355184
0.0365,0.36865813,0.16337
0.036583333333333336,0.14120121,0.06024126
0.03666666666666667,-0.3756002,0.044498067
0.03675,-0.1906437,0.11320774
0.036833333333333336,0.3949823,0.04123579
0.03691666666666667,0.22493222,0.14157952
0.037,-0.39569765,0.01282289
0.037083333333333336,-0.2667036,0.11976615
0.03716666666666667,0.37998503,0.07392245
0.03725,0.21968517,0.13493195
0.037333333333333336,-0.4656334,0.12669641
0.03741666666666667,-0.34053206,0.033356223
0.0375,0.35061145,0.06841854
0.03758333333333334,0.32575598,0.10480095
0.03766666666666667,-0.28234062,0.06735531
0.03775,-0.25133154,0.03427897
0.03783333333333333,0.20922828,0.05829882
0.03791666666666667,0.13459986,0.0781934
0.038,-0.23101239,0.061324485
0.03808333333333333,-0.20499934,0.023229625
0.03816666666666667,0.047112662,0.15024059
0.03825,0.17929983,0.012670145
0.03833333333333333,0.11283819,0.09734435
0.03841666666666667,-0.088089526,0.05664992
0.0385,0.01587294,0.06609732
0.03858333333333333,0.28215006,0.21729058
0.03866666666666667,0.092502646,0.018949568
0.03875,-0.2127742,0.073478535
0.03883333333333333,-0.06504056,0.1796082
0.03891666666666667,0.23251577,0.0732119
0.039,0.113414496,0.008106592
0.03908333333333333,-0.08712431,0.1182282
0.03916666666666667,0.08437757,0.053228896
0.03925,0.21107353,0.07047663
0.03933333333333333,-0.019732434,0.06187499
0.03941666666666667,-0.16812818,0.028995536
0.0395,-0.032713007,0.23892686
0.03958333333333333,-0.0033240186,0.120686
0.03966666666666667,-0.10437813,0.03547109
0.03975,0.04849149,0.19585356
0.03983333333333333,0.16291285,0.015328781
0.03991666666666667,-0.020445399,0.006896811
0.04,-0.082341425,0.015157414
0.04008333333333333,0.07002676,0.2093158
0.04016666666666667,-0.002837116,0.08776114
0.04025,-0.14819056,0.2382797
0.04033333333333333,-0.0427205,0.11093975
0.04041666666666666,0.039572403,0.069413975
0.0405,0.027714998,0.06646691
0.04058333333333333,0.06583114,0.07630344
0.04066666666666666,0.031281676,0.014065436
0.04075,-0.11360001,0.15495281
0.04083333333333333,-0.10074193,0.009120776
0.040916666666666664,0.05384215,0.24862333
0.041,-0.046290327,0.1559913
0.04108333333333333,-0.26845837,0.06232811
0.041166666666666664,-0.042337738,0.017840559
0.04125,0.22302678,0.12539382
0.04133333333333333,0.001696772,0.15437557
0.041416666666666664,-0.27583215,0.013205531
0.0415,-0.11827173,0.03171878
0.04158333333333333,0.13494693,0.24053097
0.041666666666666664,-0.021738192,0.34183666
0.04175,-0.19873868,0.12890491
0.041833333333333333,0.011346394,0.13491641
0.041916666666666665,0.2206494,0.31404662
0.042,0.097008035,0.15621702
0.042083333333333334,-0.0268319,0.053538337
0.042166666666666665,0.020400552,0.10183131
0.04225,0.036132228,0.28221142
0.042333333333333334,-0.065206714,0.2765208
0.042416666666666665,-0.0801597,0.08875755
0.0425,0.032736246,0.13734335
0.042583333333333334,0.024893058,0.24966498
0.042666666666666665,0.0067526507,0.19298053
0.04275,0.06361389,0.22495171
0.042833333333333334,0.039412096,0.18637937
0.042916666666666665,-0.012971763,0.16550058
0.043,0.011013735,0.31744757
0.043083333333333335,0.005108483,0.18307279
0.043166666666666666,-0.13224255,0.18495758
0.04325,-0.11990917,0.18305196
0.043333333333333335,0.08935104,0.14192303
0.043416666666666666,0.1264253,0.42808703
0.0435,-0.026399525,0.120312005
0.043583333333333335,-0.071320914,0.07270277
0.043666666666666666,0.028920764,0.010629745
0.04375,0.08308094,0.060653027
0.043833333333333335,0.035969615,0.055931993
0.043916666666666666,-0.023420481,0.049468447
0.044,0.01053808,0.08488496
0.044083333333333335,0.12378945,0.114298545
0.04416666666666667,0.17547578,0.12487134
0.04425,0.09493381,0.014707558
0.044333333333333336,-0.009423678,0.017899508
0.04441666666666667,-0.02166004,0.21358751
0.0445,0.05259218,0.028135652
0.044583333333333336,0.08412457,0.09723695
0.04466666666666667,-0.02662386,0.04536837
0.04475,-0.10324383,0.22927867
0.044833333333333336,-0.005433433,0.038017806
0.04491666666666667,0.14787391,0.036443744
0.045,0.12312881,0.16913363
0.045083333333333336,-0.058870416,0.11178686
0.04516666666666667,-0.11804318,0.20542651
0.04525,-0.012359426,0.009153732
0.04533333333333334,0.019309202,0.016001528
0.04541666666666667,-0.13869904,0.058598254
0.0455,-0.10252569,0.034787845
0.04558333333333333,0.06674042,0.17722459
0.04566666666666667,0.004492243,0.107143655
0.04575,-0.15516277,0.0397132
0.04583333333333333,-0.0995445,0.14202471
0.04591666666666667,0.0938351,0.06842627
0.046,0.05807717,0.0386848
0.04608333333333333,-0.05805749,0.056759972
0.04616666666666667,0.0034675077,0.10832521
0.04625,0.12420268,0.020931436
0.04633333333333333,0.08593224,0.05237637
0.04641666666666667,-0.028994903,0.17189284
0.0465,0.07270786,0.032765646
0.04658333333333333,0.0869414,0.064551555
0.04666666666666667,-0.1262025,0.05668275
0.04675,-0.15711139,0.095276065
0.04683333333333333,0.07727294,0.12687792
0.04691666666666667,0.13563995,0.23222128
0.047,-0.07734628,0.016721208
0.04708333333333333,-0.08740907,0.4902112
0.04716666666666667,0.12919436,0.26539326
0.04725,0.093309246,0.09098547
0.04733333333333333,-0.16911446,0.26918802
0.04741666666666667,-0.1799348,0.14411044
0.0475,-0.01032258,0.0046269917
0.04758333333333333,-0.07883432,0.30484343
0.04766666666666667,-0.16141552,0.35148507
0.04775,-0.022032214,0.17342333
0.04783333333333333,0.06544059,0.30920458
0.04791666666666667,-0.005995116,0.17982814
0.048,-0.029604364,0.012035802
0.04808333333333333,0.04292952,0.16975307
0.04816666666666667,0.093488,0.0027792251
0.04825,0.09525096,0.02695439
0.04833333333333333,-0.029902155,0.07369859
0.04841666666666666,-0.1203811,0.025897592
0.0485,0.085713886,0.016624136
0.04858333333333333,0.21360196,0.024027657
0.048666666666666664,-0.08316818,0.10505149
0.04875,-0.4016554,0.0056128884
0.04883333333333333,-0.030193102,0.076403394
0.048916666666666664,0.39171872,0.033364028
0.049,-0.053378765,0.14678264
0.04908333333333333,-0.41860008,0.20261079
0.049166666666666664,0.11646594,0.045692403
0.04925,0.4614764,0.25345555
0.04933333333333333,-0.101285785,0.12017458
0.049416666666666664,-0.3784016,0.053696502
0.0495,0.2079849,0.12661263
0.04958333333333333,0.39522335,0.0723205
0.049666666666666665,-0.14624304,0.19019955
0.04975,-0.3117594,0.08934073
0.049833333333333334,0.17171992,0.1382231
0.049916666666666665,0.34972692,0.29149038
0.05,-0.05078966,0.09996116
0.050083333333333334,-0.17084487,0.014221239
0.050166666666666665,0.17311743,0.17018823
0.05025,0.3060489,0.007896805
0.050333333333333334,-0.041826457,0.049901858
0.050416666666666665,-0.28952947,0.10062632
0.0505,-0.019393843,0.17264251
0.050583333333333334,0.29951048,0.021279605
0.050666666666666665,0.042546123,0.061407167
0.05075,-0.36545417,0.013101718
0.050833333333333335,-0.14669526,0.0059388266
0.050916666666666666,0.25847575,0.26894706
0.051,0.07726756,0.11837544
0.051083333333333335,-0.27224413,0.09976132
0.051166666666666666,-0.15152526,0.067476004
0.05125,0.2223746,0.0973535
0.051333333333333335,0.23457465,0.20382395
0.051416666666666666,-0.08444684,0.046872385
0.0515,-0.1745106,0.17401108
0.051583333333333335,0.09384654,0.27250716
0.051666666666666666,0.1964325,0.090484224
0.05175,-0.1364086,0.30829486
0.051833333333333335,-0.22545484,0.19916579
0.051916666666666667,0.043677423,0.061983544
0.052,0.08814147,0.055943903
0.052083333333333336,-0.08747654,0.25456056
0.05216666666666667,-0.06719721,0.11778191
0.05225,0.11146431,0.09107751
0.052333333333333336,0.049062986,0.014982991
0.05241666666666667,-0.0899217,0.14182192
0.0525,0.019599471,0.06948082
0.052583333333333336,0.1396167,0.09798056
0.05266666666666667,0.016921228,0.05836145
0.05275,-0.14919814,0.079697564
0.052833333333333336,-0.0690241,0.037031565
0.05291666666666667,0.12544136,0.02462211
0.053,0.08878132,0.0031236073
0.05308333333333334,-0.1511982,0.10499635
0.05316666666666667,-0.17880696,0.046738278
0.05325,0.08652617,0.14731608
0.05333333333333334,0.13253938,0.09584974
0.05341666666666667,-0.07871526,0.16610941
0.0535,-0.1442288,0.08813656
0.05358333333333333,0.00353302,0.0663528
0.05366666666666667,0.114055604,0.15474422
0.05375,0.039209258,0.1588945
0.05383333333333333,-0.06613972,0.13691795
0.05391666666666667,-0.054343972,0.083357796
0.054,0.057904758,0.05875211
0.05408333333333333,0.013456388,0.14412394
0.05416666666666667,-0.04833141,0.04041648
0.05425,-0.014178763,0.25168064
0.05433333333333333,0.061039165,0.10558922
0.05441666666666667,0.114227384,0.06642871
0.0545,-0.02177101,0.103866376
0.05458333333333333,-0.13567673,0.20372309
0.05466666666666667,0.0003592887,0.22848941
0.05475,0.11001007,0.16543911
0.05483333333333333,-0.0537755,0.33239865
0.05491666666666667,-0.18475084,0.27507934
0.055,-0.028598886,0.048933167
0.05508333333333333,0.12844545,0.15360047
0.05516666666666667,0.033705,0.024392812
0.05525,-0.18972328,0.09878361
0.05533333333333333,-0.10917068,0.12643698
0.05541666666666667,0.18301365,0.024637118
0.0555,0.16841292,0.033026546
0.05558333333333333,-0.11297742,0.041964278
0.05566666666666667,-0.14881806,0.04254684
0.05575,0.13466483,0.11426193
0.05583333333333333,0.22461458,0.19490634
0.05591666666666667,-0.04271192,0.020990457
0.056,-0.19304915,0.103329755
0.05608333333333333,-0.0002927838,0.28314337
0.05616666666666666,0.1161261,0.1036653
0.05625,-0.111881815,0.19837181
0.05633333333333333,-0.2428719,0.011520267
0.056416666666666664,0.0073196115,0.3567031
0.0565,0.26847753,0.13070871
0.05658333333333333,0.060625996,0.18274808
0.056666666666666664,-0.2165,0.039749697
0.05675,0.010728633,0.0942547
0.05683333333333333,0.2792212,0.14509287
0.056916666666666664,0.012299335,0.010745636
0.057,-0.2339865,0.061698064
0.05708333333333333,0.121899,0.05647417
0.057166666666666664,0.37476557,0.0034517546
0.05725,-0.015168287,0.30486363
0.05733333333333333,-0.302146,0.14844412
0.057416666666666664,0.061888643,0.07586287
0.0575,0.31084892,0.07573795
0.057583333333333334,-0.021403179,0.17785437
0.057666666666666665,-0.25680962,0.21488954
0.05775,0.027414283,0.30399248
0.057833333333333334,0.26892668,0.1461164
0.057916666666666665,0.086421385,0.26008245
0.058,-0.09467402,0.15695466
0.058083333333333334,0.025758414,0.27850288
0.058166666666666665,0.12468065,0.0046017473
0.05825,-0.03681395,0.2990781
0.058333333333333334,-0.15330581,0.1539883
0.058416666666666665,-0.041345432,0.043597855
0.0585,0.044420775,0.03474483
0.058583333333333334,-0.030609556,0.30658013
0.058666666666666666,-0.084180966,0.034427162
0.05875,0.035838954,0.042132467
0.058833333333333335,0.035908416,0.12118153
0.058916666666666666,-0.13568005,0.18878245
0.059,-0.14769492,0.100210086
0.059083333333333335,0.068769485,0.16316448
0.059166666666666666,0.11118546,0.09575358
0.05925,-0.12170425,0.2360822
0.059333333333333335,-0.13180235,0.21260758
0.059416666666666666,0.08298497,0.068788975
0.0595,0.08757052,0.18189053
0.059583333333333335,-0.101054594,0.24356925
0.059666666666666666,-0.100055836,0.23832712
0.05975,0.11234426,0.03558407
0.059833333333333336,0.09880749,0.0171324
0.05991666666666667,-0.073735274,0.3016688
0.06,-0.026045868,0.15486327
0.060083333333333336,0.18126157,0.08053407
0.06016666666666667,0.10247579,0.004314018
0.06025,-0.11876547,0.15278333
0.060333333333333336,-0.18788624,0.20500103
0.06041666666666667,-0.12843128,0.20436315
0.0605,0.038594656,0.13234548
0.060583333333333336,0.07150977,0.15484698
0.06066666666666667,-0.14463334,0.05988568
0.06075,-0.1220869,0.17351949
0.060833333333333336,0.2171442,0.12307305
0.06091666666666667,0.23608635,0.087594114
0.061,-0.16160484,0.061435282
0.06108333333333334,-0.18229473,0.058656026
0.06116666666666667,0.16492063,0.111039944
0.06125,0.122885026,0.010668144
0.06133333333333333,-0.17489561,0.020120388
0.06141666666666667,-0.06219995,0.0075218505
0.0615,0.17089772,0.019988956
0.06158333333333333,0.025619796,0.07685381
0.06166666666666667,-0.109957054,0.063270874
0.06175,0.053216513,0.229331
0.06183333333333333,0.07546723,0.20329942
0.06191666666666667,-0.09436003,0.20995055
0.062,-0.10631935,0.103536986
0.06208333333333333,0.040478583,0.09748098
0.06216666666666667,0.12610534,0.036889765
0.06225,0.079505414,0.12353256
0.06233333333333333,0.049495786,0.033434596
0.06241666666666667,-0.031227253,0.073033854
0.0625,-0.028071152,0.1068847
0.06258333333333334,0.09968404,0.02527674
0.06266666666666666,0.04853468,0.13508126
0.06275,-0.13719827,0.002045699
0.06283333333333334,-0.11840685,0.036821947
0.06291666666666666,0.13519382,0.28898206
0.063,0.13792172,0.21129784
0.06308333333333334,-0.13169433,0.04589525
0.06316666666666666,-0.18259765,0.07413693
0.06325,0.011067709,0.108109415
0.06333333333333334,0.118931994,0.095344745
0.06341666666666666,-0.007778431,0.08660012
0.0635,-0.0455675,0.07302897
0.06358333333333334,0.08356681,0.06102103
0.06366666666666666,0.06137791,0.05168706
0.06375,-0.05497525,0.23269185
0.06383333333333334,-0.00764266,0.061497513
0.06391666666666666,0.031549674,0.13886791
0.064,-0.14171161,0.04816864
0.06408333333333334,-0.13841729,0.038997944
0.06416666666666666,0.13053945,0.06804791
0.06425,0.1937694,0.13443814
0.06433333333333334,-0.091855966,0.044458713
0.06441666666666666,-0.16257311,0.091972806
0.0645,0.15229875,0.074762724
0.06458333333333334,0.19168176,0.049882833
0.06466666666666666,-0.14908108,0.11020923
0.06475,-0.27270222,0.04486054
0.06483333333333334,0.015108214,0.015054675
0.06491666666666666,0.11159344,0.035377197
0.065,-0.12937474,0.11629188
0.06508333333333334,-0.07282874,0.048590317
0.06516666666666666,0.26897517,0.055003192
0.06525,0.28597775,0.12053284
0.06533333333333333,-0.03074129,0.028431892
0.06541666666666666,-0.12001006,0.021383528
0.0655,0.14049906,0.108072005
0.06558333333333333,0.18550362,0.026064128
0.06566666666666666,-0.14840238,0.023445372
0.06575,-0.23935638,0.13300651
0.06583333333333333,0.075037986,0.07439537
0.06591666666666667,0.18871874,0.012118901
0.066,-0.11999986,0.050879333
0.06608333333333333,-0.3293342,0.048908044
0.06616666666666667,-0.026910609,0.073001854
0.06625,0.32312515,0.013911707
0.06633333333333333,0.1491704,0.08915824
0.06641666666666667,-0.23608184,0.08209634
0.0665,-0.106420495,0.052630085
0.06658333333333333,0.2686681,0.036208976
0.06666666666666667,0.20660116,0.06458475
0.06675,-0.22725795,0.019055368
0.06683333333333333,-0.3212571,0.009871359
0.06691666666666667,0.029206257,0.0033601613
0.067,0.17431018,0.057261676
0.06708333333333333,-0.075613596,0.058035225
0.06716666666666667,-0.1918372,0.018098589
0.06725,0.1443939,0.070695505
0.06733333333333333,0.35152397,0.10450958
0.06741666666666667,-0.0070591467,0.11323161
0.0675,-0.24666904,0.0021904735
0.06758333333333333,0.049557324,0.12993293
0.06766666666666667,0.17379919,0.039705124
0.06775,-0.19853525,0.0619733
0.06783333333333333,-0.2876479,0.0036841268
0.06791666666666667,0.0955563,0.0006378018
0.068,0.25518033,0.034797814
0.06808333333333333,-0.07734707,0.046564925
0.06816666666666667,-0.22420192,0.056507424
0.06825,0.044083267,0.10417971
0.06833333333333333,0.15080048,0.06180386
0.06841666666666667,-0.042164758,0.014474309
0.0685,-0.19299151,0.029217735
0.06858333333333333,-0.14404748,0.042626016
0.06866666666666667,0.040909443,0.0077824043
0.06875,0.1581023,0.17703861
0.06883333333333333,-0.03740101,0.063221276
0.06891666666666667,-0.25565568,0.039741132
0.069,-0.06913384,0.10982466
0.06908333333333333,0.18574028,0.015705716
0.06916666666666667,0.062143665,0.004729865
0.06925,-0.10190584,0.15374425
0.06933333333333333,0.05876602,0.2212372
0.06941666666666667,0.25215682,0.093189
0.0695,0.10046548,0.04098937
0.06958333333333333,-0.020728137,0.13833539
0.06966666666666667,0.11340023,0.0063105836
0.06975,0.07002544,0.013913198
0.06983333333333333,-0.13051982,0.019310372
0.06991666666666667,-0.059394807,0.02367854
0.07,0.113574214,0.01200038
0.07008333333333333,-0.0069788517,0.11344012
0.07016666666666667,-0.17579304,0.006679365
0.07025,0.025727514,0.05898303
0.07033333333333333,0.20461614,0.037842132
0.07041666666666667,-0.084820695,0.0048196483
0.0705,-0.3120515,0.0068898317
0.07058333333333333,-0.018482257,0.0074065626
0.07066666666666667,0.18874659,0.032431833
0.07075,-0.06349681,0.061837833
0.07083333333333333,-0.19368055,0.061082028
0.07091666666666667,0.04001807,0.05331591
0.071,0.16983819,0.009936914
0.07108333333333333,-0.026090655,0.0074510863
0.07116666666666667,-0.15162137,0.050808825
0.07125,-0.004749811,0.04300058
0.07133333333333333,0.081502505,0.05186415
0.07141666666666667,-0.06604909,0.040753536
0.0715,-0.08060832,0.0041129696
0.07158333333333333,0.11125458,0.011207541
0.07166666666666667,0.15374453,0.0503203
0.07175,0.0067511904,0.007923411
0.07183333333333333,-0.089651965,0.0132052265
0.07191666666666667,0.0138279,0.019386785
0.072,0.16038392,0.06826148
0.07208333333333333,0.040315997,0.023506213
0.07216666666666667,-0.110423565,0.06833837
0.07225,0.08453068,0.0059676315
0.07233333333333333,0.28056446,0.021338327
0.07241666666666667,0.109111466,0.06552717
0.0725,-0.13612857,0.030341376
0.07258333333333333,-0.09235481,0.013594122
0.07266666666666667,0.0548346,0.03686395
0.07275,0.023151463,0.057281572
0.07283333333333333,-0.13767351,0.060736917
0.07291666666666667,-0.16074885,0.050296985
0.073,0.0504267,0.050079674
0.07308333333333333,0.19928576,0.09602603
0.07316666666666667,0.013395303,0.090593904
0.07325,-0.18282565,0.0012211483
0.07333333333333333,-0.02708128,0.13500582
0.07341666666666667,0.11348833,0.0890707
0.0735,-0.07775278,0.079831764
0.07358333333333333,-0.21924165,0.18532103
0.07366666666666667,-0.016889494,0.17960653
0.07375,0.14749303,0.087417364
0.07383333333333333,0.009924949,0.066406466
0.07391666666666667,-0.10888273,0.10084318
0.074,0.011362521,0.010135316
0.07408333333333333,0.02874,0.002829301
0.07416666666666667,-0.075644255,0.054436993
0.07425,-0.052253313,0.08825447
0.07433333333333333,-0.051502522,0.00047584705
0.07441666666666667,-0.04761372,0.0020372963
0.0745,0.052880887,0.016832076
0.07458333333333333,0.06227415,0.05547309
0.07466666666666667,-0.07806525,0.007854491
0.07475,-0.084555365,0.025756838
0.07483333333333334,0.05128969,0.05280196
0.07491666666666667,0.03125789,0.018105906
0.075,-0.048396934,0.054521035
0.07508333333333334,0.08304888,0.024419192
0.07516666666666667,0.20263131,0.002928681
0.07525,0.08392788,0.12834369
0.07533333333333334,0.0011713513,0.0035641678
0.07541666666666667,0.05809087,0.056169033
0.0755,0.04563915,0.014552033
0.07558333333333334,-0.14034274,0.048294038
0.07566666666666666,-0.19817922,0.029020246
0.07575,-0.0006298839,0.010296562
0.07583333333333334,0.14567599,0.0517491
0.07591666666666666,0.03798475,0.061716393
0.076,-0.052819315,0.07204502
0.07608333333333334,0.09434279,0.16854404
0.07616666666666666,0.13474253,0.065930724
0.07625,-0.09572312,0.039204285
0.07633333333333334,-0.31695816,0.019599156
0.07641666666666666,-0.016360056,0.13123642
0.0765,0.19267078,0.084108554
0.07658333333333334,-0.11875058,0.07456102
0.07666666666666666,-0.16052297,0.042213403
0.07675,0.24816321,0.032398343
0.07683333333333334,0.27207237,0.040582795
0.07691666666666666,-0.18252434,0.014345541
0.077,-0.17288177,0.022057416
0.07708333333333334,0.22130044,0.07818832
0.07716666666666666,0.22953385,0.07323669
0.07725,-0.08801087,0.080515556
0.07733333333333334,-0.07724382,0.0554109
0.07741666666666666,0.15674254,0.06550928
0.0775,0.12031307,0.016261443
0.07758333333333334,-0.041499168,0.15553635
0.07766666666666666,-0.17188214,0.09989538
0.07775,-0.18270181,0.0014204241
0.07783333333333334,0.016905665,0.038962953
0.07791666666666666,0.14458908,0.08779969
0.078,-0.1121367,0.07886987
0.07808333333333334,-0.24951988,0.007619865
0.07816666666666666,0.16591237,0.014122784
0.07825,0.3259347,0.032562036
0.07833333333333334,-0.15079339,0.011107388
0.07841666666666666,-0.33549026,0.033237934
0.0785,0.07476996,0.01086386
0.07858333333333334,0.1753389,0.0202591
0.07866666666666666,-0.16110377,0.059309542
0.07875,-0.12841372,0.13752829
0.07883333333333334,0.17798924,0.007219014
0.07891666666666666,0.13474004,0.13595101
0.079,-0.14814648,0.060994644
0.07908333333333334,-0.07741536,0.0740963
0.07916666666666666,0.12665318,0.11045459
0.07925,-0.00649967,0.19455977
0.07933333333333334,-0.09610157,0.1933931
0.07941666666666666,0.032217015,0.034637433
0.0795,0.09484364,0.04912322
0.07958333333333334,0.026850902,0.0015376874
0.07966666666666666,-0.07215013,0.031094125
0.07975,-0.089573346,0.1763826
0.07983333333333334,-0.04081136,0.10430821
0.07991666666666666,0.036192205,0.07006512
0.08,0.046292696,0.08728905
0.08008333333333334,-0.04891134,0.0191266
0.08016666666666666,-0.057899594,0.12414875
0.08025,0.11256659,0.034743454
0.08033333333333334,0.16857764,0.09848994
0.08041666666666666,-0.009197348,0.0072127436
0.0805,-0.12803492,0.08082091
0.08058333333333334,-0.087861635,0.018470464
0.08066666666666666,-0.047547206,0.040459864
0.08075,-0.10481522,0.29729423
0.08083333333333333,-0.113285154,0.14875261
0.08091666666666666,0.04382502,0.10690409
0.081,0.097744524,0.04856106
0.08108333333333333,0.013734661,0.1015335
0.08116666666666666,0.047981642,0.18742433
0.08125,0.14314453,0.10133307
0.08133333333333333,0.067124456,0.161231
0.08141666666666666,-0.07499001,0.15723768
0.0815,0.015196546,0.07429096
0.08158333333333333,0.10324554,0.21399345
0.08166666666666667,-0.017907351,0.1523757
0.08175,-0.044330876,0.0362808
0.08183333333333333,0.083973125,0.14240871
0.08191666666666667,-0.0021551223,0.1597403
0.082,-0.1829197,0.028784178
0.08208333333333333,-0.044504505,0.057340015
0.08216666666666667,0.11521231,0.06062214
0.08225,-0.008801773,0.16169025
0.08233333333333333,-0.13766903,0.07378364
0.08241666666666667,-0.045096528,0.10032954
0.0825,0.15045425,0.086034045
0.08258333333333333,0.0869227,0.020656815
0.08266666666666667,-0.12823987,0.056191675
0.08275,-0.15806793,0.1343175
0.08283333333333333,0.051217835,0.020787565
0.08291666666666667,0.2738315,0.027077252
0.083,0.118184045,0.01627819
0.08308333333333333,-0.09220202,0.24664669
0.08316666666666667,0.07808674,0.28358272
0.08325,0.29482582,0.14626026
0.08333333333333333,0.14214271,0.018029373
0.08341666666666667,-0.08868623,0.15329789
0.0835,-0.0746311,0.003695919
0.08358333333333333,-0.034881815,0.07795387
0.08366666666666667,-0.0049149175,0.05917288
0.08375,0.019853106,0.1512143
0.08383333333333333,-0.054419536,0.096661456
0.08391666666666667,-0.103041254,0.15494858
0.084,-0.027835352,0.15852237
0.08408333333333333,0.087043345,0.101241276
0.08416666666666667,0.035923623,0.05069017
0.08425,-0.14475088,0.18156347
0.08433333333333333,-0.18712966,0.14113295
0.08441666666666667,-4.1234543e-05,0.1027003
0.0845,0.12068601,0.0046988344
0.08458333333333333,-0.04982103,0.105743006
0.08466666666666667,-0.1536343,0.16909891
0.08475,0.006820285,0.029707944
0.08483333333333333,0.077152506,0.094936624
0.08491666666666667,-0.078322485,0.16176507
0.085,-0.15279885,0.17300135
0.08508333333333333,-0.02260701,0.0016958392
0.08516666666666667,0.054747056,0.0240871
0.08525,-0.043046597,0.20507178
0.08533333333333333,-0.07025041,0.13996029
0.08541666666666667,0.0430731,0.17259572
0.0855,-0.011272005,0.038221236
0.08558333333333333,-0.093209565,0.113930136
0.08566666666666667,-0.0060020275,0.16361456
0.08575,0.060959097,0.103518374
0.08583333333333333,0.007999604,0.04622115
0.08591666666666667,-0.09191474,0.18955918
0.086,-0.009383004,0.14503989
0.08608333333333333,0.16488811,0.26941863
0.08616666666666667,0.09111471,0.052899573
0.08625,-0.160028,0.024298772
0.08633333333333333,-0.11448138,0.09773782
0.08641666666666667,0.12097174,0.061122768
0.0865,0.0917197,0.018893443
0.08658333333333333,-0.16970114,0.21787728
0.08666666666666667,-0.1342471,0.11982331
0.08675,0.1517875,0.07215631
0.08683333333333333,0.18148758,0.0043097315
0.08691666666666667,-0.010213713,0.0755341
0.087,-0.09106357,0.07203937
0.08708333333333333,0.035855383,0.1586345
0.08716666666666667,0.090431124,0.11500925
0.08725,0.003776315,0.0013408078
0.08733333333333333,-0.070031986,0.14259902
0.08741666666666667,-0.0006292413,0.043060206
0.0875,0.12347273,0.001975229
0.08758333333333333,0.04696843,0.034963537
0.08766666666666667,-0.12829447,0.104261704
0.08775,-0.01790583,0.009963095
0.08783333333333333,0.20202097,0.11181988
0.08791666666666667,0.02978639,0.17774889
0.088,-0.19489762,0.06282902
0.08808333333333333,-0.013426445,0.030886943
0.08816666666666667,0.17115946,0.045808252
0.08825,0.045789074,0.0763453
0.08833333333333333,-0.049668387,0.0077797696
0.08841666666666667,0.0500051,0.0929372
0.0885,0.038311914,0.08180739
0.08858333333333333,0.0063088397,0.055121496
0.08866666666666667,0.06400365,0.029693171
0.08875,0.03716196,0.01979508
0.08883333333333333,-0.034734637,0.113746114
0.08891666666666667,-0.004074144,0.054519836
0.089,0.117003255,0.056886297
0.08908333333333333,0.11385222,0.077581204
0.08916666666666667,-0.02416917,0.116600886
0.08925,-0.15147443,0.022754945
0.08933333333333333,-0.10221258,0.04591871
0.08941666666666667,0.02443386,0.13703403
0.0895,-0.0057443487,0.015904775
0.08958333333333333,-0.10706562,0.15827414
0.08966666666666667,-0.12357702,0.10029173
0.08975,0.0063224626,0.14128049
0.08983333333333333,0.15843655,0.15308535
0.08991666666666667,0.09168649,0.17452857
0.09,-0.1749608,0.03886722
0.09008333333333333,-0.119559444,0.11114717
0.09016666666666667,0.21079378,0.12661666
0.09025,0.11355618,0.096446715
0.09033333333333333,-0.21778353,0.18002798
0.09041666666666667,-0.029603606,0.07021652
0.0905,0.29707736,0.146001
0.09058333333333334,0.038564704,0.040988225
0.09066666666666667,-0.25737378,0.045827307
0.09075,-0.034569707,0.02540623
0.09083333333333334,0.14019684,0.048839763
0.09091666666666667,-0.13916546,0.0117897
0.091,-0.23001145,0.10751197
0.09108333333333334,0.06308933,0.21541232
0.09116666666666666,0.14389302,0.15434451
0.09125,-0.058603875,0.21897233
0.09133333333333334,-0.093709774,0.12372858
0.09141666666666666,0.06840596,0.028676867
0.0915,0.0116103655,0.04025873
0.09158333333333334,-0.12007235,0.09371933
0.09166666666666666,0.0128354505,0.06493974
0.09175,0.024727758,0.0068616485
0.09183333333333334,-0.06584935,0.018070245
0.09191666666666666,0.048370354,0.15984836
0.092,0.11529131,0.16975549
0.09208333333333334,-0.07806148,0.04149251
0.09216666666666666,-0.1628653,0.115462445
0.09225,0.03430136,0.17308074
0.09233333333333334,0.12047021,0.1868142
0.09241666666666666,-0.075322665,0.026477562
0.0925,-0.19411032,0.042721696
0.09258333333333334,0.09006178,0.15472913
0.09266666666666666,0.17930385,0.20316148
0.09275,-0.12838766,0.0015373292
0.09283333333333334,-0.16643994,0.08397151
0.09291666666666666,0.11058192,0.19793408
0.093,0.1485316,0.18257017
0.09308333333333334,-0.098820634,0.021091115
0.09316666666666666,-0.0850455,0.06400538
0.09325,0.044236656,0.16125041
0.09333333333333334,0.08723406,0.14642134
0.09341666666666666,0.14925888,0.11604931
0.0935,0.000178048,0.03202203
0.09358333333333334,-0.27090818,0.009767851
0.09366666666666666,-0.1670195,0.14448822
0.09375,0.112976365,0.01016301
0.09383333333333334,0.0040219263,0.11805141
0.09391666666666666,-0.24207182,0.2027435
0.094,-0.046412487,0.15979747
0.09408333333333334,0.2617684,0.10742851
0.09416666666666666,0.10408497,0.0545941
0.09425,-0.11092506,0.019963052
0.09433333333333334,0.088481076,0.0015622987
0.09441666666666666,0.1599897,0.100583255
0.0945,-0.07377167,0.101117976
0.09458333333333334,-0.06139696,0.07129991
0.09466666666666666,0.15942705,0.05027333
0.09475,0.106271125,0.13292444
0.09483333333333334,-0.08708991,0.06203505
0.09491666666666666,-0.051033776,0.12867475
0.095,0.14816357,0.12042452
0.09508333333333334,0.0976503,0.18296628
0.09516666666666666,-0.1663254,0.081593975
0.09525,-0.12886184,0.194266
0.09533333333333334,0.17299093,0.20849653
0.09541666666666666,0.19031025,0.11593845
0.0955,-0.10817869,0.06013713
0.09558333333333334,-0.13074386,0.17804836
0.09566666666666666,0.17114992,0.09404978
0.09575,0.20535979,0.12914787
0.09583333333333334,-0.15271856,0.112057
0.09591666666666666,-0.24945448,0.07950676
0.096,0.14624767,0.06395588
0.09608333333333334,0.2738567,0.10452812
0.09616666666666666,-0.034006413,0.009659499
0.09625,-0.12809378,0.013397834
0.09633333333333334,0.03307387,0.02772071
0.09641666666666666,0.0614216,0.04958964
0.0965,-0.026340472,0.090301625
0.09658333333333333,-0.039894536,0.077464424
0.09666666666666666,-0.07042936,0.06319173
0.09675,-0.102466874,0.069022216
0.09683333333333333,0.09258663,0.087421656
0.09691666666666666,0.21889818,0.02438348
0.097,-0.10518622,0.015504973
0.09708333333333333,-0.2669148,0.10227359
0.09716666666666667,0.13877946,0.032873843
0.09725,0.21545,0.11121316
0.09733333333333333,-0.30609477,0.045138784
0.09741666666666667,-0.39151025,0.05327738
0.0975,0.21238244,0.03416621
0.09758333333333333,0.35583955,0.081686236
0.09766666666666667,-0.1926943,0.107681744
0.09775,-0.33429176,0.06299902
0.09783333333333333,0.14811622,0.06538692
0.09791666666666667,0.31751317,0.065759026
0.098,-0.06383521,0.10268899
0.09808333333333333,-0.347487,0.14248767
0.09816666666666667,-0.1590378,0.048583113
0.09825,0.2617499,0.11227919
0.09833333333333333,0.3102391,0.017880302
0.09841666666666667,-0.1218822,0.0057933386
0.0985,-0.30020517,0.13397226
0.09858333333333333,0.1547193,0.095991194
0.09866666666666667,0.47003585,0.0039861007
0.09875,0.019673415,0.03572444
0.09883333333333333,-0.41324288,0.13384014
0.09891666666666667,-0.12666367,0.13983893
0.099,0.2523723,0.06379092
0.09908333333333333,0.11223138,0.0727733
0.09916666666666667,-0.2493351,0.0067340783
0.09925,-0.24136703,0.07192289
0.09933333333333333,0.002475386,0.20950562
0.09941666666666667,0.07558431,0.10236789
0.0995,-0.028291112,0.010789432
0.09958333333333333,-0.11224282,0.13665417
0.09966666666666667,-0.06207004,0.043480244
0.09975,0.07936648,0.026393903
0.09983333333333333,0.1589049,0.09347466
0.09991666666666667,0.08972099,0.032277342
0.1,-0.1566261,0.058347523
0.10008333333333333,-0.20008609,0.22459517
0.10016666666666667,0.057903733,0.095703445
0.10025,0.07718687,0.11615156
0.10033333333333333,-0.07953294,0.10497808
0.10041666666666667,-0.053769384,0.15172115
0.1005,0.16178523,0.16898175
0.10058333333333333,0.17383295,0.16058731
0.10066666666666667,-0.07029651,0.06835872
0.10075,-0.06745535,0.14962803
0.10083333333333333,0.109301955,0.08201367
0.10091666666666667,0.02622143,0.076488994
0.101,-0.18456513,0.14435646
0.10108333333333333,-0.11224253,0.08648638
0.10116666666666667,0.15848994,0.018330937
0.10125,0.16696268,0.22190149
0.10133333333333333,-0.027788179,0.13936499
0.10141666666666667,0.014011506,0.00039987915
0.1015,0.17091352,0.15881087
0.10158333333333333,0.099320896,0.073244855
0.10166666666666667,-0.07770617,0.098525815
0.10175,-0.10641977,0.09730599
0.10183333333333333,-0.0134964995,0.005305755
0.10191666666666667,0.06835114,0.19884402
0.102,0.027795933,0.042121764
0.10208333333333333,-0.07781894,0.15222044
0.10216666666666667,-0.10261907,0.119598396
0.10225,0.010300767,0.027526265
0.10233333333333333,0.12113795,0.15508004
0.10241666666666667,0.007961957,0.09764781
0.1025,-0.11813332,0.020936495
0.10258333333333333,0.060787946,0.14178339
0.10266666666666667,0.28034216,0.1709409
0.10275,0.04526166,0.040918127
0.10283333333333333,-0.24732204,0.09344806
0.10291666666666667,0.011443898,0.23373246
0.103,0.27135754,0.3093817
0.10308333333333333,-0.06188432,0.13768616
0.10316666666666667,-0.3579485,0.2138228
0.10325,0.038053785,0.2120422
0.10333333333333333,0.37465173,0.16337985
0.10341666666666667,-0.0057343743,0.17278606
0.1035,-0.30675736,0.081659526
0.10358333333333333,0.052857377,0.0367034
0.10366666666666667,0.33845353,0.033797674
0.10375,-0.03159521,0.082688645
0.10383333333333333,-0.4384379,0.099553466
0.10391666666666667,-0.20225933,0.05415058
0.104,0.25658154,0.0906551
0.10408333333333333,0.14719473,0.18946648
0.10416666666666667,-0.23252067,0.09454781
0.10425,-0.1704135,0.11319729
0.10433333333333333,0.16568081,0.09420971
0.10441666666666667,0.21644187,0.0025577345
0.1045,-0.112150565,0.06306084
0.10458333333333333,-0.33624303,0.20149103
0.10466666666666667,-0.041106217,0.15124018
0.10475,0.21824026,0.13966408
0.10483333333333333,0.018583916,0.023285782
0.10491666666666667,-0.18820702,0.036563586
0.105,-0.08545879,0.027264073
0.10508333333333333,0.13738117,0.12142301
0.10516666666666667,0.09222141,0.007969824
0.10525,-0.16316588,0.11079378
0.10533333333333333,-0.13292213,0.102998756
0.10541666666666667,0.08852181,0.0077555147
0.1055,0.0887617,0.055024095
0.10558333333333333,0.044746347,0.060419556
0.10566666666666667,0.09133048,0.009693672
0.10575,0.05306836,0.123369634
0.10583333333333333,-0.010840944,0.14332233
0.10591666666666667,-0.007802295,0.06736314
0.106,0.0047403127,0.071101375
0.10608333333333334,-0.09318596,0.17104018
0.10616666666666667,-0.07068483,0.038296867
0.10625,0.16766141,0.041898444
0.10633333333333334,0.15393041,0.1540299
0.10641666666666667,-0.07465444,0.12573023
0.1065,-0.04165656,0.11535681
0.10658333333333334,0.10402576,0.10288944
0.10666666666666667,-0.052179962,0.113533534
0.10675,-0.16627455,0.2757318
0.10683333333333334,-0.011473757,0.13659923
0.10691666666666666,-0.0053932415,0.1592665
0.107,-0.11979123,0.10781703
0.10708333333333334,-0.007259021,0.014188112
0.10716666666666666,0.12497025,0.06512817
0.10725,-0.06484265,0.27162498
0.10733333333333334,-0.1758074,0.18722403
0.10741666666666666,0.028008858,0.10424161
0.1075,0.06401953,0.06605192
0.10758333333333334,-0.097677924,0.16324209
0.10766666666666666,-0.047862273,0.13756932
0.10775,0.078762576,0.06555509
0.10783333333333334,0.07152732,0.07717382
0.10791666666666666,0.06627817,0.088774405
0.108,0.030650819,0.014394763
0.10808333333333334,-0.055157337,0.18981704
0.10816666666666666,-0.020161597,0.0016107038
0.10825,0.13471304,0.20366396
0.10833333333333334,0.12633573,0.16926737
0.10841666666666666,-0.038086306,0.13115169
0.1085,-0.0047075558,0.14366947
0.10858333333333334,0.15458773,0.16013968
0.10866666666666666,0.044297185,0.07591282
0.10875,-0.16102703,0.069082536
0.10883333333333334,-0.054342408,0.12740338
0.10891666666666666,-0.009195288,0.12755594
0.109,-0.14142661,0.114651114
0.10908333333333334,-0.08621767,0.23735292
0.10916666666666666,0.10666327,0.028888328
0.10925,0.11156831,0.2668141
0.10933333333333334,0.023706052,0.29529884
0.10941666666666666,0.09041272,0.09759112
0.1095,0.080910794,0.08151756
0.10958333333333334,-0.057734948,0.13153213
0.10966666666666666,-0.016331716,0.25894248
0.10975,0.08528628,0.22318572
0.10983333333333334,-0.008651631,0.044030465
0.10991666666666666,-0.04262245,0.36661512
0.11,0.21105579,0.13932358
0.11008333333333334,0.17926818,0.10262622
0.11016666666666666,-0.15941344,0.010058701
0.11025,-0.11897335,0.2105771
0.11033333333333334,0.10538384,0.26604217
0.11041666666666666,-0.033609036,0.096652575
0.1105,-0.19380459,0.048531216
0.11058333333333334,0.024900597,0.2975533
0.11066666666666666,0.12978569,0.19171347
0.11075,-0.0471205,0.029074041
0.11083333333333334,-0.10661768,0.09671415
0.11091666666666666,0.024974283,0.19665574
0.111,-0.0111396825,0.008484579
0.11108333333333334,-0.1735646,0.013850867
0.11116666666666666,-0.14053583,0.010974089
0.11125,0.05507566,0.16528302
0.11133333333333334,0.06436303,0.084369846
0.11141666666666666,-0.036082912,0.050103534
0.1115,0.05753692,0.011060331
0.11158333333333334,0.01925568,0.12009003
0.11166666666666666,-0.06842957,0.062987134
0.11175,0.026686907,0.0016631742
0.11183333333333334,0.028489243,0.06599
0.11191666666666666,-0.15209985,0.16122064
0.112,-0.026427228,0.261176
0.11208333333333333,0.24591365,0.0749253
0.11216666666666666,0.03631341,0.10380003
0.11225,-0.20855252,0.1668683
0.11233333333333333,-0.03487065,0.17421533
0.11241666666666666,0.11265444,0.17002387
0.1125,-0.09688225,0.15093698
0.11258333333333333,-0.2936548,0.19542927
0.11266666666666666,-0.042951655,0.069788694
0.11275,0.15067577,0.16187644
0.11283333333333333,-0.077008225,0.18005697
0.11291666666666667,-0.14315438,0.063074954
0.113,0.07399658,0.1742842
0.11308333333333333,0.09890169,0.008995042
0.11316666666666667,-0.068824805,0.009150372
0.11325,-0.12723139,0.35900643
0.11333333333333333,0.081628665,0.0333853
0.11341666666666667,0.20401202,0.08573586
0.1135,-0.004502569,0.20458068
0.11358333333333333,-0.09738898,0.045282427
0.11366666666666667,0.09439043,0.04034819
0.11375,0.22513722,0.104293205
0.11383333333333333,0.058005422,0.07755828
0.11391666666666667,-0.20028166,0.08997533
0.114,-0.14978041,0.0967951
0.11408333333333333,0.13763352,0.22377507
0.11416666666666667,0.1511076,0.04441181
0.11425,-0.17128342,0.085250705
0.11433333333333333,-0.19743668,0.23391832
0.11441666666666667,0.17990492,0.17097706
0.1145,0.31421193,0.14100088
0.11458333333333333,-0.09553806,0.022049064
0.11466666666666667,-0.3176644,0.035230722
0.11475,0.046424814,0.361519
0.11483333333333333,0.23999928,0.028654218
0.11491666666666667,0.027102783,0.17605649
0.115,-0.07582106,0.056569878
0.11508333333333333,0.02759313,0.13925348
0.11516666666666667,0.109130934,0.091831945
0.11525,0.06963098,0.22796786
0.11533333333333333,-0.020924281,0.036582727
0.11541666666666667,-0.075639814,0.1161306
0.1155,-0.069172494,0.287285
0.11558333333333333,-0.0053477194,0.13370055
0.11566666666666667,0.071972944,0.04851298
0.11575,0.11150113,0.022585638
0.11583333333333333,0.03477176,0.121255875
0.11591666666666667,-0.06414163,0.069814265
0.116,-0.0002999131,0.15836772
0.11608333333333333,0.21564564,0.07988471
0.11616666666666667,0.2007318,0.10756494
0.11625,-0.1617226,0.2816053
0.11633333333333333,-0.17780127,0.10458495
0.11641666666666667,0.306244,0.16398442
0.1165,0.3969415,0.13000612
0.11658333333333333,-0.1997707,0.1289574
0.11666666666666667,-0.40062633,0.2625454
0.11675,0.17568459,0.22533455
0.11683333333333333,0.27558076,0.06669125
0.11691666666666667,-0.31427884,0.32667208
0.117,-0.4128242,0.08042443
0.11708333333333333,0.12023946,0.17548677
0.11716666666666667,0.24699698,0.108270444
0.11725,-0.19508247,0.0992895
0.11733333333333333,-0.29366726,0.09338817
0.11741666666666667,0.03734861,0.1124363
0.1175,0.104970306,0.030404933
0.11758333333333333,-0.09274292,0.13489796
0.11766666666666667,-0.12570396,0.17509912
0.11775,-0.0077948947,0.1114592
0.11783333333333333,0.051611304,0.12978037
0.11791666666666667,0.12597397,0.08658419
0.118,0.07438261,0.1393232
0.11808333333333333,-0.12105976,0.2043742
0.11816666666666667,-0.090973005,0.024411665
0.11825,0.06662715,0.06882425
0.11833333333333333,-0.033533514,0.22102463
0.11841666666666667,-0.20515978,0.021197692
0.1185,-0.12179976,0.15456189
0.11858333333333333,0.0010591975,0.23830068
0.11866666666666667,-0.089874074,0.024900706
0.11875,-0.05840298,0.22547005
0.11883333333333333,0.12298895,0.09537875
0.11891666666666667,0.047388114,0.030957334
0.119,-0.15823977,0.136714
0.11908333333333333,0.026944524,0.107934475
0.11916666666666667,0.33809477,0.079257704
0.11925,0.0875056,0.23049217
0.11933333333333333,-0.27189204,0.27079573
0.11941666666666667,-0.011340573,0.14456707
0.1195,0.3554613,0.124269314
0.11958333333333333,0.14395072,0.27886558
0.11966666666666667,-0.28542808,0.25177306
0.11975,-0.22151755,0.06545633
0.11983333333333333,0.15233067,0.15873212
0.11991666666666667,0.18315648,0.2112205
0.12,-0.09269504,0.02595375
0.12008333333333333,-0.25911012,0.24504659
0.12016666666666667,-0.0037025611,0.07701908
0.12025,0.34055963,0.028846767
0.12033333333333333,0.14273193,0.08510069
0.12041666666666667,-0.34482646,0.15321614
0.1205,-0.24721985,0.18533702
0.12058333333333333,0.30465713,0.029868025
0.12066666666666667,0.26117113,0.017756475
0.12075,-0.22148764,0.14322807
0.12083333333333333,-0.17456475,0.15945983
0.12091666666666667,0.27623412,0.106992505
0.121,0.23043469,0.08636917
0.12108333333333333,-0.20986995,0.02474635
0.12116666666666667,-0.13865016,0.051343266
0.12125,0.2082973,0.20626712
0.12133333333333333,0.13715173,0.0759706
0.12141666666666667,-0.17569089,0.15698595
0.1215,-0.15985319,0.003782992
0.12158333333333333,0.1939878,0.099863686
0.12166666666666667,0.20307651,0.01710587
0.12175,-0.1682686,0.034579944
0.12183333333333334,-0.14443673,0.14601019
0.12191666666666667,0.25839606,0.0077444157
0.122,0.23902531,0.11586859
0.12208333333333334,-0.23764123,0.01616969
0.12216666666666667,-0.22799121,0.19615369
0.12225,0.2864695,0.079635985
0.12233333333333334,0.32178918,0.05417118
0.12241666666666666,-0.25468135,0.12802032
0.1225,-0.34415662,0.06653073
0.12258333333333334,0.2372335,0.015812201
0.12266666666666666,0.2482807,0.13203993
0.12275,-0.32209745,0.22596923
0.12283333333333334,-0.36684245,0.09325887
0.12291666666666666,0.19040221,0.08206408
0.123,0.32126823,0.098528415
0.12308333333333334,-0.14221081,0.222803
0.12316666666666666,-0.30140686,0.046197876
0.12325,0.08105523,0.00559672
0.12333333333333334,0.31564212,0.12701161
0.12341666666666666,-0.011623402,0.030289423
0.1235,-0.33994052,0.23587672
0.12358333333333334,-0.09597641,0.25770333
0.12366666666666666,0.3233349,0.24952593
0.12375,0.14946865,0.17774011
0.12383333333333334,-0.33145887,0.23944557
0.12391666666666666,-0.24372555,0.16985855
0.124,0.2976431,0.18151277
0.12408333333333334,0.29194468,0.25291994
0.12416666666666666,-0.28693908,0.08720146
0.12425,-0.2989954,0.09134254
0.12433333333333334,0.29523876,0.06903959
0.12441666666666666,0.2939857,0.011002772
0.1245,-0.2702968,0.005677657
0.12458333333333334,-0.22031228,0.04152309
0.12466666666666666,0.2674141,0.06331245
0.12475,0.15042907,0.08878407
0.12483333333333334,-0.28296357,0.21082954
0.12491666666666666,-0.13205816,0.31269005
0.125,0.21246319,0.23566982
0.12508333333333332,0.056749593,0.056593698
0.12516666666666668,-0.21473321,0.28095052
0.12525,-0.08582832,0.1043191
0.12533333333333332,0.20289028,0.0050438014
0.12541666666666668,0.044553522,0.014324875
0.1255,-0.2493364,0.05415012
0.12558333333333332,-0.09043076,0.054766454
0.12566666666666668,0.14896864,0.10869147
0.12575,0.029461712,0.03849751
0.12583333333333332,-0.18560658,0.15831648
0.12591666666666668,-0.14122796,0.18089618
0.126,0.06797052,0.06142144
0.12608333333333333,0.12309914,0.108422875
0.12616666666666668,-0.07044664,0.38741827
0.12625,-0.15803744,0.050769243
0.12633333333333333,0.027817775,0.1395892
0.12641666666666668,0.18604158,0.18186428
0.1265,0.082594074,0.13722907
0.12658333333333333,-0.066258855,0.35423362
0.12666666666666668,-0.00056298944,0.25534862
0.12675,0.032408986,0.008028825
0.12683333333333333,-0.06293287,0.028040048
0.12691666666666668,-0.06371786,0.25595796
0.127,0.038820885,0.32043305
0.12708333333333333,0.032579128,0.037261255
0.12716666666666668,-0.11061773,0.20170696
0.12725,-0.07867922,0.31210643
0.12733333333333333,0.21018206,0.0890426
0.12741666666666668,0.25083232,0.24806128
0.1275,-0.08719898,0.0091690635
0.12758333333333333,-0.14335595,0.09216716
0.12766666666666668,0.21351102,0.09686437
0.12775,0.25339252,0.00047901794
0.12783333333333333,-0.080653615,0.09739593
0.12791666666666668,-0.21977204,0.0007689909
0.128,0.076665804,0.15558892
0.12808333333333333,0.29633474,0.04732355
0.12816666666666668,-0.031058427,0.14632705
0.12825,-0.29819494,0.1952848
0.12833333333333333,-0.019304207,0.18787782
0.12841666666666668,0.2203388,0.0851927
0.1285,0.0026821406,0.011995063
0.12858333333333333,-0.19282,0.09793827
0.12866666666666668,-0.073242255,0.0020197374
0.12875,0.11090782,0.020312583
0.12883333333333333,0.17540601,0.06332937
0.12891666666666668,-0.015086141,0.0041392175
0.129,-0.19516006,0.13255632
0.12908333333333333,-0.018061975,0.036598247
0.12916666666666668,0.24563192,0.01312138
0.12925,0.07792001,0.19684671
0.12933333333333333,-0.25820994,0.078736074
0.12941666666666668,-0.09441681,0.09597675
0.1295,0.22935505,0.10257446
0.12958333333333333,0.119809166,0.013379858
0.12966666666666668,-0.30447078,0.008463115
0.12975,-0.34957495,0.11100495
0.12983333333333333,0.14182937,0.013476927
0.12991666666666668,0.25701728,0.23136032
0.13,-0.18233722,0.13722228
0.13008333333333333,-0.2964166,0.083801374
0.13016666666666668,0.107330464,0.04994329
0.13025,0.3072235,0.19423194
0.13033333333333333,-0.009981409,0.18533221
0.13041666666666665,-0.30339703,0.02123177
0.1305,-0.043190237,0.077733845
0.13058333333333333,0.2981007,0.27912432
0.13066666666666665,0.10957852,0.08927875
0.13075,-0.18906428,0.053862005
0.13083333333333333,-0.109432675,0.22070557
0.13091666666666665,0.1763833,0.01730702
0.131,0.20731422,0.24106151
0.13108333333333333,-0.111300685,0.29148853
0.13116666666666665,-0.23391697,0.25728962
0.13125,-0.022496587,0.0014574666
0.13133333333333333,0.11486456,0.2079764
0.13141666666666665,0.0073042875,0.250655
0.1315,-0.09430024,0.12732857
0.13158333333333333,-0.023521239,0.21460725
0.13166666666666665,0.13997027,0.0980523
0.13175,0.10358204,0.038859855
0.13183333333333333,-0.109932356,0.07480548
0.13191666666666665,-0.020055706,0.36011323
0.132,0.19414768,0.30099803
0.13208333333333333,0.024197182,0.026218295
0.13216666666666665,-0.21096823,0.10446871
0.13225,0.031005168,0.39824474
0.13233333333333333,0.30542082,0.1406197
0.13241666666666665,-0.05416393,0.372249
0.1325,-0.40604824,0.19794519
0.13258333333333333,-0.03577426,0.02942
0.13266666666666665,0.3103602,0.01987675
0.13275,-0.049986202,0.18679707
0.13283333333333333,-0.3588169,0.30405727
0.13291666666666666,-0.018657064,0.09001747
0.133,0.2964253,0.18121734
0.13308333333333333,0.09444466,0.0005040099
0.13316666666666666,-0.16586022,0.083928965
0.13325,-0.15369938,0.11903035
0.13333333333333333,0.029294075,0.121544585
0.13341666666666666,0.16345039,0.22635089
0.1335,0.016971318,0.06261752
0.13358333333333333,-0.2937737,0.07453706
0.13366666666666666,-0.18424623,0.08257268
0.13375,0.31940264,0.34192652
0.13383333333333333,0.3049284,0.3581278
0.13391666666666666,-0.24345633,0.22877288
0.134,-0.2751392,0.24042174
0.13408333333333333,0.22172089,0.20222276
0.13416666666666666,0.22958776,0.04044419
0.13425,-0.24692562,0.34636796
0.13433333333333333,-0.29322362,0.34557846
0.13441666666666666,0.08004291,0.08820221
0.1345,0.20658961,0.18588556
0.13458333333333333,0.034604825,0.24448349
0.13466666666666666,-0.03987283,0.12179265
0.13475,0.005861686,0.11485542
0.13483333333333333,0.022029564,0.20823307
0.13491666666666666,0.0999709,0.082037844
0.135,0.11669712,0.00466145
0.13508333333333333,-0.06330908,0.03985842
0.13516666666666666,-0.095479235,0.11328149
0.13525,0.13151151,0.18670979
0.13533333333333333,0.17777646,0.16638468
0.13541666666666666,-0.086541384,0.13600646
0.1355,-0.2337878,0.29219317
0.13558333333333333,-0.007043709,0.01049998
0.13566666666666666,0.14557311,0.10284315
0.13575,0.05702588,0.32735538
0.13583333333333333,-0.0040011182,0.22439185
0.13591666666666666,-0.011549783,0.4351325
0.136,0.04014279,0.21185969
0.13608333333333333,0.12529716,0.2548083
0.13616666666666666,0.10571197,0.21710677
0.13625,-0.11678865,0.2719892
0.13633333333333333,-0.2225624,0.2404504
0.13641666666666666,-0.015140658,0.12455774
0.1365,0.12705608,0.083068945
0.13658333333333333,0.00025963373,0.5231782
0.13666666666666666,-0.11444114,0.2749504
0.13675,0.019956546,0.13678776
0.13683333333333333,0.1715047,0.36863008
0.13691666666666666,0.06527879,0.21819372
0.137,-0.12438605,0.2123356
0.13708333333333333,-0.0953205,0.06563465
0.13716666666666666,0.069838785,0.079856075
0.13725,0.053524572,0.010475059
0.13733333333333334,-0.048210524,0.04017389
0.13741666666666666,0.036941383,0.3053854
0.1375,0.1383135,0.04444417
0.13758333333333334,-0.031014238,0.0074779647
0.13766666666666666,-0.18646894,0.08331852
0.13775,-0.0147450045,0.057229914
0.13783333333333334,0.06650557,0.2594013
0.13791666666666666,-0.14495504,0.08862462
0.138,-0.22072133,0.29417214
0.13808333333333334,-0.00049227284,0.047590937
0.13816666666666666,0.07929502,0.055543453
0.13825,-0.098055795,0.20870844
0.13833333333333334,-0.11138262,0.1071031
0.13841666666666666,0.027742757,0.055830903
0.1385,0.031035433,0.07201035
0.13858333333333334,-0.051370725,0.15523669
0.13866666666666666,-0.026855145,0.08536265
0.13875,0.110471115,0.0076480107
0.13883333333333334,0.12326723,0.035490636
0.13891666666666666,0.039952565,0.07137902
0.139,0.0053114505,0.13902675
0.13908333333333334,0.008447839,0.12881869
0.13916666666666666,0.02219279,0.11664159
0.13925,0.014870895,0.08399858
0.13933333333333334,-0.12692307,0.058815148
0.13941666666666666,-0.17711705,0.085946016
0.1395,0.104329936,0.015226235
0.13958333333333334,0.21976192,0.07969634
0.13966666666666666,-0.042580124,0.23073669
0.13975,-0.13936198,0.12996978
0.13983333333333334,0.08420164,0.047021177
0.13991666666666666,0.14565592,0.021632692
0.14,-0.10914604,0.009279773
0.14008333333333334,-0.19363198,0.3616096
0.14016666666666666,0.037860613,0.24684286
0.14025,0.18747923,0.23950152
0.14033333333333334,0.045572694,0.24224442
0.14041666666666666,-0.045451134,0.0778758
0.1405,0.034980807,0.07314471
0.14058333333333334,0.08067673,0.23717372
0.14066666666666666,-0.04856902,0.14405122
0.14075,-0.16843477,0.15475543
0.14083333333333334,-0.08033646,0.31784025
0.14091666666666666,0.006226508,0.31258714
0.141,-0.05488412,0.2814565
0.14108333333333334,-0.06557108,0.0042240326
0.14116666666666666,0.0504253,0.29151028
0.14125,0.06703065,0.29792488
0.14133333333333334,-0.06216243,0.06546791
0.14141666666666666,-0.03965488,0.132187
0.1415,0.10834231,0.14581215
0.14158333333333334,0.094024666,0.16553414
0.14166666666666666,0.017479064,0.213254
0.14175,0.073014714,0.17210707
0.14183333333333334,0.09223319,0.23387706
0.14191666666666666,0.07519526,0.029025408
0.142,0.06557546,0.098550536
0.14208333333333334,-0.056903128,0.024934432
0.14216666666666666,-0.13212892,0.006392831
0.14225,0.011223708,0.20136818
0.14233333333333334,0.083916076,0.3983323
0.14241666666666666,-0.057904832,0.39440942
0.1425,-0.010197047,0.14608356
0.14258333333333334,0.17290935,0.40891877
0.14266666666666666,0.08149899,0.20290427
0.14275,-0.13203648,0.09299349
0.14283333333333334,-0.07503122,0.038390186
0.14291666666666666,0.02910928,0.30154634
0.143,-0.06606916,0.2873841
0.14308333333333334,-0.1006381,0.22662394
0.14316666666666666,0.012406185,0.28868842
0.14325,0.12166877,0.3073835
0.14333333333333334,0.067871235,0.25609726
0.14341666666666666,-0.044529937,0.3562797
0.1435,-0.05664314,0.004821952
0.14358333333333334,-0.018779593,0.38886026
0.14366666666666666,-0.049429134,0.27863052
0.14375,-0.13893612,0.13279429
0.14383333333333334,-0.13174643,0.0037032156
0.14391666666666666,0.036529005,0.40026543
0.144,0.0973004,0.33666056
0.14408333333333334,-0.072768755,0.16884716
0.14416666666666667,-0.15075086,0.11910894
0.14425,0.036944497,0.46125796
0.14433333333333334,0.11955024,0.3963493
0.14441666666666667,-0.036628176,0.124663234
0.1445,-0.12092273,0.017854016
0.14458333333333334,0.0044627427,0.43432632
0.14466666666666667,0.1351403,0.49432245
0.14475,0.18455578,0.42683804
0.14483333333333334,0.07673103,0.2566844
0.14491666666666667,-0.126168,0.16158496
0.145,-0.025710067,0.21247149
0.14508333333333334,0.15541223,0.122885875
0.14516666666666667,-0.04440918,0.12871628
0.14525,-0.22397013,0.18667488
0.14533333333333334,0.054361697,0.19296007
0.14541666666666667,0.27471665,0.2356287
0.1455,-4.0527837e-05,0.0928331
0.14558333333333334,-0.2187651,0.05285728
0.14566666666666667,-0.0055545284,0.07003912
0.14575,0.12884757,0.0014502229
0.14583333333333334,-0.09793722,0.18974969
0.14591666666666667,-0.17045423,0.018205276
0.146,-0.027690979,0.13640952
0.14608333333333334,-0.019571133,0.05848534
0.14616666666666667,0.0073024062,0.12528756
0.14625,0.09365921,0.14428717
0.14633333333333334,-0.06128991,0.11446971
0.14641666666666667,-0.16731723,0.13774404
0.1465,0.065140426,0.15586786
0.14658333333333334,0.15970388,0.21543509
0.14666666666666667,-0.024139462,0.03213407
0.14675,-0.026603617,0.011065503
0.14683333333333334,0.1672607,0.13181172
0.14691666666666667,0.20484842,0.039630055
0.147,0.09568755,0.1403566
0.14708333333333334,0.006903839,0.1412364
0.14716666666666667,-0.056415673,0.028504979
0.14725,-0.11345597,0.029288927
0.14733333333333334,-0.08830438,0.05315611
0.14741666666666667,-0.029274488,0.33552447
0.1475,-0.075123884,0.05662255
0.14758333333333334,-0.02645179,0.008018232
0.14766666666666667,0.10454454,0.1360991
0.14775,0.053366132,0.051094897
0.14783333333333334,-0.037429586,0.2135565
0.14791666666666667,-0.022561308,0.019108832
0.148,-0.049202535,0.109084964
0.14808333333333334,-0.08351173,0.058286306
0.14816666666666667,0.04405773,0.13875376
0.14825,0.094748914,0.2123899
0.14833333333333334,-0.058164768,0.18144462
0.14841666666666667,-0.04287227,0.020303609
0.1485,0.20254749,0.109240845
0.14858333333333335,0.16248292,0.12777531
0.14866666666666667,-0.11950144,0.0734224
0.14875,-0.09885393,0.07020694
0.14883333333333335,0.13956602,0.35007498
0.14891666666666667,0.063125074,0.023924375
0.149,-0.09778649,0.19410853
0.14908333333333335,0.02151027,0.026142383
0.14916666666666667,0.06940699,0.02686953
0.14925,-0.10659947,0.111389846
0.14933333333333335,-0.11965701,0.12164275
0.14941666666666667,-0.002450246,0.26510686
0.1495,-0.037823517,0.07950637
0.14958333333333335,0.007941332,0.007405236
0.14966666666666667,0.15478115,0.13972615
0.14975,0.12755904,0.18341069
0.14983333333333335,0.02375618,0.28394008
0.14991666666666667,0.022051902,0.032138303
0.15,0.06395214,0.080317646
0.15008333333333335,-0.1043718,0.24891686
0.15016666666666667,-0.18913312,0.058464255
0.15025,-0.004037093,0.19743349
0.15033333333333335,0.031991266,0.06669904
0.15041666666666667,-0.071622975,0.13530992
0.1505,-0.051927898,0.1130166
0.15058333333333335,0.044097934,0.16739321
0.15066666666666667,0.039624214,0.11546956
0.15075,0.024029454,0.14901973
0.15083333333333335,0.03676467,0.046570417
0.15091666666666667,-0.078967035,0.19961132
0.151,-0.12283738,0.19840334
0.15108333333333332,0.077861615,0.026575407
0.15116666666666667,0.20661087,0.028799959
0.15125,-0.047309104,0.24455395
0.15133333333333332,-0.2282284,0.22136202
0.15141666666666667,0.019847883,0.17202727
0.1515,0.15888427,0.3630267
0.15158333333333332,-0.11313188,0.30354726
0.15166666666666667,-0.26513875,0.13306627
0.15175,-0.050857745,0.0734603
0.15183333333333332,0.03914335,0.047052547
0.15191666666666667,-0.12300929,0.028962433
0.152,-0.09066725,0.21957818
0.15208333333333332,0.050660513,0.03420671
0.15216666666666667,-0.07381343,0.0699717
0.15225,-0.12977624,0.069197826
0.15233333333333332,0.123443626,0.21430585
0.15241666666666667,0.20795569,0.1959417
0.1525,-0.053661652,0.14377162
0.15258333333333332,-0.06667885,0.27449018
0.15266666666666667,0.28938285,0.23674749
0.15275,0.32551283,0.04836623
0.15283333333333332,-0.10520574,0.02572185
0.15291666666666667,-0.22600256,0.32931665
0.153,0.19878317,0.19252296
0.15308333333333332,0.30311772,0.04151018
0.15316666666666667,-0.1189504,0.057702336
0.15325,-0.274068,0.2741082
0.15333333333333332,0.07988499,0.36945802
0.15341666666666667,0.27046153,0.26076928
0.1535,-0.08123083,0.27727726
0.15358333333333332,-0.26827368,0.32380766
0.15366666666666667,0.035504,0.053434372
0.15375,0.1671549,0.16722758
0.15383333333333332,-0.09192296,0.13966177
0.15391666666666667,-0.2108644,0.07356796
0.154,0.10470337,0.05899681
0.15408333333333332,0.2746498,0.18278389
0.15416666666666667,0.054788448,0.10678521
0.15425,-0.1313893,0.11161263
0.15433333333333332,-0.027014079,0.09152283
0.15441666666666667,0.15460625,0.15204403
0.1545,0.05225262,0.06689852
0.15458333333333332,-0.14800218,0.022738846
0.15466666666666667,-0.11907525,0.14655668
0.15475,0.14151227,0.22900978
0.15483333333333332,0.16755915,0.36390454
0.15491666666666667,-0.14249267,0.06240712
0.155,-0.19514479,0.047964104
0.15508333333333332,0.15714891,0.38069808
0.15516666666666667,0.2124159,0.26678696
0.15525,-0.13120483,0.28957537
0.15533333333333332,-0.18235058,0.21228331
0.15541666666666668,0.030697586,0.24685957
0.1555,0.022866413,0.10103658
0.15558333333333332,-0.065531835,0.19702338
0.15566666666666668,0.02036879,0.23672783
0.15575,-0.0036921988,0.071501926
0.15583333333333332,-0.19062276,0.3331712
0.15591666666666668,-0.19257502,0.22777273
0.156,0.035574496,0.045688506
0.15608333333333332,0.10965577,0.22422878
0.15616666666666668,-0.07886496,0.122986585
0.15625,-0.13473447,0.022771338
0.15633333333333332,0.08054264,0.107324064
0.15641666666666668,0.275611,0.058547672
0.1565,0.05543783,0.12342522
0.15658333333333332,-0.24852912,0.043746732
0.15666666666666668,-0.09883878,0.12727089
0.15675,0.2575631,0.088243775
0.15683333333333332,0.19291666,0.050514933
0.15691666666666668,-0.20637749,0.08546996
0.157,-0.20074996,0.074214734
0.15708333333333332,0.13271424,0.10679177
0.15716666666666668,0.10868081,0.014946338
0.15725,-0.15390779,0.282545
0.15733333333333333,-0.16718838,0.042171765
0.15741666666666668,0.061866596,0.10848704
0.1575,0.05355278,0.23924728
0.15758333333333333,-0.10621514,0.10103667
0.15766666666666668,-0.06433629,0.32128987
0.15775,0.15542589,0.29368114
0.15783333333333333,0.18239938,0.20154837
0.15791666666666668,-0.11239939,0.099798895
0.158,-0.09834944,0.0056605632
0.15808333333333333,0.20269322,0.29177365
0.15816666666666668,0.17127982,0.1417834
0.15825,-0.16446412,0.23369052
0.15833333333333333,-0.12179439,0.04515648
0.15841666666666668,0.24972433,0.03500447
0.1585,0.17440008,0.10762101
0.15858333333333333,-0.22110517,0.28609988
0.15866666666666668,-0.18987241,0.2406536
0.15875,0.1371554,0.15004902
0.15883333333333333,0.062071968,0.3310128
0.15891666666666668,-0.21147552,0.26232925
0.159,-0.12194899,0.04197084
0.15908333333333333,0.08446041,0.06376269
0.15916666666666668,0.04297344,0.09640632
0.15925,-0.08103172,0.025714075
0.15933333333333333,-0.0032718226,0.07782745
0.15941666666666668,0.13047868,0.0021925885
0.1595,0.15360276,0.062066484
0.15958333333333333,0.07105719,0.006526443
0.15966666666666668,-0.029331265,0.22285497
0.15975,0.06973398,0.011339788
0.15983333333333333,0.20127903,0.21585593
0.15991666666666668,0.07861528,0.18085685
0.16,-0.09867229,0.09584108
0.16008333333333333,-0.06606439,0.016140409
0.16016666666666668,0.073964424,0.11716536
0.16025,-0.025233839,0.11771411
0.16033333333333333,-0.20789641,0.008728518
0.16041666666666668,-0.06478444,0.14489888
0.1605,0.15156403,0.03651781
0.16058333333333333,0.016984912,0.29261097
0.16066666666666668,-0.17281096,0.22813058
0.16075,-0.052561153,0.06990315
0.16083333333333333,0.12147005,0.11361733
0.16091666666666668,0.07393266,0.1720568
0.161,-0.0778368,0.03338726
0.16108333333333333,-0.09913699,0.1328117
0.16116666666666668,0.0514195,0.15359062
0.16125,0.13219936,0.051523846
0.16133333333333333,0.042989448,0.031016989
0.16141666666666668,-0.15522118,0.08088285
0.1615,-0.07315175,0.004122033
0.16158333333333333,0.21152216,0.14470959
0.16166666666666665,0.043052156,0.10591122
0.16175,-0.30855802,0.045472853
0.16183333333333333,-0.1197248,0.079614334
0.16191666666666665,0.25557235,0.06022831
0.162,0.014797995,0.036211397
0.16208333333333333,-0.37719128,0.116409265
0.16216666666666665,-0.10251804,0.04130243
0.16225,0.25069937,0.017854523
0.16233333333333333,-0.050761774,0.20936687
0.16241666666666665,-0.360443,0.025394408
0.1625,0.039805926,0.14681156
0.16258333333333333,0.39274207,0.111036375
0.16266666666666665,0.06581192,0.05149976
0.16275,-0.24333785,0.0042752298
0.16283333333333333,0.06470819,0.10879676
0.16291666666666665,0.34674984,0.012854397
0.163,0.039344046,0.03972081
0.16308333333333333,-0.2940646,0.018627344
0.16316666666666665,-0.11445791,0.083402626
0.16325,0.19355424,0.02932143
0.16333333333333333,0.06677338,0.042779125
0.16341666666666665,-0.2617275,0.021273874
0.1635,-0.14228833,0.03035698
0.16358333333333333,0.22691663,0.06120117
0.16366666666666665,0.21821697,0.011958894
0.16375,-0.12322519,0.06326725
0.16383333333333333,-0.18571512,0.07539128
0.16391666666666665,0.12891316,0.061172254
0.164,0.23443358,0.13095112
0.16408333333333333,-0.056622278,0.018787734
0.16416666666666666,-0.22668855,0.122969374
0.16425,0.0034379773,0.14315067
0.16433333333333333,0.25264782,0.15500504
0.16441666666666666,-0.015000929,0.012468226
0.1645,-0.36410344,0.015540281
0.16458333333333333,-0.099587224,0.20722125
0.16466666666666666,0.28633162,0.050046377
0.16475,0.0807602,0.010495776
0.16483333333333333,-0.22091468,0.12147206
0.16491666666666666,-0.06295168,0.038765553
0.165,0.21990073,0.13574407
0.16508333333333333,0.14632885,0.071966864
0.16516666666666666,-0.09658419,0.06985812
0.16525,-0.0731889,0.08042856
0.16533333333333333,0.079449646,0.033189267
0.16541666666666666,0.06276654,0.11331983
0.1655,0.009220124,0.08626661
0.16558333333333333,-0.00039055914,0.09694746
0.16566666666666666,0.019176716,0.17662354
0.16575,0.11214444,0.22948943
0.16583333333333333,0.11790142,0.20783113
0.16591666666666666,-0.11432616,0.037571166
0.166,-0.13268246,0.07509997
0.16608333333333333,0.13209942,0.06638735
0.16616666666666666,0.1818875,0.2355516
0.16625,-0.09751966,0.055887893
0.16633333333333333,-0.14941233,0.019357622
0.16641666666666666,0.1689946,0.0057467017
0.1665,0.13561769,0.006308489
0.16658333333333333,-0.21808037,0.15730113
0.16666666666666666,-0.123154774,0.11404039
0.16675,0.14340948,0.01862945
0.16683333333333333,0.00061483454,0.124803625
0.16691666666666666,-0.11196799,0.041184332
0.167,0.10136127,0.20352432
0.16708333333333333,0.11558779,0.1683064
0.16716666666666666,-0.12950356,0.17549269
0.16725,-0.12902324,0.204008
0.16733333333333333,0.10279698,0.037983585
0.16741666666666666,0.03252166,0.14733648
0.1675,-0.23033823,0.08765644
0.16758333333333333,-0.14572018,0.19187039
0.16766666666666666,0.14562084,0.08270661
0.16775,0.21144071,0.0402277
0.16783333333333333,-0.053035606,0.007237499
0.16791666666666666,-0.12492518,0.1728352
0.168,0.08863594,0.16858299
0.16808333333333333,0.13602172,0.025661862
0.16816666666666666,-0.057281736,0.101955704
0.16825,-0.14962722,0.13068768
0.16833333333333333,0.054132342,0.010884337
0.16841666666666666,0.15280554,0.1467799
0.1685,-0.07635994,0.1623026
0.16858333333333334,-0.22499305,0.066446856
0.16866666666666666,-0.026073221,0.083330475
0.16875,0.054339174,0.052002292
0.16883333333333334,-0.13047582,0.049181424
0.16891666666666666,-0.11934294,0.045660608
0.169,0.13400239,0.11431978
0.16908333333333334,0.20307714,0.09483941
0.16916666666666666,-0.012467976,0.16895276
0.16925,-0.068737015,0.08339342
0.16933333333333334,0.08434893,0.024191163
0.16941666666666666,0.1361001,0.11947715
0.1695,-0.032612566,0.087690584
0.16958333333333334,-0.21320404,0.18911916
0.16966666666666666,-0.13840365,0.11280044
0.16975,0.123973556,0.01934546
0.16983333333333334,0.19993119,0.069463685
0.16991666666666666,-0.119989105,0.24326131
0.17,-0.2434815,0.18083212
0.17008333333333334,0.10279381,0.013644934
0.17016666666666666,0.22619513,0.13476332
0.17025,-0.1461327,0.18132307
0.17033333333333334,-0.3518005,0.040532332
0.17041666666666666,-0.033401474,0.05106301
0.1705,0.17135775,0.095628925
0.17058333333333334,-0.10010376,0.09645854
0.17066666666666666,-0.2158226,0.030332725
0.17075,0.07548213,0.014269091
0.17083333333333334,0.26484033,0.031053606
0.17091666666666666,0.06625089,0.011515531
0.171,-0.055544753,0.07396362
0.17108333333333334,0.11531704,0.014960677
0.17116666666666666,0.13887964,0.16084889
0.17125,-0.0106706945,0.030770399
0.17133333333333334,-0.030048076,0.03422037
0.17141666666666666,0.021347558,0.021111008
0.1715,-0.022441506,0.008230983
0.17158333333333334,-0.035101395,0.010589263
0.17166666666666666,0.0010920363,0.036930785
0.17175,-0.10255155,0.006444062
0.17183333333333334,-0.13051187,0.011549587
0.17191666666666666,0.07385536,0.07723609
0.172,0.13899025,0.000754451
0.17208333333333334,-0.04599288,0.03384298
0.17216666666666666,-0.011458265,0.014456789
0.17225,0.24741212,0.017704142
0.17233333333333334,0.11619422,0.034288816
0.17241666666666666,-0.20038982,0.035005603
0.1725,-0.10767923,0.031516552
0.17258333333333334,0.17776696,0.059929904
0.17266666666666666,0.06936224,0.0047782897
0.17275,-0.22984913,0.03535358
0.17283333333333334,-0.021564845,0.01737583
0.17291666666666666,0.31726214,0.038770173
0.173,0.09683546,0.028939992
0.17308333333333334,-0.22070143,0.0017423594
0.17316666666666666,-0.075768866,0.021507746
0.17325,0.1865916,0.004536373
0.17333333333333334,-0.010207228,0.024552314
0.17341666666666666,-0.23652491,0.008592441
0.1735,-0.01799177,0.053479154
0.17358333333333334,0.18203858,0.024428746
0.17366666666666666,0.117415264,0.016824845
0.17375,0.07321561,0.023545478
0.17383333333333334,-0.03268422,0.09071902
0.17391666666666666,-0.15831523,0.034134485
0.174,0.060165476,0.09136087
0.17408333333333334,0.16654274,0.016046302
0.17416666666666666,-0.16121021,0.0028807775
0.17425,-0.27244097,0.07858226
0.17433333333333334,0.14205232,0.04427019
0.17441666666666666,0.3202635,0.012921355
0.1745,-0.19680932,0.06164603
0.17458333333333334,-0.38222778,0.09451134
0.17466666666666666,0.19703339,0.08479837
0.17475,0.33980402,0.06586766
0.17483333333333334,-0.18789382,0.1429959
0.17491666666666666,-0.23725125,0.09711607
0.175,0.22037372,0.09088941
0.17508333333333334,0.1834248,0.026932599
0.17516666666666666,-0.16145259,0.08116666
0.17525,-0.14781797,0.06881289
0.17533333333333334,0.079222724,0.0341335
0.17541666666666667,0.049595594,0.030985741
0.1755,-0.15376791,0.05665591
0.17558333333333334,-0.07391284,0.06866525
0.17566666666666667,0.18810989,0.023044854
0.17575,0.15485367,0.14813164
0.17583333333333334,-0.05778082,0.092372485
0.17591666666666667,-0.0104090655,0.041879155
0.176,0.13903214,0.064722225
0.17608333333333334,-0.007594353,0.098523125
0.17616666666666667,-0.25566643,0.047390103
0.17625,-0.15696892,0.1693552
0.17633333333333334,0.09191259,0.03849766
0.17641666666666667,0.02329202,0.033746835
0.1765,-0.1082936,0.033070367
0.17658333333333334,-0.006459449,0.13328016
0.17666666666666667,0.101242356,0.09046055
0.17675,-0.024997504,0.06196471
0.17683333333333334,-0.17971818,0.051353373
0.17691666666666667,-0.13307403,0.047849283
0.177,-0.04962046,0.057092972
0.17708333333333334,-0.046768893,0.027823066
0.17716666666666667,-0.048104823,0.11828498
0.17725,-0.013159145,0.0022473955
0.17733333333333334,0.08603352,0.035398692
0.17741666666666667,0.08946913,0.036682904
0.1775,-0.07710473,0.056665987
0.17758333333333334,-0.083766,0.008748616
0.17766666666666667,0.15774004,0.095841944
0.17775,0.14651717,0.09255541
0.17783333333333334,-0.08610757,0.034101967
0.17791666666666667,0.005903037,0.1216602
0.178,0.23995958,0.11866878
0.17808333333333334,0.10764667,0.012072579
0.17816666666666667,-0.18918762,0.06612211
0.17825,-0.112294905,0.09880221
0.17833333333333334,0.12119506,0.10482332
0.17841666666666667,-0.051257122,0.10037616
0.1785,-0.18089466,0.00022672795
0.17858333333333334,0.065638304,0.14794311
0.17866666666666667,0.20941673,0.19207403
0.17875,0.09655441,0.12017954
0.17883333333333334,0.018461483,0.07647858
0.17891666666666667,0.034155358,0.009219119
0.179,-9.2246686e-05,0.10220714
0.17908333333333334,-0.05807369,0.016478429
0.17916666666666667,-0.043088563,0.11160415
0.17925,0.010582481,0.14435019
0.17933333333333334,0.047100592,0.06890539
0.17941666666666667,0.042381056,0.044634353
0.1795,0.048443507,0.099391006
0.17958333333333334,-0.019890377,0.10288596
0.17966666666666667,-0.03247058,0.0014478734
0.17975,0.003977858,0.016055843
0.17983333333333335,-0.04522724,0.06445234
0.17991666666666667,0.0035876448,0.07011148
0.18,0.05998273,0.14295644
0.18008333333333335,0.011041355,0.06906175
0.18016666666666667,0.013832615,0.09760694
0.18025,0.12904534,0.1346404
0.18033333333333335,0.048658445,0.10397618
0.18041666666666667,-0.13463973,0.064435914
0.1805,-0.061943617,0.015050465
0.18058333333333335,0.06907024,0.11770713
0.18066666666666667,-0.025663503,0.07007914
0.18075,-0.029957682,0.14243343
0.18083333333333335,0.16195942,0.18094139
0.18091666666666667,0.101458594,0.0903739
0.181,-0.07686455,0.17526174
0.18108333333333335,0.006938678,0.06924358
0.18116666666666667,0.054599814,0.048963636
0.18125,-0.1726156,0.048572224
0.18133333333333335,-0.1869433,0.04997951
0.18141666666666667,0.07148304,0.07082843
0.1815,0.13592158,0.007886342
0.18158333333333335,-0.038601734,0.038610104
0.18166666666666667,-0.040716935,0.0915107
0.18175,0.13591668,0.08489499
0.18183333333333335,0.08521191,0.19977064
0.18191666666666667,-0.04829402,0.02768288
0.182,-0.011927104,0.023556316
0.18208333333333335,-0.029288808,0.1532959
0.18216666666666667,-0.08947085,0.027980613
0.18225,-0.043589704,0.09515982
0.18233333333333332,-0.009140028,0.09552127
0.18241666666666667,-0.10792299,0.14759827
0.1825,-0.11511841,0.08859721
0.18258333333333332,-0.0013152785,0.114594206
0.18266666666666667,-0.023833118,0.053292233
0.18275,-0.15226942,0.077147484
0.18283333333333332,-0.0076734647,0.09902398
0.18291666666666667,0.22247517,0.03132146
0.183,0.0756437,0.059962753
0.18308333333333332,-0.047714487,1.2023452e-05
0.18316666666666667,0.07033454,0.017084762
0.18325,0.058569994,0.029770644
0.18333333333333332,-0.1034279,0.06813149
0.18341666666666667,-0.110690966,0.22442307
0.1835,0.026687087,0.041593444
0.18358333333333332,0.057863746,0.06302044
0.18366666666666667,-0.007822838,0.08368449
0.18375,-0.03455276,0.20930782
0.18383333333333332,-0.0014179307,0.18953884
0.18391666666666667,0.012901158,0.12639767
0.184,-0.015067876,0.1221279
0.18408333333333332,-0.05567313,0.22437005
0.18416666666666667,-0.15464881,0.051148817
0.18425,-0.10779022,0.2935274
0.18433333333333332,0.12524746,0.16886973
0.18441666666666667,0.099924624,0.0544747
0.1845,-0.07704554,0.07684389
0.18458333333333332,-0.04048201,0.101240076
0.18466666666666667,0.16040447,0.10684221
0.18475,0.11620239,0.16417319
0.18483333333333332,-0.1530307,0.049336813
0.18491666666666667,-0.15775968,0.15524939
0.185,0.077103384,0.19037957
0.18508333333333332,0.09956788,0.27703366
0.18516666666666667,-0.0806193,0.18080486
0.18525,-0.023713624,0.04656001
0.18533333333333332,0.13027005,0.23459136
0.18541666666666667,-0.024796586,0.14806996
0.1855,-0.10628406,0.009075339
0.18558333333333332,0.10735322,0.14914994
0.18566666666666667,0.17472085,0.24771857
0.18575,-0.023826187,0.25619054
0.18583333333333332,-0.060090292,0.07622231
0.18591666666666667,0.2345487,0.09821177
0.186,0.29266977,0.0553805
0.18608333333333332,-0.040777832,0.05636563
0.18616666666666667,-0.22152634,0.04512106
0.18625,0.0526602,0.030145502
0.18633333333333332,0.26007244,0.013720889
0.18641666666666667,-0.054866668,0.016510664
0.1865,-0.26988608,0.04563434
0.18658333333333332,0.016094737,0.15843616
0.18666666666666668,0.26482007,0.20572086
0.18675,0.009572878,0.11671907
0.18683333333333332,-0.26199257,0.29154935
0.18691666666666668,-0.028944304,0.06003792
0.187,0.18448614,0.44053027
0.18708333333333332,-0.06050991,0.09532062
0.18716666666666668,-0.2322374,0.15945671
0.18725,0.0966644,0.3375576
0.18733333333333332,0.2831599,0.114512615
0.18741666666666668,-0.019294826,0.121503755
0.1875,-0.20500724,0.036331203
0.18758333333333332,0.009545195,0.06932961
0.18766666666666668,0.13048099,0.061868593
0.18775,-0.1397539,0.24348159
0.18783333333333332,-0.25605428,0.2244766
0.18791666666666668,-0.047028977,0.033952847
0.188,0.059962604,0.023291102
0.18808333333333332,-0.063687526,0.20191146
0.18816666666666668,-0.09537291,0.08224322
0.18825,0.015140122,0.08436401
0.18833333333333332,0.037211508,3.5687826e-05
0.18841666666666668,0.0589301,0.05386551
0.1885,0.05133369,0.012309712
0.18858333333333333,-0.0702783,0.07556093
0.18866666666666668,-0.0779861,0.07873063
0.18875,0.15682882,0.029052265
0.18883333333333333,0.20264013,0.03204126
0.18891666666666668,-0.08937547,0.029704623
0.189,-0.14806455,0.045824952
0.18908333333333333,0.14055552,0.041718084
0.18916666666666668,0.14580694,0.15804921
0.18925,-0.24096367,0.19811098
0.18933333333333333,-0.2709616,0.052287344
0.18941666666666668,0.08805875,0.10714133
0.1895,0.13157499,0.15392284
0.18958333333333333,-0.1241041,0.1146506
0.18966666666666668,-0.18669276,0.0061150887
0.18975,0.0054840087,0.2740919
0.18983333333333333,0.09421073,0.048650928
0.18991666666666668,0.0030865248,0.025465772
0.19,-0.10599896,0.05594966
0.19008333333333333,-0.08838404,0.21339735
0.19016666666666668,0.17089388,0.03220318
0.19025,0.21809344,0.099085085
0.19033333333333333,-0.06210496,0.060635798
0.19041666666666668,-0.1788907,0.15480706
0.1905,0.053900067,0.064876676
0.19058333333333333,0.16798005,0.022093548
0.19066666666666668,-0.08504885,0.039748773
0.19075,-0.23757835,0.13422075
0.19083333333333333,0.026567204,0.071749054
0.19091666666666668,0.18466641,0.16491334
0.191,-0.092936784,0.003749153
0.19108333333333333,-0.1913416,0.13020916
0.19116666666666668,0.08530648,0.018812383
0.19125,0.14277309,0.1699501
0.19133333333333333,-0.08561131,0.07426175
0.19141666666666668,-0.09254388,0.13651387
0.1915,0.13949771,0.04893356
0.19158333333333333,0.18134736,0.13728267
0.19166666666666668,0.0117697595,0.06485444
0.19175,0.010047646,0.06907453
0.19183333333333333,0.17801015,0.22279112
0.19191666666666668,0.118720815,0.19023666
0.192,-0.0864596,0.037334055
0.19208333333333333,-0.07860846,0.117529884
0.19216666666666668,0.0672039,0.31454265
0.19225,0.038244896,0.17667766
0.19233333333333333,-0.09675777,0.07892789
0.19241666666666668,-0.046307564,0.3529343
0.1925,0.13040453,0.2103004
0.19258333333333333,0.055575553,0.12512262
0.19266666666666668,-0.15583616,0.24060768
0.19275,-0.017877176,0.17266788
0.19283333333333333,0.17721924,0.13065736
0.19291666666666665,-0.009886531,0.25024992
0.193,-0.13522877,0.016388437
0.19308333333333333,0.0819737,0.007357055
0.19316666666666665,0.20011774,0.08795727
0.19325,-0.019002762,0.20021422
0.19333333333333333,-0.1786553,0.1040894
0.19341666666666665,-0.06352699,0.39507395
0.1935,0.10192736,0.12010479
0.19358333333333333,0.09435978,0.555204
0.19366666666666665,-0.06508069,0.27080616
0.19375,-0.17016599,0.30723682
0.19383333333333333,0.0068779485,0.027621
0.19391666666666665,0.23745967,0.1640759
0.194,0.07547661,0.018546365
0.19408333333333333,-0.23808008,0.070014216
0.19416666666666665,-0.14903598,0.36391342
0.19425,0.16024336,0.07960083
0.19433333333333333,0.068723746,0.0030995528
0.19441666666666665,-0.16882949,0.23312365
0.1945,-0.09821298,0.19763109
0.19458333333333333,0.0626581,0.15180458
0.19466666666666665,0.07289112,0.17442499
0.19475,0.015311763,0.073464304
0.19483333333333333,-0.03470909,0.19235377
0.19491666666666665,-0.061578777,0.072492525
0.195,-0.03778547,0.34962192
0.19508333333333333,-0.020735228,0.025276825
0.19516666666666665,0.024401313,0.13162681
0.19525,0.024469338,0.39506623
0.19533333333333333,-0.06715078,0.37215644
0.19541666666666666,-0.06816684,0.10727661
0.1955,-0.0144659,0.21747197
0.19558333333333333,0.013581415,0.41251668
0.19566666666666666,-0.043104205,0.41571996
0.19575,-0.09887845,0.2188321
0.19583333333333333,-0.026544793,0.089934915
0.19591666666666666,0.02327899,0.28814322
0.196,-0.004313415,0.08493682
0.19608333333333333,0.013088599,0.06364056
0.19616666666666666,-0.010603768,0.06136125
0.19625,-0.13755853,0.20252122
0.19633333333333333,-0.076925516,0.13581102
0.19641666666666666,0.119758114,0.13303462
0.1965,0.009785425,0.09202025
0.19658333333333333,-0.18719259,0.19623494
0.19666666666666666,-0.055903,0.34982473
0.19675,0.17947821,0.21478648
0.19683333333333333,0.15127443,0.23982894
0.19691666666666666,-0.045677613,0.4415032
0.197,-0.10401897,0.52941334
0.19708333333333333,0.00681377,0.07207026
0.19716666666666666,0.14460224,0.10987305
0.19725,0.1069865,0.45508304
0.19733333333333333,-0.08901388,0.022820871
0.19741666666666666,-0.112208255,0.24216318
0.1975,0.1127059,0.20920895
0.19758333333333333,0.17394051,0.04441059
0.19766666666666666,-0.086810656,0.034765508
0.19775,-0.20520627,0.16429253
0.19783333333333333,0.019316193,0.1043212
0.19791666666666666,0.13390611,0.20436175
0.198,-0.065097794,0.01340352
0.19808333333333333,-0.054125905,0.0096918605
0.19816666666666666,0.16261591,0.061133724
0.19825,0.075706914,0.35472086
0.19833333333333333,-0.07372649,0.10590666
0.19841666666666666,0.07532311,0.26835302
0.1985,0.22326727,0.47823045
0.19858333333333333,0.04329755,0.4288237
0.19866666666666666,-0.16582051,0.18151262
0.19875,0.029939849,0.10719645
0.19883333333333333,0.27751905,0.009737196
0.19891666666666666,0.095325805,0.2681349
0.199,-0.21102464,0.13165396
0.19908333333333333,-0.13161369,0.1193213
0.19916666666666666,0.14979298,0.14191446
0.19925,0.09177439,0.21120706
0.19933333333333333,-0.24014547,0.1696315
0.19941666666666666,-0.26950467,0.0145982485
0.1995,0.120997265,0.3329894
0.19958333333333333,0.25977996,0.18128961
0.19966666666666666,-0.082321696,0.019765055
0.19975,-0.20842008,0.066278905
0.19983333333333334,0.037545986,0.082173295
0.19991666666666666,0.14059764,0.07449366
0.2,0.027878944,0.051610034
0.20008333333333334,-0.014156955,0.1764174
0.20016666666666666,-0.016369632,0.022418113
0.20025,0.02372156,0.051244628
0.20033333333333334,0.06881343,0.2971899
0.20041666666666666,-0.017746381,0.15105641
0.2005,-0.08463789,0.28059855
0.20058333333333334,-0.040011507,0.024527213
0.20066666666666666,-0.012379284,0.21145052
0.20075,-0.0963995,0.19750641
0.20083333333333334,-0.17018011,0.03559668
0.20091666666666666,-0.02052531,0.1274845
0.201,0.120680526,0.13469991
0.20108333333333334,-0.011850147,0.038510956
0.20116666666666666,-0.07448529,0.11026419
0.20125,0.11269783,0.09671453
0.20133333333333334,0.13215663,0.06815719
0.20141666666666666,-0.032697655,0.116662845
0.2015,0.011058223,0.39959008
0.20158333333333334,0.07227122,0.021824786
0.20166666666666666,0.02889312,0.1514553
0.20175,0.033922005,0.06851503
0.20183333333333334,0.04867912,0.17533104
0.20191666666666666,-0.08825858,0.018102098
0.202,-0.2245808,0.10380287
0.20208333333333334,-0.0054935087,0.16063005
0.20216666666666666,0.11947564,0.0014400667
0.20225,-0.14184383,0.14633995
0.20233333333333334,-0.17866717,0.10841894
0.20241666666666666,0.13276432,0.41624314
0.2025,0.14266723,0.26439705
0.20258333333333334,-0.16886878,0.09760987
0.20266666666666666,-0.13054016,0.1490656
0.20275,0.12717381,0.33997473
0.20283333333333334,0.054264408,0.0058973134
0.20291666666666666,-0.17731397,0.37455398
0.203,-0.037214916,0.12355629
0.20308333333333334,0.20177671,0.19098473
0.20316666666666666,0.043940373,0.0071111126
0.20325,-0.067505196,0.3122774
0.20333333333333334,0.094066836,0.14311963
0.20341666666666666,0.06587575,0.04195578
0.2035,-0.2125456,0.033715956
0.20358333333333334,-0.17906506,0.23676598
0.20366666666666666,0.12197514,0.11043217
0.20375,0.05476758,0.08471465
0.20383333333333334,-0.17760517,0.011091035
0.20391666666666666,-0.074734576,0.03656013
0.204,0.1852394,0.13991208
0.20408333333333334,0.12301872,0.012446711
0.20416666666666666,-0.12069922,0.10797727
0.20425,-0.090145014,0.27771217
0.20433333333333334,0.09697996,0.37811986
0.20441666666666666,0.105909176,0.081610195
0.2045,0.019279066,0.18137096
0.20458333333333334,-0.029856835,0.30180284
0.20466666666666666,0.02510341,0.2438254
0.20475,0.1083548,0.047300424
0.20483333333333334,0.0933802,0.11500939
0.20491666666666666,-0.038470883,0.20104554
0.205,-0.1370601,0.22413243
0.20508333333333334,-0.057895627,0.030077366
0.20516666666666666,0.042148393,0.18225092
0.20525,0.008007463,0.34329265
0.20533333333333334,-0.049991824,0.42396045
0.20541666666666666,-0.06340842,0.32798117
0.2055,-0.004359444,0.047008283
0.20558333333333334,0.053421512,0.1859898
0.20566666666666666,0.03850842,0.40735757
0.20575,-0.102047876,0.15244335
0.20583333333333334,-0.13905685,0.2778565
0.20591666666666666,0.027833363,0.20337056
0.206,0.1702172,0.19083324
0.20608333333333334,0.085476756,0.3812503
0.20616666666666666,-0.12669015,0.20798808
0.20625,-0.08060444,0.0331126
0.20633333333333334,0.14908336,0.14001948
0.20641666666666666,0.20529005,0.009612221
0.2065,-0.05494631,0.02791694
0.20658333333333334,-0.2239392,0.13264902
0.20666666666666667,0.03987926,0.09332381
0.20675,0.30127126,0.013249987
0.20683333333333334,0.16617203,0.06380354
0.20691666666666667,-0.1311602,0.044309422
0.207,-0.035707314,0.13876824
0.20708333333333334,0.21390219,0.16102017
0.20716666666666667,0.13396084,0.29402786
0.20725,-0.1546852,0.21741045
0.20733333333333334,-0.22019456,0.07797458
0.20741666666666667,0.0035726018,0.07097488
0.2075,0.09971877,0.028653717
0.20758333333333334,-0.039675374,0.24327022
0.20766666666666667,-0.15523902,0.031941857
0.20775,-0.06724342,0.08641678
0.20783333333333334,0.074986264,0.10467196
0.20791666666666667,0.064782046,0.0036762024
0.208,-0.048274808,0.10636172
0.20808333333333334,-0.04995095,0.16559818
0.20816666666666667,0.10747534,0.06778523
0.20825,0.16967006,0.040405735
0.20833333333333334,0.028166348,0.122423016
0.20841666666666667,-0.07238596,0.19936974
0.2085,0.029854475,0.035918754
0.20858333333333334,0.068845615,0.07204033
0.20866666666666667,-0.092702456,0.15812224
0.20875,-0.12832187,0.2502961
0.20883333333333334,0.0036576428,0.091900654
0.20891666666666667,0.003220656,0.11690303
0.209,-0.07032617,0.25818732
0.20908333333333334,-0.011279445,0.21392483
0.20916666666666667,0.07984211,0.26005498
0.20925,-0.06709929,0.11094373
0.20933333333333334,-0.22757474,0.21553878
0.20941666666666667,-0.010493155,0.16727744
0.2095,0.11684314,0.035727557
0.20958333333333334,-0.15903397,0.3722806
0.20966666666666667,-0.12327081,0.2776909
0.20975,0.24722031,0.20495997
0.20983333333333334,0.15298837,0.06107212
0.20991666666666667,-0.21301137,0.298477
0.21,-0.13904111,0.13010743
0.21008333333333334,0.19636583,0.1363722
0.21016666666666667,0.085636005,0.22701244
0.21025,-0.33352712,0.21925485
0.21033333333333334,-0.24425285,0.052986354
0.21041666666666667,0.16201358,0.16908243
0.2105,0.093329564,0.13081795
0.21058333333333334,-0.20430118,0.11459398
0.21066666666666667,-0.20155124,0.010815271
0.21075,-0.0036685576,0.08411876
0.21083333333333334,0.17549111,0.12928785
0.21091666666666667,0.08540712,0.16210946
0.211,-0.121383615,0.06691028
0.21108333333333335,0.019216843,0.3583002
0.21116666666666667,0.34621155,0.14858066
0.21125,0.20781414,0.0010371221
0.21133333333333335,-0.1380239,0.10822067
0.21141666666666667,-0.042244703,0.16482535
0.2115,0.1705618,0.17923026
0.21158333333333335,0.028446315,0.154925
0.21166666666666667,-0.17791235,0.25213382
0.21175,-0.021836916,0.037552144
0.21183333333333335,0.1457315,0.096920446
0.21191666666666667,0.06593924,0.46848613
0.212,0.0064250464,0.16332395
0.21208333333333335,-0.0010206883,0.008486262
0.21216666666666667,-0.004979121,0.047494788
0.21225,0.02281739,0.087059595
0.21233333333333335,0.018746361,0.14292583
0.21241666666666667,-0.10353102,0.08361355
0.2125,-0.09451697,0.04659137
0.21258333333333335,0.12798059,0.13494258
0.21266666666666667,0.14081763,0.06007782
0.21275,-0.09427065,0.01001414
0.21283333333333335,-0.05925913,0.007765228
0.21291666666666667,0.15336174,0.1436429
0.213,0.012814731,0.027440993
0.21308333333333335,-0.16273451,0.012211709
0.21316666666666667,0.03708241,0.07509918
0.21325,0.116239436,0.11177634
0.21333333333333335,-0.020155024,0.15316597
0.21341666666666667,0.017569298,0.13250042
0.2135,0.09791871,0.22588821
0.21358333333333332,-0.0597431,0.116369195
0.21366666666666667,-0.10414178,0.07368459
0.21375,0.08675829,0.13738154
0.21383333333333332,-0.019959187,0.078120746
0.21391666666666667,-0.23801777,0.13891312
0.214,-0.0059051,0.15672496
0.21408333333333332,0.29951894,0.042914648
0.21416666666666667,0.088249736,0.065270826
0.21425,-0.18033855,0.01787446
0.21433333333333332,0.045844756,0.1281152
0.21441666666666667,0.18138756,0.10066093
0.2145,-0.11538065,0.10705088
0.21458333333333332,-0.22638384,0.2008924
0.21466666666666667,0.045154463,0.059653934
0.21475,0.13272768,0.018909035
0.21483333333333332,-0.03923958,0.009311437
0.21491666666666667,-0.029487126,0.13367926
0.215,0.07018304,0.0551533
0.21508333333333332,0.020935675,0.060483057
0.21516666666666667,-0.0481756,0.100688845
0.21525,-0.033820443,0.0013997814
0.21533333333333332,-0.028373772,0.010636463
0.21541666666666667,0.0063102175,0.0905445
0.2155,0.006140826,0.13355108
0.21558333333333332,-0.08803477,0.07443569
0.21566666666666667,-0.0680037,0.22320944
0.21575,0.076503746,0.042412084
0.21583333333333332,-0.024433991,0.09700662
0.21591666666666667,-0.22418067,0.02455849
0.216,-0.106897816,0.08756962
0.21608333333333332,0.15684167,0.051142693
0.21616666666666667,0.19827281,0.066494025
0.21625,-0.05066933,0.022356633
0.21633333333333332,-0.14327188,0.11512291
0.21641666666666667,0.17268164,0.121689126
0.2165,0.293196,0.10803993
0.21658333333333332,-0.12863141,0.058911473
0.21666666666666667,-0.3072776,0.016847005
0.21675,0.102833636,0.05012795
0.21683333333333332,0.26353955,0.030011173
0.21691666666666667,-0.12094193,0.057468448
0.217,-0.26901636,0.15302409
0.21708333333333332,0.112548985,0.011371481
0.21716666666666667,0.2178972,0.10564696
0.21725,-0.13861378,0.088426664
0.21733333333333332,-0.2793997,0.03595746
0.21741666666666667,-0.05072442,0.046288777
0.2175,0.14184195,0.027464839
0.21758333333333332,0.03386713,0.19336958
0.21766666666666667,-0.08266056,0.18716003
0.21775,0.029032126,0.4532251
0.21783333333333332,0.17113484,0.07751345
0.21791666666666668,0.08622242,0.16937956
0.218,-0.12877575,0.03406483
0.21808333333333332,-0.07985751,0.45540437
0.21816666666666668,0.090341836,0.09474939
0.21825,-0.011659685,0.31824338
0.21833333333333332,-0.09279927,0.08913947
0.21841666666666668,0.04423242,0.022237891
0.2185,0.107454546,0.16267772
0.21858333333333332,-0.009659281,0.20713876
0.21866666666666668,-0.1472988,0.06460458
0.21875,-0.058587335,0.14313172
0.21883333333333332,0.14191148,0.07636998
0.21891666666666668,0.059709582,0.1414225
0.219,-0.14936519,0.37848157
0.21908333333333332,-0.03360176,0.13227826
0.21916666666666668,0.3029227,0.30279243
0.21925,0.2565633,0.2461436
0.21933333333333332,-0.1298342,0.04661393
0.21941666666666668,-0.16981274,0.030003712
0.2195,0.14924125,0.14619653
0.21958333333333332,0.22769979,0.1065892
0.21966666666666668,-0.15189114,0.015108148
0.21975,-0.29877344,0.110634856
0.21983333333333333,0.06628023,0.16069953
0.21991666666666668,0.30369595,0.24707356
0.22,-0.024166059,0.1918712
0.22008333333333333,-0.43405616,0.14230186
0.22016666666666668,-0.16329326,0.0052585616
0.22025,0.34321183,0.2728607
0.22033333333333333,0.09651008,0.46683896
0.22041666666666668,-0.446172,0.24768136
0.2205,-0.1399111,0.22065099
0.22058333333333333,0.533062,0.36010104
0.22066666666666668,0.37611797,0.07220254
0.22075,-0.24015339,0.023904288
0.22083333333333333,-0.25419414,0.17358723
0.22091666666666668,0.21565019,0.23467818
0.221,0.2258212,0.052448414
0.22108333333333333,-0.13360132,0.15867962
0.22116666666666668,-0.25846124,0.03131474
0.22125,-0.09302025,0.14004675
0.22133333333333333,0.10232623,0.24080768
0.22141666666666668,0.10102919,0.37384456
0.2215,-0.1296399,0.053225342
0.22158333333333333,-0.29621518,0.086037196
0.22166666666666668,-0.059405465,0.40095508
0.22175,0.20410772,0.07472433
0.22183333333333333,0.0031526308,0.1337897
0.22191666666666668,-0.19369516,0.2688758
0.222,0.024444468,0.13983744
0.22208333333333333,0.21903902,0.10702363
0.22216666666666668,0.073867105,0.078584775
0.22225,0.020639231,0.16834408
0.22233333333333333,0.06151758,0.045243394
0.22241666666666668,-0.053072464,0.22547047
0.2225,-0.10856447,0.16629717
0.22258333333333333,0.048697792,0.14159511
0.22266666666666668,0.087647386,0.0008975661
0.22275,-0.1397583,0.027818663
0.22283333333333333,-0.12502566,0.021792071
0.22291666666666668,0.14274663,0.0024821265
0.223,0.09367866,0.07463009
0.22308333333333333,-0.12855563,0.11233625
0.22316666666666668,-0.11256142,0.008799143
0.22325,0.04759,0.11891009
0.22333333333333333,-0.026676008,0.09598618
0.22341666666666668,-0.08594463,0.08944795
0.2235,0.05372528,0.014040751
0.22358333333333333,0.012400178,0.02176164
0.22366666666666668,-0.05664402,0.08357987
0.22375,0.05156631,0.04935838
0.22383333333333333,0.12416901,0.16906731
0.22391666666666668,0.0042573223,0.19207424
0.224,-0.10673131,0.13677976
0.22408333333333333,0.08778406,0.05931931
0.22416666666666665,0.22720504,0.16124813
0.22425,0.043573238,0.07172623
0.22433333333333333,-0.1272297,0.108365476
0.22441666666666665,0.059008405,0.1283984
0.2245,0.20280139,0.024720239
0.22458333333333333,-0.0061027985,0.09927988
0.22466666666666665,-0.13109373,0.01739657
0.22475,-0.0121033825,0.051769473
0.22483333333333333,0.14515713,0.19034924
0.22491666666666665,0.10385831,0.10112587
0.225,-0.042534035,0.18340863
0.22508333333333333,-0.017948644,0.037450578
0.22516666666666665,0.055112615,0.1958209
0.22525,0.0031760207,0.06653859
0.22533333333333333,-0.07261239,0.16800338
0.22541666666666665,-0.10473031,0.020888727
0.2255,-0.13204044,0.19245192
0.22558333333333333,-0.025565203,0.32544684
0.22566666666666665,0.0998977,0.31025484
0.22575,-0.04188284,0.18653774
0.22583333333333333,-0.18195274,0.097758226
0.22591666666666665,0.021284228,0.27058852
0.226,0.20661741,0.1453624
0.22608333333333333,-0.0017938623,0.17833526
0.22616666666666665,-0.24967043,0.19661345
0.22625,-0.007451745,0.1979444
0.22633333333333333,0.2722307,0.06664051
0.22641666666666665,0.07332434,0.17617051
0.2265,-0.24136487,0.07281227
0.22658333333333333,-0.14430928,0.055567946
0.22666666666666666,0.08375562,0.26543522
0.22675,0.014904914,0.028278686
0.22683333333333333,-0.13061935,0.22554225
0.22691666666666666,-0.15254636,0.083198234
0.227,-0.045321304,0.04080103
0.22708333333333333,0.10176887,0.18581943
0.22716666666666666,0.08688837,0.13539179
0.22725,-0.008354604,0.1811962
0.22733333333333333,-0.055172727,0.21593568
0.22741666666666666,0.015336829,0.15192711
0.2275,0.15340672,0.013818464
0.22758333333333333,0.13049716,0.18042089
0.22766666666666666,-0.039023414,0.23349826
0.22775,-0.075629696,0.0126552405
0.22783333333333333,0.08305097,0.12206612
0.22791666666666666,0.12407162,0.33252594
0.228,0.0037677842,0.02973806
0.22808333333333333,-0.06362794,0.18491161
0.22816666666666666,-0.07052969,0.25886217
0.22825,-0.073544964,0.15807681
0.22833333333333333,-0.0846839,0.17775616
0.22841666666666666,-0.02913881,0.10951549
0.2285,-0.0218785,0.23334089
0.22858333333333333,-0.124143824,0.05418579
0.22866666666666666,-0.10021053,0.17015131
0.22875,0.095274284,0.29914707
0.22883333333333333,0.09753973,0.22757474
0.22891666666666666,-0.12313566,0.18213211
0.229,-0.09347717,0.07878313
0.22908333333333333,0.14244181,0.1610332
0.22916666666666666,0.14973931,0.19275191
0.22925,0.022287428,0.3231972
0.22933333333333333,0.04031371,0.15609047
0.22941666666666666,0.12779857,0.04544105
0.2295,0.07861468,0.4570635
0.22958333333333333,-0.06661135,0.36174697
0.22966666666666666,-0.114993356,0.14246398
0.22975,-0.032478888,0.0051397895
0.22983333333333333,-0.0101940315,0.07822663
0.22991666666666666,-0.12692286,0.15958075
0.23,-0.16619092,0.037096012
0.23008333333333333,0.053752355,0.05331891
0.23016666666666666,0.25628552,0.31994516
0.23025,0.037967734,0.050202373
0.23033333333333333,-0.18635873,0.3365789
0.23041666666666666,0.08007887,0.10631303
0.2305,0.31442115,0.29073566
0.23058333333333333,0.0032588881,0.23853062
0.23066666666666666,-0.23559102,0.08866919
0.23075,0.095081694,0.09338946
0.23083333333333333,0.3376559,0.002561858
0.23091666666666666,-0.023087593,0.06142498
0.231,-0.315734,0.12541373
0.23108333333333334,0.02029779,0.20451242
0.23116666666666666,0.25590035,0.005395055
0.23125,-0.057940967,0.35227475
0.23133333333333334,-0.23288448,0.15913405
0.23141666666666666,-0.026981171,0.21418129
0.2315,0.1224812,0.0900407
0.23158333333333334,0.057710838,0.13318041
0.23166666666666666,-0.058876697,0.09253996
0.23175,-0.14118733,0.01859038
0.23183333333333334,-0.01631144,0.1232943
0.23191666666666666,0.13258734,0.07068147
0.232,0.011256934,0.01494985
0.23208333333333334,-0.12241211,0.053476725
0.23216666666666666,0.03670488,0.12908873
0.23225,0.21869434,0.20534384
0.23233333333333334,0.112828515,0.04523543
0.23241666666666666,-0.0993289,0.02660553
0.2325,-0.12436991,0.00615429
0.23258333333333334,0.024694901,0.13115482
0.23266666666666666,0.07551164,0.2447478
0.23275,-0.048899096,0.17129958
0.23283333333333334,-0.14090183,0.24973412
0.23291666666666666,-0.07632712,0.13257071
0.233,0.13683583,0.05739665
0.23308333333333334,0.12546627,0.16540371
0.23316666666666666,-0.22649516,0.15208857
0.23325,-0.2523188,0.102754526
0.23333333333333334,0.1889487,0.11953987
0.23341666666666666,0.22811897,0.056548476
0.2335,-0.18982464,0.034478128
0.23358333333333334,-0.14697666,0.059414424
0.23366666666666666,0.27231735,0.05384419
0.23375,0.23179738,0.18575992
0.23383333333333334,-0.20890367,0.013623827
0.23391666666666666,-0.21326011,0.107384734
0.234,0.10354539,0.016373346
0.23408333333333334,0.021691365,0.14518659
0.23416666666666666,-0.21815518,0.2079024
0.23425,-0.12377803,0.2136977
0.23433333333333334,0.116234794,0.07355136
0.23441666666666666,0.054492768,0.12636372
0.2345,-0.12277572,0.054793835
0.23458333333333334,-0.069915526,0.06264273
0.23466666666666666,0.061146636,0.043511286
0.23475,0.076398805,0.15180796
0.23483333333333334,-0.028680954,0.00544635
0.23491666666666666,-0.07109609,0.0034520542
0.235,0.08844791,0.040087473
0.23508333333333334,0.20132066,0.03764254
0.23516666666666666,0.04016763,0.05897318
0.23525,-0.15845317,0.103444815
0.23533333333333334,-0.08969965,0.04633434
0.23541666666666666,0.124183014,0.036875617
0.2355,0.09867193,0.019129423
0.23558333333333334,-0.18818422,0.10286278
0.23566666666666666,-0.13268761,0.054462686
0.23575,0.31272522,0.22999322
0.23583333333333334,0.2540288,0.21867254
0.23591666666666666,-0.2387266,0.08013763
0.236,-0.1875221,0.13943899
0.23608333333333334,0.1752214,0.05131454
0.23616666666666666,0.04898361,0.073787905
0.23625,-0.27773532,0.19986343
0.23633333333333334,-0.162545,0.27548572
0.23641666666666666,0.23063278,0.0036216618
0.2365,0.2889392,0.04377957
0.23658333333333334,-0.039059825,0.30038843
0.23666666666666666,-0.20033093,0.11271455
0.23675,0.040932912,0.0112365605
0.23683333333333334,0.25697502,0.100123405
0.23691666666666666,0.04777717,0.14026274
0.237,-0.33726022,0.10379808
0.23708333333333334,-0.21012585,0.09655402
0.23716666666666666,0.31523603,0.14822629
0.23725,0.2827556,0.005533376
0.23733333333333334,-0.19068101,0.042633977
0.23741666666666666,-0.2333092,0.029975625
0.2375,0.22669077,0.023578871
0.23758333333333334,0.38638207,0.008547919
0.23766666666666666,-0.042162597,0.10245577
0.23775,-0.30169678,0.15397443
0.23783333333333334,-0.017262429,0.12877315
0.23791666666666667,0.26843736,0.12990242
0.238,0.09214486,0.057494264
0.23808333333333334,-0.19393612,0.08769413
0.23816666666666667,-0.2028365,0.006385818
0.23825,-0.08564825,0.026920231
0.23833333333333334,0.04473027,0.16995466
0.23841666666666667,0.12667142,0.06973239
0.2385,0.03622125,0.005541261
0.23858333333333334,-0.14313324,0.15907256
0.23866666666666667,-0.022988372,0.09281092
0.23875,0.286838,0.0017466634
0.23883333333333334,0.19567868,0.03649101
0.23891666666666667,-0.25196448,0.2450733
0.239,-0.34955925,0.10550209
0.23908333333333334,0.10687865,0.014710626
0.23916666666666667,0.2987564,0.018062022
0.23925,-0.09850354,0.07417771
0.23933333333333334,-0.33537033,0.14806315
0.23941666666666667,0.022051672,0.019058822
0.2395,0.40313548,0.07097761
0.23958333333333334,0.10344096,0.02882372
0.23966666666666667,-0.39655975,0.065530024
0.23975,-0.22602832,0.05225048
0.23983333333333334,0.258843,0.05647701
0.23991666666666667,0.13980722,0.024692683
0.24,-0.3236316,0.10198796
0.24008333333333334,-0.18575978,0.023403635
0.24016666666666667,0.33617374,0.10970529
0.24025,0.24667798,0.08529803
0.24033333333333334,-0.1899116,0.009665181
0.24041666666666667,-0.17891997,0.06919545
0.2405,0.16122995,0.08637033
0.24058333333333334,0.16225693,0.09403909
0.24066666666666667,-0.22665578,0.07688159
0.24075,-0.29180115,0.097085364
0.24083333333333334,0.09093022,0.045171805
0.24091666666666667,0.23556766,0.06565328
0.241,-0.119383425,0.030609332
0.24108333333333334,-0.3669968,0.09739605
0.24116666666666667,-0.083738886,0.031146448
0.24125,0.3272712,0.17127097
0.24133333333333334,0.16332568,0.11330271
0.24141666666666667,-0.3070432,0.07507441
0.2415,-0.086043656,0.089455746
0.24158333333333334,0.45223284,0.079927444
0.24166666666666667,0.2331724,0.02596236
0.24175,-0.3629637,0.11578392
0.24183333333333334,-0.18062401,0.078777604
0.24191666666666667,0.3696038,0.02341831
0.242,0.16042012,0.01539892
0.24208333333333334,-0.27922377,0.07110917
0.24216666666666667,-0.0028573922,0.121987246
0.24225,0.43223003,0.033378813
0.24233333333333335,0.15602675,0.0322436
0.24241666666666667,-0.21109284,0.065227084
0.2425,-0.019515924,0.04194726
0.24258333333333335,0.15855476,0.14701164
0.24266666666666667,-0.086374454,0.0016205108
0.24275,-0.28668302,0.12001384
0.24283333333333335,-0.118090644,0.08446231
0.24291666666666667,0.12296696,0.057101026
0.243,0.15184824,0.0038735655
0.24308333333333335,0.0072859284,0.108800076
0.24316666666666667,-0.09240065,0.04364717
0.24325,0.03377359,0.029911878
0.24333333333333335,0.13483608,0.12931563
0.24341666666666667,-0.10079119,0.07134473
0.2435,-0.25293916,0.04410877
0.24358333333333335,0.023359157,0.20379503
0.24366666666666667,0.17841564,0.19587643
0.24375,-0.13289055,0.038208827
0.24383333333333335,-0.30781534,0.11268549
0.24391666666666667,0.05230604,0.06932307
0.244,0.19475777,0.03471581
0.24408333333333335,-0.1599884,0.1039079
0.24416666666666667,-0.19292362,0.1753184
0.24425,0.21642183,0.0027983778
0.24433333333333335,0.22592561,0.0148688955
0.24441666666666667,-0.08289531,0.07856311
0.2445,-0.024815436,0.0954948
0.24458333333333335,0.25552574,0.08102207
0.24466666666666667,0.12831718,0.004308857
0.24475,-0.2789112,0.046529315
0.24483333333333332,-0.18407886,0.15296243
0.24491666666666667,0.267342,0.03133611
0.245,0.15579677,0.09092941
0.24508333333333332,-0.22759907,0.18853498
0.24516666666666667,-0.029728156,0.042729292
0.24525,0.38416338,0.10742025
0.24533333333333332,0.24896885,0.074258626
0.24541666666666667,-0.20058829,0.019045979
0.2455,-0.27798247,0.065511435
0.24558333333333332,0.098260954,0.112488896
0.24566666666666667,0.18762866,0.1975359
0.24575,-0.20662716,0.035262514
0.24583333333333332,-0.3164834,0.13539156
0.24591666666666667,0.064402044,0.17331785
0.246,0.20858817,0.06555079
0.24608333333333332,-0.09470698,0.02960007
0.24616666666666667,-0.27180982,0.09938604
0.24625,-0.0047859736,0.0515158
0.24633333333333332,0.2045141,0.0543449
0.24641666666666667,-0.056188606,0.06174716
0.2465,-0.20676558,0.001521503
0.24658333333333332,0.11932258,0.053473797
0.24666666666666667,0.25202304,0.13262907
0.24675,-0.049652893,0.10260575
0.24683333333333332,-0.13869813,0.04422234
0.24691666666666667,0.018851439,0.24282037
0.247,0.0894076,0.3371975
0.24708333333333332,0.014451827,0.15831074
0.24716666666666667,-0.06353547,0.11459565
0.24725,0.007840661,0.35590994
0.24733333333333332,0.16439578,0.29658923
0.24741666666666667,0.18360369,0.2727754
0.2475,-0.05237796,0.13371554
0.24758333333333332,-0.20869571,0.012560392
0.24766666666666667,-0.02713218,0.04852571
0.24775,0.027783277,0.049314357
0.24783333333333332,-0.26030365,0.059528075
0.24791666666666667,-0.31002653,0.19823492
0.248,0.070582226,0.022247106
0.24808333333333332,0.1875668,0.06383751
0.24816666666666667,-0.08322986,0.07989968
0.24825,-0.039673366,0.0129996715
0.24833333333333332,0.18494204,0.039918188
0.24841666666666667,0.075063646,0.12361076
0.2485,-0.09820163,0.25640565
0.24858333333333332,0.011645532,0.044779453
0.24866666666666667,0.06142919,0.14146382
0.24875,-0.0541065,0.053143427
0.24883333333333332,0.022712596,0.15710552
0.24891666666666667,0.075001,0.12532212
0.249,-0.09719188,0.15358193
0.24908333333333332,-0.17777516,0.1325263
0.24916666666666668,-0.01589742,0.18128155
0.24925,0.019431971,0.36389446
0.24933333333333332,-0.12838905,0.1776736
0.24941666666666668,0.0433897,0.017583027
0.2495,0.26903018,0.35723203
0.24958333333333332,0.082917824,0.0019697684
0.24966666666666668,-0.051180337,0.14075805
0.24975,0.12985337,0.0395724
0.24983333333333332,0.113709696,0.110905915
0.24991666666666668,-0.112046845,0.15306796
0.25,-0.09333824,0.08386107
0.2500833333333333,0.17303315,0.092693366
0.25016666666666665,0.19703902,0.12766318
0.25025,-0.032149695,0.084588625
0.25033333333333335,-0.044242013,0.2869355
0.2504166666666667,0.17607811,0.26423675
0.2505,0.11285523,0.27150425
0.2505833333333333,-0.22243269,0.0700631
0.25066666666666665,-0.2083267,0.11493899
0.25075,0.006469407,0.11700747
0.25083333333333335,0.090285,0.039095923
0.2509166666666667,0.02945651,0.21955058
0.251,0.0044583865,0.21623945
0.2510833333333333,0.027403725,0.04485888
0.25116666666666665,0.030000985,0.13231128
0.25125,0.10753882,0.04139132
0.25133333333333335,0.049006395,0.046260256
0.2514166666666667,-0.08948884,0.021869987
0.2515,-0.01630289,0.031128023
0.2515833333333333,0.20502147,0.06101943
0.25166666666666665,0.08286403,0.0967025
0.25175,-0.1767121,0.21887112
0.25183333333333335,-0.061187927,0.09662536
0.2519166666666667,0.14557536,0.1224681
0.252,-0.05475228,0.00033627788
0.2520833333333333,-0.35822576,0.059217688
0.25216666666666665,-0.15555607,0.029846925
0.25225,0.13082625,0.028541934
0.25233333333333335,0.009318061,0.08229018
0.2524166666666667,-0.05895596,0.24736236
0.2525,0.054384604,0.081206016
0.2525833333333333,0.09252418,0.14215477
0.25266666666666665,0.037433267,0.044735298
0.25275,0.0103671,0.31467864
0.25283333333333335,0.010294888,0.115985975
0.2529166666666667,-0.009753716,0.16359815
0.253,-0.005023051,0.0306411
0.2530833333333333,0.10081791,0.08689566
0.25316666666666665,0.1178942,0.114583105
0.25325,-0.09477695,0.14569996
0.25333333333333335,-0.17081583,0.07266248
0.2534166666666667,-0.024175765,0.040822778
0.2535,0.048440732,0.04919235
0.2535833333333333,-0.08217059,0.21930063
0.25366666666666665,-0.27419764,0.1993763
0.25375,-0.11223852,0.14699046
0.25383333333333336,0.24034663,0.09936024
0.2539166666666667,0.17877667,0.26475385
0.254,-0.17010233,0.18351424
0.2540833333333333,-0.21129113,0.12523712
0.25416666666666665,0.13640325,0.030784918
0.25425,0.24375974,0.22691424
0.25433333333333336,-0.17291942,0.26817316
0.2544166666666667,-0.38594285,0.049235582
0.2545,0.06868832,0.22641788
0.25458333333333333,0.4192464,0.123470634
0.25466666666666665,0.034704268,0.034830995
0.25475,-0.35238075,0.006793378
0.25483333333333336,-0.09566152,0.04847849
0.2549166666666667,0.25691703,0.12793434
0.255,0.041043382,0.19625252
0.25508333333333333,-0.25896978,0.17634824
0.25516666666666665,-0.08194102,0.04058588
0.25525,0.19718346,0.21533209
0.25533333333333336,0.14289781,0.1363015
0.2554166666666667,-0.029030038,0.22969617
0.2555,0.07392333,0.07308323
0.25558333333333333,0.13737085,0.26594537
0.25566666666666665,-0.065196455,0.27640873
0.25575,-0.121866345,0.01545265
0.25583333333333336,0.069159575,0.014525691
0.2559166666666667,0.1508338,0.39715236
0.256,-0.08298389,0.15511
0.25608333333333333,-0.1638164,0.24042724
0.25616666666666665,0.13855614,0.18214877
0.25625,0.25061667,0.09431661
0.25633333333333336,-0.07327733,0.26176348
0.2564166666666667,-0.24344891,0.018476594
0.2565,0.024753183,0.20314726
0.25658333333333333,0.20076405,0.21598284
0.25666666666666665,0.08604115,0.14679609
0.25675,-0.058858413,0.1562864
0.25683333333333336,-0.038417384,0.07082254
0.2569166666666667,0.15543984,0.025149012
0.257,0.13867371,0.040624954
0.25708333333333333,-0.019658191,0.047304157
0.25716666666666665,-0.04581471,0.18125285
0.25725,0.008511714,0.10819966
0.25733333333333336,0.02691366,0.10857827
0.2574166666666667,-0.03450246,0.13653798
0.2575,-0.0057119653,0.08641116
0.25758333333333333,-0.043620538,0.013417253
0.25766666666666665,-0.10404947,0.12383
0.25775,0.012698196,0.21424723
0.25783333333333336,0.03871816,0.012693626
0.2579166666666667,-0.039723825,0.30698022
0.258,-0.03883693,0.08032451
0.25808333333333333,0.09045335,0.18274613
0.25816666666666666,0.16530979,0.22552858
0.25825,0.043235373,0.04783842
0.25833333333333336,-0.039583266,0.21831574
0.2584166666666667,0.0649411,0.027455835
0.2585,0.14068574,0.26237878
0.25858333333333333,-0.11580287,0.008312233
0.25866666666666666,-0.3140688,0.046031613
0.25875,-0.053951327,0.17973433
0.25883333333333336,0.14293253,0.08986548
0.2589166666666667,-0.10469506,0.3161141
0.259,-0.32669732,0.022496583
0.25908333333333333,-0.010229226,0.23034328
0.25916666666666666,0.27917087,0.07991667
0.25925,-0.024971398,0.1983688
0.25933333333333336,-0.29283884,0.25309902
0.2594166666666667,-0.019314682,0.06392707
0.2595,0.27527133,0.14198273
0.25958333333333333,0.02537173,0.3501293
0.25966666666666666,-0.247882,0.16796061
0.25975,0.0069709076,0.24788922
0.25983333333333336,0.22943129,0.06828106
0.2599166666666667,-0.034149237,0.06924564
0.26,-0.22120021,0.12301697
0.26008333333333333,0.032307014,0.22881198
0.26016666666666666,0.17395942,0.21273644
0.26025,-0.05126494,0.05399457
0.26033333333333336,-0.17661889,0.07317362
0.2604166666666667,0.022530103,0.05577503
0.2605,0.11475006,0.121297844
0.26058333333333333,-0.0881084,0.030103393
0.26066666666666666,-0.20856822,0.14880545
0.26075,-0.007671447,0.34506503
0.2608333333333333,0.20346148,0.20688199
0.2609166666666667,0.054993022,0.09984043
0.261,-0.23600808,0.08773372
0.26108333333333333,0.019884512,0.40939462
0.26116666666666666,0.40435565,0.29886484
0.26125,0.13723315,0.21440625
0.2613333333333333,-0.26221523,0.05260376
0.2614166666666667,-0.10858488,0.2937672
0.2615,0.31383884,0.09329075
0.26158333333333333,0.12375776,0.28086707
0.26166666666666666,-0.39742658,0.005664206
0.26175,-0.2284773,0.22145094
0.2618333333333333,0.3008116,0.10050834
0.2619166666666667,0.19909354,0.30429783
0.262,-0.26987368,0.14015219
0.26208333333333333,-0.26617467,0.030967686
0.26216666666666666,0.09750335,0.10535982
0.26225,0.21933621,0.16502975
0.2623333333333333,-0.040845145,0.14870977
0.2624166666666667,-0.1668534,0.06262638
0.2625,0.14946808,0.0061811176
0.26258333333333334,0.26645118,0.077682644
0.26266666666666666,-0.02735215,0.10095825
0.26275,-0.13194923,0.002601356
0.2628333333333333,0.07186626,0.17446616
0.2629166666666667,0.14900266,0.2275599
0.263,-0.015451338,0.13683897
0.26308333333333334,-0.1533137,0.010352785
0.26316666666666666,-0.04448298,0.06835974
0.26325,0.13506857,0.19347458
0.2633333333333333,0.093266144,0.19542438
0.2634166666666667,-0.020900566,0.019377708
0.2635,0.0151597345,0.2383394
0.26358333333333334,0.08743033,0.005917241
0.26366666666666666,0.033098422,0.0050086565
0.26375,-0.061591968,0.01470493
0.2638333333333333,-0.07627581,0.19127631
0.2639166666666667,0.026946638,0.052710425
0.264,0.08218425,0.1003962
0.26408333333333334,-0.026119493,0.005988474
0.26416666666666666,-0.021941232,0.17520806
0.26425,0.0755884,0.15434995
0.2643333333333333,-0.010205882,0.023775103
0.2644166666666667,-0.08017693,0.24581625
0.2645,0.02746563,0.107531875
0.26458333333333334,0.015642896,0.15903756
0.26466666666666666,-0.037355103,0.2619032
0.26475,0.0054636346,0.013325892
0.2648333333333333,-0.0070852595,0.21941371
0.2649166666666667,-0.045945056,0.20769832
0.265,-0.0022384678,0.12711026
0.26508333333333334,0.037715334,0.23332658
0.26516666666666666,-0.05141169,0.07256591
0.26525,-0.10663947,0.010873056
0.2653333333333333,0.038432874,0.24827054
0.2654166666666667,0.13623703,0.2008449
0.2655,0.014388133,0.27607065
0.26558333333333334,-0.04124673,0.09038115
0.26566666666666666,0.028447466,0.04460601
0.26575,-0.013757927,0.017607193
0.2658333333333333,-0.09387426,0.02264552
0.2659166666666667,-0.080751605,0.023221763
0.266,-0.009888328,0.2009223
0.26608333333333334,0.02341484,0.08395324
0.26616666666666666,-0.007262944,0.1761859
0.26625,0.0042593176,0.054325964
0.2663333333333333,0.06475869,0.25700894
0.2664166666666667,0.057997644,0.111107014
0.2665,-0.031005597,0.17515178
0.26658333333333334,-0.073301494,0.26434666
0.26666666666666666,0.030494597,0.0037465503
0.26675,0.038918067,0.24058598
0.2668333333333333,-0.08245424,0.049593367
0.2669166666666667,-0.14515571,0.1245571
0.267,-0.044094495,0.042917892
0.26708333333333334,0.052532252,6.490018e-05
0.26716666666666666,-0.05417051,0.0476713
0.26725,-0.18465354,0.16967034
0.2673333333333333,-0.04915284,0.19327039
0.2674166666666667,0.12120256,0.1101485
0.2675,0.032098,0.16333938
0.26758333333333334,-0.038979057,0.12874639
0.26766666666666666,0.04930869,0.086500145
0.26775,0.11534627,0.12276267
0.2678333333333333,0.030615158,0.119510464
0.2679166666666667,-0.09364874,0.036489345
0.268,0.057772823,0.078634754
0.26808333333333334,0.22213082,0.16996337
0.26816666666666666,-0.0037479154,0.22955868
0.26825,-0.14880085,0.09098076
0.2683333333333333,0.13110155,0.09970448
0.2684166666666667,0.26377243,0.13483922
0.2685,-0.1225157,0.16368334
0.26858333333333334,-0.34548876,0.07006964
0.26866666666666666,-0.016301202,0.075733796
0.26875,0.18258996,0.013523141
0.2688333333333333,-0.09823164,0.18322432
0.2689166666666667,-0.23827957,0.12351393
0.269,0.036749665,0.0025649809
0.26908333333333334,0.2076821,0.19432676
0.26916666666666667,0.033622935,0.020617224
0.26925,-0.111452684,0.043621656
0.2693333333333333,-0.014835107,0.030312506
0.2694166666666667,0.05961133,0.16949914
0.2695,0.005580014,0.09847182
0.26958333333333334,-0.006188792,0.18817897
0.26966666666666667,0.090372756,0.08885168
0.26975,0.1388199,0.046795536
0.2698333333333333,0.1440039,0.10266966
0.2699166666666667,0.057150334,0.070154235
0.27,-0.0736989,0.004095504
0.27008333333333334,-0.11231309,0.20379736
0.27016666666666667,-0.07858776,0.03536495
0.27025,-0.026927084,0.05568933
0.2703333333333333,-0.084101185,0.07722541
0.2704166666666667,-0.026865019,0.23106125
0.2705,0.15008779,0.042165723
0.27058333333333334,0.07559255,0.17435373
0.27066666666666667,-0.15135668,0.03956115
0.27075,-0.02958847,0.121694945
0.2708333333333333,0.26449236,0.11418359
0.27091666666666664,0.106530294,0.05857434
0.271,-0.23273501,0.07849539
0.27108333333333334,-0.091607325,0.047831208
0.27116666666666667,0.35665217,0.030793676
0.27125,0.24530451,0.3397691
0.2713333333333333,-0.26691717,0.27918053
0.27141666666666664,-0.24147514,0.013970134
0.2715,0.14644,0.0036815887
0.27158333333333334,0.18321922,0.19980149
0.27166666666666667,-0.11745164,0.16787301
0.27175,-0.21870698,0.38166678
0.2718333333333333,0.031659395,0.14380583
0.27191666666666664,0.24049617,0.21018884
0.272,0.06766316,0.044729237
0.27208333333333334,-0.19307518,0.0238827
0.27216666666666667,-0.11674805,0.08811403
0.27225,0.05379825,0.41173258
0.2723333333333333,0.054063745,0.10846779
0.27241666666666664,-0.06826121,0.06593713
0.2725,-0.11501337,0.082612365
0.27258333333333334,0.02219551,0.14695573
0.27266666666666667,0.0817286,0.17949578
0.27275,-0.04274499,0.15426317
0.2728333333333333,-0.105315745,0.15576023
0.27291666666666664,-0.021405209,0.12252685
0.273,0.008690785,0.019732652
0.27308333333333334,-0.10991337,0.38319004
0.27316666666666667,-0.13349302,0.18887384
0.27325,0.032293107,0.053369068
0.2733333333333333,0.09714754,0.16871215
0.27341666666666664,-0.062208384,0.1800027
0.2735,-0.04998787,0.05266633
0.27358333333333335,0.201994,0.033399876
0.27366666666666667,0.14489605,0.07584008
0.27375,-0.1492848,0.054289155
0.2738333333333333,-0.09897394,0.07747127
0.27391666666666664,0.15108977,0.06623027
0.274,0.111968316,0.05725026
0.27408333333333335,-0.11531196,0.15910824
0.27416666666666667,-0.0861747,0.01911449
0.27425,0.08534145,0.0011937495
0.2743333333333333,0.037861228,0.15772074
0.27441666666666664,-0.1648235,0.14145553
0.2745,-0.108613685,0.21147573
0.27458333333333335,0.121043846,0.046113037
0.27466666666666667,0.037127174,0.15184863
0.27475,-0.11935631,0.016819939
0.2748333333333333,-0.0046730107,0.06572789
0.27491666666666664,0.12892067,0.038726993
0.275,0.04198813,0.06450085
0.27508333333333335,-0.10309295,0.037568863
0.27516666666666667,-0.094691694,0.18821783
0.27525,0.021839421,0.04422089
0.2753333333333333,0.12290402,0.11435546
0.27541666666666664,0.022703512,0.094222784
0.2755,-0.09783499,0.09107095
0.27558333333333335,0.083055176,0.06314351
0.27566666666666667,0.2112869,0.07653252
0.27575,-0.02549971,0.13706306
0.2758333333333333,-0.24924627,0.057300903
0.27591666666666664,-0.073134415,0.19173473
0.276,0.16378571,0.05880506
0.27608333333333335,-0.01882856,0.016270509
0.27616666666666667,-0.21052536,0.007020753
0.27625,0.051265202,0.013203102
0.2763333333333333,0.30530584,0.00068177585
0.27641666666666664,0.05540572,0.029637495
0.2765,-0.21685979,0.011979736
0.27658333333333335,-0.054656494,0.019763445
0.27666666666666667,0.1583884,0.008299863
0.27675,0.031951737,0.035037976
0.2768333333333333,-0.2647232,0.10193189
0.27691666666666664,-0.14661151,0.04800781
0.277,0.21301556,0.0564552
0.27708333333333335,0.116835214,0.040031925
0.2771666666666667,-0.21424825,0.02229498
0.27725,-0.112920284,0.07854538
0.2773333333333333,0.17840542,0.14700972
0.27741666666666664,0.10861135,0.12466059
0.2775,-0.059730273,0.05133941
0.27758333333333335,0.013065093,0.08240623
0.2776666666666667,0.14510633,0.027676089
0.27775,0.121968664,0.082585804
0.2778333333333333,0.004200052,0.042674817
0.27791666666666665,-0.026818598,0.029241096
0.278,0.037416216,0.009544083
0.27808333333333335,0.05489373,0.043419633
0.2781666666666667,-0.07107467,0.05448529
0.27825,-0.08646955,0.038460344
0.2783333333333333,0.11731228,0.034005806
0.27841666666666665,0.2196243,0.1245808
0.2785,0.04363367,0.13005073
0.27858333333333335,-0.14987856,0.1359757
0.2786666666666667,-0.014757708,0.15264545
0.27875,0.17340785,0.040065005
0.2788333333333333,-0.05966574,0.0298819
0.27891666666666665,-0.31575936,0.17096418
0.279,-0.10190716,0.17921607
0.27908333333333335,0.20697632,0.060834732
0.2791666666666667,0.10001001,0.014100809
0.27925,-0.15472116,0.23247819
0.2793333333333333,-0.07292512,0.13814977
0.27941666666666665,0.16457444,0.007976518
0.2795,0.06589649,0.035715315
0.27958333333333335,-0.24084683,0.1425731
0.2796666666666667,-0.20514156,0.048603345
0.27975,0.07298776,0.04348346
0.2798333333333333,0.03251388,0.0475111
0.27991666666666665,-0.15504736,0.067592815
0.28,-0.11023008,0.016426755
0.28008333333333335,0.082971506,0.019713527
0.2801666666666667,0.07334114,0.07601174
0.28025,-0.14123924,0.059301663
0.2803333333333333,-0.1151446,0.009780469
0.28041666666666665,0.1278023,0.06194556
0.2805,0.15524401,0.09245846
0.28058333333333335,0.020447286,0.05066802
0.2806666666666667,0.009347439,0.008800668
0.28075,0.123123884,0.02869745
0.2808333333333333,0.15406285,0.077714145
0.28091666666666665,-0.068185166,0.06373245
0.281,-0.23663633,0.11928952
0.28108333333333335,-0.048516564,0.024441853
0.2811666666666667,0.14724542,0.021921638
0.28125,-0.052498076,0.1640734
0.2813333333333333,-0.23296699,0.0776843
0.28141666666666665,0.020830479,0.09881218
0.2815,0.25683087,0.075214915
0.28158333333333335,0.031419948,0.046676543
0.2816666666666667,-0.30151096,0.041081935
0.28175,-0.1225277,0.027346596
0.2818333333333333,0.23063122,0.038245272
0.28191666666666665,0.08272392,0.016528398
0.282,-0.19112742,0.037677504
0.28208333333333335,-0.06603379,0.03063164
0.2821666666666667,0.1867095,0.062361594
0.28225,0.1331405,0.06678637
0.2823333333333333,-0.0742588,0.033764303
0.28241666666666665,-0.093538634,0.061511133
0.2825,0.082746245,0.12288716
0.28258333333333335,0.112248614,0.13319561
0.2826666666666667,-0.006537116,0.05944903
0.28275,-0.016080065,0.05007481
0.2828333333333333,0.043985825,0.08055299
0.28291666666666665,0.09900373,0.07116164
0.283,0.0629867,0.06986974
0.28308333333333335,-0.08213971,0.011360508
0.2831666666666667,-0.10838956,0.014990069
0.28325,0.08663168,0.05994504
0.2833333333333333,0.12351444,0.078677535
0.28341666666666665,-0.01841693,0.025082884
0.2835,-0.015046171,0.09030286
0.28358333333333335,0.1071382,0.013612813
0.2836666666666667,0.1585611,0.08248975
0.28375,0.004981146,0.13745445
0.2838333333333333,-0.18922728,0.019781115
0.28391666666666665,-0.15992016,0.048280578
0.284,0.014976312,0.051041286
0.28408333333333335,0.004474964,0.033065025
0.2841666666666667,-0.09923884,0.04551449
0.28425,0.06105019,0.06376342
0.2843333333333333,0.17972068,0.049717933
0.28441666666666665,0.01967269,0.0021323082
0.2845,-0.06957489,0.014524403
0.28458333333333335,0.08196939,0.061374847
0.2846666666666667,0.093135275,0.05155088
0.28475,-0.17313874,0.049283713
0.2848333333333333,-0.17854044,0.028679654
0.28491666666666665,0.19415249,0.06097131
0.285,0.25337422,0.10991783
0.28508333333333336,-0.18690017,0.0679288
0.2851666666666667,-0.29457238,0.016991746
0.28525,0.10961565,0.0019538784
0.2853333333333333,0.2070676,0.028723622
0.28541666666666665,-0.20229313,0.046346992
0.2855,-0.3280448,0.17244181
0.28558333333333336,0.06036664,0.051094115
0.2856666666666667,0.31106958,0.11899036
0.28575,0.093739174,0.0962297
0.28583333333333333,-0.13827777,0.10786247
0.28591666666666665,-0.019619599,0.058665626
0.286,0.13296479,0.090171345
0.28608333333333336,0.0575781,0.13216838
0.2861666666666667,-0.073522426,0.0073815426
0.28625,-0.053939488,0.17091422
0.28633333333333333,0.091406465,0.08938101
0.28641666666666665,0.14572924,0.17299432
0.2865,-0.012283259,0.04357667
0.28658333333333336,-0.1511861,0.1422705
0.2866666666666667,-0.053025782,0.16164653
0.28675,0.01545452,0.06293063
0.28683333333333333,-0.14453265,0.022215365
0.28691666666666665,-0.22280864,0.24706325
0.287,-0.02981695,0.16597493
0.28708333333333336,0.1364945,0.12500039
0.2871666666666667,-0.051408924,0.09734715
0.28725,-0.12706575,0.048860766
0.28733333333333333,0.14386787,0.092894435
0.28741666666666665,0.13485728,0.11145597
0.2875,-0.21264404,0.052441504
0.28758333333333336,-0.13782379,0.17353122
0.2876666666666667,0.1805078,0.20300965
0.28775,0.03707384,0.12239526
0.28783333333333333,-0.19277903,0.10101234
0.28791666666666665,-0.0034333307,0.17405432
0.288,0.16920133,0.14395446
0.28808333333333336,-0.03010068,0.11623979
0.2881666666666667,-0.16964382,0.0060098134
0.28825,-0.030372133,0.085735574
0.28833333333333333,0.13190337,0.16098541
0.28841666666666665,0.07045935,0.1091781
0.2885,-0.08268227,0.0686323
0.28858333333333336,-0.006484722,0.18846956
0.2886666666666667,0.16407278,0.19890268
0.28875,0.19736515,0.1069669
0.28883333333333333,-0.010558807,0.053553622
0.28891666666666665,-0.15522012,0.15832278
0.289,0.065447226,0.2507631
0.28908333333333336,0.24815531,0.05710677
0.2891666666666667,-0.032303557,0.031187346
0.28925,-0.2441594,0.30455375
0.28933333333333333,0.06934244,0.19650134
0.28941666666666666,0.29319736,0.24446765
0.2895,0.0392772,0.18788807
0.28958333333333336,-0.20749466,0.08598288
0.2896666666666667,-0.11800589,0.07143135
0.28975,0.099340506,0.012972006
0.28983333333333333,0.02782058,0.0067394543
0.28991666666666666,-0.1659506,0.13477263
0.29,-0.046228386,0.11778338
0.29008333333333336,0.18932936,0.07760242
0.2901666666666667,0.1590256,0.050311826
0.29025,0.016571058,0.023181122
0.29033333333333333,0.029633664,0.1170385
0.29041666666666666,0.16229077,0.14193553
0.2905,0.11199512,0.16782454
0.29058333333333336,-0.08160428,0.039655197
0.2906666666666667,-0.055377387,0.046425752
0.29075,0.1219112,0.108512595
0.29083333333333333,0.03546274,0.19579948
0.29091666666666666,-0.22569823,0.102544986
0.291,-0.16383423,0.057457376
0.29108333333333336,0.07330794,0.12120019
0.2911666666666667,0.036641534,0.09486697
0.29125,-0.10944085,0.2535663
0.29133333333333333,-0.04270556,0.17906353
0.29141666666666666,0.11459138,0.095606446
0.2915,0.08045333,0.113606766
0.29158333333333336,-0.01160835,0.1684957
0.2916666666666667,0.008116876,0.05753894
0.29175,-0.020124052,0.10254233
0.29183333333333333,-0.10460923,0.060557127
0.29191666666666666,-0.08879533,0.012967923
0.292,0.054728705,0.04840087
0.2920833333333333,0.063555144,0.027255936
0.2921666666666667,-0.052067123,0.015230425
0.29225,-0.07356521,0.0009824156
0.29233333333333333,-0.021006124,0.06481854
0.29241666666666666,0.023993535,0.20715238
0.2925,-0.002220063,0.049886268
0.2925833333333333,-0.1159842,0.04364218
0.2926666666666667,-0.23912482,0.060476843
0.29275,-0.110653386,0.06622675
0.29283333333333333,0.14804782,0.14983238
0.29291666666666666,0.030559368,0.10540756
0.293,-0.24534212,0.009236107
0.2930833333333333,-0.10335616,0.20218156
0.2931666666666667,0.25091034,0.05827624
0.29325,0.1344732,0.070589155
0.29333333333333333,-0.20570843,0.013090801
0.29341666666666666,-0.10028397,0.049148012
0.2935,0.16052112,0.11323322
0.2935833333333333,0.085208535,0.04637169
0.2936666666666667,-0.11715531,0.03162353
0.29375,-0.092456296,0.027661992
0.29383333333333334,0.06124788,0.07326883
0.29391666666666666,0.052478164,0.09192824
0.294,-0.07115185,0.0028063604
0.2940833333333333,-0.05700726,0.07890342
0.2941666666666667,0.14693736,0.069069915
0.29425,0.20550664,0.059068456
0.29433333333333334,0.028482083,0.06711274
0.29441666666666666,-0.020531023,0.15740585
0.2945,0.092903055,0.2161527
0.2945833333333333,0.15631163,0.038847286
0.2946666666666667,-0.009513774,0.025048045
0.29475,-0.20963775,0.06285339
0.29483333333333334,-0.041929934,0.05714972
0.29491666666666666,0.1983665,0.02534322
0.295,0.041758556,0.039445523
0.2950833333333333,-0.22721303,0.15123746
0.2951666666666667,-0.041766573,0.0720164
0.29525,0.29538622,0.17751327
0.29533333333333334,0.11946903,0.06166002
0.29541666666666666,-0.2678199,0.12731569
0.2955,-0.18580121,0.16077901
0.2955833333333333,0.23150389,0.08407293
0.2956666666666667,0.18819296,0.05636449
0.29575,-0.17237806,0.027467025
0.29583333333333334,-0.13872764,0.018074814
0.29591666666666666,0.17696737,0.03898091
0.296,0.25597537,0.041347086
0.2960833333333333,-0.114313014,0.13241962
0.2961666666666667,-0.29902124,0.1315485
0.29625,0.05979793,0.18755378
0.29633333333333334,0.24678843,0.023175681
0.29641666666666666,-0.05795392,0.030969907
0.2965,-0.22911213,0.010722508
0.2965833333333333,0.0051237224,0.042805012
0.2966666666666667,0.1339611,0.11863187
0.29675,0.03711216,0.077302694
0.29683333333333334,-0.052492272,0.16489461
0.29691666666666666,-0.06510255,0.1612898
0.297,0.054361917,0.09577451
0.2970833333333333,0.11075538,0.021662759
0.2971666666666667,0.011745888,0.07546562
0.29725,-0.07091837,0.0052316794
0.29733333333333334,0.040183507,0.121357545
0.29741666666666666,0.11748197,0.04657139
0.2975,-0.054742973,0.0071554543
0.2975833333333333,-0.17075337,0.27588215
0.2976666666666667,0.020380259,0.005426627
0.29775,0.15927267,0.1462449
0.29783333333333334,-0.13862863,0.13034824
0.29791666666666666,-0.3149941,0.1089207
0.298,0.0844863,0.26228172
0.2980833333333333,0.22029832,0.007946754
0.2981666666666667,-0.18271394,0.084454045
0.29825,-0.24968983,0.29055485
0.29833333333333334,0.1103754,0.3372797
0.29841666666666666,0.20088878,0.027860964
0.2985,-0.08004822,0.1545634
0.2985833333333333,-0.1130487,0.0978541
0.2986666666666667,0.14116178,0.019680569
0.29875,0.16179799,0.21828133
0.29883333333333334,-0.013672509,0.10148942
0.29891666666666666,-0.04470751,0.050600123
0.299,-0.032994147,0.12343442
0.2990833333333333,-0.071338385,0.089459345
0.2991666666666667,0.0034379272,0.19369228
0.29925,0.018101104,0.1933522
0.29933333333333334,-0.09588906,0.1847749
0.29941666666666666,-0.11185252,0.115903355
0.2995,0.03887083,0.05657743
0.2995833333333333,0.13529664,0.09312139
0.2996666666666667,-0.01708284,0.098380424
0.29975,-0.17978662,0.013476459
0.29983333333333334,-0.08264106,0.0910942
0.29991666666666666,0.19388145,0.22911368
0.3,0.15960258,0.033077866
0.3000833333333333,-0.16450453,0.0043636747
0.3001666666666667,-0.076981276,0.048628286
0.30025,0.27333555,0.07822422
0.30033333333333334,0.22303598,0.024636999
0.30041666666666667,-0.16564426,0.21752864
0.3005,-0.20080209,0.20168608
0.3005833333333333,0.08945866,0.22510654
0.3006666666666667,0.18492267,0.05313013
0.30075,-0.026592508,0.044311743
0.30083333333333334,-0.13841487,0.011262111
0.30091666666666667,0.020010153,0.019695247
0.301,0.07636689,0.03282736
0.3010833333333333,-0.012158595,0.002275369
0.3011666666666667,-0.06342956,0.008648463
0.30125,-0.020769892,0.13263126
0.30133333333333334,0.08046691,0.20893794
0.30141666666666667,0.058342982,0.053934686
0.3015,-0.016583387,0.12696405
0.3015833333333333,0.021872874,0.13526294
0.3016666666666667,0.09682831,0.029452432
0.30175,-0.003529763,0.10481471
0.30183333333333334,-0.14933978,0.17171678
0.30191666666666667,-0.048969083,0.023967983
0.302,0.0981261,0.11502427
0.3020833333333333,-0.012160735,0.13042292
0.30216666666666664,-0.17409606,0.08672151
0.30225,0.013453164,0.009850489
0.30233333333333334,0.20206343,0.07217217
0.30241666666666667,0.026977649,0.18189965
0.3025,-0.15207006,0.14281718
0.3025833333333333,-0.039861597,0.14386004
0.30266666666666664,0.14352594,0.063471965
0.30275,-0.011324172,0.1220931
0.30283333333333334,-0.19052848,0.008956729
0.30291666666666667,0.057619873,0.10627947
0.303,0.27409828,0.055423222
0.3030833333333333,0.04367503,0.08544908
0.30316666666666664,-0.16384874,0.047187485
0.30325,0.012567067,0.0067713307
0.30333333333333334,0.1243684,0.12202111
0.30341666666666667,-0.04345708,0.017151674
0.3035,-0.104136266,0.03677697
0.3035833333333333,-0.03513108,0.00010834233
0.30366666666666664,-0.057665862,0.029342243
0.30375,-0.04256125,0.023761105
0.30383333333333334,0.096915826,0.026328225
0.30391666666666667,0.037190255,0.10976425
0.304,-0.15257546,0.13443542
0.3040833333333333,-0.069041476,0.114461526
0.30416666666666664,0.17637214,0.07376442
0.30425,0.1238074,0.118779115
0.30433333333333334,-0.12314665,0.06742957
0.30441666666666667,-0.05118744,0.23988633
0.3045,0.17652963,0.05925373
0.3045833333333333,0.13696486,0.0788043
0.30466666666666664,-0.0812786,0.09385297
0.30475,-0.14171492,0.05738009
0.30483333333333335,0.0011155576,0.04226593
0.30491666666666667,0.069800176,0.045383684
0.305,-0.032359194,0.027804703
0.3050833333333333,-0.09970056,0.14682205
0.30516666666666664,-0.0005485875,0.17912416
0.30525,0.111269444,0.18185973
0.30533333333333335,0.012013843,0.23726733
0.30541666666666667,-0.14719371,0.064291276
0.3055,-0.14014271,0.15773036
0.3055833333333333,0.013491301,0.15550788
0.30566666666666664,0.05447938,0.27786317
0.30575,-0.08516677,0.08728168
0.30583333333333335,-0.18514763,0.1520445
0.30591666666666667,0.05577709,0.3111697
0.306,0.2706568,0.20258684
0.3060833333333333,-0.01195705,0.1245457
0.30616666666666664,-0.25202966,0.11030501
0.30625,0.03335274,0.0033549068
0.30633333333333335,0.2464274,0.13822477
0.30641666666666667,-0.12966977,0.20308407
0.3065,-0.29347458,0.15649961
0.3065833333333333,0.1694289,0.10805344
0.30666666666666664,0.31617656,0.0389885
0.30675,-0.11466755,0.077003084
0.30683333333333335,-0.13549955,0.12700371
0.30691666666666667,0.28971243,0.048969194
0.307,0.1566134,0.09502867
0.3070833333333333,-0.20896398,0.22176749
0.30716666666666664,-0.064459115,0.08037989
0.30725,0.16053444,0.033683233
0.30733333333333335,0.048629925,0.07168484
0.30741666666666667,-0.07319106,0.098257236
0.3075,-0.015595831,0.09862047
0.3075833333333333,-0.0010321438,0.1258603
0.30766666666666664,-0.03945028,0.0814533
0.30775,-0.009059308,0.07499148
0.30783333333333335,-0.009467112,0.024079839
0.30791666666666667,-0.023128793,0.26634705
0.308,0.091017775,0.24803673
0.3080833333333333,0.13564019,0.0005073927
0.30816666666666664,-0.06196099,0.06954024
0.30825,-0.11121147,0.33341122
0.30833333333333335,0.12645014,0.2377222
0.3084166666666667,0.09424905,0.09801172
0.3085,-0.21537429,0.08569995
0.3085833333333333,-0.16256107,0.050314788
0.30866666666666664,0.21616006,0.09351462
0.30875,0.26385823,0.09674257
0.30883333333333335,-0.07331868,0.08947651
0.3089166666666667,-0.15424521,0.099686176
0.309,0.079362705,0.028701862
0.3090833333333333,0.12529038,0.06726541
0.30916666666666665,-0.13364586,0.021937069
0.30925,-0.27482125,0.08789816
0.30933333333333335,-0.040970095,0.033973157
0.3094166666666667,0.13095985,0.064818375
0.3095,0.07826653,0.09702659
0.3095833333333333,0.04281805,0.09346616
0.30966666666666665,0.038479544,0.004243777
0.30975,0.07035505,0.0012097408
0.30983333333333335,0.14396955,0.06759842
0.3099166666666667,0.08504385,0.063658096
0.31,-0.13156322,0.093665496
0.3100833333333333,-0.22960454,0.02575558
0.31016666666666665,0.0009526948,0.05737063
0.31025,0.19332127,0.04262251
0.31033333333333335,-0.06625298,0.10610478
0.3104166666666667,-0.3387587,0.0487457
0.3105,-0.12369872,0.014493179
0.3105833333333333,0.20200343,0.113142036
0.31066666666666665,0.040724322,0.01604944
0.31075,-0.2628158,0.017396081
0.31083333333333335,-0.09518991,0.014362702
0.3109166666666667,0.27349094,0.012221441
0.311,0.19063266,0.019488934
0.3110833333333333,-0.21180674,0.10905013
0.31116666666666665,-0.16927317,0.030167393
0.31125,0.16271761,0.022130128
0.31133333333333335,0.070036866,0.05951631
0.3114166666666667,-0.26256034,1.1908131e-05
0.3115,-0.12774713,0.08033277
0.3115833333333333,0.187111,0.023031853
0.31166666666666665,0.1727474,0.07098835
0.31175,0.12138541,0.028743738
0.31183333333333335,0.08215604,0.08546064
0.3119166666666667,-0.052272715,0.01888335
0.312,-0.047239564,0.009565801
0.3120833333333333,0.0983095,0.050657842
0.31216666666666665,-0.008561889,0.009236921
0.31225,-0.27336457,0.06946117
0.31233333333333335,-0.080863096,0.020930013
0.3124166666666667,0.30651638,0.034639504
0.3125,0.17605914,0.09139046
0.3125833333333333,-0.1460451,0.06001113
0.31266666666666665,-0.020078542,0.0723918
0.31275,0.18827006,0.05169235
0.31283333333333335,-0.02294109,0.02994814
0.3129166666666667,-0.16095726,0.089500666
0.313,-0.061451346,0.037895508
0.3130833333333333,-0.08399593,0.0054243854
0.31316666666666665,-0.0065694684,0.03243698
0.31325,0.117878474,0.039254352
0.31333333333333335,-0.07087728,0.007896126
0.3134166666666667,-0.23199528,0.023954716
0.3135,0.01191617,0.02606492
0.3135833333333333,0.172672,0.0742989
0.31366666666666665,-0.061839662,0.017793491
0.31375,-0.1739863,0.08190837
0.31383333333333335,0.095460005,0.051580608
0.3139166666666667,0.29186606,0.032993827
0.314,0.06447221,0.012453401
0.3140833333333333,-0.106545955,0.00387111
0.31416666666666665,0.07469763,0.062479798
0.31425,0.12597199,0.0119207185
0.31433333333333335,-0.05908859,0.11357918
0.3144166666666667,-0.09194789,0.012491545
0.3145,0.061202917,0.01868379
0.3145833333333333,0.116088726,0.21537584
0.31466666666666665,0.038648363,0.13111447
0.31475,-0.061470356,0.019382011
0.31483333333333335,0.015300896,0.036286805
0.3149166666666667,0.16288763,0.039846852
0.315,-0.0010656518,0.018563246
0.3150833333333333,-0.26318878,0.10706949
0.31516666666666665,-0.14861263,0.073048584
0.31525,0.18272127,0.102271564
0.31533333333333335,0.1846056,0.05732743
0.3154166666666667,-0.15866931,0.10214289
0.3155,-0.21702555,0.02161786
0.3155833333333333,0.11680259,0.02419915
0.31566666666666665,0.18134195,0.0616487
0.31575,-0.15412727,0.011241465
0.31583333333333335,-0.2539705,0.04283316
0.3159166666666667,0.019699356,0.12796953
0.316,0.20764562,0.16004917
0.3160833333333333,0.09856296,0.15800941
0.31616666666666665,-0.11777326,0.06762239
0.31625,-0.08950268,0.030188115
0.31633333333333336,0.16535953,0.03133616
0.3164166666666667,0.10961496,0.08047402
0.3165,-0.17781328,0.09123773
0.3165833333333333,-0.09706049,0.0071316976
0.31666666666666665,0.21650833,0.10455
0.31675,0.16590266,0.118631855
0.31683333333333336,-0.10690268,0.097695544
0.3169166666666667,-0.041362613,0.007502218
0.317,0.17457327,0.07182031
0.31708333333333333,0.05434745,0.05224622
0.31716666666666665,-0.18367219,0.05044271
0.31725,-0.13262898,0.07023592
0.31733333333333336,0.027331775,0.06996722
0.3174166666666667,-0.036858108,0.0025629622
0.3175,-0.11119476,0.05008998
0.31758333333333333,0.04133449,0.06573853
0.31766666666666665,0.12603083,0.047668077
0.31775,-0.03921163,0.09140811
0.31783333333333336,-0.12613876,0.024095144
0.3179166666666667,-0.0104755545,0.021594964
0.318,0.08431195,0.00024108784
0.31808333333333333,0.017344108,0.0026969886
0.31816666666666665,-0.032407425,0.008195254
0.31825,0.02690083,0.018259643
0.31833333333333336,0.13551874,0.045997255
0.3184166666666667,0.11192985,0.05493617
0.3185,-0.07065896,0.008846834
0.31858333333333333,-0.20774786,0.018871667
0.31866666666666665,-0.1099767,0.018471658
0.31875,0.0368604,0.057121128
0.31883333333333336,-0.07945571,0.060455456
0.3189166666666667,-0.23857826,0.112888366
0.319,-0.073417105,0.14954807
0.31908333333333333,0.21604238,0.18299186
0.31916666666666665,0.1406215,0.0039879982
0.31925,-0.13634253,0.10709752
0.31933333333333336,-0.08805954,0.18450567
0.3194166666666667,0.14614166,0.08481725
0.3195,0.12230769,0.072078824
0.31958333333333333,0.013616285,0.03959412
0.31966666666666665,0.069625124,0.04283369
0.31975,0.062622435,0.13939023
0.31983333333333336,0.016367141,0.10965064
0.3199166666666667,0.09893928,0.07140748
0.32,0.010434323,0.1397608
0.32008333333333333,-0.27646178,0.069266796
0.32016666666666665,-0.15308775,0.075206056
0.32025,0.23130967,0.029507406
0.32033333333333336,0.12567459,0.044993006
0.3204166666666667,-0.22470295,0.14241019
0.3205,-0.0643092,0.19583707
0.32058333333333333,0.25284165,0.06326804
0.32066666666666666,0.04742597,0.09467189
0.32075,-0.19057502,0.15931883
0.32083333333333336,-0.029140254,0.13260505
0.3209166666666667,0.019583229,0.04259477
0.321,-0.047899436,0.16157769
0.32108333333333333,0.13257658,0.11592321
0.32116666666666666,0.19953972,0.041853588
0.32125,-0.025643237,0.4000604
0.32133333333333336,-0.019146765,0.09216275
0.3214166666666667,0.15953669,0.25638855
0.3215,-0.0017966768,0.029330552
0.32158333333333333,-0.21741703,0.22202113
0.32166666666666666,-0.104391895,0.27876565
0.32175,0.056407068,0.0026236929
0.32183333333333336,0.095583074,0.017347049
0.3219166666666667,0.051325552,0.17092705
0.322,-0.01286171,0.15716498
0.32208333333333333,-0.039205883,0.14143191
0.32216666666666666,0.030970816,0.15402524
0.32225,0.09180324,0.18464516
0.32233333333333336,-0.016927622,0.15767176
0.3224166666666667,-0.081239745,0.0796764
0.3225,0.050786573,0.028883195
0.32258333333333333,0.1473701,0.16069941
0.32266666666666666,0.017268462,0.15052205
0.32275,-0.046377987,0.1000714
0.32283333333333336,0.056629427,0.038566187
0.3229166666666667,-0.021643154,0.17409961
0.323,-0.20652117,0.18951067
0.32308333333333333,-0.057871558,0.093487956
0.32316666666666666,0.049077768,0.088810824
0.32325,-0.11352983,0.38051778
0.3233333333333333,-0.039115872,0.29539523
0.3234166666666667,0.18958187,0.23189105
0.3235,0.06329114,0.16693684
0.32358333333333333,-0.15808834,0.08562827
0.32366666666666666,0.0038614948,0.21351038
0.32375,0.1736613,0.05075047
0.3238333333333333,-0.0537348,0.017484367
0.3239166666666667,-0.18860282,0.17705782
0.324,0.0972529,0.02718321
0.32408333333333333,0.21887074,0.11915912
0.32416666666666666,-0.08765432,0.11147945
0.32425,-0.19261186,0.10573839
0.3243333333333333,-0.017050637,0.0647078
0.3244166666666667,0.05657341,0.021081267
0.3245,0.027390262,0.19067927
0.32458333333333333,-0.05346899,0.095760085
0.32466666666666666,-0.159997,0.24857342
0.32475,-0.06901395,0.067894824
0.3248333333333333,0.20979656,0.10363685
0.3249166666666667,0.1688966,0.16727716
0.325,-0.17143276,0.12705433
0.32508333333333334,-0.21655962,0.00021640901
0.32516666666666666,0.0745026,0.15671653
0.32525,0.20528294,0.1879944
0.3253333333333333,-0.01812088,0.017829876
0.3254166666666667,-0.16159321,0.02408803
0.3255,0.009453567,0.021778125
0.32558333333333334,0.1630866,0.09118614
0.32566666666666666,0.12418478,0.1527039
0.32575,-0.050036807,0.09033012
0.3258333333333333,-0.24056049,0.22704454
0.3259166666666667,-0.1495444,0.0056983363
0.326,0.115349345,0.07943255
0.32608333333333334,0.08467909,0.14456378
0.32616666666666666,-0.23428024,0.1532745
0.32625,-0.26054174,0.07433819
0.3263333333333333,0.13270605,0.14006437
0.3264166666666667,0.198712,0.03687203
0.3265,-0.1593285,0.0010282864
0.32658333333333334,-0.20241138,0.253163
0.32666666666666666,0.1877179,0.26051968
0.32675,0.2465148,0.0077187135
0.3268333333333333,-0.08895463,0.22544661
0.3269166666666667,-0.06587403,0.20808049
0.327,0.16315292,0.069344215
0.32708333333333334,0.05752429,0.045964073
0.32716666666666666,-0.13136123,0.15286186
0.32725,0.039985843,0.015118392
0.3273333333333333,0.21169868,0.061521925
0.3274166666666667,0.00807458,0.062160455
0.3275,-0.118008666,0.050081197
0.32758333333333334,0.14150442,0.021406403
0.32766666666666666,0.3554299,0.13637634
0.32775,0.10522458,0.0018846818
0.3278333333333333,-0.15110189,0.07018772
0.3279166666666667,-0.0068037254,0.105636016
0.328,0.19088365,0.08901612
0.32808333333333334,0.073774174,0.0015959848
0.32816666666666666,-0.2141314,0.04452576
0.32825,-0.23022628,0.06431844
0.3283333333333333,0.049016893,0.13281244
0.3284166666666667,0.19267093,0.06351066
0.3285,-0.14136124,0.12154933
0.32858333333333334,-0.3613811,0.16535494
0.32866666666666666,-0.011235075,0.03354805
0.32875,0.2087388,0.09863414
0.3288333333333333,-0.06915013,0.08736525
0.3289166666666667,-0.24156009,0.054589637
0.329,0.10348974,0.15478611
0.32908333333333334,0.3432706,0.037350826
0.32916666666666666,0.036825616,0.1302369
0.32925,-0.26701358,0.022073666
0.3293333333333333,0.006753136,0.008954896
0.3294166666666667,0.26264054,0.14485455
0.3295,-0.04715523,0.10750916
0.32958333333333334,-0.28173655,0.20342991
0.32966666666666666,-0.0034261257,0.058497258
0.32975,0.2557497,0.07647315
0.3298333333333333,0.029157551,0.09376699
0.3299166666666667,-0.16127695,0.13268684
0.33,0.03976505,0.087098405
0.33008333333333334,0.17595865,0.058742277
0.33016666666666666,-0.045051612,0.038939506
0.33025,-0.2326542,0.19696966
0.3303333333333333,-0.05224371,0.07892032
0.3304166666666667,0.09124574,0.04241342
0.3305,-0.09081021,0.13608147
0.33058333333333334,-0.13887188,0.009716382
0.33066666666666666,0.13835834,0.020923166
0.33075,0.17266156,0.08390511
0.3308333333333333,-0.1420248,0.024157245
0.3309166666666667,-0.17488952,0.017018443
0.331,0.15400101,0.076796435
0.33108333333333334,0.21257296,0.0010947342
0.33116666666666666,-0.19466184,0.040916484
0.33125,-0.3361573,0.03148253
0.3313333333333333,0.09496497,0.007053628
0.3314166666666667,0.27176768,0.023223197
0.3315,-0.1659983,0.12006569
0.33158333333333334,-0.398954,0.067894734
0.33166666666666667,0.022666944,0.14686786
0.33175,0.3634295,0.117778614
0.3318333333333333,0.024637004,0.048932318
0.3319166666666667,-0.33856368,0.16678102
0.332,0.025529202,0.11570187
0.33208333333333334,0.4281491,0.0086799795
0.33216666666666667,0.08096958,0.0012689524
0.33225,-0.35558176,0.1678465
0.3323333333333333,-0.16224003,0.1992201
0.3324166666666667,0.2776758,0.013837269
0.3325,0.17102715,0.10225022
0.33258333333333334,-0.26446784,0.19044842
0.33266666666666667,-0.23798975,0.06003774
0.33275,0.21502692,0.04945693
0.3328333333333333,0.24337523,0.1088479
0.3329166666666667,-0.13716032,0.039201226
0.333,-0.14150973,0.076996535
0.33308333333333334,0.1695297,0.03372933
0.33316666666666667,0.19864544,0.020732407
0.33325,-0.06754275,0.021360187
0.3333333333333333,-0.17176338,0.027198846
0.33341666666666664,0.087039106,0.026569199
0.3335,0.18524313,0.06365867
0.33358333333333334,-0.03713804,0.034082487
0.33366666666666667,-0.1113454,0.13865198
0.33375,0.043697633,0.12692265
0.3338333333333333,0.08700979,0.13841397
0.33391666666666664,-0.008497524,0.20558421
0.334,-0.07361806,0.076283395
0.33408333333333334,0.041904878,0.018537287
0.33416666666666667,0.19470303,0.08754521
0.33425,0.034062106,0.055195577
0.3343333333333333,-0.16561265,0.022152273
0.33441666666666664,-0.015687453,0.052303035
0.3345,0.16015218,0.030995285
0.33458333333333334,0.05782872,0.119799405
0.33466666666666667,-0.17148213,0.097113356
0.33475,-0.06450177,0.045731023
0.3348333333333333,0.20450425,0.02746431
0.33491666666666664,0.09603092,0.084848516
0.335,-0.1673512,0.056954414
0.33508333333333334,-0.08609042,0.032807108
0.33516666666666667,0.11452669,0.030346045
0.33525,0.016162194,0.009138941
0.3353333333333333,-0.110555306,0.084446765
0.33541666666666664,-0.049131937,0.005142122
0.3355,0.016844228,0.05456806
0.33558333333333334,0.031683598,0.113960646
0.33566666666666667,-0.008382251,0.032418348
0.33575,-0.06952755,0.10794253
0.3358333333333333,-0.06470196,0.046109833
0.33591666666666664,0.030827845,0.0045693093
0.336,-0.035291977,0.06420904
0.33608333333333335,-0.1393319,0.035995252
0.33616666666666667,0.065881304,0.071418434
0.33625,0.18346025,0.0026520803
0.3363333333333333,-0.020050885,0.08826399
0.33641666666666664,-0.12569377,0.008374758
0.3365,0.07017799,0.022445502
0.33658333333333335,0.11811419,0.03935408
0.33666666666666667,-0.22645512,0.057018287
0.33675,-0.2932452,0.16627127
0.3368333333333333,0.070487395,0.019222256
0.33691666666666664,0.15929571,0.08932013
0.337,-0.17515856,0.05159069
0.33708333333333335,-0.18610051,0.14984351
0.33716666666666667,0.18690665,0.15008178
0.33725,0.20754285,0.088743955
0.3373333333333333,-0.11421907,0.15640225
0.33741666666666664,-0.13718481,0.1257083
0.3375,0.14332746,0.033008687
0.33758333333333335,0.14898287,0.24728222
0.33766666666666667,-0.10278325,0.16342716
0.33775,-0.06706716,0.033914343
0.3378333333333333,0.12899153,0.037361756
0.33791666666666664,0.057662886,0.20312995
0.338,-0.10096763,0.12117274
0.33808333333333335,-0.054459292,0.0635241
0.33816666666666667,-0.001001395,0.13618879
0.33825,-0.020629065,0.10165261
0.3383333333333333,-0.0012211745,0.094691455
0.33841666666666664,-0.025146011,0.07288905
0.3385,-0.03321305,0.018751604
0.33858333333333335,0.077248424,0.016342385
0.33866666666666667,0.11467947,0.03185933
0.33875,-0.058132634,0.05209355
0.3388333333333333,-0.111763164,0.026581865
0.33891666666666664,0.054143794,0.0032993942
0.339,0.02526199,0.0024560736
0.33908333333333335,-0.11070006,0.11570552
0.33916666666666667,0.08588221,0.043910082
0.33925,0.2510601,0.033363502
0.3393333333333333,-0.09889687,0.051947128
0.33941666666666664,-0.2452187,0.06352505
0.3395,0.22724053,0.030772256
0.33958333333333335,0.2878944,0.049318586
0.3396666666666667,-0.2981308,0.045347482
0.33975,-0.3409666,0.07125797
0.3398333333333333,0.23024684,0.018762255
0.33991666666666664,0.30259025,0.12675968
0.34,-0.14084971,0.10284198
0.34008333333333335,-0.2758731,0.009487389
0.3401666666666667,-0.026773168,0.015698522
0.34025,0.17458975,0.06549434
0.3403333333333333,0.11285603,0.088293046
0.34041666666666665,-0.059070177,0.02323623
0.3405,-0.15484726,0.015228767
0.34058333333333335,0.05706593,0.072354436
0.3406666666666667,0.36735463,0.06588624
0.34075,0.16741197,0.06426116
0.3408333333333333,-0.3065314,0.03982359
0.34091666666666665,-0.22263671,0.050041217
0.341,0.25318277,0.047939543
0.34108333333333335,0.18226282,0.06451779
0.3411666666666667,-0.28571194,0.06400786
0.34125,-0.18011278,0.00923331
