time_s,signal,absolute_gradient
0.0,-0.48819384,0.06295585
8.333333333333333e-05,-0.62137234,0.023974517
0.00016666666666666666,0.09886108,0.016369844
0.00025,0.6107934,0.052448496
0.0003333333333333333,0.16257644,0.009245521
0.0004166666666666667,-0.58475214,0.02331752
0.0005,-0.54541874,0.02356192
0.0005833333333333334,0.22214822,0.006394715
0.0006666666666666666,0.5808612,0.013808449
0.00075,-0.032037113,0.019360451
0.0008333333333333334,-0.65878457,0.02637172
0.0009166666666666666,-0.3501157,0.03359515
0.001,0.45997864,0.0059705204
0.0010833333333333333,0.5611455,0.015954724
0.0011666666666666668,-0.17267168,0.037195984
0.00125,-0.57342166,0.07304616
0.0013333333333333333,-0.08891864,0.0943632
0.0014166666666666668,0.53159267,0.005625996
0.0015,0.3999915,0.014937643
0.0015833333333333333,-0.22131157,0.08148161
0.0016666666666666668,-0.38980615,0.07374941
0.00175,0.043574385,0.02494377
0.0018333333333333333,0.35228246,0.04073374
0.0019166666666666666,0.16929169,0.09024161
0.002,-0.1463211,0.053727947
0.0020833333333333333,-0.26561037,0.0072684954
0.0021666666666666666,-0.055144656,0.028484521
0.00225,0.22439149,0.057004206
0.0023333333333333335,0.16662294,0.025314027
0.002416666666666667,-0.15133852,0.0090520345
0.0025,-0.26271513,0.039561756
0.0025833333333333333,-0.05010772,0.021630313
0.0026666666666666666,0.22556852,0.046461176
0.00275,0.28663954,0.03065276
0.0028333333333333335,-0.09445909,0.011570332
0.002916666666666667,-0.46938947,0.031833395
0.003,-0.13800108,0.017811226
0.0030833333333333333,0.5964792,0.04791969
0.0031666666666666666,0.48444733,0.08385612
0.00325,-0.38911548,0.07891251
0.0033333333333333335,-0.5944876,0.043416474
0.003416666666666667,0.20429811,0.0395949
0.0035,0.64664954,0.009076573
0.0035833333333333333,-0.05078256,0.017750777
0.0036666666666666666,-0.6653125,0.011772601
0.00375,-0.23570152,0.021712355
0.003833333333333333,0.49174818,0.04965115
0.003916666666666666,0.4001616,0.032497056
0.004,-0.27644107,0.019474132
0.004083333333333333,-0.46791837,0.040433593
0.004166666666666667,0.0369013,0.004932597
0.00425,0.43680876,0.0060502584
0.004333333333333333,0.16317348,0.0028937825
0.004416666666666667,-0.32878312,0.026483633
0.0045,-0.28097528,0.039344996
0.004583333333333333,0.18775566,0.024171358
0.004666666666666667,0.34023625,0.0035021668
0.00475,0.05927855,0.011193759
0.004833333333333334,-0.15329517,0.034608785
0.004916666666666666,-0.09462848,0.06163654
0.005,0.04028769,0.0008545928
0.005083333333333333,0.09071938,0.017439669
0.005166666666666667,0.051169664,0.023877097
0.00525,-0.057348944,0.118041314
0.005333333333333333,-0.1559542,0.07880958
0.005416666666666667,-0.04333818,0.06819142
0.0055,0.19012421,0.015758758
0.005583333333333333,0.09529166,0.06824574
0.005666666666666667,-0.23942526,0.044397783
0.00575,-0.27121988,0.0029913823
0.005833333333333334,0.07338292,0.029170472
0.005916666666666666,0.29752752,0.048496462
0.006,0.035920028,0.010642707
0.006083333333333333,-0.28482452,0.00094764755
0.006166666666666667,-0.15525126,0.007891074
0.00625,0.2001397,0.039567094
0.006333333333333333,0.21550067,0.031552758
0.006416666666666667,-0.10348949,0.0227706
0.0065,-0.23963796,0.019124918
0.006583333333333333,0.007850245,0.017059065
0.006666666666666667,0.26386818,0.035656743
0.00675,0.11886115,0.026323153
0.006833333333333334,-0.1758507,0.0066516995
0.0069166666666666664,-0.13386846,0.014426596
0.007,0.15432526,0.01893322
0.007083333333333333,0.21479502,0.025508584
0.007166666666666667,-0.069291994,0.029290086
0.00725,-0.25124377,0.051787842
0.007333333333333333,-0.07308746,0.024639115
0.007416666666666667,0.17502919,0.016360372
0.0075,0.1485286,0.038715847
0.007583333333333333,-0.05007623,0.025278794
0.007666666666666666,-0.107326694,0.0018304074
0.00775,-0.025784098,0.026175177
0.007833333333333333,0.01909736,0.047415286
0.007916666666666667,0.032715403,0.007368882
0.008,0.1173429,0.00035411335
0.008083333333333333,0.08646549,0.0350241
0.008166666666666666,-0.1282347,0.04410646
0.00825,-0.4843564,0.02034829
0.008333333333333333,-0.17485626,0.014080802
0.008416666666666666,0.5270585,0.012136439
0.0085,0.25335625,0.027721211
0.008583333333333333,-0.7244315,0.008852944
0.008666666666666666,-0.6185529,0.011781556
0.00875,0.6952228,0.030690998
0.008833333333333334,0.5482619,0.039056472
0.008916666666666666,-0.86602396,0.033438854
0.009,-0.94604826,0.020039456
0.009083333333333334,1.1675286,0.006848591
0.009166666666666667,1.5462713,0.051665887
0.00925,-0.6803443,0.017118854
0.009333333333333334,-1.5451354,0.04877181
0.009416666666666667,0.2079275,0.008479984
0.0095,1.6971872,0.028450942
0.009583333333333333,0.5014474,0.022672974
0.009666666666666667,-1.0227467,0.023861052
0.00975,-0.67110145,0.04059009
0.009833333333333333,0.79252124,0.03317593
0.009916666666666667,1.1027553,0.008458076
0.01,-0.24633029,0.022401446
0.010083333333333333,-1.3132519,0.01774721
0.010166666666666666,-0.5824888,0.007890609
0.01025,0.9716547,0.007336424
0.010333333333333333,0.71853817,0.009219296
0.010416666666666666,-0.86424446,0.011089572
0.0105,-1.096394,0.0009213444
0.010583333333333333,0.36593896,0.014711674
0.010666666666666666,0.94591826,0.037212595
0.01075,-0.25041458,0.04843545
0.010833333333333334,-0.8562337,0.00059311977
0.010916666666666667,-0.08421489,0.010262196
0.011,0.59742546,0.03542042
0.011083333333333334,0.31268927,0.00959635
0.011166666666666667,-0.083245546,0.083153024
0.01125,-0.1915032,0.040304717
0.011333333333333334,-0.16946255,0.031399716
0.011416666666666667,0.20292187,0.063944146
0.0115,0.5141897,0.039621785
0.011583333333333333,0.17498492,0.009988385
0.011666666666666667,-0.37926245,0.020164285
0.01175,-0.14070798,0.028139915
0.011833333333333333,0.44290105,0.04360956
0.011916666666666667,0.25777984,0.04649928
0.012,-0.2902009,0.005673337
0.012083333333333333,-0.29702264,0.008011886
0.012166666666666666,0.13714518,0.018703166
0.01225,0.202409,0.019454993
0.012333333333333333,-0.15994102,0.0072464338
0.012416666666666666,-0.396828,0.050797638
0.0125,-0.18821543,0.03927703
0.012583333333333334,0.29618117,0.033417262
0.012666666666666666,0.40955013,0.06466295
0.01275,-0.17893687,0.024376702
0.012833333333333334,-0.68935025,0.07119807
0.012916666666666667,-0.18222551,0.030544946
0.013,0.6680827,0.006020584
0.013083333333333334,0.3820948,0.0015400695
0.013166666666666667,-0.62656456,0.01451656
0.01325,-0.6219914,0.0014072042
0.013333333333333334,0.42103535,0.015372125
0.013416666666666667,0.7519401,0.036836896
0.0135,-0.11786568,0.047960315
0.013583333333333333,-0.6088538,0.040327318
0.013666666666666667,0.02935889,0.060693607
0.01375,0.6435828,0.06695016
0.013833333333333333,0.23201524,0.041076012
0.013916666666666667,-0.46041137,0.043885935
0.014,-0.40939376,0.046815168
0.014083333333333333,0.19991207,0.039610345
0.014166666666666666,0.47337574,0.022134192
0.01425,-0.013353782,0.051427986
0.014333333333333333,-0.5030261,0.041098062
0.014416666666666666,-0.2612094,0.011161585
0.0145,0.27838883,0.016521325
0.014583333333333334,0.28668678,0.02321788
0.014666666666666666,-0.095450364,0.02567262
0.01475,-0.18031774,0.034111947
0.014833333333333334,0.06484808,0.04257641
0.014916666666666667,0.15649731,0.007068922
0.015,0.043059114,0.026371766
0.015083333333333334,-0.0087226,0.02871704
0.015166666666666667,-0.14073123,0.01915291
0.01525,-0.3063718,0.024248805
0.015333333333333332,-0.06516867,0.032695495
0.015416666666666667,0.3677583,0.05150357
0.0155,0.2899303,0.0075112493
0.015583333333333333,-0.328194,0.025021274
0.015666666666666666,-0.40445855,0.048223585
0.01575,0.2318933,0.040593665
0.015833333333333335,0.49060437,0.025005277
0.015916666666666666,-0.08897981,0.12720166
0.016,-0.47496387,0.09197444
0.016083333333333335,-0.0018394816,0.020117711
0.016166666666666666,0.53782743,0.04765636
0.01625,0.26645547,0.07297065
0.01633333333333333,-0.30962113,0.0021809374
0.016416666666666666,-0.31783855,0.008900679
0.0165,0.12180258,0.03836002
0.016583333333333332,0.31256187,0.010956354
0.016666666666666666,0.05814512,0.03700883
0.01675,-0.2417141,0.021938067
0.016833333333333332,-0.23837006,0.01273016
0.016916666666666667,0.038787194,0.021999473
0.017,0.3109142,0.04881937
0.017083333333333332,0.17943753,0.03349776
0.017166666666666667,-0.25660414,0.03096202
0.01725,-0.45648092,0.024600467
0.017333333333333333,-0.01212733,0.025374074
0.017416666666666667,0.47720185,0.018127244
0.0175,0.26612425,0.036356926
0.017583333333333333,-0.3531511,0.004682523
0.017666666666666667,-0.44251236,0.042704098
0.01775,0.18895276,0.00980099
0.017833333333333333,0.5537571,0.022775605
0.017916666666666668,0.066859394,0.10221025
0.018,-0.5374731,0.054111697
0.018083333333333333,-0.33428562,0.024568373
0.018166666666666668,0.43053824,0.002706531
0.01825,0.5484285,0.06069647
0.018333333333333333,-0.20518416,0.01954982
0.018416666666666668,-0.65922594,0.030460382
0.0185,-0.085562035,0.01417868
0.018583333333333334,0.66546965,0.026528921
0.018666666666666668,0.4218413,0.02053432
0.01875,-0.468216,0.014784455
0.018833333333333334,-0.6773624,0.0140244225
0.018916666666666665,0.12115488,0.041734833
0.019,0.74753606,0.0360822
0.019083333333333334,0.2536919,0.01551223
0.019166666666666665,-0.531116,0.022636939
0.01925,-0.45176843,0.023537904
0.019333333333333334,0.28435564,0.051058613
0.019416666666666665,0.46189559,0.026247276
0.0195,-0.15848541,0.005092016
0.019583333333333335,-0.5646131,0.027049437
0.019666666666666666,-0.16726644,0.01588002
0.01975,0.41624555,0.008938882
0.019833333333333335,0.31499356,0.008264511
0.019916666666666666,-0.2584477,0.04344226
0.02,-0.46587825,0.06495903
0.020083333333333335,-0.100050926,0.009454434
0.020166666666666666,0.31570765,0.036426786
0.02025,0.26422468,0.066594444
0.02033333333333333,-0.12853539,0.05119459
0.020416666666666666,-0.31915092,0.009720649
0.0205,-0.024281275,0.03307535
0.020583333333333332,0.3702114,0.04050083
0.020666666666666667,0.3062214,0.065112926
0.02075,-0.20948276,0.015830742
0.020833333333333332,-0.47961652,0.020570295
0.020916666666666667,0.015851764,0.03827246
0.021,0.7403876,0.024557225
0.021083333333333332,0.5164607,0.0032266448
0.021166666666666667,-0.5267572,0.022369158
0.02125,-0.7291538,0.00039495126
0.021333333333333333,0.3769398,0.03753499
0.021416666666666667,1.0319219,0.0076603303
0.0215,0.067123294,0.01096859
0.021583333333333333,-0.99200255,0.03574373
0.021666666666666667,-0.5210883,0.0153979445
0.02175,0.7878321,0.045724746
0.021833333333333333,0.9312869,0.07705686
0.021916666666666668,-0.5834629,0.033233833
0.022,-1.5096564,0.03377564
0.022083333333333333,-0.19946095,0.044079326
0.022166666666666668,1.4708669,0.028133146
0.02225,0.63223,0.03201946
0.022333333333333334,-1.3596053,0.04342049
0.022416666666666668,-1.1885854,0.021694127
0.0225,0.8453794,0.031311065
0.022583333333333334,1.4575765,0.03274259
0.02266666666666667,-0.1986708,0.01894461
0.02275,-1.348426,0.018387305
0.022833333333333334,-0.38976926,0.023195816
0.022916666666666665,1.1143093,0.010980402
0.023,0.96275467,0.004620948
0.023083333333333334,-0.41847652,0.022524621
0.023166666666666665,-0.9660547,0.019867292
0.02325,-0.02533999,0.026291994
0.023333333333333334,1.0709496,0.035148457
0.023416666666666665,0.6612541,0.030867293
0.0235,-0.612863,0.005556847
0.023583333333333335,-0.865389,0.04221435
0.023666666666666666,0.13243222,0.02720042
0.02375,0.79255086,0.024317827
0.023833333333333335,0.1597752,0.03793046
0.023916666666666666,-0.7295868,0.095543854
0.024,-0.640379,0.10179788
0.024083333333333335,0.19006732,0.042422555
0.024166666666666666,0.6694032,0.06274156
0.02425,0.26208827,0.08390086
0.024333333333333332,-0.5166759,0.047867026
0.024416666666666666,-0.6374341,0.034553595
0.0245,0.17969169,0.022900647
0.024583333333333332,0.7823162,0.061680637
0.024666666666666667,0.18002866,0.005189181
0.02475,-0.71189064,0.023337843
0.024833333333333332,-0.49179694,0.009662751
0.024916666666666667,0.5126585,0.011374432
0.025,0.66460687,0.016201392
0.025083333333333332,-0.25962967,0.0026595916
0.025166666666666667,-0.7926318,0.018636297
0.02525,-0.17091021,0.0022008452
0.025333333333333333,0.6388703,0.028955413
0.025416666666666667,0.4407877,0.076366775
0.0255,-0.35401976,0.012414109
0.025583333333333333,-0.5542884,0.041395374
0.025666666666666667,0.042599894,0.024667
0.02575,0.52896124,0.034160327
0.025833333333333333,0.1827774,0.033833325
0.025916666666666668,-0.43328068,0.045863543
0.026,-0.31775805,0.055028502
0.026083333333333333,0.2854755,0.040223084
0.026166666666666668,0.42406872,0.0009668828
0.02625,-0.016857272,0.05390188
0.026333333333333334,-0.30416754,0.012362565
0.026416666666666668,-0.07333496,0.03478863
0.0265,0.19115634,0.04764004
0.026583333333333334,0.13122652,0.011312532
0.02666666666666667,-0.010499673,0.009260518
0.02675,-0.060767926,0.055873327
0.026833333333333334,-0.10824903,0.05343039
0.026916666666666665,-0.08361093,0.007246679
0.027,0.0707219,0.028519476
0.027083333333333334,0.104029566,0.007123695
0.027166666666666665,-0.15079473,0.011025904
0.02725,-0.31633243,0.013542453
0.027333333333333334,-0.026163522,0.0070019863
0.027416666666666666,0.30648395,0.021933
0.0275,0.14655197,0.027194519
0.027583333333333335,-0.22322121,0.0076458077
0.027666666666666666,-0.22504888,0.031118177
0.02775,0.14438222,0.035638258
0.027833333333333335,0.34357932,0.08655397
0.027916666666666666,0.08236954,0.042168368
0.028,-0.23357418,0.07112394
0.02808333333333333,-0.11396386,0.04622112
0.028166666666666666,0.25508454,0.008915359
0.02825,0.2898839,0.046821617
0.028333333333333332,-0.025844121,0.014000715
0.028416666666666666,-0.14561105,0.004557609
0.0285,0.051524434,0.03486696
0.028583333333333332,0.192433,0.055317264
0.028666666666666667,0.10315135,0.036789086
0.02875,-0.079030916,0.0156342
0.028833333333333332,-0.16057387,0.039412394
0.028916666666666667,-0.120671205,0.029565264
0.029,-0.03995277,0.011770449
0.029083333333333333,0.03487696,0.004527065
0.029166666666666667,0.022803677,0.008507368
0.02925,-0.09164939,0.047391266
0.029333333333333333,-0.12544814,0.037026297
0.029416666666666667,0.046680477,0.016971698
0.0295,0.17514236,0.013861199
0.029583333333333333,0.011972767,0.024049316
0.029666666666666668,-0.199752,0.022233708
0.02975,-0.057628106,0.032803055
0.029833333333333333,0.2567686,0.03947351
0.029916666666666668,0.19689116,0.06112357
0.03,-0.1557382,0.016174221
0.030083333333333333,-0.2543681,0.0341454
0.030166666666666668,0.04269297,0.0020344118
0.03025,0.25429633,0.00086473784
0.030333333333333334,0.059325792,0.021591641
0.030416666666666668,-0.212582,0.023236934
0.0305,-0.18514812,0.01558714
0.030583333333333334,0.089662656,0.036029395
0.030666666666666665,0.19375731,0.034218457
0.03075,-0.02590931,0.0138824275
0.030833333333333334,-0.25110683,0.04417045
0.030916666666666665,-0.18389414,0.00908335
0.031,0.06943293,0.013977473
0.031083333333333334,0.16966943,0.029869458
0.031166666666666665,-0.0043316316,0.03707999
0.03125,-0.1493309,0.036936965
0.03133333333333333,-0.034567833,0.049856305
0.03141666666666667,0.122727856,0.011346016
0.0315,0.113105394,0.012295526
0.03158333333333333,-0.013900917,0.013266445
0.03166666666666667,-0.12683249,0.014372507
0.03175,-0.06836264,0.008686474
0.03183333333333333,0.07983769,0.000661385
0.03191666666666667,0.10161515,0.0015204615
0.032,-0.017313598,0.013635509
0.03208333333333333,-0.104410335,0.024193007
0.03216666666666667,-0.030462692,0.007873578
0.03225,0.09778889,0.0061679124
0.03233333333333333,0.07862456,0.016162159
0.03241666666666667,-0.060850885,0.014950251
0.0325,-0.13664845,0.0015758448
0.03258333333333333,-0.092064284,0.010020753
0.03266666666666666,0.029620979,0.025918722
0.03275,0.1000976,0.03364025
0.03283333333333333,0.013162041,0.0059439368
0.032916666666666664,-0.10323189,0.022534352
0.033,-0.052444376,0.01885668
0.03308333333333333,0.11554978,0.0013610156
0.033166666666666664,0.15385605,0.03605132
0.03325,0.00014016758,0.05951991
0.03333333333333333,-0.108146206,0.03938702
0.033416666666666664,-0.010522823,0.0013266272
0.0335,0.13117869,0.015691672
0.03358333333333333,0.10672747,0.04992998
0.033666666666666664,-0.0025528367,0.009597891
0.03375,-0.05619467,0.034331385
0.03383333333333333,-0.098117515,0.042642538
0.033916666666666664,-0.12524179,0.011780719
0.034,-0.0156133855,0.03442476
0.034083333333333334,0.15526944,0.0155027965
0.034166666666666665,0.048013646,0.030469758
0.03425,-0.24261433,0.0019796127
0.034333333333333334,-0.17227232,0.021015014
0.034416666666666665,0.23514174,0.01741677
0.0345,0.261389,0.024372289
0.034583333333333334,-0.26213223,0.00034915592
0.034666666666666665,-0.4642455,0.02880237
0.03475,0.19354698,0.030091569
0.034833333333333334,0.82065374,0.0042408835
0.034916666666666665,0.31578237,0.013311388
0.035,-0.62464553,0.009624611
0.035083333333333334,-0.37437725,0.0057569495
0.035166666666666666,0.7244149,0.061285846
0.03525,0.6807071,0.013541608
0.035333333333333335,-0.47493544,0.011980014
0.035416666666666666,-0.89319074,0.032640774
0.0355,0.017188957,0.02969657
0.035583333333333335,0.7837364,0.01666216
0.035666666666666666,0.16204228,0.01818766
0.03575,-0.7074559,0.010946121
0.035833333333333335,-0.57166123,0.05564728
0.035916666666666666,0.21274658,0.011794408
0.036,0.4113185,0.01640608
0.036083333333333335,-0.12195513,0.012785609
0.036166666666666666,-0.42244527,0.018860886
0.03625,-0.05999993,0.053511478
0.036333333333333336,0.39465895,0.0067964625
0.03641666666666667,0.34517887,0.042065624
0.0365,0.041508246,0.004575666
0.036583333333333336,-0.13839091,0.05061248
0.03666666666666667,-0.060037114,0.037643727
0.03675,0.13740458,0.019375253
0.036833333333333336,0.26640674,0.00647864
0.03691666666666667,0.14444475,0.009528902
0.037,-0.22736017,0.059632976
0.037083333333333336,-0.2994689,0.02738443
0.03716666666666667,0.12635158,0.06376055
0.03725,0.42348173,0.0170174
0.037333333333333336,0.0076162256,0.01009159
0.03741666666666667,-0.6087329,0.009056842
0.0375,-0.49837688,0.010029673
0.03758333333333334,0.23089007,0.00038269436
0.03766666666666667,0.51276463,0.016425388
0.03775,-0.07403679,0.035760477
0.03783333333333333,-0.53829986,0.04194102
0.03791666666666667,-0.1089573,0.008370307
0.038,0.5744741,0.0019780116
0.03808333333333333,0.41830498,0.0021589776
0.03816666666666667,-0.3780252,0.0052815974
0.03825,-0.55819917,0.0087184515
0.03833333333333333,0.16118181,0.027144851
0.03841666666666667,0.623369,0.031766064
0.0385,0.09037027,0.027567627
0.03858333333333333,-0.5227197,0.0021385904
0.03866666666666667,-0.30507332,0.025955025
0.03875,0.29735243,0.00051328674
0.03883333333333333,0.31623387,0.0046868823
0.03891666666666667,-0.22960569,0.025327764
0.039,-0.44799224,0.018431546
0.03908333333333333,-0.044551637,0.012353603
0.03916666666666667,0.34361205,0.021603959
0.03925,0.22768459,0.018472737
0.03933333333333333,-0.12321533,0.0026334266
0.03941666666666667,-0.24113867,0.002385654
0.0395,-0.069711156,0.040115096
0.03958333333333333,0.11232483,0.025064161
0.03966666666666667,0.103483275,0.021292148
0.03975,-0.01115886,0.007922799
0.03983333333333333,-0.10691139,0.020699127
0.03991666666666667,-0.05531106,0.05126277
0.04,0.13194372,0.003809696
0.04008333333333333,0.2745913,0.021789068
0.04016666666666667,0.14868112,0.00033967238
0.04025,-0.16431263,0.0028512946
0.04033333333333333,-0.37394965,0.00030175803
0.04041666666666666,-0.07836471,0.0014288578
0.0405,0.43016532,0.005130493
0.04058333333333333,0.2664741,0.010720196
0.04066666666666666,-0.36960092,0.01546777
0.04075,-0.36341608,0.0068727923
0.04083333333333333,0.32856482,0.0075891204
0.040916666666666664,0.38561103,0.032083176
0.041,-0.44394484,0.0037690874
0.04108333333333333,-0.81489664,0.009727057
0.041166666666666664,0.36778346,0.0116941435
0.04125,1.3162018,0.009968655
0.04133333333333333,-0.00076456467,0.002423437
0.041416666666666664,-1.2687483,0.01007172
0.0415,-0.27209598,0.02576433
0.04158333333333333,1.2684815,0.008283712
0.041666666666666664,0.5521969,0.004776949
0.04175,-0.8951905,0.0033845685
0.041833333333333333,-0.656041,0.010103794
0.041916666666666665,0.6811305,0.01841412
0.042,0.8820461,0.004850604
0.042083333333333334,-0.28967112,0.02508838
0.042166666666666665,-0.89134455,0.0125262495
0.04225,-0.18148582,0.0006436766
0.042333333333333334,0.7378484,0.0071432367
0.042416666666666665,0.33628002,0.008442948
0.0425,-0.80911654,0.0077202995
0.042583333333333334,-0.7973469,0.0037301532
0.042666666666666665,0.44277582,0.011924766
0.04275,0.8572892,0.013286099
0.042833333333333334,-0.23555452,0.011945854
0.042916666666666665,-0.8656612,0.010820107
0.043,-0.03480179,0.01797136
0.043083333333333335,0.7921774,0.071555294
0.043166666666666666,0.32071018,0.07028326
0.04325,-0.41654906,0.032353356
0.043333333333333335,-0.26615843,0.056867007
0.043416666666666666,0.2199201,0.02698659
0.0435,0.37138966,0.004278133
0.043583333333333335,0.21386375,0.03520761
0.043666666666666666,-0.00943266,0.028546216
0.04375,-0.22699037,0.00018353203
0.043833333333333335,-0.14953133,0.01897826
0.043916666666666666,0.22675295,0.0046563265
0.044,0.21098348,0.024407472
0.044083333333333335,-0.28641877,0.01467476
0.04416666666666667,-0.43089283,0.010244971
0.04425,0.0980121,0.057517014
0.044333333333333336,0.42281026,0.030345134
0.04441666666666667,0.016518809,0.047803376
0.0445,-0.5151026,0.040653065
0.044583333333333336,-0.42142922,0.038615618
0.04466666666666667,0.2134688,0.0024106551
0.04475,0.4955741,0.04553048
0.044833333333333336,-0.015433278,0.035118334
0.04491666666666667,-0.5925298,0.018473526
0.045,-0.28114522,0.034670457
0.045083333333333336,0.5789628,0.0051186644
0.04516666666666667,0.6091,0.0471005
0.04525,-0.3556088,0.032958265
0.04533333333333334,-0.77610874,0.07040304
0.04541666666666667,0.04101573,0.041315805
0.0455,0.7463636,0.0035742703
0.04558333333333333,0.19792338,0.06734739
0.04566666666666667,-0.5637444,0.028646354
0.04575,-0.2468547,0.043946885
0.04583333333333333,0.49906754,0.05664228
0.04591666666666667,0.42688057,0.0054674833
0.046,-0.2577765,0.07190692
0.04608333333333333,-0.43208963,0.00020621101
0.04616666666666667,0.048450332,0.032222252
0.04625,0.34655628,0.050999954
0.04633333333333333,0.09765739,0.050259247
0.04641666666666667,-0.24739207,0.003231736
0.0465,-0.1959258,0.055571
0.04658333333333333,0.14358403,0.043413963
0.04666666666666667,0.21219435,0.03367838
0.04675,-0.13633618,0.015965851
0.04683333333333333,-0.28886375,0.073367074
0.04691666666666667,0.043695092,0.046490137
0.047,0.2400854,0.011242926
0.04708333333333333,-0.033864565,0.038542025
0.04716666666666667,-0.18812355,0.021075204
0.04725,0.060832694,0.09059587
0.04733333333333333,0.08146369,0.053046584
0.04741666666666667,-0.24923353,0.024193157
0.0475,-0.25625157,0.036636155
0.04758333333333333,0.22343041,0.03113229
0.04766666666666667,0.47985053,0.019811206
0.04775,-0.01181837,0.030140663
0.04783333333333333,-0.4572181,0.00089864613
0.04791666666666667,-0.08415332,0.038805664
0.048,0.4877021,0.03559449
0.04808333333333333,0.25719994,0.032581873
0.04816666666666667,-0.33045888,0.04555547
0.04825,-0.24163687,0.040459987
0.04833333333333333,0.2935237,0.037239075
0.04841666666666666,0.39858857,0.06942555
0.0485,-0.06088132,0.030373108
0.04858333333333333,-0.38750696,0.047266547
0.048666666666666664,-0.16476753,0.004119995
0.04875,0.35794997,0.006098137
0.04883333333333333,0.41710365,0.018194333
0.048916666666666664,-0.1680604,0.005842774
0.049,-0.57131696,0.033235133
0.04908333333333333,-0.094377734,0.009617029
0.049166666666666664,0.5914022,0.020968454
0.04925,0.2755775,0.0837924
0.04933333333333333,-0.59579504,0.07043963
0.049416666666666664,-0.54601693,0.016759757
0.0495,0.3861255,0.019089246
0.04958333333333333,0.6722041,0.06404481
0.049666666666666665,-0.11123599,0.024299419
0.04975,-0.6885243,0.018678192
0.049833333333333334,-0.25482374,0.012231205
0.049916666666666665,0.49219215,0.022649458
0.05,0.44291592,0.031203633
0.050083333333333334,-0.19444491,0.026425503
0.050166666666666665,-0.4937184,0.046001058
0.05025,-0.031379107,0.044584326
0.050333333333333334,0.58760387,0.064337626
0.050416666666666665,0.37098947,0.02407476
0.0505,-0.4375528,0.040030587
0.050583333333333334,-0.6011901,0.005061078
0.050666666666666665,0.19598608,2.6751337e-05
0.05075,0.71663743,0.006715921
0.050833333333333335,0.106183305,0.01120106
0.050916666666666666,-0.6857123,0.006585568
0.051,-0.4716483,0.031972196
0.051083333333333335,0.41022554,0.027103348
0.051166666666666666,0.6182099,0.006202236
0.05125,-0.14394937,0.05119617
0.051333333333333335,-0.72623026,0.032387443
0.051416666666666666,-0.32966998,0.031180397
0.0515,0.47086,0.020625569
0.051583333333333335,0.5167493,0.0474616
0.051666666666666666,-0.23179245,0.0075841527
0.05175,-0.60216635,0.023160214
0.051833333333333335,-0.021442065,0.0028576879
0.051916666666666667,0.5953899,0.0039857216
0.052,0.27971235,0.03270991
0.052083333333333336,-0.4367648,0.005580621
0.05216666666666667,-0.4457087,0.021182505
0.05225,0.2606804,0.0140075665
0.052333333333333336,0.6162117,0.033656333
0.05241666666666667,0.113101006,0.0154136
0.0525,-0.48557046,0.03646682
0.052583333333333336,-0.40895638,0.012133489
0.05266666666666667,0.16407377,0.024175845
0.05275,0.38740566,0.00062497763
0.052833333333333336,-0.023885088,0.030710403
0.05291666666666667,-0.48152986,0.0014590137
0.053,-0.35549858,0.04637613
0.05308333333333334,0.26882094,0.005780493
0.05316666666666667,0.63810146,0.013705524
0.05325,0.15339214,0.064004175
0.05333333333333334,-0.6077889,0.07316794
0.05341666666666667,-0.46457145,0.028627796
0.0535,0.48570916,0.004648267
0.05358333333333333,0.7635735,0.060936958
0.05366666666666667,-0.14561948,0.02754385
0.05375,-0.80607754,0.015391416
0.05383333333333333,-0.12721305,0.017439647
0.05391666666666667,0.9192376,0.010944623
0.054,0.70984787,0.020244755
0.05408333333333333,-0.76211524,0.041228287
0.05416666666666667,-1.2731686,0.02086734
0.05425,0.157103,0.029901728
0.05433333333333333,1.3548008,0.019065598
0.05441666666666667,0.31908727,0.02375851
0.0545,-1.2465065,0.023448784
0.05458333333333333,-0.75566906,0.012886296
0.05466666666666667,1.0237074,0.030075818
0.05475,1.169063,0.02015042
0.05483333333333333,-0.47305122,0.035962854
0.05491666666666667,-1.3032378,0.003925715
0.055,-0.18504961,0.06373868
0.05508333333333333,1.2063661,0.02373569
0.05516666666666667,0.8339992,0.023868168
0.05525,-0.5368537,0.07401973
0.05533333333333333,-0.8947943,0.07012547
0.05541666666666667,0.13057663,0.004479734
0.0555,0.99524826,0.003190365
0.05558333333333333,0.3878462,0.057465453
0.05566666666666667,-0.70694804,0.0008298135
0.05575,-0.79014266,0.008891339
0.05583333333333333,0.15454826,0.04161978
0.05591666666666667,0.7535372,0.0029640745
0.056,0.21950454,0.008270175
0.05608333333333333,-0.63804865,0.0413787
0.05616666666666666,-0.6790852,0.01961305
0.05625,0.13095462,0.036392808
0.05633333333333333,0.7125936,0.039897215
0.056416666666666664,0.23801409,0.016015673
0.0565,-0.70101386,0.043701258
0.05658333333333333,-0.68206793,0.015062707
0.056666666666666664,0.43227208,0.035574097
0.05675,1.01878,0.02734897
0.05683333333333333,0.11428724,0.008237242
0.056916666666666664,-0.94486624,0.03034978
0.057,-0.56498647,0.016758123
0.05708333333333333,0.67973226,0.023768798
0.057166666666666664,0.8531085,0.016193276
0.05725,-0.26607162,0.044646043
0.05733333333333333,-0.88918895,0.07269677
0.057416666666666664,-0.11639604,0.005031182
0.0575,0.88617784,0.024711458
0.057583333333333334,0.57316524,0.026935056
0.057666666666666665,-0.58323926,0.0033608512
0.05775,-0.9080203,0.0033486346
0.057833333333333334,0.010861926,0.029364934
0.057916666666666665,0.7981982,0.012893896
0.058,0.28945616,0.007106016
0.058083333333333334,-0.6549507,0.00012421698
0.058166666666666665,-0.58311987,0.003574342
0.05825,0.31396747,0.029059656
0.058333333333333334,0.62030435,0.034705915
0.058416666666666665,-0.04925555,0.03614503
0.0585,-0.6364296,0.033901267
0.058583333333333334,-0.3509227,0.014198156
0.058666666666666666,0.29924783,0.011603382
0.05875,0.47165328,0.021309366
0.058833333333333335,0.10471733,0.05935671
0.058916666666666666,-0.31446108,0.0047039376
0.059,-0.30517998,0.031597834
0.059083333333333335,0.13228463,0.015019795
0.059166666666666666,0.41789263,0.016288204
0.05925,0.07902024,0.077853374
0.059333333333333335,-0.44729736,0.030615643
0.059416666666666666,-0.3272482,0.015079852
0.0595,0.37822247,0.020325288
0.059583333333333335,0.6171514,0.017456962
0.059666666666666666,-0.03279664,0.0068694237
0.05975,-0.58244824,0.045473117
0.059833333333333336,-0.2681949,0.019917231
0.05991666666666667,0.40014014,0.005369348
0.06,0.45873296,0.023428423
0.060083333333333336,-0.13364331,0.040696885
0.06016666666666667,-0.46174982,0.048663456
0.06025,-0.061100893,0.018779038
0.060333333333333336,0.47633627,0.0013556461
0.06041666666666667,0.3505623,0.026961183
0.0605,-0.27879676,0.031910628
0.060583333333333336,-0.45809236,0.05778619
0.06066666666666667,0.07872652,0.07346566
0.06075,0.45844704,0.028079817
0.060833333333333336,0.16135155,0.053484038
0.06091666666666667,-0.2643579,0.012300196
0.061,-0.24921483,0.006151163
0.06108333333333334,0.061738875,0.022960763
0.06116666666666667,0.20241371,0.04970698
0.06125,0.03347265,0.06219063
0.06133333333333333,-0.24133743,0.04459674
0.06141666666666667,-0.29157335,0.032955844
0.0615,0.022125905,0.012133209
0.06158333333333333,0.3468119,0.040173277
0.06166666666666667,0.20390236,0.03290506
0.06175,-0.18987061,0.003556865
0.06183333333333333,-0.21209419,0.03753141
0.06191666666666667,0.16916592,0.005040852
0.062,0.30665362,0.0017382964
0.06208333333333333,-0.04415988,0.0076568555
0.06216666666666667,-0.2551711,0.011858679
0.06225,-0.030704297,0.042797875
0.06233333333333333,0.21691233,0.021181377
0.06241666666666667,0.16267279,0.0046282187
0.0625,-0.074015774,0.029592874
0.06258333333333334,-0.15553428,0.036757696
0.06266666666666666,-0.0325656,0.080345094
0.06275,0.094452925,0.04778079
0.06283333333333334,0.060261488,0.021181744
0.06291666666666666,-0.097138815,0.05216682
0.063,-0.16436315,0.035845194
0.06308333333333334,-0.033379566,0.052689184
0.06316666666666666,0.0887985,0.011658528
0.06325,0.024948347,0.023978515
0.06333333333333334,-0.10054882,0.008704837
0.06341666666666666,-0.1099333,0.04156374
0.0635,-0.015704304,0.019340202
0.06358333333333334,0.030049624,0.010969945
0.06366666666666666,0.0007179917,0.043635525
0.06375,0.0020495667,0.028702881
0.06383333333333334,0.033873238,0.02180036
0.06391666666666666,0.06535283,0.07317174
0.064,0.04962803,0.016270665
0.06408333333333334,-0.0020839071,0.011890999
0.06416666666666666,-0.036462575,0.037590463
0.06425,-0.023443604,0.0053114444
0.06433333333333334,0.003976075,0.01678364
0.06441666666666666,0.015585201,0.021267647
0.0645,0.015029396,0.052922312
0.06458333333333334,0.011833379,0.11917395
0.06466666666666666,-0.023236921,0.07338897
0.06475,-0.082617216,0.024719348
0.06483333333333334,-0.073838964,0.08373545
0.06491666666666666,-0.00485327,0.048933763
0.065,0.012881135,0.06252344
0.06508333333333334,-0.037199482,0.00022429494
0.06516666666666666,-0.050497804,0.0071449084
0.06525,0.026197985,0.06651657
0.06533333333333333,0.099708445,0.013562214
0.06541666666666666,0.018076831,0.042092476
0.0655,-0.10038863,0.039476663
0.06558333333333333,-0.09059861,0.0004944879
0.06566666666666666,0.048689395,0.050934706
0.06575,0.09097578,0.013379784
0.06583333333333333,-0.005157513,0.023653813
0.06591666666666667,-0.054514185,0.06645061
0.066,0.0382979,0.077381134
0.06608333333333333,0.1484615,0.07298257
0.06616666666666667,-0.006351409,0.013351251
0.06625,-0.16169617,0.023196978
0.06633333333333333,-0.07468313,0.011232139
0.06641666666666667,0.04006344,0.02663585
0.0665,0.09090316,0.00048249165
0.06658333333333333,0.10348007,0.0572153
0.06666666666666667,0.023956884,0.12349639
0.06675,-0.11997815,0.015299156
0.06683333333333333,-0.06456842,0.008618259
0.06691666666666667,0.11400236,0.047498558
0.067,0.2364959,0.0014407178
0.06708333333333333,0.041973308,0.090502985
0.06716666666666667,-0.25178114,0.08221728
0.06725,-0.031703223,0.02037172
0.06733333333333333,0.37045488,0.053112164
0.06741666666666667,0.11212434,0.061936207
0.0675,-0.45899236,0.060517315
0.06758333333333333,-0.39239165,0.017759088
0.06766666666666667,0.20983182,0.06396713
0.06775,0.34111354,0.008441932
0.06783333333333333,-0.12262225,0.002427571
0.06791666666666667,-0.31678483,0.095564805
0.068,-0.092089154,0.09189906
0.06808333333333333,0.067884184,0.052138425
0.06816666666666667,0.09650578,0.10097544
0.06825,0.14717557,0.1317509
0.06833333333333333,-0.0031936304,0.08846557
0.06841666666666667,-0.14777334,0.031876303
0.0685,0.07805239,0.0414926
0.06858333333333333,0.4153838,0.10158425
0.06866666666666667,0.25767803,0.06468613
0.06875,-0.22493148,0.0069918106
0.06883333333333333,-0.20943058,0.039187647
0.06891666666666667,0.2994026,0.035465367
0.069,0.4082574,0.037198566
0.06908333333333333,-0.088852614,0.022502262
0.06916666666666667,-0.46528268,0.02933668
0.06925,-0.23801053,0.03094805
0.06933333333333333,0.2842623,0.046367645
0.06941666666666667,0.3679083,0.015216612
0.0695,-0.19971035,0.02093496
0.06958333333333333,-0.7264464,0.039767954
0.06966666666666667,-0.36308843,0.0146796955
0.06975,0.4920562,0.05965217
0.06983333333333333,0.5121499,0.0779207
0.06991666666666667,-0.3605649,0.056855984
0.07,-0.6802416,0.038913563
0.07008333333333333,0.16039,0.03705209
0.07016666666666667,0.8441751,0.041564617
0.07025,0.25025812,0.0021162776
0.07033333333333333,-0.62786853,0.024311544
0.07041666666666667,-0.4249179,0.042865083
0.0705,0.47003344,0.037373584
0.07058333333333333,0.6896926,0.024320396
0.07066666666666667,-0.03324331,0.009028088
0.07075,-0.68024325,0.0066417647
0.07083333333333333,-0.4043028,0.011803079
0.07091666666666667,0.3718746,0.019899601
0.071,0.5531825,0.0002786855
0.07108333333333333,-0.12113614,0.008464418
0.07116666666666667,-0.6623956,0.035790928
0.07125,-0.22809882,0.018114313
0.07133333333333333,0.53675586,0.033417806
0.07141666666666667,0.4594611,0.015218694
0.0715,-0.3425356,0.043053035
0.07158333333333333,-0.63843995,0.01721836
0.07166666666666667,-0.0284897,0.010218568
0.07175,0.5686325,0.04092637
0.07183333333333333,0.29561263,0.027145242
0.07191666666666667,-0.38475984,0.081529506
0.072,-0.5093153,0.07124233
0.07208333333333333,0.0531588,0.0068880008
0.07216666666666667,0.54567116,0.020229634
0.07225,0.27552894,0.061203826
0.07233333333333333,-0.34441775,0.0100012915
0.07241666666666667,-0.39735132,0.014800033
0.0725,0.112268336,0.00691075
0.07258333333333333,0.40006676,0.008156921
0.07266666666666667,0.11409024,0.0014086115
0.07275,-0.28930292,0.012331
0.07283333333333333,-0.30912173,0.0243426
0.07291666666666667,0.07018025,0.029154334
0.073,0.3078353,0.049309347
0.07308333333333333,0.08261277,0.026464118
0.07316666666666667,-0.2643664,0.030729866
0.07325,-0.21960534,0.02484525
0.07333333333333333,0.15840976,0.044928603
0.07341666666666667,0.41598684,0.008619596
0.0735,0.13263617,0.02186807
0.07358333333333333,-0.36248305,0.008001071
0.07366666666666667,-0.32352453,0.04881839
0.07375,0.2399525,0.02684734
0.07383333333333333,0.52402496,0.030845711
0.07391666666666667,0.08660921,0.06304193
0.074,-0.37140724,0.04284418
0.07408333333333333,-0.16859235,0.021760289
0.07416666666666667,0.31102556,0.026369635
0.07425,0.29947326,0.056109264
0.07433333333333333,-0.1913247,0.008104576
0.07441666666666667,-0.43521908,0.027099665
0.0745,-0.1050825,0.016572075
0.07458333333333333,0.30120724,0.019863376
0.07466666666666667,0.15466866,0.009492984
0.07475,-0.29893547,0.014509602
0.07483333333333334,-0.38514876,0.014198055
0.07491666666666667,0.014924761,0.033889744
0.075,0.31001487,0.04059268
0.07508333333333334,0.092636146,0.0067488058
0.07516666666666667,-0.2436883,0.0226677
0.07525,-0.17861845,0.0105524035
0.07533333333333334,0.16890779,0.01261205
0.07541666666666667,0.3318777,0.013186541
0.0755,0.14510949,0.028878247
0.07558333333333334,-0.12688668,0.00077249645
0.07566666666666666,-0.14895718,0.036359176
0.07575,0.113041565,0.0034275576
0.07583333333333334,0.29504567,0.0343621
0.07591666666666666,0.09995392,0.07703608
0.076,-0.21819653,0.06368886
0.07608333333333334,-0.20899263,0.007863113
0.07616666666666666,0.11126262,0.0131081445
0.07625,0.24584493,0.062421605
0.07633333333333334,-0.030774022,0.0045014326
0.07641666666666666,-0.3051007,0.0091718575
0.0765,-0.18187846,0.0064680856
0.07658333333333334,0.15344255,0.0126619665
0.07666666666666666,0.23559941,0.010080538
0.07675,-0.047785107,0.013596777
0.07683333333333334,-0.2531872,0.032801
0.07691666666666666,-0.055411205,0.02320327
0.077,0.23822343,0.009805431
0.07708333333333334,0.16732,0.008659532
0.07716666666666666,-0.14922085,0.015637826
0.07725,-0.21897101,0.035036672
0.07733333333333334,0.026866738,0.043747794
0.07741666666666666,0.17667907,0.029047035
0.0775,0.025570057,0.0027635936
0.07758333333333334,-0.12972024,0.020719698
0.07766666666666666,-0.07942495,0.024966475
0.07775,0.051015045,0.0052918396
0.07783333333333334,0.068972796,0.029114248
0.07791666666666666,-0.01773383,0.031702332
0.078,-0.06276754,0.0297119
0.07808333333333334,-0.04456213,0.027422935
0.07816666666666666,0.0073335436,0.0065320535
0.07825,0.08046785,0.041046195
0.07833333333333334,0.10183641,0.009422286
0.07841666666666666,-0.017405588,0.026768792
0.0785,-0.13482502,0.05921906
0.07858333333333334,-0.06917537,0.0061078933
0.07866666666666666,0.15845461,0.007563192
0.07875,0.24388231,0.024683518
0.07883333333333334,0.03886511,0.034549557
0.07891666666666666,-0.3312319,0.008447352
0.079,-0.42422283,0.021861674
0.07908333333333334,0.15811227,0.004488929
0.07916666666666666,0.5234462,0.0019089035
0.07925,-0.08398357,0.0052334196
0.07933333333333334,-0.6510884,0.00019222006
0.07941666666666666,-0.1966715,0.05236464
0.0795,0.41784862,0.021535898
0.07958333333333334,0.06920434,0.008614436
0.07966666666666666,-0.6436348,0.03894385
0.07975,-0.21000747,0.028288726
0.07983333333333334,1.0223376,0.059523813
0.07991666666666666,0.7053081,0.0781855
0.08,-0.687476,0.09174181
0.08008333333333334,-0.7909537,0.051598404
0.08016666666666666,0.4983615,0.0017514881
0.08025,0.90394086,0.051695134
0.08033333333333334,-0.09044765,0.0032867654
0.08041666666666666,-0.61351854,0.016306136
0.0805,-0.019606886,0.043488957
0.08058333333333334,0.6238202,0.0549259
0.08066666666666666,0.29367855,0.040309176
0.08075,-0.4737004,0.012993633
0.08083333333333333,-0.61779416,0.04460498
0.08091666666666666,0.08911866,0.057753224
0.081,0.5829377,0.01658158
0.08108333333333333,-0.022051351,0.020313943
0.08116666666666666,-0.68453115,0.017637443
0.08125,-0.22312161,0.017329896
0.08133333333333333,0.57752514,0.038948283
0.08141666666666666,0.2062565,0.0066698184
0.0815,-0.65370023,0.0216389
0.08158333333333333,-0.40666142,0.002075088
0.08166666666666667,0.47065073,0.04496148
0.08175,0.5001539,0.0107280845
0.08183333333333333,-0.16291861,0.024286892
0.08191666666666667,-0.2887837,0.06938612
0.082,0.07561641,0.08021851
0.08208333333333333,0.29788,0.02619189
0.08216666666666667,0.237725,0.021258585
0.08225,0.044871457,0.009120465
0.08233333333333333,-0.12965944,0.004439401
0.08241666666666667,-0.0926507,0.0175777
0.0825,0.26143515,0.051421657
0.08258333333333333,0.30691332,0.0595821
0.08266666666666667,-0.16650023,0.07782817
0.08275,-0.35779196,0.005853414
0.08283333333333333,0.0772982,0.035567407
0.08291666666666667,0.3824341,0.038892776
0.083,-0.057072394,0.015404281
0.08308333333333333,-0.56989413,0.006283385
0.08316666666666667,-0.3686931,0.011418129
0.08325,0.25965837,0.012930265
0.08333333333333333,0.39016023,0.010145674
0.08341666666666667,-0.12597458,0.010595264
0.0835,-0.5953264,0.0054030214
0.08358333333333333,-0.35795325,0.033054076
0.08366666666666667,0.41447333,0.01146317
0.08375,0.551994,0.04485249
0.08383333333333333,-0.19955716,0.019214852
0.08391666666666667,-0.6214987,0.04227052
0.084,0.014978917,0.049093556
0.08408333333333333,0.732419,0.008448761
0.08416666666666667,0.3309984,0.036269028
0.08425,-0.47325882,0.021140542
0.08433333333333333,-0.34772617,0.07122615
0.08441666666666667,0.4220287,0.0632403
0.0845,0.54521805,0.043607578
0.08458333333333333,-0.14843084,0.059602443
0.08466666666666667,-0.5432263,0.03859089
0.08475,-0.14605229,0.025667606
0.08483333333333333,0.36289355,0.01563261
0.08491666666666667,0.26604193,0.07424085
0.085,-0.251625,0.018530367
0.08508333333333333,-0.46477178,0.016321467
0.08516666666666667,-0.13564357,0.017082633
0.08525,0.2690528,0.016446715
0.08533333333333333,0.28932694,0.028257897
0.08541666666666667,-0.025291812,0.05444105
0.0855,-0.25092992,0.0013796836
0.08558333333333333,-0.05433568,0.022250077
0.08566666666666667,0.3340931,0.026250815
0.08575,0.31740126,0.047406152
0.08583333333333333,-0.15171066,0.06503156
0.08591666666666667,-0.51307434,0.016660381
0.086,-0.14832462,0.0005354749
0.08608333333333333,0.51451385,0.028932821
0.08616666666666667,0.44602025,0.017924188
0.08625,-0.40009415,0.012477681
0.08633333333333333,-0.7278145,0.05249451
0.08641666666666667,0.101541914,0.03681338
0.0865,0.7623026,0.006109053
0.08658333333333333,0.10936485,0.07447089
0.08666666666666667,-0.76101005,0.06489717
0.08675,-0.3801546,0.015923414
0.08683333333333333,0.64935315,0.024097024
0.08691666666666667,0.6739696,0.05615421
0.087,-0.29876283,0.0021782026
0.08708333333333333,-0.7157025,0.00057856395
0.08716666666666667,-0.0044764085,0.046497826
0.08725,0.67423326,0.021772105
0.08733333333333333,0.33254382,0.008551751
0.08741666666666667,-0.4280064,0.018142287
0.0875,-0.47234225,0.06341729
0.08758333333333333,0.18902616,0.037322108
0.08766666666666667,0.6058706,0.060712755
0.08775,0.23263365,0.039603747
0.08783333333333333,-0.40413237,0.037060063
0.08791666666666667,-0.49805677,0.017755177
0.088,0.018547658,0.015402368
0.08808333333333333,0.46862096,0.038408
0.08816666666666667,0.2371887,0.04340743
0.08825,-0.35830393,0.023252921
0.08833333333333333,-0.48261964,0.02426687
0.08841666666666667,0.13173346,0.028234486
0.0885,0.65413004,0.043775946
0.08858333333333333,0.2015733,0.063480124
0.08866666666666667,-0.60345155,0.060661737
0.08875,-0.553014,0.00509505
0.08883333333333333,0.37859342,0.009586669
0.08891666666666667,0.7662446,0.050900977
0.089,-0.0561325,0.01378905
0.08908333333333333,-0.83742654,0.0393421
0.08916666666666667,-0.3904671,0.0083914725
0.08925,0.6294225,0.005356716
0.08933333333333333,0.6477397,0.015487569
0.08941666666666667,-0.35350963,0.027019748
0.0895,-0.8330965,0.03811707
0.08958333333333333,-0.07001755,0.032713123
0.08966666666666667,0.82435656,0.0048137116
0.08975,0.5160103,0.018971644
0.08983333333333333,-0.48760384,0.00014194498
0.08991666666666667,-0.67987627,0.01564571
0.09,0.15095083,0.033840455
0.09008333333333333,0.67254007,0.012035918
0.09016666666666667,0.08917551,0.041167628
0.09025,-0.64708996,0.012836738
0.09033333333333333,-0.41660723,0.02825966
0.09041666666666667,0.3954888,0.004123144
0.0905,0.6078153,0.027394192
0.09058333333333334,-0.043448947,0.06069924
0.09066666666666667,-0.5763303,0.0693543
0.09075,-0.2923389,0.019807987
0.09083333333333334,0.29978135,0.02404294
0.09091666666666667,0.39562124,0.09139109
0.091,-0.0555107,0.020657968
0.09108333333333334,-0.39982983,0.015315024
0.09116666666666666,-0.19455417,0.008951687
0.09125,0.26278287,0.021783637
0.09133333333333334,0.34280565,0.007495888
0.09141666666666666,-0.070424035,0.06985227
0.0915,-0.48810712,0.059772618
0.09158333333333334,-0.26114613,0.050668623
0.09166666666666666,0.5197558,0.06834061
0.09175,0.7266375,0.024787026
0.09183333333333334,-0.1330726,0.06801772
0.09191666666666666,-0.80017954,0.0092489915
0.092,-0.15624699,0.041504618
0.09208333333333334,0.8103168,0.022829173
0.09216666666666666,0.47374904,0.048282463
0.09225,-0.6247867,0.02753484
0.09233333333333334,-0.7328452,0.05832667
0.09241666666666666,0.22134319,0.01278584
0.0925,0.737272,0.039521176
0.09258333333333334,0.12679468,0.060292907
0.09266666666666666,-0.66381174,0.031497702
0.09275,-0.44789842,0.03596948
0.09283333333333334,0.47774673,0.0014157415
0.09291666666666666,0.7307088,0.057539266
0.093,-0.14783025,0.0020574674
0.09308333333333334,-0.7805147,0.034533102
0.09316666666666666,-0.17057414,0.008329907
0.09325,0.667527,0.036970798
0.09333333333333334,0.504119,0.0043915603
0.09341666666666666,-0.29363787,0.024325345
0.0935,-0.517345,0.04052274
0.09358333333333334,0.0049328683,0.040991466
0.09366666666666666,0.44915268,0.04232677
0.09375,0.32855123,0.013507878
0.09383333333333334,-0.14363466,0.040952038
0.09391666666666666,-0.43126234,0.02186611
0.094,-0.16314682,0.042579815
0.09408333333333334,0.42084464,0.028776215
0.09416666666666666,0.4306494,0.0011164034
0.09425,-0.24536319,0.011310312
0.09433333333333334,-0.6355984,0.0093266005
0.09441666666666666,-0.15468751,0.023328107
0.0945,0.45135826,0.028034193
0.09458333333333334,0.20541437,0.012716591
0.09466666666666666,-0.41991758,0.020152943
0.09475,-0.3772009,0.0036890772
0.09483333333333334,0.2711022,0.021205565
0.09491666666666666,0.5388292,0.022704441
0.095,0.051903185,0.028170656
0.09508333333333334,-0.46043247,0.017731072
0.09516666666666666,-0.30278745,0.0037985146
0.09525,0.28958112,0.008481376
0.09533333333333334,0.42049766,0.0016157723
0.09541666666666666,-0.10869934,0.025811343
0.0955,-0.44701815,0.015401026
0.09558333333333334,-0.043192904,0.01278121
0.09566666666666666,0.43478793,0.018866412
0.09575,0.1955515,0.010136514
0.09583333333333334,-0.34910238,0.02999528
0.09591666666666666,-0.3010689,0.06325171
0.096,0.1944893,0.08197109
0.09608333333333334,0.31551534,0.004972949
0.09616666666666666,-0.056642663,0.028150678
0.09625,-0.24817824,0.072645046
0.09633333333333334,-0.026927305,0.017489908
0.09641666666666666,0.14070158,0.010633661
0.0965,0.036139105,0.030214023
0.09658333333333333,-0.11119918,0.036728468
0.09666666666666666,-0.09671399,0.038557082
0.09675,0.0035034243,0.008185044
0.09683333333333333,0.04271737,0.009763784
0.09691666666666666,0.011149164,0.01982801
0.097,-0.045257922,0.009593361
0.09708333333333333,-0.022859339,0.018652715
0.09716666666666667,0.040722873,0.046462324
0.09725,0.003444116,0.00936527
0.09733333333333333,-0.071160726,0.018560782
0.09741666666666667,-0.024789348,0.043290824
0.0975,0.040727433,0.0008886235
0.09758333333333333,-0.013242917,0.044637512
0.09766666666666667,-0.04981274,0.0037311995
0.09775,0.043930188,0.005064125
0.09783333333333333,0.11274383,0.061308768
0.09791666666666667,0.002845944,0.07368139
0.098,-0.16118932,0.080901675
0.09808333333333333,-0.13901621,0.027537527
0.09816666666666667,0.095988415,0.04609829
0.09825,0.23244102,0.06005242
0.09833333333333333,0.017409576,0.029602129
0.09841666666666667,-0.21163651,0.033550378
0.0985,-0.06256359,0.06290036
0.09858333333333333,0.21263373,0.091040865
0.09866666666666667,0.22024985,0.09365503
0.09875,-0.007587317,0.015726278
0.09883333333333333,-0.14285818,0.0022316203
0.09891666666666667,0.042534865,0.08382131
0.099,0.34617144,0.006095213
0.09908333333333333,0.08133377,0.0033390918
0.09916666666666667,-0.5118592,0.03911641
0.09925,-0.21260838,0.011989788
0.09933333333333333,0.5607302,0.014351284
0.09941666666666667,0.38734663,0.06862282
0.0995,-0.45813474,0.020941895
0.09958333333333333,-0.50164855,0.02524609
0.09966666666666667,0.13412419,0.013222468
0.09975,0.33830315,0.018976752
0.09983333333333333,-0.07715362,0.013777762
0.09991666666666667,-0.32992202,0.004477522
0.1,-0.1274485,0.07937334
0.10008333333333333,0.1869784,0.010497545
0.10016666666666667,0.25725055,0.010315893
0.10025,-0.0522312,0.0040937825
0.10033333333333333,-0.32798457,0.0063269343
0.10041666666666667,-0.01226892,0.072421215
0.1005,0.46375868,0.051790316
0.10058333333333333,0.23116471,0.0043527535
0.10066666666666667,-0.30787238,0.036340714
0.10075,-0.20279956,0.04504131
0.10083333333333333,0.31157485,0.09141596
0.10091666666666667,0.22387975,0.0036213112
0.101,-0.31659865,0.004812758
0.10108333333333333,-0.26235852,0.022502895
0.10116666666666667,0.2022802,0.080920465
0.10125,0.21622598,0.07016487
0.10133333333333333,-0.11634159,0.10098926
0.10141666666666667,-0.20576233,0.0243263
0.1015,0.021695819,0.03521354
0.10158333333333333,0.16140136,0.02183493
0.10166666666666667,0.04051829,0.015393256
0.10175,-0.1581859,0.02190891
0.10183333333333333,-0.234452,0.023084983
0.10191666666666667,-0.047509767,0.055018723
0.102,0.27564943,0.0074025793
0.10208333333333333,0.1554741,0.031488728
0.10216666666666667,-0.30519167,0.019414328
0.10225,-0.28087497,0.03387971
0.10233333333333333,0.26465794,0.0522214
0.10241666666666667,0.43494976,0.01931712
0.1025,-0.08886621,0.07643032
0.10258333333333333,-0.45047656,0.02257429
0.10266666666666667,-0.054990005,0.063755125
0.10275,0.4438398,0.018498639
0.10283333333333333,0.30333403,0.033918817
0.10291666666666667,-0.22648276,0.055412676
0.103,-0.4614424,0.061907873
0.10308333333333333,-0.13373321,0.021727646
0.10316666666666667,0.3279548,0.014627329
0.10325,0.2570493,0.061369397
0.10333333333333333,-0.27406535,0.005708937
0.10341666666666667,-0.41175982,0.015602025
0.1035,0.17114903,0.00028823534
0.10358333333333333,0.56269354,0.001660249
0.10366666666666667,0.039911523,0.03717488
0.10375,-0.5841596,0.03936914
0.10383333333333333,-0.31882852,0.011814546
0.10391666666666667,0.39158866,0.011518878
0.104,0.44005558,0.0008688463
0.10408333333333333,-0.20679316,0.00041708365
0.10416666666666667,-0.47330055,0.01523562
0.10425,0.008856967,0.042003155
0.10433333333333333,0.5102767,0.029329916
0.10441666666666667,0.38716614,0.05155351
0.1045,-0.15799353,0.06454527
0.10458333333333333,-0.42853424,0.037110634
0.10466666666666667,-0.13681476,0.023184152
0.10475,0.34523058,0.0011894226
0.10483333333333333,0.3482654,0.010281844
0.10491666666666667,-0.22019789,0.023302006
0.105,-0.53158224,0.02489552
0.10508333333333333,-0.031630192,0.0039629135
0.10516666666666667,0.5039292,0.027066609
0.10525,0.1918072,0.05240184
0.10533333333333333,-0.47930077,0.076031245
0.10541666666666667,-0.57434493,0.012714296
0.1055,0.30430764,0.03973832
0.10558333333333333,1.0710373,0.017434074
0.10566666666666667,0.16852534,0.012002537
0.10575,-1.1331341,0.009241788
0.10583333333333333,-0.5384505,0.020648602
0.10591666666666667,1.1170416,0.0022313376
0.106,0.865692,0.006451514
0.10608333333333334,-0.85694575,0.042783536
0.10616666666666667,-1.1037059,0.0141014075
0.10625,0.47951272,0.017578373
0.10633333333333334,1.250608,0.028397761
0.10641666666666667,-0.049883563,0.004759401
0.1065,-1.1656513,0.011500762
0.10658333333333334,-0.46665186,0.005308999
0.10666666666666667,0.7990602,0.037867945
0.10675,0.62140906,0.016215006
0.10683333333333334,-0.5802899,0.0022990056
0.10691666666666666,-0.8585041,0.019061552
0.107,0.19797806,0.0205419
0.10708333333333334,0.9007784,0.07543056
0.10716666666666666,0.24760617,0.05216771
0.10725,-0.58752984,0.06604745
0.10733333333333334,-0.34417775,0.081067696
0.10741666666666666,0.4337262,0.018607274
0.1075,0.4733456,0.005489938
0.10758333333333334,-0.08109971,0.06656025
0.10766666666666666,-0.31050617,0.044555116
0.10775,-0.10318896,0.032022685
0.10783333333333334,0.12954438,0.012188329
0.10791666666666666,0.22610919,0.008436923
0.108,0.12634037,0.01709077
0.10808333333333334,-0.24528249,0.036171913
0.10816666666666666,-0.48911378,0.03191436
0.10825,-0.10312178,0.040660027
0.10833333333333334,0.4599895,0.015642583
0.10841666666666666,0.2467492,0.00013149572
0.1085,-0.43725783,0.024342462
0.10858333333333334,-0.4531879,0.021214753
0.10866666666666666,0.24900927,0.029189799
0.10875,0.5869382,0.044498857
0.10883333333333334,0.009712449,0.019656116
0.10891666666666666,-0.60663027,0.035967913
0.109,-0.31816638,0.0011648488
0.10908333333333334,0.48263186,0.03366525
0.10916666666666666,0.54777443,0.02707511
0.10925,-0.2705811,0.060398564
0.10933333333333334,-0.6711482,0.045264702
0.10941666666666666,-0.044994295,0.054318912
0.1095,0.6137801,0.04475398
0.10958333333333334,0.24558932,0.0918418
0.10966666666666666,-0.5309892,0.065998
0.10975,-0.45916587,0.028291022
0.10983333333333334,0.30740595,0.027068004
0.10991666666666666,0.5729602,0.052341472
0.11,0.043032285,0.027572302
0.11008333333333334,-0.37677392,0.043776
0.11016666666666666,-0.15725914,0.0041258777
0.11025,0.21872918,0.02048954
0.11033333333333334,0.21310082,0.0021966943
0.11041666666666666,-0.05016317,0.0007526283
0.1105,-0.19769706,0.030701712
0.11058333333333334,-0.15388003,0.0951558
0.11066666666666666,0.06669983,0.03826995
0.11075,0.2753539,0.009432816
0.11083333333333334,0.17724016,0.03153339
0.11091666666666666,-0.073833585,0.013057602
0.111,-0.16366489,0.017443405
0.11108333333333334,-0.037602972,0.021154396
0.11116666666666666,-0.0043866336,0.03259392
0.11125,-0.07173039,0.07345462
0.11133333333333334,-0.031636417,0.021881485
0.11141666666666666,-1.8312678e-05,0.026196588
0.1115,-0.03856595,0.062933765
0.11158333333333334,-0.04002503,0.0293704
0.11166666666666666,-0.091332436,0.013628377
0.11175,-0.30262443,0.024321739
0.11183333333333334,-0.36529815,0.033689648
0.11191666666666666,0.08621722,0.031433146
0.112,0.9566618,0.022466218
0.11208333333333333,0.60768855,0.070481025
0.11216666666666666,-0.69949996,0.05567739
0.11225,-0.7432552,0.016950374
0.11233333333333333,0.67080086,0.006488159
0.11241666666666666,1.0968233,0.014728995
0.1125,-0.18758802,0.044648044
0.11258333333333333,-0.8631402,0.04037301
0.11266666666666666,0.00066085235,0.045489453
0.11275,0.9355385,0.027614377
0.11283333333333333,0.45887962,0.0010528996
0.11291666666666667,-0.58009917,0.020757537
0.113,-0.729255,0.0024189514
0.11308333333333333,0.06781593,0.03346744
0.11316666666666667,0.6884609,0.044291478
0.11325,0.01065272,0.024685355
0.11333333333333333,-0.96369636,0.006532527
0.11341666666666667,-0.6541446,0.031066407
0.1135,0.55651325,0.025137765
0.11358333333333333,0.6521056,0.005054009
0.11366666666666667,-0.48005205,0.005308087
0.11375,-0.83230245,0.002271099
0.11383333333333333,0.1333447,0.011036099
0.11391666666666667,0.7771713,0.030504001
0.114,0.19132023,0.0010818965
0.11408333333333333,-0.36113024,0.009132459
0.11416666666666667,-0.20220742,0.016600339
0.11425,0.1961543,0.042191602
0.11433333333333333,0.37952867,0.038169306
0.11441666666666667,0.25341165,0.01120006
0.1145,-0.027281275,0.05463198
0.11458333333333333,-0.27172184,0.043382104
0.11466666666666667,-0.069288276,0.020958554
0.11475,0.281223,0.015308577
0.11483333333333333,0.0987402,0.00787437
0.11491666666666667,-0.2959298,0.024117174
0.115,-0.18055847,0.025617095
0.11508333333333333,0.24079028,0.020250741
0.11516666666666667,0.18599993,0.047060523
0.11525,-0.2707532,0.04666913
0.11533333333333333,-0.4168999,0.009850714
0.11541666666666667,-0.03910579,0.028579094
0.1155,0.30761287,0.0285502
0.11558333333333333,0.13810678,0.012931458
0.11566666666666667,-0.31769052,0.0062014726
0.11575,-0.4181823,0.035126857
0.11583333333333333,0.09619179,0.018485412
0.11591666666666667,0.5236612,0.003328907
0.116,0.14556894,0.025031105
0.11608333333333333,-0.4640245,0.014281802
0.11616666666666667,-0.32786137,0.017602045
0.11625,0.3504926,0.0026818903
0.11633333333333333,0.42562956,0.0052919835
0.11641666666666667,-0.17600432,0.014045364
0.1165,-0.31685674,0.005672384
0.11658333333333333,0.22042337,0.022744298
0.11666666666666667,0.43150672,0.014629732
0.11675,-0.068594545,0.039290883
0.11683333333333333,-0.43005902,0.02504264
0.11691666666666667,-0.08769966,0.014628686
0.117,0.353526,0.014547374
0.11708333333333333,0.18191789,0.008424718
0.11716666666666667,-0.2441203,0.010732624
0.11725,-0.2468002,0.021984266
0.11733333333333333,0.10927989,0.03915767
0.11741666666666667,0.26576573,0.01069182
0.1175,-0.062963955,0.0066839396
0.11758333333333333,-0.33778015,0.05026735
0.11766666666666667,-0.062993966,0.0040065786
0.11775,0.28388044,0.037676282
0.11783333333333333,0.10056389,0.055056367
0.11791666666666667,-0.24934599,0.0022053246
0.118,-0.12860194,0.022939872
0.11808333333333333,0.13166705,0.008930359
0.11816666666666667,0.0197485,0.0006111681
0.11825,-0.18175393,0.0027279458
0.11833333333333333,-0.09141395,0.022650907
0.11841666666666667,0.20219803,0.029484808
0.1185,0.21086346,0.037004642
0.11858333333333333,-0.07180536,0.029212134
0.11866666666666667,-0.1495095,0.002412686
0.11875,0.11361586,0.012942085
0.11883333333333333,0.21992035,0.0022450075
0.11891666666666667,0.024626052,0.0034882782
0.119,-0.0623239,0.04417363
0.11908333333333333,0.11480157,0.0028794254
0.11916666666666667,0.19976692,0.012419739
0.11925,0.0007839537,0.043082885
0.11933333333333333,-0.13113645,0.035528053
0.11941666666666667,-0.0025768925,0.011556349
0.1195,0.11496168,0.040624928
0.11958333333333333,0.07693598,0.027464451
0.11966666666666667,-0.08461709,0.0075168884
0.11975,-0.24235962,0.011355735
0.11983333333333333,-0.15223557,0.03238412
0.11991666666666667,0.19434997,0.012351676
0.12,0.2737474,0.029978529
0.12008333333333333,-0.15400758,0.032319587
0.12016666666666667,-0.501506,0.003554522
0.12025,-0.07801249,0.020327939
0.12033333333333333,0.54425114,0.005083097
0.12041666666666667,0.3328359,0.031871147
0.1205,-0.40631515,0.038557462
0.12058333333333333,-0.5013865,0.032209743
0.12066666666666667,0.21279731,0.03115946
0.12075,0.6359647,0.045662854
0.12083333333333333,0.15994474,0.0036263238
0.12091666666666667,-0.47223613,0.044385236
0.121,-0.3584307,0.006900869
0.12108333333333333,0.3646922,0.00033699232
0.12116666666666667,0.5996033,0.0156049
0.12125,-0.12206133,0.032809608
0.12133333333333333,-0.7812553,0.05009189
0.12141666666666667,-0.32932338,0.033805612
0.1215,0.6285358,0.031357676
0.12158333333333333,0.62682146,0.034464385
0.12166666666666667,-0.38926023,0.03670784
0.12175,-0.8513955,0.024496943
0.12183333333333334,-0.032503244,0.038084164
0.12191666666666667,0.8244657,0.01810714
0.122,0.35230836,0.0005804316
0.12208333333333334,-0.6483797,0.009490308
0.12216666666666667,-0.67987484,0.0014553918
0.12225,0.2517272,0.029407296
0.12233333333333334,0.7186926,0.03051737
0.12241666666666666,0.05172173,0.010331697
0.1225,-0.67850286,0.0221551
0.12258333333333334,-0.44301087,0.033896573
0.12266666666666666,0.39686754,0.015062393
0.12275,0.58258206,0.02763302
0.12283333333333334,-0.13090685,0.027239416
0.12291666666666666,-0.6297105,0.009036385
0.123,-0.22212772,0.01696211
0.12308333333333334,0.46778333,0.05986241
0.12316666666666666,0.45333752,0.02830989
0.12325,-0.19844255,0.054656085
0.12333333333333334,-0.54753435,0.01545235
0.12341666666666666,-0.1495924,0.022881713
0.1235,0.40456453,0.012942042
0.12358333333333334,0.38448304,0.004628279
0.12366666666666666,-0.23259223,0.018942483
0.12375,-0.5514985,0.037003886
0.12383333333333334,0.079159915,0.004686992
0.12391666666666666,0.8905047,0.041901402
0.124,0.4852395,0.06753787
0.12408333333333334,-0.7060977,0.020365315
0.12416666666666666,-0.77179486,0.0315458
0.12425,0.47760603,0.024298899
0.12433333333333334,1.0318724,0.039142225
0.12441666666666666,-0.049347423,0.009818895
0.1245,-0.9799303,0.018307474
0.12458333333333334,-0.25565833,0.04952084
0.12466666666666666,1.017419,0.026394825
0.12475,0.6629378,0.040800426
0.12483333333333334,-1.0854335,0.019927323
0.12491666666666666,-1.3388153,0.0004035376
0.125,0.4987877,0.020148544
0.12508333333333332,1.4873022,0.0027567926
0.12516666666666668,-0.10370341,0.011349864
0.12525,-1.5700747,0.0633391
0.12533333333333332,-0.47935873,0.06531663
0.12541666666666668,1.3743749,0.0020947622
0.1255,0.9150436,0.0007070088
0.12558333333333332,-0.9447119,0.03344976
0.12566666666666668,-1.2305088,0.024370179
0.12575,0.39890078,0.02465221
0.12583333333333332,1.4804112,0.026767544
0.12591666666666668,0.4104148,0.037339997
0.126,-0.95367944,0.018085575
0.12608333333333333,-0.6160718,0.026289094
0.12616666666666668,0.7671594,0.0038528403
0.12625,1.064522,0.0051302873
0.12633333333333333,-0.15450397,0.01126369
0.12641666666666668,-0.9974128,0.0009850399
0.1265,-0.33837956,0.028073287
0.12658333333333333,0.69647187,0.000654939
0.12666666666666668,0.5981788,0.0028011568
0.12675,-0.3542239,0.010715535
0.12683333333333333,-0.8386786,0.018747695
0.12691666666666668,-0.28915977,0.0029603476
0.127,0.49921358,0.017950939
0.12708333333333333,0.5115092,0.03400341
0.12716666666666668,-0.24138047,0.019217255
0.12725,-0.76932245,0.034873784
0.12733333333333333,-0.21261781,0.04284
0.12741666666666668,0.7595657,0.0060037477
0.1275,0.63992476,0.014936606
0.12758333333333333,-0.45800412,0.0017283694
0.12766666666666668,-0.89649165,0.04273294
0.12775,0.0014226144,0.005638716
0.12783333333333333,0.9171946,0.008719372
0.12791666666666668,0.40915713,0.06423403
0.128,-0.6881212,0.056746025
0.12808333333333333,-0.6609507,0.016900789
0.12816666666666668,0.42170823,0.027226709
0.12825,0.9035415,0.02006591
0.12833333333333333,0.018892637,0.01194306
0.12841666666666668,-0.88013005,0.029337114
0.1285,-0.5228134,0.004191995
0.12858333333333333,0.4878923,0.012030779
0.12866666666666668,0.6351496,0.01285818
0.12875,-0.21701373,0.010205255
0.12883333333333333,-0.6858996,0.058517408
0.12891666666666668,-0.09650597,0.04228003
0.129,0.559234,0.013764489
0.12908333333333333,0.3331344,0.009019673
0.12916666666666668,-0.31741107,0.013766578
0.12925,-0.43881086,0.112241454
0.12933333333333333,-0.016837956,0.092340395
0.12941666666666668,0.28887352,0.007899083
0.1295,0.23337045,0.02037878
0.12958333333333333,0.011665007,0.040973067
0.12966666666666668,-0.1997023,0.035878707
0.12975,-0.21519624,0.009652957
0.12983333333333333,0.03258424,0.016523678
0.12991666666666668,0.23350646,0.06283627
0.13,0.046893034,0.02455394
0.13008333333333333,-0.31746793,0.007578898
0.13016666666666668,-0.25246438,0.013974409
0.13025,0.25595942,0.014071313
0.13033333333333333,0.41886702,0.04910167
0.13041666666666665,-0.05977476,0.053188507
0.1305,-0.46052647,0.049699556
0.13058333333333333,-0.22209024,0.010667727
0.13066666666666665,0.3282661,0.012728262
0.13075,0.38516477,0.0075895884
0.13083333333333333,-0.08929757,0.037414424
0.13091666666666665,-0.30855012,0.000288981
0.131,0.014986039,0.026050858
0.13108333333333333,0.36868763,0.028854778
0.13116666666666665,0.2505318,0.026959782
0.13125,-0.13620044,0.05901042
0.13133333333333333,-0.26927844,0.070652306
0.13141666666666665,-0.0038030236,0.014052214
0.1315,0.3083676,0.026648171
0.13158333333333333,0.26173732,0.039159764
0.13166666666666665,-0.08354827,0.010894464
0.13175,-0.2933898,0.024241535
0.13183333333333333,-0.11174624,0.005363864
0.13191666666666665,0.20121513,0.01638341
0.132,0.19055973,0.025448509
0.13208333333333333,-0.20235692,0.048747033
0.13216666666666665,-0.42027423,0.024870863
0.13225,-0.070298225,0.04598858
0.13233333333333333,0.39292902,0.017495792
0.13241666666666665,0.28704503,0.034156427
0.1325,-0.25847423,0.02662134
0.13258333333333333,-0.3685127,0.017727274
0.13266666666666665,0.14048426,0.052541815
0.13275,0.42879397,0.021050563
0.13283333333333333,0.03148863,0.045209546
0.13291666666666666,-0.40729088,0.012111524
0.133,-0.2070837,0.034604564
0.13308333333333333,0.30698964,0.021628639
0.13316666666666666,0.34614152,0.03295683
0.13325,-0.116445884,0.09791744
0.13333333333333333,-0.3746855,0.10786891
0.13341666666666666,-0.10950589,0.024751142
0.1335,0.27864277,0.023967793
0.13358333333333333,0.26077944,0.10431669
0.13366666666666666,-0.1295598,0.022454737
0.13375,-0.34170416,0.01938331
0.13383333333333333,-0.06515113,0.009909091
0.13391666666666666,0.30175847,0.04040863
0.134,0.19985037,0.0042304588
0.13408333333333333,-0.22247392,0.027676385
0.13416666666666666,-0.34367886,0.023044487
0.13425,0.015134632,0.01644726
0.13433333333333333,0.30757037,0.032595146
0.13441666666666666,0.13539931,0.052862674
0.1345,-0.18720326,0.018779924
0.13458333333333333,-0.1848239,0.032727577
0.13466666666666666,0.14324407,0.07640211
0.13475,0.29512408,0.011752069
0.13483333333333333,0.027636902,0.008599872
0.13491666666666666,-0.27449623,0.061161183
0.135,-0.21184377,0.0960328
0.13508333333333333,0.09381431,0.042287055
0.13516666666666666,0.20321016,0.015097016
0.13525,-0.019928247,0.07435215
0.13533333333333333,-0.22548057,0.029823663
0.13541666666666666,-0.13291442,0.017650174
0.1355,0.0970288,0.00950302
0.13558333333333333,0.12635416,0.031400982
0.13566666666666666,-0.086337894,0.00891704
0.13575,-0.21331349,0.004062335
0.13583333333333333,-0.046551324,0.026416935
0.13591666666666666,0.16854191,0.002077583
0.136,0.16100879,0.009900466
0.13608333333333333,-0.026055766,0.03134182
0.13616666666666666,-0.15774456,0.028877044
0.13625,-0.056885656,0.021371651
0.13633333333333333,0.13246633,0.024493448
0.13641666666666666,0.19210967,0.02483467
0.1365,0.086815655,0.062085565
0.13658333333333333,-0.020329135,0.0969525
0.13666666666666666,-0.033612322,0.032829933
0.13675,0.043978482,0.0022429344
0.13683333333333333,0.07747711,0.008302641
0.13691666666666666,-0.035353336,0.0039735055
0.137,-0.13539128,0.00047365454
0.13708333333333333,-0.19693875,0.0011526571
0.13716666666666666,-0.107027255,0.029332202
0.13725,0.1394633,0.0153133795
0.13733333333333334,0.18386425,0.044164494
0.13741666666666666,-0.1056926,0.019678803
0.1375,-0.37422198,0.0062170117
0.13758333333333334,0.0054970994,0.0028563594
0.13766666666666666,0.6236876,0.016855923
0.13775,0.44572374,0.04523107
0.13783333333333334,-0.43533748,0.045434427
0.13791666666666666,-0.56782377,0.0100684995
0.138,0.4140956,0.019914985
0.13808333333333334,0.80096996,0.039714843
0.13816666666666666,-0.16240793,0.014668403
0.13825,-0.8577996,0.00597547
0.13833333333333334,-0.2108592,0.0049207066
0.13841666666666666,0.6849188,0.027632186
0.1385,0.34953746,0.009056855
0.13858333333333334,-0.49180335,0.022731302
0.13866666666666666,-0.5713312,0.053185925
0.13875,0.0036919843,0.021983394
0.13883333333333334,0.2847869,0.0065913782
0.13891666666666666,0.06176004,0.07751254
0.139,-0.16597824,0.010780749
0.13908333333333334,-0.24387288,0.002157918
0.13916666666666666,-0.01877585,0.003095738
0.13925,0.31256178,0.014230816
0.13933333333333334,0.3972025,0.013021863
0.13941666666666666,0.07758463,0.0061480673
0.1395,-0.25434065,0.008158367
0.13958333333333334,-0.029298812,0.021024726
0.13966666666666666,0.46688122,0.030088784
0.13975,0.4315733,0.008409064
0.13983333333333334,-0.21176423,0.037070926
0.13991666666666666,-0.6071513,0.018496757
0.14,-0.16726695,0.016636804
0.14008333333333334,0.54577196,0.027618844
0.14016666666666666,0.4152343,0.0159434
0.14025,-0.5375068,0.008550711
0.14033333333333334,-0.9126321,0.064912386
0.14041666666666666,-0.059245847,0.015568665
0.1405,0.836367,0.0016075898
0.14058333333333334,0.35369596,0.06902861
0.14066666666666666,-0.74912393,0.06792238
0.14075,-0.6860658,0.032157052
0.14083333333333334,0.48450658,0.0020762966
0.14091666666666666,0.93782616,0.05694285
0.141,-0.05120101,0.0072096954
0.14108333333333334,-0.84421456,0.032323815
0.14116666666666666,-0.22901243,0.022340266
0.14125,0.7727421,0.016874082
0.14133333333333334,0.6194275,0.020443946
0.14141666666666666,-0.3653611,0.021821868
0.1415,-0.75273854,0.02259174
0.14158333333333334,-0.09170653,0.06212544
0.14166666666666666,0.6134177,0.03356467
0.14175,0.3444195,0.013307266
0.14183333333333334,-0.46518728,0.031353906
0.14191666666666666,-0.6421293,0.035440337
0.142,0.04488984,0.04223785
0.14208333333333334,0.6118002,0.00018206438
0.14216666666666666,0.26543018,0.019159274
0.14225,-0.44769397,0.012711518
0.14233333333333334,-0.5264258,0.01514907
0.14241666666666666,0.08645791,0.0017455213
0.1425,0.52840054,0.019651324
0.14258333333333334,0.17160685,0.012179278
0.14266666666666666,-0.41753522,0.051071316
0.14275,-0.40203574,0.044880398
0.14283333333333334,0.18348141,0.022000546
0.14291666666666666,0.5536498,0.047842234
0.143,0.20492847,0.01108879
0.14308333333333334,-0.3259845,0.021206483
0.14316666666666666,-0.35993606,0.028103638
0.14325,0.1143531,0.042771876
0.14333333333333334,0.5120052,0.018875908
0.14341666666666666,0.24082085,0.03929955
0.1435,-0.40481314,0.06480276
0.14358333333333334,-0.45950702,0.00035459056
0.14366666666666666,0.18579635,0.029690666
0.14375,0.50840783,0.03557789
0.14383333333333334,-0.01448031,0.062473625
0.14391666666666666,-0.58884835,0.036122516
0.144,-0.34879366,0.073222645
0.14408333333333334,0.5883194,0.027573233
0.14416666666666667,0.6700837,0.010263476
0.14425,-0.42123038,0.07802324
0.14433333333333334,-0.8596892,0.018205564
0.14441666666666667,0.11599513,0.075809576
0.1445,0.8450722,0.09457084
0.14458333333333334,0.14721534,0.047001213
0.14466666666666667,-0.6229605,0.024522463
0.14475,-0.29205465,0.030106282
0.14483333333333334,0.44812095,0.04010466
0.14491666666666667,0.42530075,0.002228799
0.145,-0.18843344,0.023362583
0.14508333333333334,-0.4470426,0.031461976
0.14516666666666667,-0.023826445,0.04920407
0.14525,0.42613837,0.022139117
0.14533333333333334,0.16852316,0.018040195
0.14541666666666667,-0.40134478,0.031444173
0.1455,-0.34667367,0.009995526
0.14558333333333334,0.25447267,0.0529353
0.14566666666666667,0.33995083,0.004342573
0.14575,-0.18228343,0.02811645
0.14583333333333334,-0.3677693,0.00867198
0.14591666666666667,0.07145685,0.038756035
0.146,0.35791567,0.040863812
0.14608333333333334,0.14255771,0.03115244
0.14616666666666667,-0.034195635,0.009797923
0.14625,0.025665816,0.068787105
0.14633333333333334,0.041570455,0.035715513
0.14641666666666667,0.038177583,0.011496404
0.1465,0.12221879,0.03252315
0.14658333333333334,0.05996204,0.05211058
0.14666666666666667,-0.18601324,0.042965822
0.14675,-0.17933314,0.03844328
0.14683333333333334,0.12248421,0.012290142
0.14691666666666667,0.17252943,0.03745038
0.147,-0.17120115,0.017419796
0.14708333333333334,-0.29675257,0.006279631
0.14716666666666667,-0.0052942582,0.010987729
0.14725,0.19034126,0.023292854
0.14733333333333334,0.03296194,0.012281629
0.14741666666666667,-0.21929356,0.020169329
0.1475,-0.19187325,0.00901643
0.14758333333333334,0.09831001,0.0039271703
0.14766666666666667,0.24086925,0.008511425
0.14775,-0.008333836,0.008074652
0.14783333333333334,-0.27527878,0.011906287
0.14791666666666667,-0.10411365,0.016763732
0.148,0.2877749,0.023655465
0.14808333333333334,0.26930222,0.02302005
0.14816666666666667,-0.17179285,0.0012769517
0.14825,-0.2781109,0.013976475
0.14833333333333334,0.10596039,0.014891826
0.14841666666666667,0.29020607,0.013843039
0.1485,-0.008927197,0.019689528
0.14858333333333335,-0.253032,0.018313436
0.14866666666666667,-0.09903228,0.04237712
0.14875,0.080377646,0.025321923
0.14883333333333335,0.028755536,0.052652624
0.14891666666666667,-0.052704778,0.029372824
0.149,0.011107602,0.020132378
0.14908333333333335,0.05530924,0.0108952485
0.14916666666666667,0.0009262383,0.03099827
0.14925,-0.014457069,0.010487736
0.14933333333333335,0.043904454,0.036951512
0.14941666666666667,0.09783089,0.00038709253
0.1495,0.04544062,0.0014091844
0.14958333333333335,-0.12951027,0.001429871
0.14966666666666667,-0.2548926,0.030477136
0.14975,0.04791763,0.05609303
0.14983333333333335,0.31796855,0.076374106
0.14991666666666667,-0.056991216,0.020310728
0.15,-0.46050504,0.018805696
0.15008333333333335,-0.06462006,0.025505807
0.15016666666666667,0.4610998,0.02365765
0.15025,-0.017148018,0.019930167
0.15033333333333335,-0.6868891,0.0071907495
0.15041666666666667,-0.35334033,0.007563252
0.1505,0.7580085,0.02079915
0.15058333333333335,0.7719379,0.04326581
0.15066666666666667,-0.4704524,0.03923322
0.15075,-0.8732805,0.046740048
0.15083333333333335,0.21837947,0.00018364371
0.15091666666666667,1.0112029,0.04333057
0.151,0.19097729,0.0117955785
0.15108333333333332,-0.71123636,0.014906127
0.15116666666666667,-0.29891238,0.02522498
0.15125,0.6709658,0.028356535
0.15133333333333332,0.6920917,0.02137389
0.15141666666666667,-0.2614282,0.049925953
0.1515,-0.79190403,0.03727176
0.15158333333333332,-0.16931273,0.0063790893
0.15166666666666667,0.71589553,0.009918999
0.15175,0.41675547,0.019064477
0.15183333333333332,-0.60633284,0.024907833
0.15191666666666667,-0.69797826,0.0047662794
0.152,0.32595408,0.038772535
0.15208333333333332,0.74321795,0.004236465
0.15216666666666667,-0.21337311,0.05367312
0.15225,-0.86947674,0.05169961
0.15233333333333332,-0.22702874,0.029389882
0.15241666666666667,0.6314592,0.044251874
0.1525,0.40137658,0.036394317
0.15258333333333332,-0.321662,0.046088167
0.15266666666666667,-0.44069755,0.03190353
0.15275,0.04654763,0.014764195
0.15283333333333332,0.4545447,0.0076140007
0.15291666666666667,0.28314728,0.039889712
0.153,-0.17009734,0.02378361
0.15308333333333332,-0.3066055,0.019943204
0.15316666666666667,0.14225252,0.015259118
0.15325,0.54193556,0.029537085
0.15333333333333332,0.15455191,0.05091176
0.15341666666666667,-0.45772818,0.010675005
0.1535,-0.30561787,0.00417298
0.15358333333333332,0.37484133,0.05185257
0.15366666666666667,0.4196833,0.004984952
0.15375,-0.2985673,0.014562
0.15383333333333332,-0.65855956,0.041454583
0.15391666666666667,-0.097390935,0.03167311
0.154,0.5635241,0.01803616
0.15408333333333332,0.32126835,0.03468907
0.15416666666666667,-0.4525674,0.025177581
0.15425,-0.6520648,0.0108859325
0.15433333333333332,0.023857882,0.045899596
0.15441666666666667,0.6064611,0.027265739
0.1545,0.20904204,0.0024331317
0.15458333333333332,-0.5049312,0.07629325
0.15466666666666667,-0.35442114,0.07053995
0.15475,0.42594287,0.037412956
0.15483333333333332,0.5887016,0.0078106346
0.15491666666666667,-0.09265831,0.08352588
0.155,-0.5060647,0.033416953
0.15508333333333332,-0.029441632,0.019414647
0.15516666666666667,0.5115635,0.027174756
0.15525,0.22705773,0.024809489
0.15533333333333332,-0.39715102,0.009249859
0.15541666666666668,-0.43679857,0.024441045
0.1555,0.08995942,0.0072042802
0.15558333333333332,0.36557624,0.023787912
0.15566666666666668,0.009122322,0.024386248
0.15575,-0.40294012,0.0027849893
0.15583333333333332,-0.32954055,0.032436125
0.15591666666666668,0.051938392,0.0010790866
0.156,0.25190923,0.00066371914
0.15608333333333332,0.15193106,0.007553293
0.15616666666666668,-0.074707486,0.004548106
0.15625,-0.18500733,0.014589056
0.15633333333333332,0.0015506605,0.026690474
0.15641666666666668,0.31236097,0.009286528
0.1565,0.24528646,0.04509535
0.15658333333333332,-0.21426393,0.074563414
0.15666666666666668,-0.4160426,0.021760345
0.15675,0.093870364,0.06059892
0.15683333333333332,0.57622105,0.03691427
0.15691666666666668,0.29317665,0.02726345
0.157,-0.5362926,0.011797944
0.15708333333333332,-0.617923,0.023434978
0.15716666666666668,0.26585487,0.048052315
0.15725,0.6831504,0.043652635
0.15733333333333333,-0.09799611,0.015763221
0.15741666666666668,-0.80468845,0.036939472
0.1575,-0.20670976,0.012433545
0.15758333333333333,0.7607652,0.018612994
0.15766666666666668,0.53983814,0.00022619167
0.15775,-0.43780655,0.02291037
0.15783333333333333,-0.673091,0.022877311
0.15791666666666668,0.14275843,0.0013182514
0.158,0.7560553,0.002850369
0.15808333333333333,0.28589037,0.0050391736
0.15816666666666668,-0.4598943,0.0076028192
0.15825,-0.42967552,0.065902814
0.15833333333333333,0.251781,0.01609878
0.15841666666666668,0.5909026,0.022631034
0.1585,0.11338041,0.046908032
0.15858333333333333,-0.4922186,0.06986986
0.15866666666666668,-0.49936762,0.062232904
0.15875,0.05593792,0.027154518
0.15883333333333333,0.44473848,0.04067524
0.15891666666666668,0.16487607,0.046996646
0.159,-0.398261,0.06484933
0.15908333333333333,-0.4402075,0.051012807
0.15916666666666668,0.13377248,0.04466816
0.15925,0.5384182,0.05810564
0.15933333333333333,0.14737771,0.023934726
0.15941666666666668,-0.5097137,0.00074488774
0.1595,-0.4269216,0.026686387
0.15958333333333333,0.36956128,0.03350052
0.15966666666666668,0.7315697,0.023615103
0.15975,0.0765244,0.00869176
0.15983333333333333,-0.6417044,0.006163911
0.15991666666666668,-0.33865604,0.013725309
0.16,0.49219605,0.00367119
0.16008333333333333,0.5559554,0.03408231
0.16016666666666668,-0.25524324,0.023005653
0.16025,-0.681924,0.016432397
0.16033333333333333,-0.07821931,0.01805911
0.16041666666666668,0.6910891,0.055699456
0.1605,0.4171425,0.0773939
0.16058333333333333,-0.46592593,0.052585725
0.16066666666666668,-0.64017344,0.04550171
0.16075,0.07436139,0.012867008
0.16083333333333333,0.5392751,0.049462225
0.16091666666666668,0.07141791,0.031716164
0.161,-0.5251227,0.053765982
0.16108333333333333,-0.35000092,0.014232521
0.16116666666666668,0.29687035,0.01464856
0.16125,0.47086275,0.038035218
0.16133333333333333,-0.011136881,0.017886834
0.16141666666666668,-0.44501066,0.014684849
0.1615,-0.30118725,0.016288394
0.16158333333333333,0.15520692,0.0054728757
0.16166666666666665,0.3209879,0.0019105439
0.16175,0.034424692,0.013990869
0.16183333333333333,-0.27755114,0.011909145
0.16191666666666665,-0.18211192,0.02770303
0.162,0.17969137,0.042981863
0.16208333333333333,0.28836662,0.020647913
0.16216666666666665,-0.038132064,0.0022317586
0.16225,-0.3365194,0.02941872
0.16233333333333333,-0.1111991,0.030775616
0.16241666666666665,0.39845312,0.012041364
0.1625,0.42608926,0.05973535
0.16258333333333333,-0.13510056,0.10148438
0.16266666666666665,-0.43377715,0.09185807
0.16275,-0.004676165,0.026441915
0.16283333333333333,0.49630064,0.011680452
0.16291666666666665,0.24279743,0.07476748
0.163,-0.39189956,0.00540705
0.16308333333333333,-0.39308217,0.027971016
0.16316666666666665,0.16878788,0.06735437
0.16325,0.36713994,0.03853235
0.16333333333333333,-0.011993321,0.03753491
0.16341666666666665,-0.275939,0.036949992
0.1635,-0.07426519,0.020103784
0.16358333333333333,0.17176436,0.061504323
0.16366666666666665,0.061174165,0.040719796
0.16375,-0.15421684,0.0031432908
0.16383333333333333,-0.12365948,0.05864804
0.16391666666666665,0.04783267,0.03195749
0.164,0.10920368,0.034039382
0.16408333333333333,0.038853057,0.014339143
0.16416666666666666,-0.019646654,0.0021124887
0.16425,-0.021205502,0.03304562
0.16433333333333333,-0.03024315,0.015241735
0.16441666666666666,-0.016913468,0.074864656
0.1645,0.07483169,0.04045738
0.16458333333333333,0.080286086,0.084192775
0.16466666666666666,-0.05958066,0.051301897
0.16475,-0.10693869,0.09998662
0.16483333333333333,0.066192254,0.035719223
0.16491666666666666,0.18380052,0.052880168
0.165,0.027298948,0.01737467
0.16508333333333333,-0.16877425,0.024913732
0.16516666666666666,-0.09471421,0.09496153
0.16525,0.08955552,0.013769223
0.16533333333333333,0.07713274,0.04205625
0.16541666666666666,-0.04637621,0.005754853
0.1655,-0.04664249,0.047332857
0.16558333333333333,0.034647517,0.035891637
0.16566666666666666,0.06288862,0.0092023285
0.16575,0.030874236,0.050560202
0.16583333333333333,-0.020091811,0.087378144
0.16591666666666666,-0.07487718,0.08489473
0.166,-0.07862071,0.10006472
0.16608333333333333,-0.033998773,0.03188489
0.16616666666666666,0.011708397,0.022758784
0.16625,0.017565502,0.040307067
0.16633333333333333,-0.012252133,0.054387864
0.16641666666666666,-0.036234282,0.023254486
0.1665,-0.07974029,0.110823706
0.16658333333333333,-0.07010357,0.029187158
0.16666666666666666,0.036295973,0.04220088
0.16675,0.077766076,0.052719813
0.16683333333333333,-0.016262999,0.046102066
0.16691666666666666,-0.05932798,0.026649412
0.167,0.057617743,0.034414873
0.16708333333333333,0.12581398,0.058433034
0.16716666666666666,-0.019470338,0.106461205
0.16725,-0.18062083,0.0013110968
0.16733333333333333,-0.06827568,0.026452469
0.16741666666666666,0.1542162,0.005058862
0.1675,0.09934301,0.00795032
0.16758333333333333,-0.13294703,0.07331963
0.16766666666666666,-0.15502451,0.06108389
0.16775,0.074530095,0.0006802504
0.16783333333333333,0.20431668,0.025480727
0.16791666666666666,0.044904374,0.01567007
0.168,-0.14303865,0.0095896525
0.16808333333333333,-0.11207096,0.06520193
0.16816666666666666,0.04824959,0.017287211
0.16825,0.090214,0.055974487
0.16833333333333333,-0.025396327,0.020341685
0.16841666666666666,-0.094865434,0.060441926
0.1685,-0.018398637,0.0027266233
0.16858333333333334,0.08960638,0.016681835
0.16866666666666666,0.06995893,0.060712375
0.16875,-0.09267184,0.057442345
0.16883333333333334,-0.13676368,0.038086854
0.16891666666666666,0.11260722,0.047356963
0.169,0.2797493,0.04060871
0.16908333333333334,-0.011069904,0.054748498
0.16916666666666666,-0.2693889,0.04186237
0.16925,-0.07517261,0.13081607
0.16933333333333334,0.21970919,0.067509696
0.16941666666666666,0.14940637,0.00034458854
0.1695,-0.05168989,0.07610093
0.16958333333333334,-0.020897226,0.042652044
0.16966666666666666,0.0720791,0.023449471
0.16975,0.075283535,0.04910061
0.16983333333333334,-0.10308484,0.08695055
0.16991666666666666,-0.07562478,0.031011833
0.17,0.1955254,0.054862957
0.17008333333333334,0.19118322,0.028127793
0.17016666666666666,-0.13508415,0.02294581
0.17025,-0.27546707,0.0142918555
0.17033333333333334,-0.064906396,0.013840384
0.17041666666666666,0.045579035,0.02398334
0.1705,-0.09888745,0.0022689737
0.17058333333333334,-0.18240389,0.008564066
0.17066666666666666,-0.009291153,0.038904727
0.17075,0.22781762,0.02107898
0.17083333333333334,0.20728318,0.023431657
0.17091666666666666,-0.14439805,0.0717626
0.171,-0.351057,0.018588541
0.17108333333333334,-0.012985417,0.036117435
0.17116666666666666,0.44402122,0.074664675
0.17125,0.22088164,0.035858296
0.17133333333333334,-0.34503573,0.07055756
0.17141666666666666,-0.23106815,0.042707298
0.1715,0.43421435,0.038915955
0.17158333333333334,0.52415675,0.039737936
0.17166666666666666,-0.19797015,0.09289287
0.17175,-0.5491778,0.0013475884
0.17183333333333334,0.019918308,0.0077325683
0.17191666666666666,0.5569807,0.0952591
0.172,0.1790511,0.03811177
0.17208333333333334,-0.4725798,0.031588152
0.17216666666666666,-0.43104497,0.035296276
0.17225,0.20833512,0.03065516
0.17233333333333334,0.4692747,0.019384574
0.17241666666666666,-0.07501456,0.004455318
0.1725,-0.645356,0.010191417
0.17258333333333334,-0.40161976,0.016795075
0.17266666666666666,0.3836587,0.038491286
0.17275,0.5785891,0.0653359
0.17283333333333334,-0.13868125,0.027669717
0.17291666666666666,-0.59786856,0.027393466
0.173,-0.050505456,0.013419957
0.17308333333333334,0.62882185,0.026980067
0.17316666666666666,0.3333181,0.02802268
0.17325,-0.50579077,0.037984326
0.17333333333333334,-0.58551353,0.058290437
0.17341666666666666,0.22574963,0.0011090232
0.1735,0.7722238,0.016198624
0.17358333333333334,0.26036477,0.054383423
0.17366666666666666,-0.5820123,0.020282885
0.17375,-0.5819013,0.0009289251
0.17383333333333334,0.22807874,0.049895342
0.17391666666666666,0.62800527,0.06454352
0.174,-0.014281325,0.0154239
0.17408333333333334,-0.69059366,0.012609822
0.17416666666666666,-0.33619994,0.0022103284
0.17425,0.54712164,0.012785911
0.17433333333333334,0.5828318,0.051333517
0.17441666666666666,-0.31065935,0.026590435
0.1745,-0.75110656,0.04238639
0.17458333333333334,-0.09173185,0.008938983
0.17466666666666666,0.6604529,0.00066756597
0.17475,0.34953117,0.026533384
0.17483333333333334,-0.45553386,0.05623862
0.17491666666666666,-0.5246129,0.04314304
0.175,0.21815804,0.013522849
0.17508333333333334,0.6694938,0.018869368
0.17516666666666666,0.1659469,0.012662859
0.17525,-0.4481932,0.06462151
0.17533333333333334,-0.36059722,0.06924517
0.17541666666666667,0.17074648,0.00038863014
0.1755,0.43175745,0.034506317
0.17558333333333334,0.13672504,0.049150154
0.17566666666666667,-0.34539112,0.039298363
0.17575,-0.3536924,0.0070892777
0.17583333333333334,0.15744528,0.047085524
0.17591666666666667,0.39604193,0.057681236
0.176,-0.0042489483,0.08646607
0.17608333333333334,-0.4271025,0.013465835
0.17616666666666667,-0.31173104,0.00089193025
0.17625,0.32649222,0.04616654
0.17633333333333334,0.8126911,0.012254839
0.17641666666666667,0.09038479,0.018066376
0.1765,-0.9305934,0.02735644
0.17658333333333334,-0.37950906,0.0024830492
0.17666666666666667,1.0306109,0.021103445
0.17675,0.68906283,0.055259787
0.17683333333333334,-0.8782593,0.009241662
0.17691666666666667,-0.98061544,0.026349084
0.177,0.55385095,0.021846894
0.17708333333333334,1.2312576,0.060075812
0.17716666666666667,-0.08052669,0.0715631
0.17725,-1.177525,0.05175315
0.17733333333333334,-0.41463643,0.074933186
0.17741666666666667,0.9202629,0.016518794
0.1775,0.7020932,0.02214737
0.17758333333333334,-0.71248263,0.07605399
0.17766666666666667,-1.1122441,0.045183722
0.17775,0.15316412,0.0046496857
0.17783333333333334,1.1458398,0.0052073607
0.17791666666666667,0.2655822,0.040335342
0.178,-0.9782206,0.0069411546
0.17808333333333334,-0.61552334,0.029730374
0.17816666666666667,0.7169735,0.03993459
0.17825,0.82792145,0.031975754
0.17833333333333334,-0.27770612,0.020487161
0.17841666666666667,-0.6679139,0.007203927
0.1785,0.09011799,0.058957636
0.17858333333333334,0.63079447,0.011129807
0.17866666666666667,0.2345138,0.050065912
0.17875,-0.34286156,0.012370928
0.17883333333333334,-0.40696037,0.013011318
0.17891666666666667,-0.04228791,0.045017064
0.179,0.30961666,0.0005623622
0.17908333333333334,0.24322352,0.0056922333
0.17916666666666667,-0.20231874,0.03708947
0.17925,-0.4133923,0.0715486
0.17933333333333334,-0.028310223,0.029622952
0.17941666666666667,0.40413827,0.05980549
0.1795,0.25243932,0.0011368509
0.17958333333333334,-0.28018075,0.010147062
0.17966666666666667,-0.47818953,0.0030629097
0.17975,-0.067363314,0.00067571446
0.17983333333333335,0.40893233,0.044791125
0.17991666666666667,0.2604789,0.021696718
0.18,-0.31154555,0.010962043
0.18008333333333335,-0.4484187,0.020258201
0.18016666666666667,0.14431216,0.040492497
0.18025,0.6072062,0.0032870176
0.18033333333333335,0.11592636,0.013853439
0.18041666666666667,-0.5708745,0.0015528508
0.1805,-0.3161523,0.01532544
0.18058333333333335,0.50888073,0.0016667864
0.18066666666666667,0.55274963,0.016633881
0.18075,-0.2377504,0.009498642
0.18083333333333335,-0.5974546,0.008656296
0.18091666666666667,-0.07596072,0.0025546048
0.181,0.39861968,0.016330263
0.18108333333333335,0.13737716,0.0033777293
0.18116666666666667,-0.28125295,0.019475771
0.18125,-0.20798865,0.01932129
0.18133333333333335,0.10095941,0.041310422
0.18141666666666667,0.23579518,0.01858811
0.1815,0.08658656,0.021231016
0.18158333333333335,-0.02652379,0.014281333
0.18166666666666667,0.017902952,0.019956999
0.18175,0.058558617,0.008015267
0.18183333333333335,-0.15257475,0.015560568
0.18191666666666667,-0.4017776,0.011941999
0.182,0.11620736,0.0024759455
0.18208333333333335,0.49745622,0.025221737
0.18216666666666667,-0.065081,0.0017911976
0.18225,-0.7151234,0.0055150855
0.18233333333333332,0.019373035,0.0015190134
0.18241666666666667,0.77203935,0.0195304
0.1825,-0.18577275,0.028048187
0.18258333333333332,-1.1968274,0.012674851
0.18266666666666667,-0.048618823,0.00979127
0.18275,1.7870294,0.019622559
0.18283333333333332,0.57836926,0.022238726
0.18291666666666667,-1.4872408,0.0033907422
0.183,-0.92493635,0.014581874
0.18308333333333332,1.252616,0.014207077
0.18316666666666667,1.3239361,0.014467662
0.18325,-0.56114423,0.024750194
0.18333333333333332,-1.1698447,0.039822813
0.18341666666666667,0.10086032,0.019803466
0.1835,1.3141773,0.0016756988
0.18358333333333332,0.5702681,0.009144125
0.18366666666666667,-0.95905066,0.015474089
0.18375,-1.1828518,0.045526523
0.18383333333333332,0.32777587,0.03520503
0.18391666666666667,1.2243476,0.013077192
0.184,-0.15679659,0.029021101
0.18408333333333332,-1.3946097,0.0050136712
0.18416666666666667,-0.48995444,0.0012701506
0.18425,1.0578202,0.029645586
0.18433333333333332,0.559689,0.0066726077
0.18441666666666667,-0.8576894,0.024796538
0.1845,-0.7041237,0.021325434
0.18458333333333332,0.43367505,0.01307769
0.18466666666666667,0.6705456,0.004265666
0.18475,0.021051932,0.026334742
0.18483333333333332,-0.2918132,0.008353451
0.18491666666666667,-0.23566414,0.042050194
0.185,0.09274617,0.006770902
0.18508333333333332,0.53079724,0.0008648351
0.18516666666666667,0.45163122,0.013433761
0.18525,-0.22869524,0.060022637
0.18533333333333332,-0.5479794,0.032976154
0.18541666666666667,0.16645917,0.012909649
0.1855,0.6263695,0.006544103
0.18558333333333332,0.020647677,0.015607489
0.18566666666666667,-0.5882517,0.0014236566
0.18575,-0.22571577,0.009821942
0.18583333333333332,0.43327406,0.028696587
0.18591666666666667,0.26623687,0.02269878
0.186,-0.43292704,0.023215128
0.18608333333333332,-0.6384084,0.0056778397
0.18616666666666667,-0.030196078,0.0033864134
0.18625,0.5786422,0.006288909
0.18633333333333332,0.25295588,0.008964574
0.18641666666666667,-0.63771534,0.014086163
0.1865,-0.6730933,0.009916134
0.18658333333333332,0.3844698,0.026923101
0.18666666666666668,0.87927043,0.01517294
0.18675,-0.043336112,0.00044174748
0.18683333333333332,-0.8516333,0.00055677845
0.18691666666666668,-0.2166642,0.020736517
0.187,0.7845522,0.032794744
0.18708333333333332,0.47079486,0.04928067
0.18716666666666668,-0.44912043,0.041196227
0.18725,-0.41209093,0.015703654
0.18733333333333332,0.37129927,0.036719374
0.18741666666666668,0.540932,0.03417369
0.1875,-0.10306619,0.004490643
0.18758333333333332,-0.50605905,0.018485082
0.18766666666666668,-0.17327696,0.007057488
0.18775,0.3067249,0.003065077
0.18783333333333332,0.2763459,0.024495361
0.18791666666666668,-0.14775929,0.03930256
0.188,-0.31521025,0.09422057
0.18808333333333332,-0.049953077,0.00088044856
0.18816666666666668,0.22026815,0.009620151
0.18825,0.14775649,0.08760894
0.18833333333333332,-0.081441954,0.026874484
0.18841666666666668,-0.11112171,0.0258785
0.1885,-0.017493233,0.022698294
0.18858333333333333,0.07341923,0.0003662615
0.18866666666666668,0.17161149,0.017313939
0.18875,0.06632156,0.07462491
0.18883333333333333,-0.3282513,0.002940368
0.18891666666666668,-0.32574353,0.013405932
0.189,0.20911591,0.036753964
0.18908333333333333,0.4264606,0.009514746
0.18916666666666668,-0.14402264,0.033720076
0.18925,-0.55629593,0.004211962
0.18933333333333333,-0.021341303,0.03638383
0.18941666666666668,0.56327945,0.033798918
0.1895,0.16391629,0.009908376
0.18958333333333333,-0.43924835,0.029879805
0.18966666666666668,-0.19899032,0.009550423
0.18975,0.4056264,0.03842855
0.18983333333333333,0.3762139,0.045206968
0.18991666666666668,-0.13196498,0.024228025
0.19,-0.27372575,0.005271871
0.19008333333333333,0.08322966,0.0045027076
0.19016666666666668,0.31462914,0.006869339
0.19025,0.1852023,0.05871995
0.19033333333333333,-0.112187035,0.02450962
0.19041666666666668,-0.23205058,0.008155345
0.1905,-0.081535466,0.03211051
0.19058333333333333,0.13971666,0.012194502
0.19066666666666668,0.10428089,0.022478757
0.19075,-0.14939049,0.0006484273
0.19083333333333333,-0.27637532,0.008534596
0.19091666666666668,-0.076500535,0.008476411
0.191,0.20864746,0.023135358
0.19108333333333333,0.19811119,0.012606942
0.19116666666666668,-0.08222676,0.01140196
0.19125,-0.2399553,0.005864078
0.19133333333333333,-0.020698238,0.023206046
0.19141666666666668,0.30269656,0.0035586015
0.1915,0.2052949,0.028269116
0.19158333333333333,-0.17344926,0.021230094
0.19166666666666668,-0.2627484,0.02302779
0.19175,0.11717822,0.0026094904
0.19183333333333333,0.33268613,0.005077853
0.19191666666666668,-0.035379723,0.061305396
0.192,-0.44275698,0.038756885
0.19208333333333333,-0.2441925,0.055929422
0.19216666666666668,0.272034,0.021229574
0.19225,0.3321999,0.05563122
0.19233333333333333,-0.12856403,0.016927993
0.19241666666666668,-0.41831997,0.01867976
0.1925,-0.13691187,0.009222058
0.19258333333333333,0.2882618,0.040824663
0.19266666666666668,0.2619316,0.00038041698
0.19275,-0.14912987,0.009910426
0.19283333333333333,-0.33627635,0.021859746
0.19291666666666665,0.0010031413,0.036349624
0.193,0.36823222,0.03662466
0.19308333333333333,0.19592902,0.026385862
0.19316666666666665,-0.23594768,0.030979317
0.19325,-0.23282039,0.037341878
0.19333333333333333,0.15196194,0.034721263
0.19341666666666665,0.29173043,0.01679931
0.1935,-0.04509048,0.038863927
0.19358333333333333,-0.34728053,0.018066103
0.19366666666666665,-0.19374895,0.08451179
0.19375,0.12171676,0.049058873
0.19383333333333333,0.19422506,0.0023619002
0.19391666666666665,-0.02234839,0.08138454
0.194,-0.24832904,0.058747828
0.19408333333333333,-0.1962116,0.033860043
0.19416666666666665,0.0917968,0.014033337
0.19425,0.2506245,0.04171061
0.19433333333333333,-0.0021238176,0.032365
0.19441666666666665,-0.3822328,0.012272401
0.1945,-0.16487789,0.004738173
0.19458333333333333,0.62458855,0.034722958
0.19466666666666665,0.7072969,0.04059859
0.19475,-0.30246478,0.027254013
0.19483333333333333,-0.8630899,0.017635804
0.19491666666666665,0.03798826,0.00075352093
0.195,1.0026709,0.0039122812
0.19508333333333333,0.41562733,0.04486561
0.19516666666666665,-0.738759,0.055868722
0.19525,-0.65166306,0.051822405
0.19533333333333333,0.5168668,0.0479763
0.19541666666666666,1.0253953,0.051681675
0.1955,-0.18018311,0.0034781594
0.19558333333333333,-1.4200085,0.0041904543
0.19566666666666666,-0.63050526,0.03585125
0.19575,1.1656635,0.003365688
0.19583333333333333,1.0303352,0.020597242
0.19591666666666666,-0.88427496,0.05522615
0.196,-1.3452246,0.07583636
0.19608333333333333,0.3869988,0.028633988
0.19616666666666666,1.4911485,0.08332349
0.19625,0.267502,0.08425057
0.19633333333333333,-1.1635648,0.07157722
0.19641666666666666,-0.69491345,0.071284294
0.1965,0.7935876,0.055769835
0.19658333333333333,1.0993642,0.04779199
0.19666666666666666,-0.047596913,0.0037216644
0.19675,-0.8564633,0.014933571
0.19683333333333333,-0.3578606,0.037290715
0.19691666666666666,0.6665859,0.0053928783
0.197,0.6836587,0.024683842
0.19708333333333333,-0.33026564,0.042503767
0.19716666666666666,-0.83749497,0.006637543
0.19725,-0.16167916,0.0073392563
0.19733333333333333,0.66994333,0.007992452
0.19741666666666666,0.42447877,0.020034533
0.1975,-0.4724515,0.0028498543
0.19758333333333333,-0.7381676,0.01211
0.19766666666666666,-0.081534415,0.045364477
0.19775,0.58737355,0.032257747
0.19783333333333333,0.40573174,0.047488045
0.19791666666666666,-0.37742507,0.07608157
0.198,-0.66209483,0.056558177
0.19808333333333333,0.077244766,0.004028333
0.19816666666666666,0.81947464,0.0049922396
0.19825,0.35168725,0.01082818
0.19833333333333333,-0.64800394,0.015099988
0.19841666666666666,-0.63947695,0.0014861742
0.1985,0.37219432,0.03525462
0.19858333333333333,0.7790334,0.03301727
0.19866666666666666,-0.04804427,0.005601917
0.19875,-0.723409,0.002700137
0.19883333333333333,-0.23893465,0.02438644
0.19891666666666666,0.579479,0.030698609
0.199,0.47223756,0.013803763
0.19908333333333333,-0.32238385,0.007634368
0.19916666666666666,-0.61189634,0.036225867
0.19925,-0.068717144,0.017906561
0.19933333333333333,0.4738825,0.029427234
0.19941666666666666,0.24585643,0.014121293
0.1995,-0.32299256,0.030936068
0.19958333333333333,-0.34998628,0.032900058
0.19966666666666666,0.12874687,0.0030987123
0.19975,0.35488832,0.008231506
0.19983333333333334,0.030888658,0.017769031
0.19991666666666666,-0.29315323,0.08218347
0.2,-0.17570205,0.059868865
0.20008333333333334,0.08466788,0.031603776
0.20016666666666666,0.14304835,0.00019748126
0.20025,0.07545414,0.06933299
0.20033333333333334,-0.039164387,0.0068405154
0.20041666666666666,-0.18485968,0.004605057
0.2005,-0.17709862,0.0072634523
0.20058333333333334,0.08964529,0.013230196
0.20066666666666666,0.22264539,0.0025082435
0.20075,-0.06516518,0.010829828
0.20083333333333334,-0.32391948,0.001590349
0.20091666666666666,-0.06158974,0.015931243
0.201,0.35552222,0.035596468
0.20108333333333334,0.24704847,0.024982072
0.20116666666666666,-0.17481904,0.009921092
0.20125,-0.25350192,0.014297773
0.20133333333333334,0.08860085,0.028990755
0.20141666666666666,0.30409154,0.021843188
0.2015,0.101060696,0.0056416593
0.20158333333333334,-0.1311994,0.032322247
0.20166666666666666,-0.03855728,0.045845523
0.20175,0.22738214,0.005329547
0.20183333333333334,0.2647303,0.04097587
0.20191666666666666,-0.02995575,0.054457426
0.202,-0.25439575,0.022464622
0.20208333333333334,-0.10630451,0.024447117
0.20216666666666666,0.13808295,0.007823173
0.20225,0.11937421,0.06640731
0.20233333333333334,-0.08125004,0.025914725
0.20241666666666666,-0.17103134,0.01426694
0.2025,-0.09785143,0.031774614
0.20258333333333334,-0.02058505,0.01876559
0.20266666666666666,0.022989644,0.02958042
0.20275,0.01167461,0.016227197
0.20283333333333334,-0.0838287,0.018015474
0.20291666666666666,-0.09997031,0.016257875
0.203,0.07047341,0.0075324867
0.20308333333333334,0.22644131,0.05554756
0.20316666666666666,0.10907712,0.11520906
0.20325,-0.12666097,0.056243967
0.20333333333333334,-0.09854598,0.055140145
0.20341666666666666,0.14882417,0.006860917
0.2035,0.19066334,0.009479772
0.20358333333333334,-0.017892204,0.044702828
0.20366666666666666,-0.13970338,0.015426198
0.20375,-0.01287212,0.039873604
0.20383333333333334,0.14396076,0.056661177
0.20391666666666666,0.08941721,0.0054702936
0.204,-0.08339835,0.022912823
0.20408333333333334,-0.14056025,0.025237923
0.20416666666666666,-0.054296147,0.048895467
0.20425,0.03335043,0.037474785
0.20433333333333334,0.014355662,0.02272921
0.20441666666666666,-0.0742267,0.042636443
0.2045,-0.07123062,0.05092854
0.20458333333333334,0.020784065,0.0050363573
0.20466666666666666,0.08820598,0.030925365
0.20475,0.05471204,0.042255368
0.20483333333333334,-0.04643824,0.031906985
0.20491666666666666,-0.09985613,0.06542796
0.205,-0.05203047,0.007498607
0.20508333333333334,0.042125992,0.047976382
0.20516666666666666,0.077218436,0.031011561
0.20525,-0.008031557,0.07474835
0.20533333333333334,-0.124232166,0.07263921
0.20541666666666666,-0.09982239,0.07463619
0.2055,0.04145624,0.029243916
0.20558333333333334,0.10318273,0.053993355
0.20566666666666666,-0.008790698,0.022680582
0.20575,-0.13034187,0.049466837
0.20583333333333334,-0.050847914,0.06395003
0.20591666666666666,0.113309085,0.011541958
0.206,0.1310185,0.00016374359
0.20608333333333334,0.008340226,0.07163585
0.20616666666666666,-0.122026995,0.044446334
0.20625,-0.086645395,0.05778223
0.20633333333333334,0.07256053,0.009046084
0.20641666666666666,0.08965661,0.010725365
0.2065,-0.063875414,0.011860494
0.20658333333333334,-0.14895146,0.031775914
0.20666666666666667,-0.026025666,0.0037968175
0.20675,0.13964076,0.007350933
0.20683333333333334,0.091460414,0.03649203
0.20691666666666667,-0.11095158,0.0099938605
0.207,-0.1482499,0.0060555707
0.20708333333333334,0.011364099,0.0074990992
0.20716666666666667,0.15091562,0.04848373
0.20725,0.1518275,0.0272286
0.20733333333333334,0.011268196,0.038266677
0.20741666666666667,-0.15899588,0.009761305
0.2075,-0.14607467,0.030694451
0.20758333333333334,0.0961891,0.010105825
0.20766666666666667,0.25830975,0.0027051747
0.20775,-0.015399346,0.02393847
0.20783333333333334,-0.39250752,0.005632961
0.20791666666666667,-0.19066387,0.01976468
0.208,0.38473168,0.011970811
0.20808333333333334,0.3828777,0.047530472
0.20816666666666667,-0.31643274,0.027913798
0.20825,-0.63804674,0.010958776
0.20833333333333334,0.16100481,0.0026195047
0.20841666666666667,0.9240913,0.032350965
0.2085,0.21204288,0.033115555
0.20858333333333334,-0.86246514,0.038192634
0.20866666666666667,-0.3975952,0.02652009
0.20875,0.8683653,0.025937563
0.20883333333333334,0.6996772,0.012393562
0.20891666666666667,-0.6158731,0.0029779167
0.209,-0.90922964,0.009002457
0.20908333333333334,0.24128778,0.012254285
0.20916666666666667,0.9173344,0.035574965
0.20925,0.041780345,0.015750926
0.20933333333333334,-0.82785773,0.02133311
0.20941666666666667,-0.4049934,0.00076297915
0.2095,0.49382058,0.012608833
0.20958333333333334,0.43051922,0.032094512
0.20966666666666667,-0.32157654,0.002055767
0.20975,-0.4973248,0.04725083
0.20983333333333334,0.048903815,0.077608004
0.20991666666666667,0.3989155,0.01599482
0.21,0.17582077,0.015280742
0.21008333333333334,-0.06893829,0.016486105
0.21016666666666667,-0.033375677,0.0032847463
0.21025,0.08621961,0.038062055
0.21033333333333334,0.142265,0.0641823
0.21041666666666667,0.22735271,0.012115659
0.2105,0.1293821,0.038135868
0.21058333333333334,-0.23030084,0.017363165
0.21066666666666667,-0.318208,0.0012837863
0.21075,0.10871795,0.031205682
0.21083333333333334,0.43620422,0.010891723
0.21091666666666667,0.028737716,0.017756822
0.211,-0.594443,0.0075487685
0.21108333333333335,-0.44203866,0.012183274
0.21116666666666667,0.30239457,0.012022397
0.21125,0.47491834,0.003127984
0.21133333333333335,-0.19612728,0.017219832
0.21141666666666667,-0.6000996,0.042206675
0.2115,-0.06348712,0.013425543
0.21158333333333335,0.6361447,0.009998606
0.21166666666666667,0.3723848,0.028889932
0.21175,-0.45955566,0.035492048
0.21183333333333335,-0.54748684,0.0007028769
0.21191666666666667,0.2452806,0.0043774364
0.212,0.66162443,0.012107108
0.21208333333333335,0.03388347,0.00974632
0.21216666666666667,-0.58163565,0.043813072
0.21225,-0.23133142,0.008806821
0.21233333333333335,0.43702877,0.03974569
0.21241666666666667,0.39307538,0.033627544
0.2125,-0.19843377,0.0047054584
0.21258333333333335,-0.41769204,0.05316692
0.21266666666666667,-0.054407753,0.036277097
0.21275,0.29072887,0.00021844472
0.21283333333333335,0.21175538,0.008326119
0.21291666666666667,-0.1069467,0.04500648
0.213,-0.28092444,0.0051239138
0.21308333333333335,-0.12199311,0.018442092
0.21316666666666667,0.19488893,0.010754865
0.21325,0.2418359,0.039060008
0.21333333333333335,-0.06525821,0.0386619
0.21341666666666667,-0.3110654,0.01895589
0.2135,-0.13538517,0.0068114335
0.21358333333333332,0.24294643,0.0037180653
0.21366666666666667,0.27005255,0.020232646
0.21375,-0.04967379,0.03306074
0.21383333333333332,-0.24157713,0.035549242
0.21391666666666667,-0.12750293,0.031034421
0.214,0.016230185,0.031875268
0.21408333333333332,0.09341707,0.033698585
0.21416666666666667,0.034428935,0.045389663
0.21425,-0.1528322,0.026349844
0.21433333333333332,-0.15350865,0.051650163
0.21441666666666667,0.1111527,0.002708785
0.2145,0.18506293,0.06067785
0.21458333333333332,-0.17898346,0.095123366
0.21466666666666667,-0.4460621,0.073037796
0.21475,-0.20391768,0.04816858
0.21483333333333332,0.72165275,0.025696086
0.21491666666666667,0.7502787,0.019415429
0.215,-0.5311916,0.03430905
0.21508333333333332,-0.97834367,0.05709074
0.21516666666666667,0.31796986,0.008542008
0.21525,1.200569,0.061605122
0.21533333333333332,0.14296533,0.025884872
0.21541666666666667,-0.8476217,0.039327513
0.2155,-0.2551654,0.0019525902
0.21558333333333332,0.82392585,0.042294785
0.21566666666666667,0.6364615,0.046958964
0.21575,-0.45640117,0.021660203
0.21583333333333332,-0.8127507,0.048466034
0.21591666666666667,-0.008715311,0.008346619
0.216,0.7631989,0.027958352
0.21608333333333332,0.16796872,0.023884533
0.21616666666666667,-0.8507553,0.0016516645
0.21625,-0.6662979,0.018380092
0.21633333333333332,0.50094485,0.047577456
0.21641666666666667,0.6875341,0.02903521
0.2165,-0.36985436,0.016931184
0.21658333333333332,-0.77073497,0.09031625
0.21666666666666667,0.09685212,0.1051996
0.21675,0.7291179,0.0153549565
0.21683333333333332,0.20870796,0.029059459
0.21691666666666667,-0.32913044,0.07960738
0.217,-0.17195782,0.015627924
0.21708333333333332,0.1734917,0.04648055
0.21716666666666667,0.3039498,0.06255265
0.21725,0.22111326,0.018112576
0.21733333333333332,0.005506566,0.04776013
0.21741666666666667,-0.2242664,0.010598268
0.2175,-0.085987985,0.00022924815
0.21758333333333332,0.22985257,0.0317879
0.21766666666666667,0.10857573,0.028395921
0.21775,-0.28283828,0.0046489025
0.21783333333333332,-0.23777866,0.02595525
0.21791666666666668,0.16711928,0.011753466
0.218,0.2172407,0.0044873785
0.21808333333333332,-0.13528556,0.0097504025
0.21816666666666668,-0.34024635,0.007529528
0.21825,-0.13165566,0.007357764
0.21833333333333332,0.24735582,0.031782273
0.21841666666666668,0.2875394,0.0041234344
0.2185,-0.10403269,0.06318247
0.21858333333333332,-0.43699193,0.09678682
0.21866666666666668,-0.1444632,0.09463751
0.21875,0.43760794,0.037891198
0.21883333333333332,0.36280265,0.014416891
0.21891666666666668,-0.27670676,0.09902842
0.219,-0.38985366,0.055831432
0.21908333333333332,0.19932719,0.062302854
0.21916666666666668,0.42708534,0.077808075
0.21925,-0.08253943,0.09381517
0.21933333333333332,-0.38683817,0.035848916
0.21941666666666668,-0.012588226,0.025262106
0.2195,0.30362484,0.0043039685
0.21958333333333332,0.024953129,0.003646577
0.21966666666666668,-0.31070563,0.01902525
0.21975,-0.15017061,0.0031844934
0.21983333333333333,0.17430133,0.05459879
0.21991666666666668,0.14739257,0.009763197
0.22,-0.1020679,0.013208835
0.22008333333333333,-0.16360433,0.0344264
0.22016666666666668,0.056467652,0.024773756
0.22025,0.20607224,0.025161827
0.22033333333333333,-0.019249108,0.022932852
0.22041666666666668,-0.30648872,0.0064913854
0.2205,-0.063174546,0.0021188916
0.22058333333333333,0.34809747,0.067476176
0.22066666666666668,0.15453507,0.004181253
0.22075,-0.30329072,0.0071257707
0.22083333333333333,-0.18119794,0.06480726
0.22091666666666668,0.23404549,0.016514504
0.221,0.08955434,0.042282537
0.22108333333333333,-0.34264493,0.008649389
0.22116666666666668,-0.25522706,0.0043020067
0.22125,0.38778248,0.07417129
0.22133333333333333,0.51449895,0.073347576
0.22141666666666668,-0.2107572,0.0110838255
0.2215,-0.5927404,0.0312448
0.22158333333333333,-0.008387461,0.017622449
0.22166666666666668,0.537804,0.07445908
0.22175,0.14114733,0.006019076
0.22183333333333333,-0.33558288,0.016868128
0.22191666666666668,-0.06250901,0.067594275
0.222,0.42072093,0.04200592
0.22208333333333333,0.3270318,0.008457875
0.22216666666666668,-0.17413604,0.026098084
0.22225,-0.35170835,0.011473372
0.22233333333333333,-0.02494976,0.018129734
0.22241666666666668,0.3646654,0.014078854
0.2225,0.18321787,0.047968056
0.22258333333333333,-0.3840154,0.00976661
0.22266666666666668,-0.4584741,0.02911165
0.22275,0.21329582,0.017366914
0.22283333333333333,0.49679685,0.061259285
0.22291666666666668,-0.19362447,0.035392527
0.223,-0.704232,0.06180555
0.22308333333333333,-0.12879951,0.04961431
0.22316666666666668,0.6193928,0.04752669
0.22325,0.34303606,0.041875374
0.22333333333333333,-0.4121679,0.03150616
0.22341666666666668,-0.43476027,0.0018661111
0.2235,0.19566765,0.000856032
0.22358333333333333,0.4967245,0.011751622
0.22366666666666668,0.12871909,0.0010616715
0.22375,-0.33064684,0.0088629415
0.22383333333333333,-0.27696446,0.016185142
0.22391666666666668,0.3050831,0.0470471
0.224,0.6308062,0.021213694
0.22408333333333333,0.12994333,0.048586942
0.22416666666666665,-0.5460312,0.01134396
0.22425,-0.32982087,0.04180581
0.22433333333333333,0.48425803,0.043072596
0.22441666666666665,0.5595052,0.053531837
0.2245,-0.35952067,0.06436348
0.22458333333333333,-0.8692869,0.025467452
0.22466666666666665,-0.11657592,0.030164137
0.22475,0.77736723,0.014089658
0.22483333333333333,0.41696998,0.023592338
0.22491666666666665,-0.61036026,0.025620982
0.225,-0.8105714,0.036755364
0.22508333333333333,0.11781663,0.0112697035
0.22516666666666665,0.82404125,0.0056871977
0.22525,0.22171874,0.05440889
0.22533333333333333,-0.7154872,0.04446221
0.22541666666666665,-0.54957885,0.0046628416
0.2255,0.47532755,0.023120595
0.22558333333333333,0.77368665,0.03977314
0.22566666666666665,-0.13083519,0.012207413
0.22575,-0.7830467,0.0044123367
0.22583333333333333,-0.22150944,0.034072388
0.22591666666666665,0.6230925,0.008577875
0.226,0.50646734,0.0038870797
0.22608333333333333,-0.2983044,0.006037251
0.22616666666666665,-0.5844789,0.04185657
0.22625,-0.023296006,0.02397883
0.22633333333333333,0.5319094,0.045657713
0.22641666666666665,0.29376385,0.031462986
0.2265,-0.40562683,0.044114247
0.22658333333333333,-0.62738657,0.009736626
0.22666666666666666,-0.07886139,0.018234687
0.22675,0.6091537,0.039154224
0.22683333333333333,0.54997855,0.043145083
0.22691666666666666,-0.26975515,0.023723535
0.227,-0.6470008,0.038783386
0.22708333333333333,0.057904597,0.047871586
0.22716666666666666,0.82748735,0.038832903
0.22725,0.37401572,0.075112805
0.22733333333333333,-0.67952675,0.068386525
0.22741666666666666,-0.70063967,0.0051676184
0.2275,0.4220084,0.016458476
0.22758333333333333,1.0964499,0.044854145
0.22766666666666666,0.08221948,0.028244214
0.22775,-1.3535407,0.036745433
0.22783333333333333,-0.8516159,0.019732904
0.22791666666666666,0.9917586,0.0023437068
0.228,1.1350508,0.03306182
0.22808333333333333,-0.7545538,0.05760219
0.22816666666666666,-1.4984608,0.032969445
0.22825,0.16134004,0.023227932
0.22833333333333333,1.5792668,0.0025793435
0.22841666666666666,0.47843528,0.015447924
0.2285,-1.2324431,0.025510294
0.22858333333333333,-0.9592326,0.01584882
0.22866666666666666,0.7633775,0.053987235
0.22875,1.3156564,0.043265224
0.22883333333333333,-0.023198212,0.0354054
0.22891666666666666,-1.0504589,0.014538138
0.229,-0.31946477,0.03842825
0.22908333333333333,1.0185546,0.03121479
0.22916666666666666,0.9143488,0.029843224
0.22925,-0.43210366,0.10210636
0.22933333333333333,-1.0205616,0.0964561
0.22941666666666666,-0.17816716,0.015573856
0.2295,0.7296604,0.030256666
0.22958333333333333,0.4341764,0.11066324
0.22966666666666666,-0.46527463,0.0035953196
0.22975,-0.7318834,0.028708227
0.22983333333333333,-0.09083006,0.0035237903
0.22991666666666666,0.6065555,0.0015374774
0.23,0.48176134,0.007537716
0.23008333333333333,-0.39556712,0.031438682
0.23016666666666666,-0.8821303,0.0096999705
0.23025,-0.13523619,0.05160938
0.23033333333333333,0.929268,0.057172015
0.23041666666666666,0.6828118,0.036317367
0.2305,-0.55001676,0.03291676
0.23058333333333333,-0.91065615,0.0077687493
0.23066666666666666,0.17355064,0.017727539
0.23075,1.0114924,0.009964846
0.23083333333333333,0.2547043,0.020747876
0.23091666666666666,-0.86823267,0.013231528
0.231,-0.67581564,0.05250753
0.23108333333333334,0.55459654,0.0013176978
0.23116666666666666,0.97143245,0.034987994
0.23125,-0.074106276,0.096525155
0.23133333333333334,-0.9520269,0.05849607
0.23141666666666666,-0.44067162,0.023993202
0.2315,0.62898046,0.01690839
0.23158333333333334,0.6241781,0.07035728
0.23166666666666666,-0.390559,0.00754854
0.23175,-0.79243577,0.007991279
0.23183333333333334,0.003197129,0.0111552
0.23191666666666666,0.761641,0.0001990967
0.232,0.40709838,0.027719352
0.23208333333333334,-0.44482398,0.016203767
0.23216666666666666,-0.59497476,0.012573294
0.23225,-0.022085592,0.011431615
0.23233333333333334,0.42695612,0.026056226
0.23241666666666666,0.29604706,0.013323324
0.2325,-0.17361598,0.038733404
0.23258333333333334,-0.38668656,0.02000752
0.23266666666666666,-0.09103997,0.006434122
0.23275,0.3641486,0.06486299
0.23283333333333334,0.34367543,0.021427004
0.23291666666666666,-0.23122856,0.008976947
0.233,-0.57128763,0.028780898
0.23308333333333334,-0.07940496,0.020924956
0.23316666666666666,0.5965585,0.013339904
0.23325,0.3964677,0.03858902
0.23333333333333334,-0.36599937,0.04202144
0.23341666666666666,-0.5451723,0.0022040177
0.2335,0.10839704,0.004099192
0.23358333333333334,0.61448085,0.01850143
0.23366666666666666,0.17663768,0.008362041
0.23375,-0.48640293,0.050749656
0.23383333333333334,-0.35905066,0.0011437318
0.23391666666666666,0.3312378,0.014305821
0.234,0.53704566,0.006501918
0.23408333333333334,0.006047969,0.006997758
0.23416666666666666,-0.42474017,0.014210203
0.23425,-0.16651894,0.03805101
0.23433333333333334,0.29933807,0.021460436
0.23441666666666666,0.24932128,0.043053675
0.2345,-0.12648307,0.06838424
0.23458333333333334,-0.25633568,0.106133476
0.23466666666666666,-0.038616907,0.08559644
0.23475,0.18547818,0.021103298
0.23483333333333334,0.17543083,0.028509695
0.23491666666666666,0.004117552,0.04699129
0.235,-0.1740519,0.027592381
0.23508333333333334,-0.17707047,0.0481982
0.23516666666666666,0.053285614,0.066282354
0.23525,0.20926437,0.004945915
0.23533333333333334,0.0142936455,0.03294641
0.23541666666666666,-0.25639936,0.04434519
0.2355,-0.13829747,0.049016327
0.23558333333333334,0.21147247,0.05656221
0.23566666666666666,0.22396521,0.00089995126
0.23575,-0.11170398,0.0134011535
0.23583333333333334,-0.2506285,0.014311915
0.23591666666666666,0.016711622,0.0085239485
0.236,0.23728539,0.044938076
0.23608333333333334,0.08907681,0.05157622
0.23616666666666666,-0.14023156,0.085096024
0.23625,-0.0856671,0.014661248
0.23633333333333334,0.1305239,0.026129384
0.23641666666666666,0.1476149,0.010452609
0.2365,-0.06407223,0.046452813
0.23658333333333334,-0.20570734,0.03589951
0.23666666666666666,-0.083241746,0.09343108
0.23675,0.10724995,0.0034065635
0.23683333333333334,0.087546825,0.012241851
0.23691666666666666,-0.051640272,0.065548085
0.237,-0.08411211,0.050638374
0.23708333333333334,0.017384484,0.06895755
0.23716666666666666,0.04055186,0.068914756
0.23725,-0.054672375,0.0437917
0.23733333333333334,-0.07913908,0.04427833
0.23741666666666666,-0.00021961283,0.033700652
0.2375,0.02637738,0.022093201
0.23758333333333334,-0.018961746,0.029951723
0.23766666666666666,-0.008922255,0.0071489695
0.23775,0.06619227,0.013673129
0.23783333333333334,0.09005444,0.095949955
0.23791666666666667,0.005690076,0.0012577713
0.238,-0.06009301,0.013510699
0.23808333333333334,-0.001019458,0.031524386
0.23816666666666667,0.08522745,0.010957016
0.23825,0.046421204,0.0026163214
0.23833333333333334,-0.09005509,0.043578614
0.23841666666666667,-0.12215399,0.086552255
0.2385,-0.015840558,0.08349214
0.23858333333333334,0.021602493,0.031186128
0.23866666666666667,-0.06040511,0.043209977
0.23875,-0.108522475,0.05447173
0.23883333333333334,-0.018497499,0.0009630641
0.23891666666666667,0.09328852,0.026436886
0.239,0.05023172,0.058639552
0.23908333333333334,-0.055558547,0.048385985
0.23916666666666667,-0.012422593,0.10958295
0.23925,0.09402034,0.01493347
0.23933333333333334,0.09407642,0.006945379
0.23941666666666667,-0.017326286,0.03721351
0.2395,-0.07176665,0.022661682
0.23958333333333334,-0.02192091,0.061265074
0.23966666666666667,0.17927109,0.039657373
0.23975,0.18550555,0.017226333
0.23983333333333334,-0.07460553,0.028702114
0.23991666666666667,-0.14172594,0.025321929
0.24,0.019204205,0.11129533
0.24008333333333334,0.13107295,0.08384188
0.24016666666666667,-0.074524485,0.017325483
0.24025,-0.058725994,0.07319213
0.24033333333333334,0.036815863,0.0033105905
0.24041666666666667,-0.10581687,0.024933819
0.2405,-0.1424841,0.0048779757
0.24058333333333334,0.06603659,0.016947107
0.24066666666666667,0.25550696,0.005886104
0.24075,0.053267602,0.03121956
0.24083333333333334,-0.15945384,0.010065846
0.24091666666666667,0.034149114,0.050102327
0.241,0.13964185,0.014854993
0.24108333333333334,-0.114754505,0.016365666
0.24116666666666667,-0.29975757,0.030281153
0.24125,-0.07285153,0.019088145
0.24133333333333334,0.1621531,0.01691598
0.24141666666666667,0.04373703,0.030378237
0.2415,-0.050593384,0.034588993
0.24158333333333334,-0.04003988,0.023504937
0.24166666666666667,-0.104431674,0.037828255
0.24175,-0.14379308,0.025748387
0.24183333333333334,0.13944454,0.010351016
0.24191666666666667,0.3005908,0.06957257
0.242,-0.05364224,0.08142883
0.24208333333333334,-0.26660073,0.03789225
0.24216666666666667,0.08211175,0.016937755
0.24225,0.5167804,0.01821303
0.24233333333333335,0.1936504,0.016371146
0.24241666666666667,-0.36926034,0.009344734
0.2425,-0.23241986,0.011354719
0.24258333333333335,0.3492708,0.034505975
0.24266666666666667,0.5209954,0.012105394
0.24275,-0.06882899,0.002940109
0.24283333333333335,-0.60789335,0.016655497
0.24291666666666667,-0.2937103,0.021666268
0.243,0.4787797,0.02041701
0.24308333333333335,0.4819167,0.01669467
0.24316666666666667,-0.48686513,0.020577384
0.24325,-0.9766912,0.00578351
0.24333333333333335,-0.13401313,0.035676647
0.24341666666666667,0.88608706,0.02052379
0.2435,0.4555034,0.00467406
0.24358333333333335,-0.72450244,0.012711043
0.24366666666666667,-0.67465615,0.007625355
0.24375,0.5654642,0.0040128413
0.24383333333333335,0.96093404,0.026673537
0.24391666666666667,-0.13553314,0.056296818
0.244,-0.9781433,0.06514047
0.24408333333333335,-0.3381893,0.019665552
0.24416666666666667,0.81236327,0.010133569
0.24425,0.81561255,0.0551946
0.24433333333333335,-0.27924535,0.00069481187
0.24441666666666667,-0.9124866,0.0026203596
0.2445,-0.26066005,0.044564527
0.24458333333333335,0.7475692,0.0069119297
0.24466666666666667,0.6145136,0.011595593
0.24475,-0.48001292,0.027340597
0.24483333333333332,-0.8656883,0.041908365
0.24491666666666667,0.020150578,0.017703597
0.245,0.8748971,0.049532663
0.24508333333333332,0.36879435,0.003977682
0.24516666666666667,-0.7253826,0.0029120774
0.24525,-0.7949204,0.013027467
0.24533333333333332,0.21834557,0.0057401313
0.24541666666666667,0.82274115,0.0024259132
0.2455,0.18245806,0.015669074
0.24558333333333332,-0.6307295,0.005965988
0.24566666666666667,-0.46093062,0.017042486
0.24575,0.46109632,0.04019434
0.24583333333333332,0.7817764,0.071461335
0.24591666666666667,0.023300527,0.04361148
0.246,-0.6815187,0.03251102
0.24608333333333332,-0.42450705,0.032677133
0.24616666666666667,0.42311692,0.014643842
0.24625,0.6686642,0.036524184
0.24633333333333332,-0.0183148,0.0071435235
0.24641666666666667,-0.6119569,0.030994382
0.2465,-0.23548147,0.010357038
0.24658333333333332,0.501895,0.004978326
0.24666666666666667,0.44021705,0.0055178306
0.24675,-0.2974121,0.008586854
0.24683333333333332,-0.5738582,0.0019338866
0.24691666666666667,0.023284594,0.003787142
0.247,0.5206931,0.024823267
0.24708333333333332,0.19237426,0.041871313
0.24716666666666667,-0.39179626,0.007797835
0.24725,-0.3952047,0.053161185
0.24733333333333332,0.09805651,0.07636749
0.24741666666666667,0.3566923,0.002849529
0.2475,0.07787972,0.016363531
0.24758333333333332,-0.24096979,0.028021952
0.24766666666666667,-0.11399939,0.014458362
0.24775,0.22707795,0.025506524
0.24783333333333332,0.29811883,0.07128349
0.24791666666666667,0.00939774,0.05290974
0.248,-0.20085682,0.02121922
0.24808333333333332,-0.09905236,0.018440982
0.24816666666666667,0.058572818,0.025995983
0.24825,0.043018572,0.04413508
0.24833333333333332,-0.07776159,0.04487072
0.24841666666666667,-0.12143539,0.009471291
0.2485,-0.07498698,0.023442248
0.24858333333333332,0.021083008,0.048365887
0.24866666666666667,0.078165025,0.029458964
0.24875,0.02421665,0.026362032
0.24883333333333332,-0.06378437,0.007874289
0.24891666666666667,-0.081252135,0.02842361
0.249,0.019235432,0.0031307742
0.24908333333333332,0.12402623,0.0025006698
0.24916666666666668,0.11643478,0.026751101
0.24925,0.04546153,0.010323122
0.24933333333333332,0.008365256,0.004526804
0.24941666666666668,0.028440656,0.022632195
0.2495,0.048951693,0.015440177
0.24958333333333332,0.00035739737,0.007607019
0.24966666666666668,-0.06580146,0.011554637
0.24975,-0.03751252,0.03799741
0.24983333333333332,0.027062366,0.050191514
0.24991666666666668,0.006344127,0.0029738636
0.25,-0.054764807,0.021582618
0.2500833333333333,-0.07045979,0.081366204
0.25016666666666665,-0.06450211,0.0014288488
0.25025,-0.087544404,0.00071287475
0.25033333333333335,-0.11187711,0.028749576
0.2504166666666667,-0.054271586,0.0114756115
0.2505,0.039017055,0.02613573
0.2505833333333333,0.016630128,0.08604884
0.25066666666666665,-0.036331285,0.029220784
0.25075,0.017278379,0.0083022425
0.25083333333333335,0.10537518,0.0028358935
0.2509166666666667,0.09956449,0.02214263
0.251,-0.011717695,0.020909036
0.2510833333333333,-0.04607752,0.006021673
0.25116666666666665,0.058420107,0.034426108
0.25125,0.12704733,0.054965597
0.25133333333333335,0.07660503,0.023335703
0.2514166666666667,0.0106144305,0.018184615
0.2515,-0.009799992,0.0030364485
0.2515833333333333,-0.00578893,0.016247967
0.25166666666666665,-0.0134307295,0.021883346
0.25175,-0.049636234,0.02733343
0.25183333333333335,-0.06681557,0.055578202
0.2519166666666667,-0.027005892,0.081187
0.252,0.017472079,0.08340167
0.2520833333333333,0.030328473,0.016258959
0.25216666666666665,-0.0015599937,0.0023041402
0.25225,0.014967275,0.03760229
0.25233333333333335,0.098308384,0.015855871
0.2524166666666667,0.053011063,0.011568031
0.2525,-0.18422738,0.030399784
0.2525833333333333,-0.33865812,0.0334296
0.25266666666666665,-0.0032377497,0.025216365
0.25275,0.34327635,0.0219135
0.25283333333333335,0.058184437,0.0035961822
0.2529166666666667,-0.33033466,0.02675305
0.253,-0.11910689,0.031412058
0.2530833333333333,0.19025818,0.01754017
0.25316666666666665,-0.10189624,0.05404127
0.25325,-0.464007,0.016786292
0.25333333333333335,-0.07911557,0.01933539
0.2534166666666667,0.84385407,0.049136523
0.2535,0.59630865,0.03174902
0.2535833333333333,-0.5865002,0.04647067
0.25366666666666665,-0.717653,0.02558268
0.25375,0.46800104,0.0047891787
0.25383333333333336,0.91899586,0.024393983
0.2539166666666667,-0.09590328,0.028469456
0.254,-0.6855329,0.032655817
0.2540833333333333,0.013308262,0.032886397
0.25416666666666665,0.8206515,0.0018992488
0.25425,0.4155005,0.032684077
0.25433333333333336,-0.5273461,0.00092169363
0.2544166666666667,-0.6390505,0.012508917
0.2545,0.12697391,0.049529888
0.25458333333333333,0.5974507,0.0018879024
0.25466666666666665,-0.066228665,0.010858405
0.25475,-0.8116099,0.014680574
0.25483333333333336,-0.39553618,0.04799171
0.2549166666666667,0.5714042,0.008361122
0.255,0.4278009,0.028111678
0.25508333333333333,-0.56247306,0.0251849
0.25516666666666665,-0.66410285,0.012988114
0.25525,0.25642103,0.008611899
0.25533333333333336,0.67926276,3.055203e-05
0.2554166666666667,0.03584701,0.013105368
0.2555,-0.4472917,0.0057668323
0.25558333333333333,-0.22032835,0.04344689
0.25566666666666665,0.2356527,0.015507755
0.25575,0.4131293,0.014432289
0.25583333333333336,0.17274827,0.00015342278
0.2559166666666667,-0.15721238,0.028030932
0.256,-0.21088476,0.004065394
0.25608333333333333,0.16614927,0.011583782
0.25616666666666665,0.40721962,0.0082013635
0.25625,0.016515141,0.008680101
0.25633333333333336,-0.39019704,0.008314596
0.2564166666666667,-0.098359495,0.028414005
0.2565,0.40276605,0.016101986
0.25658333333333333,0.20185691,0.027613223
0.25666666666666665,-0.45237356,0.057195973
0.25675,-0.5734042,0.0033655765
0.25683333333333336,0.02536795,0.009023855
0.2569166666666667,0.446778,0.00860534
0.257,0.08785328,0.021928405
0.25708333333333333,-0.5259654,0.014113762
0.25716666666666665,-0.4907348,0.016406357
0.25725,0.25479624,0.054240666
0.25733333333333336,0.66418093,0.021178149
0.2574166666666667,0.10140824,0.055673376
0.2575,-0.54226625,0.01104652
0.25758333333333333,-0.25176287,0.031365976
0.25766666666666665,0.50730735,0.028767193
0.25775,0.4838499,0.055505663
0.25783333333333336,-0.22962394,0.025276514
0.2579166666666667,-0.3842957,0.03638834
0.258,0.21609537,0.010445157
0.25808333333333333,0.47952136,0.029967545
0.25816666666666666,-0.04272534,0.024742035
0.25825,-0.5057391,0.025474513
0.25833333333333336,-0.2694176,0.032764785
0.2584166666666667,0.24707751,0.01642459
0.2585,0.23847756,0.02003594
0.25858333333333333,-0.17721106,0.06542257
0.25866666666666666,-0.36121383,0.10216965
0.25875,-0.14590904,0.031881675
0.25883333333333336,0.14114991,0.03028667
0.2589166666666667,0.19424014,0.077014655
0.259,0.03141168,0.021869628
0.25908333333333333,-0.15044932,0.022531727
0.25916666666666666,-0.086764194,0.032738812
0.25925,0.21749169,0.013204825
0.25933333333333336,0.38719288,0.03728312
0.2594166666666667,0.12825331,0.07450833
0.2595,-0.3342683,0.055834737
0.25958333333333333,-0.27304527,0.038109355
0.25966666666666666,0.32441178,0.033915646
0.25975,0.52737147,0.032443352
0.25983333333333336,-0.18424381,0.042731695
0.2599166666666667,-0.7096131,0.01770967
0.26,-0.14444137,0.019345274
0.26008333333333333,0.5948393,0.033998597
0.26016666666666666,0.3161502,0.0120061
0.26025,-0.5119802,0.019811139
0.26033333333333336,-0.4781799,0.02985604
0.2604166666666667,0.3727422,0.060778413
0.2605,0.66035885,0.052322034
0.26058333333333333,-0.059173133,0.086141445
0.26066666666666666,-0.644716,0.06925566
0.26075,-0.16637835,0.00012193528
0.2608333333333333,0.6513708,0.046954397
0.2609166666666667,0.52244544,0.04831132
0.261,-0.30690598,0.011837891
0.26108333333333333,-0.61195654,0.031279325
0.26116666666666666,-0.048602264,0.014592104
0.26125,0.52252847,0.007412802
0.2613333333333333,0.30172563,0.026164206
0.2614166666666667,-0.2870071,0.02411061
0.2615,-0.48665586,0.018382648
0.26158333333333333,-0.10647144,0.0051974915
0.26166666666666666,0.41252553,0.034424316
0.26175,0.35326448,0.035005912
0.2618333333333333,-0.25641412,0.032237712
0.2619166666666667,-0.55910385,0.042747602
0.262,-0.05629496,0.016187724
0.26208333333333333,0.56467,0.020999772
0.26216666666666666,0.33561113,0.03144379
0.26225,-0.41039303,0.036361936
0.2623333333333333,-0.49674717,0.008520712
0.2624166666666667,0.2678,0.0031630115
0.2625,0.7586857,0.045915913
0.26258333333333334,0.16910496,0.062449206
0.26266666666666666,-0.68070453,0.06560361
0.26275,-0.517237,0.020752996
0.2628333333333333,0.4180757,0.02434674
0.2629166666666667,0.7233374,0.03863661
0.263,-0.06571173,0.02584864
0.26308333333333334,-0.778711,0.008878302
0.26316666666666666,-0.35427585,0.02621823
0.26325,0.57806325,0.029003056
0.2633333333333333,0.5375984,0.010341587
0.2634166666666667,-0.3812566,0.0023319179
0.2635,-0.71284616,0.028460074
0.26358333333333334,0.0118277455,0.034117572
0.26366666666666666,0.67448163,0.05538683
0.26375,0.2782952,0.016062895
0.2638333333333333,-0.4885574,0.007404292
0.2639166666666667,-0.52976,0.013394986
0.264,0.11316662,0.018108292
0.26408333333333334,0.48345962,0.022055596
0.26416666666666666,0.060135122,0.011776469
0.26425,-0.50458777,0.020035258
0.2643333333333333,-0.4114665,0.0040583876
0.2644166666666667,0.18792507,0.007609957
0.2645,0.4844725,0.0414495
0.26458333333333334,0.10481692,0.03835729
0.26466666666666666,-0.39291826,0.033825092
0.26475,-0.32847148,0.024320163
0.2648333333333333,0.17240945,0.009871509
0.2649166666666667,0.39306173,0.046832442
0.265,0.06377861,0.02423588
0.26508333333333334,-0.36960784,0.022810537
0.26516666666666666,-0.26290843,0.01799512
0.26525,0.38791254,0.022141645
0.2653333333333333,0.6917534,0.019375259
0.2654166666666667,0.047784884,0.025983384
0.2655,-0.6658702,0.0076770415
0.26558333333333334,-0.30143467,0.010434683
0.26566666666666666,0.62643164,0.01885299
0.26575,0.6329266,0.028321391
0.2658333333333333,-0.28415284,0.016870892
0.2659166666666667,-0.6228292,0.012284724
0.266,0.08057069,0.039954532
0.26608333333333334,0.6074338,0.02595682
0.26616666666666666,0.11669071,0.020002749
0.26625,-0.6370312,0.022714041
0.2663333333333333,-0.5145409,0.05093146
0.2664166666666667,0.28590244,0.020694936
0.2665,0.58103424,0.028741255
0.26658333333333334,-0.04981233,0.036388807
0.26666666666666666,-0.5655926,0.058635045
0.26675,-0.1841759,0.021974973
0.2668333333333333,0.4306688,0.003751077
0.2669166666666667,0.3399683,0.044680227
0.267,-0.22380689,0.010956627
0.26708333333333334,-0.36452526,0.017462939
0.26716666666666666,0.07943823,0.024987949
0.26725,0.40279195,0.003905894
0.2673333333333333,0.22472748,0.011586651
0.2674166666666667,-0.11065624,0.06183975
0.2675,-0.18591018,0.025081953
0.26758333333333334,-0.005461281,0.025542915
0.26766666666666666,0.1878642,0.00695271
0.26775,0.1132805,0.034389783
0.2678333333333333,-0.14189215,0.036412217
0.2679166666666667,-0.20476954,0.01975785
0.268,0.031213596,0.01782222
0.26808333333333334,0.25025636,0.015446232
0.26816666666666666,0.07801535,0.007361098
0.26825,-0.24226724,0.016668174
0.2683333333333333,-0.21516676,0.045933217
0.2684166666666667,0.09792574,0.0065658325
0.2685,0.25311473,0.050583225
0.26858333333333334,0.05125242,0.08576903
0.26866666666666666,-0.19304909,0.0907264
0.26875,-0.11869766,0.046193466
0.2688333333333333,0.1473785,0.024177875
0.2689166666666667,0.18688922,0.07378348
0.269,-0.06973452,0.007535689
0.26908333333333334,-0.22934459,0.006856412
0.26916666666666667,-0.048999492,0.029935792
0.26925,0.18826903,0.00057300413
0.2693333333333333,0.09069551,0.0605097
0.2694166666666667,-0.18285543,0.013734755
0.2695,-0.19585441,0.023953581
0.26958333333333334,0.04776241,0.022431243
0.26966666666666667,0.13834652,0.0074496116
0.26975,-0.06069163,0.02216553
0.2698333333333333,-0.1999967,0.0077992845
0.2699166666666667,-0.06911692,0.014754282
0.27,0.10965276,0.008561521
0.27008333333333334,0.09573018,0.017380169
0.27016666666666667,-0.024564547,0.0029198357
0.27025,-0.024836006,0.058730513
0.2703333333333333,0.06471994,0.044355158
0.2704166666666667,0.08228291,0.00029104087
0.2705,-0.007116456,0.06377396
0.27058333333333334,-0.08337869,0.045146186
0.27066666666666667,-0.025634456,0.09725599
0.27075,0.06708263,0.013389215
0.2708333333333333,0.05489406,0.031167291
0.27091666666666664,0.0028044635,0.08402649
0.271,0.01832589,0.011664605
0.27108333333333334,0.020472245,0.059971802
0.27116666666666667,-0.05888996,0.082518786
0.27125,-0.105139606,0.018878113
0.2713333333333333,-0.007336686,0.05127566
0.27141666666666664,0.081701286,0.0068585114
0.2715,-0.03958023,0.0054565966
0.27158333333333334,-0.2296508,0.009228853
0.27166666666666667,-0.10974309,0.03352293
0.27175,0.20954509,0.00071764324
0.2718333333333333,0.18710554,0.039284915
0.27191666666666664,-0.1990334,0.015368071
0.272,-0.26646596,0.0066035977
0.27208333333333334,0.14182898,0.036440305
0.27216666666666667,0.32500255,0.000109043634
0.27225,0.050621204,0.031244786
0.2723333333333333,-0.1445348,0.012260041
0.27241666666666664,0.042171314,0.021837477
0.2725,0.26943642,0.07684697
0.27258333333333334,0.20023078,0.055539783
0.27266666666666667,-0.17788893,0.037009954
0.27275,-0.4649238,0.08088361
0.2728333333333333,-0.014901358,0.08408434
0.27291666666666664,0.55484384,0.050670642
0.273,0.18664329,0.021417255
0.27308333333333334,-0.5635029,0.01948514
0.27316666666666667,-0.36407194,0.025565533
0.27325,0.35600492,0.019947894
0.2733333333333333,0.36052293,0.007310551
0.27341666666666664,-0.28044665,0.011898121
0.2735,-0.46866655,0.024116501
0.27358333333333335,0.06663803,0.0063312785
0.27366666666666667,0.46891904,0.022434741
0.27375,0.23590498,0.06390549
0.2738333333333333,-0.23502125,0.009270009
0.27391666666666664,-0.31684053,0.032870505
0.274,0.1306862,0.062825866
0.27408333333333335,0.4696764,0.0620609
0.27416666666666667,0.11066779,0.047754657
0.27425,-0.41509682,0.07709075
0.2743333333333333,-0.21141046,0.038160786
0.27441666666666664,0.41712004,0.0105951745
0.2745,0.39484113,0.04386611
0.27458333333333335,-0.26803818,0.0045369416
0.27466666666666667,-0.47132444,0.031666715
0.27475,0.06018577,0.027338123
0.2748333333333333,0.3745409,0.029938249
0.27491666666666664,0.04030059,0.028270604
0.275,-0.35408372,0.00026856063
0.27508333333333335,-0.2372711,0.043735337
0.27516666666666667,0.20025513,0.09520171
0.27525,0.3267437,0.02512399
0.2753333333333333,-0.013129713,0.010949054
0.27541666666666664,-0.36215168,0.039776467
0.2755,-0.19599938,0.056372408
0.27558333333333335,0.3237513,0.0010522789
0.27566666666666667,0.3464563,0.028761204
0.27575,-0.21643606,0.024366286
0.2758333333333333,-0.41544563,0.048089072
0.27591666666666664,0.07489179,0.05254153
0.276,0.44469494,0.0045361756
0.27608333333333335,0.055563632,0.0053452253
0.27616666666666667,-0.50786513,0.021588981
0.27625,-0.3437386,0.01842782
0.2763333333333333,0.2983692,0.00039075094
0.27641666666666664,0.46915656,0.028818935
0.2765,-0.049893934,0.006963583
0.27658333333333335,-0.46291617,0.027248338
0.27666666666666667,-0.154653,0.024560858
0.27675,0.42393336,0.038838275
0.2768333333333333,0.40728533,0.03582789
0.27691666666666664,-0.21579681,0.05640737
0.277,-0.51848257,0.028181018
0.27708333333333335,-0.052206147,0.015421434
0.2771666666666667,0.464823,0.010181079
0.27725,0.2141502,0.022266626
0.2773333333333333,-0.38554695,0.012278853
0.27741666666666664,-0.39318985,0.0065436023
0.2775,0.18051909,0.015752185
0.27758333333333335,0.42211813,0.022458972
0.2776666666666667,-0.02276321,0.004482324
0.27775,-0.40880653,0.005577292
0.2778333333333333,-0.17043035,0.002011527
0.27791666666666665,0.324766,0.012907102
0.278,0.40160537,0.014129751
0.27808333333333335,-0.012318011,0.039813098
0.2781666666666667,-0.37688985,0.02871718
0.27825,-0.2568979,0.03135966
0.2783333333333333,0.24602409,0.008273991
0.27841666666666665,0.4356411,0.017843537
0.2785,-0.092239425,0.027540043
0.27858333333333335,-0.5526946,0.020917144
0.2786666666666667,-0.12786521,0.0026830786
0.27875,0.5593055,0.011169819
0.2788333333333333,0.37191328,0.0039337496
0.27891666666666665,-0.4887444,0.015312462
0.279,-0.7081948,0.04443453
0.27908333333333335,0.36014855,0.026976295
0.2791666666666667,1.0669825,0.027175924
0.27925,-0.062198933,0.054168057
0.2793333333333333,-1.1473817,0.050514266
0.27941666666666665,-0.20490159,0.04366725
0.2795,1.183334,0.013785474
0.27958333333333335,0.59658813,0.012679141
0.2796666666666667,-0.84649616,0.008089985
0.27975,-0.7877723,0.0024903687
0.2798333333333333,0.5637307,0.0031363522
0.27991666666666665,0.93273157,0.029425384
0.28,-0.22839452,0.03447866
0.28008333333333335,-0.9301921,0.0060407477
0.2801666666666667,-0.22074358,0.008339051
0.28025,0.7110129,0.05810822
0.2803333333333333,0.38027382,0.017448956
0.28041666666666665,-0.60937023,0.013817978
0.2805,-0.67402065,0.047303516
0.28058333333333335,0.2525088,0.03279618
0.2806666666666667,0.67608315,0.054070506
0.28075,0.06254907,0.041863065
0.2808333333333333,-0.48211604,0.007568564
0.28091666666666665,-0.13776281,0.0091829505
0.281,0.42773092,0.041963883
0.28108333333333335,0.35550228,0.0046551097
0.2811666666666667,-0.064254716,0.01096354
0.28125,-0.26598534,0.10731811
0.2813333333333333,-0.18036166,0.081798635
0.28141666666666665,0.07912212,0.002662666
0.2815,0.3091049,0.02090104
0.28158333333333335,0.16648102,0.042909972
0.2816666666666667,-0.3123457,0.002142405
0.28175,-0.4389491,0.010515235
0.2818333333333333,0.0902123,0.019771136
0.28191666666666665,0.49060684,0.02233839
0.282,0.07262154,0.026231347
0.28208333333333335,-0.5270613,0.011537569
0.2821666666666667,-0.3464877,0.008859997
0.28225,0.38327867,0.019405618
0.2823333333333333,0.56417215,0.045121875
0.28241666666666665,-0.12031602,0.024898523
0.2825,-0.6115332,0.052598447
0.28258333333333335,-0.13518985,0.00698178
0.2826666666666667,0.5957674,0.01979886
0.28275,0.40493414,0.010959369
0.2828333333333333,-0.4325399,0.010738994
0.28291666666666665,-0.58332926,0.007765573
0.283,0.17683716,0.0014021732
0.28308333333333335,0.64951426,0.07593838
0.2831666666666667,0.10163195,0.077804916
0.28325,-0.5730965,0.029242955
0.2833333333333333,-0.37684977,0.04776928
0.28341666666666665,0.2978193,0.0118395565
0.2835,0.3926877,0.017448662
0.28358333333333335,-0.078919314,0.005022184
0.2836666666666667,-0.33092344,0.0053563523
0.28375,-0.12054995,0.021480871
0.2838333333333333,0.1658415,0.026115647
0.28391666666666665,0.1833274,0.011851112
0.284,-0.0017342748,0.01764255
0.28408333333333335,-0.16958167,0.02781783
0.2841666666666667,-0.17845696,0.02974225
0.28425,0.044944167,0.01978945
0.2843333333333333,0.24854386,0.023749528
0.28441666666666665,0.079819955,0.00012934493
0.2845,-0.14326455,0.009251004
0.28458333333333335,-0.048033502,0.022571357
0.2846666666666667,0.20864715,0.0329505
0.28475,0.044940803,0.020990113
0.2848333333333333,-0.35925663,0.042315986
0.28491666666666665,-0.20129128,0.020668838
0.285,0.29485777,0.009972645
0.28508333333333336,0.29560816,0.002026486
0.2851666666666667,-0.17583813,0.012797063
0.28525,-0.38163987,0.05851676
0.2853333333333333,-0.037150797,0.068764426
0.28541666666666665,0.13819648,0.0177788
0.2855,-0.29129818,0.0002666433
0.28558333333333336,-0.024518967,0.06795024
0.2856666666666667,0.82262677,0.020383012
0.28575,0.29125547,0.012303586
0.28583333333333333,-0.8491378,0.014329322
0.28591666666666665,-0.51243323,0.008544648
0.286,0.87936914,0.020157535
0.28608333333333336,0.85184664,0.030174552
0.2861666666666667,-0.3907906,0.012696663
0.28625,-0.7138675,0.0007736996
0.28633333333333333,0.24695803,0.02614278
0.28641666666666665,0.9125642,0.027384294
0.2865,0.23724651,0.060252987
0.28658333333333336,-0.7234177,0.02358804
0.2866666666666667,-0.60293734,0.056853212
0.28675,0.439717,0.009727903
0.28683333333333333,0.65629315,0.009606341
0.28691666666666665,-0.4318944,0.057120115
0.287,-1.0388901,0.05330695
0.28708333333333336,-0.0642384,0.02373668
0.2871666666666667,0.8588985,0.014868594
0.28725,0.106276006,0.011363491
0.28733333333333333,-0.8517585,0.006941507
0.28741666666666665,-0.3304349,0.043414775
0.2875,0.68088174,0.01990098
0.28758333333333336,0.5217976,0.025444668
0.2876666666666667,-0.26207408,0.013707475
0.28775,-0.32134846,0.012847666
0.28783333333333333,0.117698744,0.036868617
0.28791666666666665,0.2553971,0.03778877
0.288,0.17065158,0.016427523
0.28808333333333336,0.13455036,0.03656971
0.2881666666666667,-0.025409982,0.042393807
0.28825,-0.11030617,0.057797033
0.28833333333333333,0.11509103,0.023575041
0.28841666666666665,0.19059666,0.038169645
0.2885,-0.08564725,0.06166913
0.28858333333333336,-0.22388951,0.060735803
0.2886666666666667,0.041244023,0.034739528
0.28875,0.14138953,0.014662403
0.28883333333333333,-0.17204407,0.032445453
0.28891666666666665,-0.35895744,0.024768619
0.289,-0.15675613,0.021621166
0.28908333333333336,0.13704017,0.013617496
0.2891666666666667,0.1622807,0.024210403
0.28925,-0.10174968,0.034079257
0.28933333333333333,-0.34443456,0.06429798
0.28941666666666666,-0.15280502,0.04356606
0.2895,0.3552521,0.04000848
0.28958333333333336,0.41559833,0.03249437
0.2896666666666667,-0.18717317,0.0046924343
0.28975,-0.5177746,0.0014301954
0.28983333333333333,0.007053981,0.011784401
0.28991666666666666,0.50977993,0.0070254863
0.29,0.10180496,0.015303812
0.29008333333333336,-0.44267812,0.025645142
0.2901666666666667,-0.1250535,0.0012645385
0.29025,0.48383176,0.046988092
0.29033333333333333,0.29231802,0.038685028
0.29041666666666666,-0.36090425,0.009537568
0.2905,-0.37370297,0.016745744
0.29058333333333336,0.20715562,0.022389777
0.2906666666666667,0.43784901,0.042887453
0.29075,-0.026510367,0.007721046
0.29083333333333333,-0.47402602,0.008608751
0.29091666666666666,-0.21754405,0.002202557
0.291,0.34362468,0.0007864776
0.29108333333333336,0.29961526,0.013315041
0.2911666666666667,-0.22084185,0.030655425
0.29125,-0.28928676,0.05400798
0.29133333333333333,0.16786253,0.095399946
0.29141666666666666,0.2997436,0.0020168046
0.2915,-0.04995221,0.021890014
0.29158333333333336,-0.17481376,0.07018276
0.2916666666666667,-0.016469246,0.027258936
0.29175,-0.063285634,0.0031779378
0.29183333333333333,-0.20970745,0.003367103
0.29191666666666666,-0.06664653,0.014295811
0.292,0.24456128,0.033686996
0.2920833333333333,0.095166184,0.02795057
0.2921666666666667,-0.31460586,0.035300363
0.29225,-0.199114,0.012785955
0.29233333333333333,0.29488802,0.019397963
0.29241666666666666,0.26699844,0.011958932
0.2925,-0.20378129,0.01351172
0.2925833333333333,-0.17836413,0.021618275
0.2926666666666667,0.37794495,0.029345538
0.29275,0.46865413,0.043729715
0.29283333333333333,-0.10319628,0.00127181
0.29291666666666666,-0.38736087,0.01060409
0.293,0.003991548,0.02347291
0.2930833333333333,0.3866632,0.023304146
0.2931666666666667,0.22240339,0.016875992
0.29325,-0.21389872,0.0568634
0.29333333333333333,-0.32321426,0.06917906
0.29341666666666666,-0.004434102,0.038824316
0.2935,0.33469895,0.04475938
0.2935833333333333,0.15555917,0.09625218
0.2936666666666667,-0.37409565,0.069269605
0.29375,-0.50414884,0.007918163
0.29383333333333334,0.03534956,0.021611668
0.29391666666666666,0.5195613,0.050783027
0.294,0.23692124,0.00768797
0.2940833333333333,-0.3598463,0.025009518
0.2941666666666667,-0.3447933,0.003966209
0.29425,0.24028207,0.0060718106
0.29433333333333334,0.47384825,0.02796848
0.29441666666666666,0.030919474,0.0035225507
0.2945,-0.39580584,0.0144280335
0.2945833333333333,-0.1771778,0.0016398045
0.2946666666666667,0.47018835,0.022353727
0.29475,0.5355554,0.044447027
0.29483333333333334,-0.17663433,0.021461228
0.29491666666666666,-0.6580712,0.015479822
0.295,-0.17518999,0.0528981
0.2950833333333333,0.58818316,0.062411092
0.2951666666666667,0.39929238,0.033047255
0.29525,-0.5063899,0.06571405
0.29533333333333334,-0.7266152,0.037170086
0.29541666666666666,0.08317624,0.028658194
0.2955,0.7240909,0.07154177
0.2955833333333333,0.23105022,0.03626933
0.2956666666666667,-0.6302231,0.04454332
0.29575,-0.5852164,0.010531113
0.29583333333333334,0.29440203,0.05088349
0.29591666666666666,0.6944041,0.050853062
0.296,0.027687829,0.038242392
0.2960833333333333,-0.62256956,0.008405939
0.2961666666666667,-0.2458506,0.0063481447
0.29625,0.5748604,0.007351378
0.29633333333333334,0.5406908,0.0006654676
0.29641666666666666,-0.3294432,0.007751386
0.2965,-0.7191067,0.012620337
0.2965833333333333,-0.104412094,0.023089927
0.2966666666666667,0.5528274,0.015265085
0.29675,0.30974877,0.02832438
0.29683333333333334,-0.3665481,0.0046720244
0.29691666666666666,-0.47251743,0.048258923
0.297,0.07728031,0.03464972
0.2970833333333333,0.43795314,0.0039010819
0.2971666666666667,0.11029911,0.043641657
0.29725,-0.4462277,0.06350055
0.29733333333333334,-0.5713189,0.063070506
0.29741666666666666,0.025439788,0.015902583
0.2975,0.79805857,0.0319972
0.2975833333333333,0.5936363,0.035735723
0.2976666666666667,-0.51772106,0.05152606
0.29775,-0.8546582,0.046497166
0.29783333333333334,0.25238618,0.023083327
0.29791666666666666,1.1640419,0.07478884
0.298,0.2993614,0.05663284
0.2980833333333333,-1.019024,0.0019777801
0.2981666666666667,-0.67603695,0.004562361
0.29825,0.92914075,0.063865006
0.29833333333333334,1.3065009,0.014182159
0.29841666666666666,-0.5627861,0.008132786
0.2985,-1.8618524,0.025840815
0.2985833333333333,-0.39158985,0.0147204595
0.2986666666666667,1.6945386,0.004334507
0.29875,0.8827683,0.024290033
0.29883333333333334,-1.493831,0.054242533
0.29891666666666666,-1.4885936,0.02872424
0.299,0.8960026,0.009208603
0.2990833333333333,1.8378646,0.05713264
0.2991666666666667,-0.0550834,0.04413824
0.29925,-1.6423846,0.0467478
0.29933333333333334,-0.71405137,0.061897613
0.29941666666666666,1.252861,0.011729017
0.2995,1.3124195,0.048313398
0.2995833333333333,-0.41079912,0.04781433
0.2996666666666667,-1.1849933,0.057703882
0.29975,-0.052456543,0.008053338
0.29983333333333334,1.261695,0.02206971
0.29991666666666666,0.7082686,0.04061026
0.3,-0.7713506,0.04942964
0.3000833333333333,-1.0294646,0.02253213
0.3001666666666667,0.07998677,0.017942308
0.30025,0.8547169,0.05223409
0.30033333333333334,0.28166765,0.00364776
0.30041666666666667,-0.66333866,0.020943368
0.3005,-0.74629265,0.04981061
0.3005833333333333,0.0638364,0.010005348
0.3006666666666667,0.7331313,0.0034997866
0.30075,0.36147556,0.048423477
0.30083333333333334,-0.6424004,0.00085486146
0.30091666666666667,-0.81914186,0.037596088
0.301,0.2838741,0.020757467
0.3010833333333333,1.140835,0.02821368
0.3011666666666667,0.39288047,0.053871818
0.30125,-0.82426536,0.05582419
0.30133333333333334,-0.66054195,0.059515547
0.30141666666666667,0.6257691,0.057292417
0.3015,0.9617457,0.03874789
0.3015833333333333,-0.21391569,0.09231012
0.3016666666666667,-1.008857,0.045267254
0.30175,-0.30146593,0.017774362
0.30183333333333334,0.8282141,0.06593472
0.30191666666666667,0.66185415,0.062419154
0.302,-0.5064041,0.0072369836
0.3020833333333333,-0.89758825,0.043261543
0.30216666666666664,-0.019647509,0.0071828747
0.30225,0.7553453,0.002569584
0.30233333333333334,0.25719783,0.030403055
0.30241666666666667,-0.6420722,0.015836773
0.3025,-0.5522265,0.032028668
0.3025833333333333,0.31990784,0.009783445
0.30266666666666664,0.6273938,0.0043704575
0.30275,0.008504963,0.05633474
0.30283333333333334,-0.53465617,0.019936053
0.30291666666666667,-0.3521808,0.09463152
0.303,0.15444574,0.010924886
0.3030833333333333,0.34980518,0.010329578
0.30316666666666664,0.16645983,0.026891768
0.30325,-0.13162081,0.053856917
0.30333333333333334,-0.24263239,0.07124019
0.30341666666666667,-0.0068985247,0.029820332
0.3035,0.29534957,0.023804553
0.3035833333333333,0.20029469,0.0011165646
0.30366666666666664,-0.2741089,0.004121569
0.30375,-0.44142607,0.013549133
0.30383333333333334,0.04994161,0.047904894
0.30391666666666667,0.5043074,0.027286349
0.304,0.22506633,0.007848725
0.3040833333333333,-0.3336351,0.014343205
0.30416666666666664,-0.3291727,0.04266916
0.30425,0.21129096,0.04075131
0.30433333333333334,0.46975985,0.04914008
0.30441666666666667,0.06070054,0.026918398
0.3045,-0.33624467,0.009119385
0.3045833333333333,-0.14560582,0.0133416345
0.30466666666666664,0.2755623,0.01854578
0.30475,0.3053441,0.02312734
0.30483333333333335,-0.06929755,0.028417338
0.30491666666666667,-0.29246914,0.017639296
0.305,-0.1087241,0.018107537
0.3050833333333333,0.1545922,0.01554829
0.30516666666666664,0.1754578,0.036058545
0.30525,-0.03252629,0.034716118
0.30533333333333335,-0.20835699,0.0675113
0.30541666666666667,-0.13977554,0.020578068
0.3055,0.108460166,0.01168937
0.3055833333333333,0.23860615,0.050051827
0.30566666666666664,0.02222753,0.035115197
0.30575,-0.3078114,0.017284771
0.30583333333333335,-0.26812842,0.031645562
0.30591666666666667,0.16548936,0.020803332
0.306,0.35281545,0.015150178
0.3060833333333333,-0.019404627,0.042857688
0.30616666666666664,-0.33234984,0.000541541
0.30625,-0.034727108,0.03667752
0.30633333333333335,0.4011201,0.040997375
0.30641666666666667,0.23391223,0.019548986
0.3065,-0.25521025,0.00673757
0.3065833333333333,-0.3009482,0.020821782
0.30666666666666664,0.09917378,0.025280567
0.30675,0.2990739,0.024765635
0.30683333333333335,0.035213836,0.03484769
0.30691666666666667,-0.21909507,0.028640848
0.307,-0.1091717,0.05426811
0.3070833333333333,0.14360182,0.037080888
0.30716666666666664,0.17434753,0.02447469
0.30725,-0.049365144,0.06537092
0.30733333333333335,-0.21539605,0.011344565
0.30741666666666667,-0.109087154,0.009846165
0.3075,0.10155494,0.02161602
0.3075833333333333,0.13253506,0.024241969
0.30766666666666664,-0.033261057,0.012715632
0.30775,-0.17152497,0.04098549
0.30783333333333335,-0.09762011,0.027354587
0.30791666666666667,0.053739812,0.022885786
0.308,0.07135265,0.003126032
0.3080833333333333,-0.037264127,0.020094343
0.30816666666666664,-0.13512395,0.04609076
0.30825,-0.06407465,0.009597381
0.30833333333333335,0.11562986,0.03684122
0.3084166666666667,0.15675807,0.046027053
0.3085,-0.005968466,0.04912907
0.3085833333333333,-0.14073142,0.058908083
0.30866666666666664,-0.0854195,0.054347713
0.30875,0.06957654,0.010040695
0.30883333333333335,0.113142915,0.040487505
0.3089166666666667,0.026867257,0.0026028224
0.309,-0.054220974,0.027690299
0.3090833333333333,-0.04513931,0.029432168
0.30916666666666665,0.042844,0.0046527223
0.30925,0.073081665,0.044374812
0.30933333333333335,-0.008463073,0.03616673
0.3094166666666667,-0.08732771,0.009475967
0.3095,-0.04590035,0.005433921
0.3095833333333333,0.06559227,0.0009095028
0.30966666666666665,0.07456882,0.014734023
0.30975,-0.031752795,0.04288898
0.30983333333333335,-0.084349565,0.064509705
0.3099166666666667,-0.005571794,0.033631507
0.31,0.10313836,0.04460292
0.3100833333333333,0.1362919,0.030984785
0.31016666666666665,0.024210637,0.04543013
0.31025,-0.09171505,0.0136218
0.31033333333333335,-0.09946832,0.04518356
0.3104166666666667,0.02124489,0.020863349
0.3105,0.06570775,0.0072879177
0.3105833333333333,0.0018363923,0.072008006
0.31066666666666665,-0.079346344,0.061778806
0.31075,-0.1435906,0.024223091
0.31083333333333335,-0.05027849,0.011209532
0.3109166666666667,0.16508415,0.060503386
0.311,0.17330211,0.0012039647
0.3110833333333333,-0.14455412,0.01313512
0.31116666666666665,-0.34384784,0.022418845
0.31125,0.12016273,0.005647243
0.31133333333333335,0.5966729,0.017490264
0.3114166666666667,0.18392287,0.02894528
0.3115,-0.5678028,0.015556897
0.3115833333333333,-0.3399516,0.0034663281
0.31166666666666665,0.5923187,0.02231807
0.31175,0.576202,0.022207031
0.31183333333333335,-0.42735934,0.015775736
0.3119166666666667,-0.756618,0.042061865
0.312,0.13296235,0.06546593
0.3120833333333333,0.7692984,0.0034070136
0.31216666666666665,0.07908851,0.020965558
0.31225,-0.65384084,0.08880329
0.31233333333333335,-0.40656826,0.048118435
0.3124166666666667,0.20611313,0.020745495
0.3125,0.2207725,0.0044518393
0.3125833333333333,-0.11443811,0.021728171
0.31266666666666665,-0.19097248,0.032633606
0.31275,-0.025646709,0.038958814
0.31283333333333335,0.20317642,0.008914415
0.3129166666666667,0.35606778,0.0024260497
0.313,0.30606827,0.0003315245
0.3130833333333333,-0.07048146,0.016004298
0.31316666666666665,-0.29476225,0.029431036
0.31325,0.030579403,0.0103769805
0.31333333333333335,0.4533098,0.01688298
0.3134166666666667,0.2913304,0.05168263
0.3135,-0.3185562,0.001216001
0.3135833333333333,-0.51997817,0.029714832
0.31366666666666665,-0.012468523,0.035851534
0.31375,0.49910638,0.030212723
0.31383333333333335,0.22812147,0.036464956
0.3139166666666667,-0.5784293,0.07426973
0.314,-0.7894614,0.06374902
0.3140833333333333,0.089674085,0.06154722
0.31416666666666665,0.80215895,0.056393612
0.31425,0.16892914,0.0414464
0.31433333333333335,-0.7568863,0.040389672
0.3144166666666667,-0.48350936,0.021801496
0.3145,0.5963365,0.07203887
0.3145833333333333,0.7367505,0.05537666
0.31466666666666665,-0.3085192,0.036521602
0.31475,-0.823619,0.028969908
0.31483333333333335,-0.01727455,0.026196752
0.3149166666666667,0.8416661,0.012663759
0.315,0.5096621,0.011158236
0.3150833333333333,-0.45768306,0.005974319
0.31516666666666665,-0.7013519,0.04151263
0.31525,0.04517591,0.016573312
0.31533333333333335,0.64237684,0.013185436
0.3154166666666667,0.242898,0.029599305
0.3155,-0.507636,0.021882717
0.3155833333333333,-0.47948322,0.08494621
0.31566666666666665,0.27476904,0.04326482
0.31575,0.65440917,0.018745406
0.31583333333333335,0.120981544,0.059343286
0.3159166666666667,-0.5416098,0.061733723
0.316,-0.42608923,0.076986805
0.3160833333333333,0.23824835,0.0012189623
0.31616666666666665,0.47696435,0.040017225
0.31625,-0.00543648,0.0072729425
0.31633333333333336,-0.45470512,0.012515789
0.3164166666666667,-0.25753856,0.033756886
0.3165,0.30018997,0.017411988
0.3165833333333333,0.4110823,0.019079316
0.31666666666666665,-0.015288163,0.0051000374
0.31675,-0.47330388,0.0104205115
0.31683333333333336,-0.40347975,0.014990067
0.3169166666666667,0.26487976,0.00817099
0.317,0.6396372,0.013665019
0.31708333333333333,0.046958193,0.005479797
0.31716666666666665,-0.62737817,0.00320419
0.31725,-0.28303498,0.011956502
0.31733333333333336,0.54019576,0.014674394
0.3174166666666667,0.384333,0.030911166
0.3175,-0.55649316,0.052537
0.31758333333333333,-0.7256302,0.014658232
0.31766666666666665,0.5724663,0.02502959
0.31775,1.190039,0.01870127
0.31783333333333336,-0.16178542,0.062844805
0.3179166666666667,-1.1516412,0.024891295
0.318,-0.122974195,0.03019642
0.31808333333333333,1.0385122,0.0077649495
0.31816666666666665,0.32800144,0.0062582535
0.31825,-0.74519396,0.03625666
0.31833333333333336,-0.38513103,0.0011102147
0.3184166666666667,0.64221007,0.044023946
0.3185,0.6288781,0.04854644
0.31858333333333333,-0.27117786,0.009554829
0.31866666666666665,-0.59579927,0.017844858
0.31875,-0.010880912,0.01598444
0.31883333333333336,0.5139522,0.010692584
0.3189166666666667,0.05443207,0.02712598
0.319,-0.65213066,0.0031869034
0.31908333333333333,-0.45686087,0.011053133
0.31916666666666665,0.41442904,0.030520137
0.31925,0.47868076,0.003318033
0.31933333333333336,-0.33688343,0.0051018503
0.3194166666666667,-0.60512257,0.030039163
0.3195,0.063841455,0.00085196807
0.31958333333333333,0.48040903,0.0077190185
0.31966666666666665,0.07641055,0.028119404
0.31975,-0.22709174,0.00997419
0.31983333333333336,-0.0073973346,0.06758028
0.3199166666666667,0.18801865,0.014927176
0.32,0.17214097,0.0060026846
0.32008333333333333,0.16002844,0.0068179513
0.32016666666666665,0.087321214,0.011302846
0.32025,-0.14581394,0.008462551
0.32033333333333336,-0.16550638,0.019943286
0.3204166666666667,0.13581517,0.004433361
0.3205,0.21754698,0.025244389
0.32058333333333333,-0.12281283,0.07125123
0.32066666666666666,-0.28161705,0.0377575
0.32075,0.03879624,0.012701565
0.32083333333333336,0.2612238,0.014098816
0.3209166666666667,0.0059825364,0.03707612
0.321,-0.37150818,0.024696393
0.32108333333333333,-0.34617582,0.00095686084
0.32116666666666666,0.10745718,0.020761713
0.32125,0.4097537,0.005946135
0.32133333333333336,0.07482465,0.027741648
0.3214166666666667,-0.39880952,0.00042942588
0.3215,-0.2115026,0.004258166
0.32158333333333333,0.4227944,0.018731374
0.32166666666666666,0.47842947,0.02436969
0.32175,-0.20119007,0.009545383
0.32183333333333336,-0.51206815,0.0145328175
0.3219166666666667,0.030226458,0.050339792
0.322,0.4622405,0.039355334
0.32208333333333333,0.13456164,0.050917797
0.32216666666666666,-0.24899839,0.049573526
0.32225,-0.12341921,0.021156404
0.32233333333333336,0.118289284,0.025884513
0.3224166666666667,0.016603235,0.0005832752
0.3225,-0.16946453,0.01242359
0.32258333333333333,-0.07671873,0.07360367
0.32266666666666666,0.07915977,0.08618878
0.32275,0.04510115,0.01749737
0.32283333333333336,-0.022091486,0.04419136
0.3229166666666667,0.003570013,0.06506082
0.323,0.080196746,0.028860437
0.32308333333333333,0.032770537,0.02136161
0.32316666666666666,-0.14290945,0.04941377
0.32325,-0.3213992,0.026952788
0.3233333333333333,-0.059879083,0.03300116
0.3234166666666667,0.39175925,0.033776406
0.3235,0.18131492,0.04254342
0.32358333333333333,-0.3961296,0.0021336246
0.32366666666666666,-0.23123518,0.050967593
0.32375,0.47662112,0.022362031
0.3238333333333333,0.26490882,0.09606812
0.3239166666666667,-0.6000667,0.020968528
0.324,-0.62718815,0.05227145
0.32408333333333333,0.5264576,0.005742073
0.32416666666666666,1.0407504,0.009439667
0.32425,-0.1015593,0.052445315
0.3243333333333333,-0.9445372,0.013650414
0.3244166666666667,-0.20119773,0.0702664
0.3245,0.8869247,0.09219992
0.32458333333333333,0.5357377,0.023379661
0.32466666666666666,-0.4851549,0.049555406
0.32475,-0.541453,0.038718875
0.3248333333333333,0.2867761,0.011386085
0.3249166666666667,0.7336654,0.045482755
0.325,0.12451603,0.030248605
0.32508333333333334,-0.6332323,0.0068215914
0.32516666666666666,-0.50789195,0.0014563865
0.32525,0.37386596,0.012633871
0.3253333333333333,0.541296,0.05448104
0.3254166666666667,-0.36100528,0.011581519
0.3255,-0.7867553,0.003433579
0.32558333333333334,-5.7435474e-05,0.034928344
0.32566666666666666,0.6957243,0.02475324
0.32575,0.05299434,0.039187025
0.3258333333333333,-0.7314607,0.0021706044
0.3259166666666667,-0.33415398,0.009522607
0.326,0.5023159,0.057573814
0.32608333333333334,0.45607325,0.037820004
0.32616666666666666,-0.21105531,0.062511094
0.32625,-0.3939576,0.04034702
0.3263333333333333,-0.0055956473,0.050160043
0.3264166666666667,0.4000827,0.061095987
0.3265,0.36734512,0.00495742
0.32658333333333334,0.006852897,0.111814
0.32666666666666666,-0.19678572,0.05475492
0.32675,0.029564729,0.00078365265
0.3268333333333333,0.36292806,0.015651904
0.3269166666666667,0.19833118,0.03918767
0.327,-0.2509671,0.041602153
0.32708333333333334,-0.26540035,0.0074568307
0.32716666666666666,0.17456447,0.030371768
0.32725,0.31589305,0.023564002
0.3273333333333333,-0.1460391,0.03296214
0.3274166666666667,-0.53145933,0.008353055
0.3275,-0.29148734,0.042746652
0.32758333333333334,0.26197892,0.0074742106
0.32766666666666666,0.32947233,0.020155936
0.32775,-0.20318583,0.029619938
0.3278333333333333,-0.6032341,0.040372826
0.3279166666666667,-0.20246005,0.05410599
0.328,0.50246966,0.033934053
0.32808333333333334,0.4006665,0.048835404
0.32816666666666666,-0.33954924,0.006308565
0.32825,-0.48261112,0.007805401
0.3283333333333333,0.23919758,0.044857204
0.3284166666666667,0.6433626,0.056162354
0.3285,0.06851489,0.05112388
0.32858333333333334,-0.48756897,0.08809697
0.32866666666666666,-0.10059773,0.053042255
0.32875,0.53834945,0.054075584
0.3288333333333333,0.36084798,0.025990978
0.3289166666666667,-0.3091887,0.024414785
0.329,-0.46680385,0.009284241
0.32908333333333334,0.014580997,0.026350457
0.32916666666666666,0.35224453,0.0041163634
0.32925,0.080416724,0.0037915877
0.3293333333333333,-0.32513627,0.06341664
0.3294166666666667,-0.27916378,0.015010101
0.3295,0.03345236,0.002647165
0.32958333333333334,0.20055777,0.036818217
0.32966666666666666,0.13035707,0.0054888623
0.32975,-0.05308871,0.009502521
0.3298333333333333,-0.16368103,0.055460256
0.3299166666666667,-0.033438638,0.009392053
0.33,0.2918977,0.01586659
0.33008333333333334,0.3556428,0.006967452
0.33016666666666666,-0.08402674,0.019239672
0.33025,-0.4476862,0.017238574
0.3303333333333333,-0.08251349,0.011418877
0.3304166666666667,0.5400106,0.031315625
0.3305,0.41064978,0.012214987
0.33058333333333334,-0.54282266,0.026022946
0.33066666666666666,-0.8390889,0.013217912
0.33075,0.17184207,0.033888344
0.3308333333333333,0.8852465,0.001236374
0.3309166666666667,0.04107537,0.038471308
0.331,-0.9522114,0.016480213
0.33108333333333334,-0.435765,0.014003959
0.33116666666666666,0.78102016,0.009014957
0.33125,0.75124115,0.016411446
0.3313333333333333,-0.41085485,0.009282441
0.3314166666666667,-0.84925467,0.01777058
0.3315,0.06363781,0.0023900573
0.33158333333333334,0.9270563,0.0063949684
0.33166666666666667,0.4627421,0.0019172585
0.33175,-0.5343239,0.007132658
0.3318333333333333,-0.5944166,0.016675647
0.3319166666666667,0.26059046,0.01880688
0.332,0.7437286,0.0062832297
0.33208333333333334,0.18294407,0.01797208
0.33216666666666667,-0.54686755,0.006519935
0.33225,-0.44364262,0.011655175
0.3323333333333333,0.22845478,0.018604249
0.3324166666666667,0.5113312,0.0019469039
0.3325,0.042016577,0.007911493
0.33258333333333334,-0.5408985,0.038043994
0.33266666666666667,-0.469015,0.030583799
0.33275,0.17638616,0.025816867
0.3328333333333333,0.5778616,0.012687487
0.3329166666666667,0.14427525,0.019566316
0.333,-0.5520987,0.005233271
0.33308333333333334,-0.4677037,0.008229991
0.33316666666666667,0.3860291,0.02152432
0.33325,0.75557524,0.016211603
0.3333333333333333,0.03673896,0.0019860202
0.33341666666666664,-0.7324207,0.0012841083
0.3335,-0.41530767,0.008116728
0.33358333333333334,0.5637189,0.004534515
0.33366666666666667,0.70428026,0.015842928
0.33375,-0.24014373,0.008938488
0.3338333333333333,-0.84834856,0.02264924
0.33391666666666664,-0.23910235,0.0044868533
0.334,0.7057092,0.000984903
0.33408333333333334,0.48115566,0.0067457557
0.33416666666666667,-0.55651116,0.0033564589
0.33425,-0.7701291,0.012666603
0.3343333333333333,0.13270813,3.2843225e-05
0.33441666666666664,0.76947206,0.003394648
0.3345,0.18323568,0.008561281
0.33458333333333334,-0.6446458,0.014926543
0.33466666666666667,-0.45901263,0.027263343
0.33475,0.3642034,0.0031232405
0.3348333333333333,0.6112454,0.0044350564
0.33491666666666664,-0.00059505255,0.013145951
0.335,-0.54649866,0.007289029
0.33508333333333334,-0.3159998,0.019875435
0.33516666666666667,0.2939777,0.01624387
0.33525,0.50016963,0.0036636477
0.3353333333333333,0.087433316,0.0028042176
0.33541666666666664,-0.38393134,0.011603053
0.3355,-0.32392,0.010324332
0.33558333333333334,0.16716872,0.007955875
0.33566666666666667,0.4308235,0.0015328184
0.33575,0.07481315,0.004535366
0.3358333333333333,-0.44488746,0.0037624186
0.33591666666666664,-0.34783503,0.004754747
0.336,0.3650877,0.0067989477
0.33608333333333335,0.61671644,0.008907215
0.33616666666666667,-0.11173119,0.009142151
0.33625,-0.70651937,0.007692819
0.3363333333333333,-0.21143907,0.017892115
0.33641666666666664,0.64977,0.030920599
0.3365,0.52382964,0.030754352
0.33658333333333335,-0.32144958,0.02204444
0.33666666666666667,-0.5252345,0.018642165
0.33675,0.13649507,0.0012784945
0.3368333333333333,0.5012001,0.02162475
0.33691666666666664,0.02327844,0.025033927
0.337,-0.45247525,0.018681774
0.33708333333333335,-0.22789739,0.011685898
0.33716666666666667,0.2940671,0.010714268
0.33725,0.3242294,0.0006727442
0.3373333333333333,-0.07977165,0.0010154656
0.33741666666666664,-0.23893112,0.01175465
0.3375,0.007002898,0.0023550955
0.33758333333333335,0.2123236,0.009774607
0.33766666666666667,0.09895789,0.030048057
0.33775,-0.089902766,0.039957173
0.3378333333333333,-0.070893675,0.002434862
0.33791666666666664,0.018659433,0.025273198
0.338,0.037493415,0.014573631
0.33808333333333335,0.09131552,0.0110406205
0.33816666666666667,0.12956983,0.006533848
0.33825,-0.013967858,0.014803801
0.3383333333333333,-0.16999204,0.0196501
0.33841666666666664,-0.08795352,0.014436822
0.3385,0.1052928,0.019485632
0.33858333333333335,0.09558809,0.01125855
0.33866666666666667,-0.09184839,0.015739756
0.33875,-0.09686817,0.019670274
0.3388333333333333,0.046281148,0.013302994
0.33891666666666664,0.020614397,0.015794383
0.339,-0.10473637,0.0062468136
0.33908333333333335,-0.08467858,0.0060408255
0.33916666666666667,0.02826336,0.007060974
0.33925,0.06247341,1.9499668e-05
0.3393333333333333,0.021445088,0.0020314762
0.33941666666666664,0.0034725198,0.0027165613
0.3395,0.024476347,0.012907719
0.33958333333333335,0.032768276,0.00895573
0.3396666666666667,-0.003135337,0.0019106659
0.33975,-0.03387126,0.0261189
0.3398333333333333,-0.044033803,0.009904864
0.33991666666666664,-0.011986327,0.0057206284
0.34,0.014390139,0.01672847
0.34008333333333335,-0.041140094,0.009116035
0.3401666666666667,-0.058988947,0.0059039164
0.34025,0.043063127,0.00034917795
0.3403333333333333,0.08527018,0.016126005
0.34041666666666665,-0.04403162,0.015083888
0.3405,-0.14157279,0.009573661
0.34058333333333335,-0.03742591,0.01624196
0.3406666666666667,0.08885622,0.0115075465
0.34075,0.017214036,0.011204894
0.3408333333333333,-0.11949814,0.014696286
0.34091666666666665,-0.039721467,0.0056953277
0.341,0.13699512,0.004767967
0.34108333333333335,0.10845166,0.0026344515
0.3411666666666667,-0.090275995,0.0017124916
0.34125,-0.1693655,0.009708633
